,model_folder,model_file,sprite_folder,sprite_file,model_path,sprite_path
0,0001bulbasaur,poke_capture_0001_000_mf_n_00000000_f_n.png,0001bulbasaur,bulbasaur.png,/content/drive/MyDrive/612 data/ProjectPokemonCleaned/0001bulbasaur/poke_capture_0001_000_mf_n_00000000_f_n.png,/content/drive/MyDrive/612 data/PokeSpriteCleaned/0001bulbasaur/bulbasaur.png
1,0001bulbasaur,poke_capture_0001_000_mf_n_00000000_f_r.png,0001bulbasaur,bulbasaur_shiny.png,/content/drive/MyDrive/612 data/ProjectPokemonCleaned/0001bulbasaur/poke_capture_0001_000_mf_n_00000000_f_r.png,/content/drive/MyDrive/612 data/PokeSpriteCleaned/0001bulbasaur/bulbasaur_shiny.png
2,0002ivysaur,poke_capture_0002_000_mf_n_00000000_f_n.png,0002ivysaur,ivysaur.png,/content/drive/MyDrive/612 data/ProjectPokemonCleaned/0002ivysaur/poke_capture_0002_000_mf_n_00000000_f_n.png,/content/drive/MyDrive/612 data/PokeSpriteCleaned/0002ivysaur/ivysaur.png
3,0003venusaur,poke_capture_0003_000_md_n_00000000_f_n.png,0003venusaur,venusaur.png,/content/drive/MyDrive/612 data/ProjectPokemonCleaned/0003venusaur/poke_capture_0003_000_md_n_00000000_f_n.png,/content/drive/MyDrive/612 data/PokeSpriteCleaned/0003venusaur/venusaur.png
4,0003venusaur,poke_capture_0003_000_md_n_00000000_f_r.png,0003venusaur,venusaur_shiny.png,/content/drive/MyDrive/612 data/ProjectPokemonCleaned/0003venusaur/poke_capture_0003_000_md_n_00000000_f_r.png,/content/drive/MyDrive/612 data/PokeSpriteCleaned/0003venusaur/venusaur_shiny.png
5,0003venusaur,poke_capture_0003_000_mf_g_00000000_f_n.png,0003venusaur,venusaur-gmax.png,/content/drive/MyDrive/612 data/ProjectPokemonCleaned/0003venusaur/poke_capture_0003_000_mf_g_00000000_f_n.png,/content/drive/MyDrive/612 data/PokeSpriteCleaned/0003venusaur/venusaur-gmax.png
6,0003venusaur,poke_capture_0003_000_mf_g_00000000_f_r.png,0003venusaur,venusaur-gmax_shiny.png,/content/drive/MyDrive/612 data/ProjectPokemonCleaned/0003venusaur/poke_capture_0003_000_mf_g_00000000_f_r.png,/content/drive/MyDrive/612 data/PokeSpriteCleaned/0003venusaur/venusaur-gmax_shiny.png
7,0003venusaur,poke_capture_0003_001_mf_n_00000000_f_n.png,0003venusaur,venusaur-mega.png,/content/drive/MyDrive/612 data/ProjectPokemonCleaned/0003venusaur/poke_capture_0003_001_mf_n_00000000_f_n.png,/content/drive/MyDrive/612 data/PokeSpriteCleaned/0003venusaur/venusaur-mega.png
8,0003venusaur,poke_capture_0003_001_mf_n_00000000_f_r.png,0003venusaur,venusaur-mega_shiny.png,/content/drive/MyDrive/612 data/ProjectPokemonCleaned/0003venusaur/poke_capture_0003_001_mf_n_00000000_f_r.png,/content/drive/MyDrive/612 data/PokeSpriteCleaned/0003venusaur/venusaur-mega_shiny.png
9,0004charmander,poke_capture_0004_000_mf_n_00000000_f_n.png,0004charmander,charmander.png,/content/drive/MyDrive/612 data/ProjectPokemonCleaned/0004charmander/poke_capture_0004_000_mf_n_00000000_f_n.png,/content/drive/MyDrive/612 data/PokeSpriteCleaned/0004charmander/charmander.png
10,0004charmander,poke_capture_0004_000_mf_n_00000000_f_r.png,0004charmander,charmander_shiny.png,/content/drive/MyDrive/612 data/ProjectPokemonCleaned/0004charmander/poke_capture_0004_000_mf_n_00000000_f_r.png,/content/drive/MyDrive/612 data/PokeSpriteCleaned/0004charmander/charmander_shiny.png
11,0005charmeleon,poke_capture_0005_000_mf_n_00000000_f_n.png,0005charmeleon,charmeleon.png,/content/drive/MyDrive/612 data/ProjectPokemonCleaned/0005charmeleon/poke_capture_0005_000_mf_n_00000000_f_n.png,/content/drive/MyDrive/612 data/PokeSpriteCleaned/0005charmeleon/charmeleon.png
12,0005charmeleon,poke_capture_0005_000_mf_n_00000000_f_r.png,0005charmeleon,charmeleon_shiny.png,/content/drive/MyDrive/612 data/ProjectPokemonCleaned/0005charmeleon/poke_capture_0005_000_mf_n_00000000_f_r.png,/content/drive/MyDrive/612 data/PokeSpriteCleaned/0005charmeleon/charmeleon_shiny.png
13,0006charizard,poke_capture_0006_000_mf_n_00000000_f_n.png,0006charizard,charizard.png,/content/drive/MyDrive/612 data/ProjectPokemonCleaned/0006charizard/poke_capture_0006_000_mf_n_00000000_f_n.png,/content/drive/MyDrive/612 data/PokeSpriteCleaned/0006charizard/charizard.png
14,0006charizard,poke_capture_0006_000_mf_n_00000000_f_r.png,0006charizard,charizard_shiny.png,/content/drive/MyDrive/612 data/ProjectPokemonCleaned/0006charizard/poke_capture_0006_000_mf_n_00000000_f_r.png,/content/drive/MyDrive/612 data/PokeSpriteCleaned/0006charizard/charizard_shiny.png
15,0007squirtle,poke_capture_0007_000_mf_n_00000000_f_n.png,0007squirtle,squirtle.png,/content/drive/MyDrive/612 data/ProjectPokemonCleaned/0007squirtle/poke_capture_0007_000_mf_n_00000000_f_n.png,/content/drive/MyDrive/612 data/PokeSpriteCleaned/0007squirtle/squirtle.png
16,0007squirtle,poke_capture_0007_000_mf_n_00000000_f_r.png,0007squirtle,squirtle_shiny.png,/content/drive/MyDrive/612 data/ProjectPokemonCleaned/0007squirtle/poke_capture_0007_000_mf_n_00000000_f_r.png,/content/drive/MyDrive/612 data/PokeSpriteCleaned/0007squirtle/squirtle_shiny.png
17,0008wartortle,poke_capture_0008_000_mf_n_00000000_f_n.png,0008wartortle,wartortle.png,/content/drive/MyDrive/612 data/ProjectPokemonCleaned/0008wartortle/poke_capture_0008_000_mf_n_00000000_f_n.png,/content/drive/MyDrive/612 data/PokeSpriteCleaned/0008wartortle/wartortle.png
18,0008wartortle,poke_capture_0008_000_mf_n_00000000_f_r.png,0008wartortle,wartortle_shiny.png,/content/drive/MyDrive/612 data/ProjectPokemonCleaned/0008wartortle/poke_capture_0008_000_mf_n_00000000_f_r.png,/content/drive/MyDrive/612 data/PokeSpriteCleaned/0008wartortle/wartortle_shiny.png
19,0009blastoise,poke_capture_0009_000_mf_g_00000000_f_n.png,0009blastoise,blastoise-gmax.png,/content/drive/MyDrive/612 data/ProjectPokemonCleaned/0009blastoise/poke_capture_0009_000_mf_g_00000000_f_n.png,/content/drive/MyDrive/612 data/PokeSpriteCleaned/0009blastoise/blastoise-gmax.png
20,0009blastoise,poke_capture_0009_000_mf_g_00000000_f_r.png,0009blastoise,blastoise-gmax_shiny.png,/content/drive/MyDrive/612 data/ProjectPokemonCleaned/0009blastoise/poke_capture_0009_000_mf_g_00000000_f_r.png,/content/drive/MyDrive/612 data/PokeSpriteCleaned/0009blastoise/blastoise-gmax_shiny.png
21,0009blastoise,poke_capture_0009_001_mf_n_00000000_f_n.png,0009blastoise,blastoise-mega.png,/content/drive/MyDrive/612 data/ProjectPokemonCleaned/0009blastoise/poke_capture_0009_001_mf_n_00000000_f_n.png,/content/drive/MyDrive/612 data/PokeSpriteCleaned/0009blastoise/blastoise-mega.png
22,0009blastoise,poke_capture_0009_001_mf_n_00000000_f_r.png,0009blastoise,blastoise-mega_shiny.png,/content/drive/MyDrive/612 data/ProjectPokemonCleaned/0009blastoise/poke_capture_0009_001_mf_n_00000000_f_r.png,/content/drive/MyDrive/612 data/PokeSpriteCleaned/0009blastoise/blastoise-mega_shiny.png
23,0010caterpie,poke_capture_0010_000_mf_n_00000000_f_n.png,0010caterpie,caterpie.png,/content/drive/MyDrive/612 data/ProjectPokemonCleaned/0010caterpie/poke_capture_0010_000_mf_n_00000000_f_n.png,/content/drive/MyDrive/612 data/PokeSpriteCleaned/0010caterpie/caterpie.png
24,0010caterpie,poke_capture_0010_000_mf_n_00000000_f_r.png,0010caterpie,caterpie_shiny.png,/content/drive/MyDrive/612 data/ProjectPokemonCleaned/0010caterpie/poke_capture_0010_000_mf_n_00000000_f_r.png,/content/drive/MyDrive/612 data/PokeSpriteCleaned/0010caterpie/caterpie_shiny.png
25,0011metapod,poke_capture_0011_000_mf_n_00000000_f_n.png,0011metapod,metapod.png,/content/drive/MyDrive/612 data/ProjectPokemonCleaned/0011metapod/poke_capture_0011_000_mf_n_00000000_f_n.png,/content/drive/MyDrive/612 data/PokeSpriteCleaned/0011metapod/metapod.png
26,0011metapod,poke_capture_0011_000_mf_n_00000000_f_r.png,0011metapod,metapod_shiny.png,/content/drive/MyDrive/612 data/ProjectPokemonCleaned/0011metapod/poke_capture_0011_000_mf_n_00000000_f_r.png,/content/drive/MyDrive/612 data/PokeSpriteCleaned/0011metapod/metapod_shiny.png
27,0012butterfree,poke_capture_0012_000_fd_n_00000000_f_n.png,0012butterfree,butterfree.png,/content/drive/MyDrive/612 data/ProjectPokemonCleaned/0012butterfree/poke_capture_0012_000_fd_n_00000000_f_n.png,/content/drive/MyDrive/612 data/PokeSpriteCleaned/0012butterfree/butterfree.png
28,0012butterfree,poke_capture_0012_000_fd_n_00000000_f_r.png,0012butterfree,butterfree_shiny.png,/content/drive/MyDrive/612 data/ProjectPokemonCleaned/0012butterfree/poke_capture_0012_000_fd_n_00000000_f_r.png,/content/drive/MyDrive/612 data/PokeSpriteCleaned/0012butterfree/butterfree_shiny.png
29,0012butterfree,poke_capture_0012_000_md_n_00000000_f_r.png,0012butterfree,butterfree_shiny.png,/content/drive/MyDrive/612 data/ProjectPokemonCleaned/0012butterfree/poke_capture_0012_000_md_n_00000000_f_r.png,/content/drive/MyDrive/612 data/PokeSpriteCleaned/0012butterfree/butterfree_shiny.png
30,0013weedle,poke_capture_0013_000_mf_n_00000000_f_n.png,0013weedle,weedle.png,/content/drive/MyDrive/612 data/ProjectPokemonCleaned/0013weedle/poke_capture_0013_000_mf_n_00000000_f_n.png,/content/drive/MyDrive/612 data/PokeSpriteCleaned/0013weedle/weedle.png
31,0013weedle,poke_capture_0013_000_mf_n_00000000_f_r.png,0013weedle,weedle_shiny.png,/content/drive/MyDrive/612 data/ProjectPokemonCleaned/0013weedle/poke_capture_0013_000_mf_n_00000000_f_r.png,/content/drive/MyDrive/612 data/PokeSpriteCleaned/0013weedle/weedle_shiny.png
32,0014kakuna,poke_capture_0014_000_mf_n_00000000_f_n.png,0014kakuna,kakuna.png,/content/drive/MyDrive/612 data/ProjectPokemonCleaned/0014kakuna/poke_capture_0014_000_mf_n_00000000_f_n.png,/content/drive/MyDrive/612 data/PokeSpriteCleaned/0014kakuna/kakuna.png
33,0014kakuna,poke_capture_0014_000_mf_n_00000000_f_r.png,0014kakuna,kakuna_shiny.png,/content/drive/MyDrive/612 data/ProjectPokemonCleaned/0014kakuna/poke_capture_0014_000_mf_n_00000000_f_r.png,/content/drive/MyDrive/612 data/PokeSpriteCleaned/0014kakuna/kakuna_shiny.png
34,0015beedrill,poke_capture_0015_000_mf_n_00000000_f_n.png,0015beedrill,beedrill.png,/content/drive/MyDrive/612 data/ProjectPokemonCleaned/0015beedrill/poke_capture_0015_000_mf_n_00000000_f_n.png,/content/drive/MyDrive/612 data/PokeSpriteCleaned/0015beedrill/beedrill.png
35,0015beedrill,poke_capture_0015_000_mf_n_00000000_f_r.png,0015beedrill,beedrill_shiny.png,/content/drive/MyDrive/612 data/ProjectPokemonCleaned/0015beedrill/poke_capture_0015_000_mf_n_00000000_f_r.png,/content/drive/MyDrive/612 data/PokeSpriteCleaned/0015beedrill/beedrill_shiny.png
36,0015beedrill,poke_capture_0015_001_mf_n_00000000_f_n.png,0015beedrill,beedrill-mega.png,/content/drive/MyDrive/612 data/ProjectPokemonCleaned/0015beedrill/poke_capture_0015_001_mf_n_00000000_f_n.png,/content/drive/MyDrive/612 data/PokeSpriteCleaned/0015beedrill/beedrill-mega.png
37,0015beedrill,poke_capture_0015_001_mf_n_00000000_f_r.png,0015beedrill,beedrill-mega_shiny.png,/content/drive/MyDrive/612 data/ProjectPokemonCleaned/0015beedrill/poke_capture_0015_001_mf_n_00000000_f_r.png,/content/drive/MyDrive/612 data/PokeSpriteCleaned/0015beedrill/beedrill-mega_shiny.png
38,0016pidgey,poke_capture_0016_000_mf_n_00000000_f_n.png,0016pidgey,pidgey.png,/content/drive/MyDrive/612 data/ProjectPokemonCleaned/0016pidgey/poke_capture_0016_000_mf_n_00000000_f_n.png,/content/drive/MyDrive/612 data/PokeSpriteCleaned/0016pidgey/pidgey.png
39,0016pidgey,poke_capture_0016_000_mf_n_00000000_f_r.png,0016pidgey,pidgey_shiny.png,/content/drive/MyDrive/612 data/ProjectPokemonCleaned/0016pidgey/poke_capture_0016_000_mf_n_00000000_f_r.png,/content/drive/MyDrive/612 data/PokeSpriteCleaned/0016pidgey/pidgey_shiny.png
40,0017pidgeotto,poke_capture_0017_000_mf_n_00000000_f_n.png,0017pidgeotto,pidgeotto.png,/content/drive/MyDrive/612 data/ProjectPokemonCleaned/0017pidgeotto/poke_capture_0017_000_mf_n_00000000_f_n.png,/content/drive/MyDrive/612 data/PokeSpriteCleaned/0017pidgeotto/pidgeotto.png
41,0017pidgeotto,poke_capture_0017_000_mf_n_00000000_f_r.png,0017pidgeotto,pidgeotto_shiny.png,/content/drive/MyDrive/612 data/ProjectPokemonCleaned/0017pidgeotto/poke_capture_0017_000_mf_n_00000000_f_r.png,/content/drive/MyDrive/612 data/PokeSpriteCleaned/0017pidgeotto/pidgeotto_shiny.png
42,0018pidgeot,poke_capture_0018_001_mf_n_00000000_f_n.png,0018pidgeot,pidgeot-mega.png,/content/drive/MyDrive/612 data/ProjectPokemonCleaned/0018pidgeot/poke_capture_0018_001_mf_n_00000000_f_n.png,/content/drive/MyDrive/612 data/PokeSpriteCleaned/0018pidgeot/pidgeot-mega.png
43,0018pidgeot,poke_capture_0018_001_mf_n_00000000_f_r.png,0018pidgeot,pidgeot-mega_shiny.png,/content/drive/MyDrive/612 data/ProjectPokemonCleaned/0018pidgeot/poke_capture_0018_001_mf_n_00000000_f_r.png,/content/drive/MyDrive/612 data/PokeSpriteCleaned/0018pidgeot/pidgeot-mega_shiny.png
44,0019rattata,poke_capture_0019_000_md_n_00000000_f_n.png,0019rattata,rattata.png,/content/drive/MyDrive/612 data/ProjectPokemonCleaned/0019rattata/poke_capture_0019_000_md_n_00000000_f_n.png,/content/drive/MyDrive/612 data/PokeSpriteCleaned/0019rattata/rattata.png
45,0019rattata,poke_capture_0019_000_md_n_00000000_f_r.png,0019rattata,rattata_shiny.png,/content/drive/MyDrive/612 data/ProjectPokemonCleaned/0019rattata/poke_capture_0019_000_md_n_00000000_f_r.png,/content/drive/MyDrive/612 data/PokeSpriteCleaned/0019rattata/rattata_shiny.png
46,0019rattata,poke_capture_0019_001_mf_n_00000000_f_n.png,0019rattata,rattata alola.png,/content/drive/MyDrive/612 data/ProjectPokemonCleaned/0019rattata/poke_capture_0019_001_mf_n_00000000_f_n.png,/content/drive/MyDrive/612 data/PokeSpriteCleaned/0019rattata/rattata alola.png
47,0019rattata,poke_capture_0019_001_mf_n_00000000_f_r.png,0019rattata,rattata alola_shiny.png,/content/drive/MyDrive/612 data/ProjectPokemonCleaned/0019rattata/poke_capture_0019_001_mf_n_00000000_f_r.png,/content/drive/MyDrive/612 data/PokeSpriteCleaned/0019rattata/rattata alola_shiny.png
48,0020raticate,poke_capture_0020_000_fd_n_00000000_f_n.png,0020raticate,raticate.png,/content/drive/MyDrive/612 data/ProjectPokemonCleaned/0020raticate/poke_capture_0020_000_fd_n_00000000_f_n.png,/content/drive/MyDrive/612 data/PokeSpriteCleaned/0020raticate/raticate.png
49,0020raticate,poke_capture_0020_000_md_n_00000000_f_r.png,0020raticate,raticate_shiny.png,/content/drive/MyDrive/612 data/ProjectPokemonCleaned/0020raticate/poke_capture_0020_000_md_n_00000000_f_r.png,/content/drive/MyDrive/612 data/PokeSpriteCleaned/0020raticate/raticate_shiny.png
50,0020raticate,poke_capture_0020_001_mf_n_00000000_f_n.png,0020raticate,raticate alola.png,/content/drive/MyDrive/612 data/ProjectPokemonCleaned/0020raticate/poke_capture_0020_001_mf_n_00000000_f_n.png,/content/drive/MyDrive/612 data/PokeSpriteCleaned/0020raticate/raticate alola.png
51,0020raticate,poke_capture_0020_001_mf_n_00000000_f_r.png,0020raticate,raticate alola_shiny.png,/content/drive/MyDrive/612 data/ProjectPokemonCleaned/0020raticate/poke_capture_0020_001_mf_n_00000000_f_r.png,/content/drive/MyDrive/612 data/PokeSpriteCleaned/0020raticate/raticate alola_shiny.png
52,0022fearow,poke_capture_0022_000_mf_n_00000000_f_n.png,0022fearow,fearow.png,/content/drive/MyDrive/612 data/ProjectPokemonCleaned/0022fearow/poke_capture_0022_000_mf_n_00000000_f_n.png,/content/drive/MyDrive/612 data/PokeSpriteCleaned/0022fearow/fearow.png
53,0022fearow,poke_capture_0022_000_mf_n_00000000_f_r.png,0022fearow,fearow_shiny.png,/content/drive/MyDrive/612 data/ProjectPokemonCleaned/0022fearow/poke_capture_0022_000_mf_n_00000000_f_r.png,/content/drive/MyDrive/612 data/PokeSpriteCleaned/0022fearow/fearow_shiny.png
54,0023ekans,poke_capture_0023_000_mf_n_00000000_f_n.png,0023ekans,ekans.png,/content/drive/MyDrive/612 data/ProjectPokemonCleaned/0023ekans/poke_capture_0023_000_mf_n_00000000_f_n.png,/content/drive/MyDrive/612 data/PokeSpriteCleaned/0023ekans/ekans.png
55,0023ekans,poke_capture_0023_000_mf_n_00000000_f_r.png,0023ekans,ekans_shiny.png,/content/drive/MyDrive/612 data/ProjectPokemonCleaned/0023ekans/poke_capture_0023_000_mf_n_00000000_f_r.png,/content/drive/MyDrive/612 data/PokeSpriteCleaned/0023ekans/ekans_shiny.png
56,0024arbok,poke_capture_0024_000_mf_n_00000000_f_n.png,0024arbok,arbok.png,/content/drive/MyDrive/612 data/ProjectPokemonCleaned/0024arbok/poke_capture_0024_000_mf_n_00000000_f_n.png,/content/drive/MyDrive/612 data/PokeSpriteCleaned/0024arbok/arbok.png
57,0024arbok,poke_capture_0024_000_mf_n_00000000_f_r.png,0024arbok,arbok_shiny.png,/content/drive/MyDrive/612 data/ProjectPokemonCleaned/0024arbok/poke_capture_0024_000_mf_n_00000000_f_r.png,/content/drive/MyDrive/612 data/PokeSpriteCleaned/0024arbok/arbok_shiny.png
58,0025pikachu,poke_capture_0025_000_md_n_00000000_f_n.png,0025pikachu,pikachu.png,/content/drive/MyDrive/612 data/ProjectPokemonCleaned/0025pikachu/poke_capture_0025_000_md_n_00000000_f_n.png,/content/drive/MyDrive/612 data/PokeSpriteCleaned/0025pikachu/pikachu.png
59,0025pikachu,poke_capture_0025_000_mf_g_00000000_f_n.png,0025pikachu,pikachu-gmax.png,/content/drive/MyDrive/612 data/ProjectPokemonCleaned/0025pikachu/poke_capture_0025_000_mf_g_00000000_f_n.png,/content/drive/MyDrive/612 data/PokeSpriteCleaned/0025pikachu/pikachu-gmax.png
60,0025pikachu,poke_capture_0025_000_mf_g_00000000_f_r.png,0025pikachu,pikachu-gmax_shiny.png,/content/drive/MyDrive/612 data/ProjectPokemonCleaned/0025pikachu/poke_capture_0025_000_mf_g_00000000_f_r.png,/content/drive/MyDrive/612 data/PokeSpriteCleaned/0025pikachu/pikachu-gmax_shiny.png
61,0025pikachu,poke_capture_0025_001_mo_n_00000000_f_n.png,0025pikachu,pikachu-original-cap.png,/content/drive/MyDrive/612 data/ProjectPokemonCleaned/0025pikachu/poke_capture_0025_001_mo_n_00000000_f_n.png,/content/drive/MyDrive/612 data/PokeSpriteCleaned/0025pikachu/pikachu-original-cap.png
62,0025pikachu,poke_capture_0025_002_mo_n_00000000_f_n.png,0025pikachu,pikachu-hoenn-cap.png,/content/drive/MyDrive/612 data/ProjectPokemonCleaned/0025pikachu/poke_capture_0025_002_mo_n_00000000_f_n.png,/content/drive/MyDrive/612 data/PokeSpriteCleaned/0025pikachu/pikachu-hoenn-cap.png
63,0025pikachu,poke_capture_0025_003_mo_n_00000000_f_n.png,0025pikachu,pikachu-sinnoh-cap.png,/content/drive/MyDrive/612 data/ProjectPokemonCleaned/0025pikachu/poke_capture_0025_003_mo_n_00000000_f_n.png,/content/drive/MyDrive/612 data/PokeSpriteCleaned/0025pikachu/pikachu-sinnoh-cap.png
64,0025pikachu,poke_capture_0025_004_mo_n_00000000_f_n.png,0025pikachu,pikachu-unova-cap.png,/content/drive/MyDrive/612 data/ProjectPokemonCleaned/0025pikachu/poke_capture_0025_004_mo_n_00000000_f_n.png,/content/drive/MyDrive/612 data/PokeSpriteCleaned/0025pikachu/pikachu-unova-cap.png
65,0025pikachu,poke_capture_0025_005_mo_n_00000000_f_n.png,0025pikachu,pikachu-kalos-cap.png,/content/drive/MyDrive/612 data/ProjectPokemonCleaned/0025pikachu/poke_capture_0025_005_mo_n_00000000_f_n.png,/content/drive/MyDrive/612 data/PokeSpriteCleaned/0025pikachu/pikachu-kalos-cap.png
66,0025pikachu,poke_capture_0025_006_mo_n_00000000_f_n.png,0025pikachu,pikachu alola cap.png,/content/drive/MyDrive/612 data/ProjectPokemonCleaned/0025pikachu/poke_capture_0025_006_mo_n_00000000_f_n.png,/content/drive/MyDrive/612 data/PokeSpriteCleaned/0025pikachu/pikachu alola cap.png
67,0025pikachu,poke_capture_0025_007_mo_n_00000000_f_n.png,0025pikachu,pikachu-partner-cap.png,/content/drive/MyDrive/612 data/ProjectPokemonCleaned/0025pikachu/poke_capture_0025_007_mo_n_00000000_f_n.png,/content/drive/MyDrive/612 data/PokeSpriteCleaned/0025pikachu/pikachu-partner-cap.png
68,0025pikachu,poke_capture_0025_008_fd_n_00000000_f_n.png,0025pikachu,pikachu_female.png,/content/drive/MyDrive/612 data/ProjectPokemonCleaned/0025pikachu/poke_capture_0025_008_fd_n_00000000_f_n.png,/content/drive/MyDrive/612 data/PokeSpriteCleaned/0025pikachu/pikachu_female.png
69,0025pikachu,poke_capture_0025_008_fd_n_00000000_f_r.png,0025pikachu,pikachu_shiny_female.png,/content/drive/MyDrive/612 data/ProjectPokemonCleaned/0025pikachu/poke_capture_0025_008_fd_n_00000000_f_r.png,/content/drive/MyDrive/612 data/PokeSpriteCleaned/0025pikachu/pikachu_shiny_female.png
70,0025pikachu,poke_capture_0025_008_md_n_00000000_f_n.png,0025pikachu,pikachu.png,/content/drive/MyDrive/612 data/ProjectPokemonCleaned/0025pikachu/poke_capture_0025_008_md_n_00000000_f_n.png,/content/drive/MyDrive/612 data/PokeSpriteCleaned/0025pikachu/pikachu.png
71,0025pikachu,poke_capture_0025_008_md_n_00000000_f_r.png,0025pikachu,pikachu_shiny.png,/content/drive/MyDrive/612 data/ProjectPokemonCleaned/0025pikachu/poke_capture_0025_008_md_n_00000000_f_r.png,/content/drive/MyDrive/612 data/PokeSpriteCleaned/0025pikachu/pikachu_shiny.png
72,0025pikachu,poke_capture_0025_009_mo_n_00000000_f_n.png,0025pikachu,pikachu-world-cap.png,/content/drive/MyDrive/612 data/ProjectPokemonCleaned/0025pikachu/poke_capture_0025_009_mo_n_00000000_f_n.png,/content/drive/MyDrive/612 data/PokeSpriteCleaned/0025pikachu/pikachu-world-cap.png
73,0026raichu,poke_capture_0026_000_fd_n_00000000_f_n.png,0026raichu,raichu.png,/content/drive/MyDrive/612 data/ProjectPokemonCleaned/0026raichu/poke_capture_0026_000_fd_n_00000000_f_n.png,/content/drive/MyDrive/612 data/PokeSpriteCleaned/0026raichu/raichu.png
74,0026raichu,poke_capture_0026_000_fd_n_00000000_f_r.png,0026raichu,raichu_shiny.png,/content/drive/MyDrive/612 data/ProjectPokemonCleaned/0026raichu/poke_capture_0026_000_fd_n_00000000_f_r.png,/content/drive/MyDrive/612 data/PokeSpriteCleaned/0026raichu/raichu_shiny.png
75,0026raichu,poke_capture_0026_000_md_n_00000000_f_n.png,0026raichu,raichu.png,/content/drive/MyDrive/612 data/ProjectPokemonCleaned/0026raichu/poke_capture_0026_000_md_n_00000000_f_n.png,/content/drive/MyDrive/612 data/PokeSpriteCleaned/0026raichu/raichu.png
76,0026raichu,poke_capture_0026_000_md_n_00000000_f_r.png,0026raichu,raichu_shiny.png,/content/drive/MyDrive/612 data/ProjectPokemonCleaned/0026raichu/poke_capture_0026_000_md_n_00000000_f_r.png,/content/drive/MyDrive/612 data/PokeSpriteCleaned/0026raichu/raichu_shiny.png
77,0026raichu,poke_capture_0026_001_mf_n_00000000_f_n.png,0026raichu,raichu alola.png,/content/drive/MyDrive/612 data/ProjectPokemonCleaned/0026raichu/poke_capture_0026_001_mf_n_00000000_f_n.png,/content/drive/MyDrive/612 data/PokeSpriteCleaned/0026raichu/raichu alola.png
78,0026raichu,poke_capture_0026_001_mf_n_00000000_f_r.png,0026raichu,raichu alola_shiny.png,/content/drive/MyDrive/612 data/ProjectPokemonCleaned/0026raichu/poke_capture_0026_001_mf_n_00000000_f_r.png,/content/drive/MyDrive/612 data/PokeSpriteCleaned/0026raichu/raichu alola_shiny.png
79,0027sandshrew,poke_capture_0027_000_mf_n_00000000_f_n.png,0027sandshrew,sandshrew.png,/content/drive/MyDrive/612 data/ProjectPokemonCleaned/0027sandshrew/poke_capture_0027_000_mf_n_00000000_f_n.png,/content/drive/MyDrive/612 data/PokeSpriteCleaned/0027sandshrew/sandshrew.png
80,0027sandshrew,poke_capture_0027_000_mf_n_00000000_f_r.png,0027sandshrew,sandshrew_shiny.png,/content/drive/MyDrive/612 data/ProjectPokemonCleaned/0027sandshrew/poke_capture_0027_000_mf_n_00000000_f_r.png,/content/drive/MyDrive/612 data/PokeSpriteCleaned/0027sandshrew/sandshrew_shiny.png
81,0030nidorina,poke_capture_0030_000_fo_n_00000000_f_n.png,0030nidorina,nidorina.png,/content/drive/MyDrive/612 data/ProjectPokemonCleaned/0030nidorina/poke_capture_0030_000_fo_n_00000000_f_n.png,/content/drive/MyDrive/612 data/PokeSpriteCleaned/0030nidorina/nidorina.png
82,0030nidorina,poke_capture_0030_000_fo_n_00000000_f_r.png,0030nidorina,nidorina_shiny.png,/content/drive/MyDrive/612 data/ProjectPokemonCleaned/0030nidorina/poke_capture_0030_000_fo_n_00000000_f_r.png,/content/drive/MyDrive/612 data/PokeSpriteCleaned/0030nidorina/nidorina_shiny.png
83,0031nidoqueen,poke_capture_0031_000_fo_n_00000000_f_n.png,0031nidoqueen,nidoqueen.png,/content/drive/MyDrive/612 data/ProjectPokemonCleaned/0031nidoqueen/poke_capture_0031_000_fo_n_00000000_f_n.png,/content/drive/MyDrive/612 data/PokeSpriteCleaned/0031nidoqueen/nidoqueen.png
84,0031nidoqueen,poke_capture_0031_000_fo_n_00000000_f_r.png,0031nidoqueen,nidoqueen_shiny.png,/content/drive/MyDrive/612 data/ProjectPokemonCleaned/0031nidoqueen/poke_capture_0031_000_fo_n_00000000_f_r.png,/content/drive/MyDrive/612 data/PokeSpriteCleaned/0031nidoqueen/nidoqueen_shiny.png
85,0032nidoran-m,poke_capture_0032_000_mo_n_00000000_f_n.png,0032nidoran-m,nidoran-m.png,/content/drive/MyDrive/612 data/ProjectPokemonCleaned/0032nidoran-m/poke_capture_0032_000_mo_n_00000000_f_n.png,/content/drive/MyDrive/612 data/PokeSpriteCleaned/0032nidoran-m/nidoran-m.png
86,0032nidoran-m,poke_capture_0032_000_mo_n_00000000_f_r.png,0032nidoran-m,nidoran-m_shiny.png,/content/drive/MyDrive/612 data/ProjectPokemonCleaned/0032nidoran-m/poke_capture_0032_000_mo_n_00000000_f_r.png,/content/drive/MyDrive/612 data/PokeSpriteCleaned/0032nidoran-m/nidoran-m_shiny.png
87,0033nidorino,poke_capture_0033_000_mo_n_00000000_f_n.png,0033nidorino,nidorino.png,/content/drive/MyDrive/612 data/ProjectPokemonCleaned/0033nidorino/poke_capture_0033_000_mo_n_00000000_f_n.png,/content/drive/MyDrive/612 data/PokeSpriteCleaned/0033nidorino/nidorino.png
88,0033nidorino,poke_capture_0033_000_mo_n_00000000_f_r.png,0033nidorino,nidorino_shiny.png,/content/drive/MyDrive/612 data/ProjectPokemonCleaned/0033nidorino/poke_capture_0033_000_mo_n_00000000_f_r.png,/content/drive/MyDrive/612 data/PokeSpriteCleaned/0033nidorino/nidorino_shiny.png
89,0034nidoking,poke_capture_0034_000_mo_n_00000000_f_n.png,0034nidoking,nidoking.png,/content/drive/MyDrive/612 data/ProjectPokemonCleaned/0034nidoking/poke_capture_0034_000_mo_n_00000000_f_n.png,/content/drive/MyDrive/612 data/PokeSpriteCleaned/0034nidoking/nidoking.png
90,0034nidoking,poke_capture_0034_000_mo_n_00000000_f_r.png,0034nidoking,nidoking_shiny.png,/content/drive/MyDrive/612 data/ProjectPokemonCleaned/0034nidoking/poke_capture_0034_000_mo_n_00000000_f_r.png,/content/drive/MyDrive/612 data/PokeSpriteCleaned/0034nidoking/nidoking_shiny.png
91,0035clefairy,poke_capture_0035_000_mf_n_00000000_f_n.png,0035clefairy,clefairy.png,/content/drive/MyDrive/612 data/ProjectPokemonCleaned/0035clefairy/poke_capture_0035_000_mf_n_00000000_f_n.png,/content/drive/MyDrive/612 data/PokeSpriteCleaned/0035clefairy/clefairy.png
92,0035clefairy,poke_capture_0035_000_mf_n_00000000_f_r.png,0035clefairy,clefairy_shiny.png,/content/drive/MyDrive/612 data/ProjectPokemonCleaned/0035clefairy/poke_capture_0035_000_mf_n_00000000_f_r.png,/content/drive/MyDrive/612 data/PokeSpriteCleaned/0035clefairy/clefairy_shiny.png
93,0036clefable,poke_capture_0036_000_mf_n_00000000_f_n.png,0036clefable,clefable.png,/content/drive/MyDrive/612 data/ProjectPokemonCleaned/0036clefable/poke_capture_0036_000_mf_n_00000000_f_n.png,/content/drive/MyDrive/612 data/PokeSpriteCleaned/0036clefable/clefable.png
94,0036clefable,poke_capture_0036_000_mf_n_00000000_f_r.png,0036clefable,clefable_shiny.png,/content/drive/MyDrive/612 data/ProjectPokemonCleaned/0036clefable/poke_capture_0036_000_mf_n_00000000_f_r.png,/content/drive/MyDrive/612 data/PokeSpriteCleaned/0036clefable/clefable_shiny.png
95,0037vulpix,poke_capture_0037_000_mf_n_00000000_f_n.png,0037vulpix,vulpix.png,/content/drive/MyDrive/612 data/ProjectPokemonCleaned/0037vulpix/poke_capture_0037_000_mf_n_00000000_f_n.png,/content/drive/MyDrive/612 data/PokeSpriteCleaned/0037vulpix/vulpix.png
96,0037vulpix,poke_capture_0037_000_mf_n_00000000_f_r.png,0037vulpix,vulpix_shiny.png,/content/drive/MyDrive/612 data/ProjectPokemonCleaned/0037vulpix/poke_capture_0037_000_mf_n_00000000_f_r.png,/content/drive/MyDrive/612 data/PokeSpriteCleaned/0037vulpix/vulpix_shiny.png
97,0037vulpix,poke_capture_0037_001_mf_n_00000000_f_n.png,0037vulpix,vulpix alola.png,/content/drive/MyDrive/612 data/ProjectPokemonCleaned/0037vulpix/poke_capture_0037_001_mf_n_00000000_f_n.png,/content/drive/MyDrive/612 data/PokeSpriteCleaned/0037vulpix/vulpix alola.png
98,0037vulpix,poke_capture_0037_001_mf_n_00000000_f_r.png,0037vulpix,vulpix alola_shiny.png,/content/drive/MyDrive/612 data/ProjectPokemonCleaned/0037vulpix/poke_capture_0037_001_mf_n_00000000_f_r.png,/content/drive/MyDrive/612 data/PokeSpriteCleaned/0037vulpix/vulpix alola_shiny.png
99,0039jigglypuff,poke_capture_0039_000_mf_n_00000000_f_n.png,0039jigglypuff,jigglypuff.png,/content/drive/MyDrive/612 data/ProjectPokemonCleaned/0039jigglypuff/poke_capture_0039_000_mf_n_00000000_f_n.png,/content/drive/MyDrive/612 data/PokeSpriteCleaned/0039jigglypuff/jigglypuff.png
100,0039jigglypuff,poke_capture_0039_000_mf_n_00000000_f_r.png,0039jigglypuff,jigglypuff_shiny.png,/content/drive/MyDrive/612 data/ProjectPokemonCleaned/0039jigglypuff/poke_capture_0039_000_mf_n_00000000_f_r.png,/content/drive/MyDrive/612 data/PokeSpriteCleaned/0039jigglypuff/jigglypuff_shiny.png
101,0041zubat,poke_capture_0041_000_fd_n_00000000_f_n.png,0041zubat,zubat.png,/content/drive/MyDrive/612 data/ProjectPokemonCleaned/0041zubat/poke_capture_0041_000_fd_n_00000000_f_n.png,/content/drive/MyDrive/612 data/PokeSpriteCleaned/0041zubat/zubat.png
102,0042golbat,poke_capture_0042_000_fd_n_00000000_f_n.png,0042golbat,golbat.png,/content/drive/MyDrive/612 data/ProjectPokemonCleaned/0042golbat/poke_capture_0042_000_fd_n_00000000_f_n.png,/content/drive/MyDrive/612 data/PokeSpriteCleaned/0042golbat/golbat.png
103,0042golbat,poke_capture_0042_000_fd_n_00000000_f_r.png,0042golbat,golbat_shiny.png,/content/drive/MyDrive/612 data/ProjectPokemonCleaned/0042golbat/poke_capture_0042_000_fd_n_00000000_f_r.png,/content/drive/MyDrive/612 data/PokeSpriteCleaned/0042golbat/golbat_shiny.png
104,0043oddish,poke_capture_0043_000_mf_n_00000000_f_n.png,0043oddish,oddish.png,/content/drive/MyDrive/612 data/ProjectPokemonCleaned/0043oddish/poke_capture_0043_000_mf_n_00000000_f_n.png,/content/drive/MyDrive/612 data/PokeSpriteCleaned/0043oddish/oddish.png
105,0043oddish,poke_capture_0043_000_mf_n_00000000_f_r.png,0043oddish,oddish_shiny.png,/content/drive/MyDrive/612 data/ProjectPokemonCleaned/0043oddish/poke_capture_0043_000_mf_n_00000000_f_r.png,/content/drive/MyDrive/612 data/PokeSpriteCleaned/0043oddish/oddish_shiny.png
106,0044gloom,poke_capture_0044_000_fd_n_00000000_f_n.png,0044gloom,gloom.png,/content/drive/MyDrive/612 data/ProjectPokemonCleaned/0044gloom/poke_capture_0044_000_fd_n_00000000_f_n.png,/content/drive/MyDrive/612 data/PokeSpriteCleaned/0044gloom/gloom.png
107,0044gloom,poke_capture_0044_000_fd_n_00000000_f_r.png,0044gloom,gloom_shiny.png,/content/drive/MyDrive/612 data/ProjectPokemonCleaned/0044gloom/poke_capture_0044_000_fd_n_00000000_f_r.png,/content/drive/MyDrive/612 data/PokeSpriteCleaned/0044gloom/gloom_shiny.png
108,0045vileplume,poke_capture_0045_000_fd_n_00000000_f_n.png,0045vileplume,vileplume.png,/content/drive/MyDrive/612 data/ProjectPokemonCleaned/0045vileplume/poke_capture_0045_000_fd_n_00000000_f_n.png,/content/drive/MyDrive/612 data/PokeSpriteCleaned/0045vileplume/vileplume.png
109,0045vileplume,poke_capture_0045_000_md_n_00000000_f_r.png,0045vileplume,vileplume_shiny.png,/content/drive/MyDrive/612 data/ProjectPokemonCleaned/0045vileplume/poke_capture_0045_000_md_n_00000000_f_r.png,/content/drive/MyDrive/612 data/PokeSpriteCleaned/0045vileplume/vileplume_shiny.png
110,0046paras,poke_capture_0046_000_mf_n_00000000_f_n.png,0046paras,paras.png,/content/drive/MyDrive/612 data/ProjectPokemonCleaned/0046paras/poke_capture_0046_000_mf_n_00000000_f_n.png,/content/drive/MyDrive/612 data/PokeSpriteCleaned/0046paras/paras.png
111,0046paras,poke_capture_0046_000_mf_n_00000000_f_r.png,0046paras,paras_shiny.png,/content/drive/MyDrive/612 data/ProjectPokemonCleaned/0046paras/poke_capture_0046_000_mf_n_00000000_f_r.png,/content/drive/MyDrive/612 data/PokeSpriteCleaned/0046paras/paras_shiny.png
112,0047parasect,poke_capture_0047_000_mf_n_00000000_f_n.png,0047parasect,parasect.png,/content/drive/MyDrive/612 data/ProjectPokemonCleaned/0047parasect/poke_capture_0047_000_mf_n_00000000_f_n.png,/content/drive/MyDrive/612 data/PokeSpriteCleaned/0047parasect/parasect.png
113,0048venonat,poke_capture_0048_000_mf_n_00000000_f_r.png,0048venonat,venonat_shiny.png,/content/drive/MyDrive/612 data/ProjectPokemonCleaned/0048venonat/poke_capture_0048_000_mf_n_00000000_f_r.png,/content/drive/MyDrive/612 data/PokeSpriteCleaned/0048venonat/venonat_shiny.png
114,0049venomoth,poke_capture_0049_000_mf_n_00000000_f_n.png,0049venomoth,venomoth.png,/content/drive/MyDrive/612 data/ProjectPokemonCleaned/0049venomoth/poke_capture_0049_000_mf_n_00000000_f_n.png,/content/drive/MyDrive/612 data/PokeSpriteCleaned/0049venomoth/venomoth.png
115,0049venomoth,poke_capture_0049_000_mf_n_00000000_f_r.png,0049venomoth,venomoth_shiny.png,/content/drive/MyDrive/612 data/ProjectPokemonCleaned/0049venomoth/poke_capture_0049_000_mf_n_00000000_f_r.png,/content/drive/MyDrive/612 data/PokeSpriteCleaned/0049venomoth/venomoth_shiny.png
116,0050diglett,poke_capture_0050_000_mf_n_00000000_f_n.png,0050diglett,diglett.png,/content/drive/MyDrive/612 data/ProjectPokemonCleaned/0050diglett/poke_capture_0050_000_mf_n_00000000_f_n.png,/content/drive/MyDrive/612 data/PokeSpriteCleaned/0050diglett/diglett.png
117,0050diglett,poke_capture_0050_000_mf_n_00000000_f_r.png,0050diglett,diglett_shiny.png,/content/drive/MyDrive/612 data/ProjectPokemonCleaned/0050diglett/poke_capture_0050_000_mf_n_00000000_f_r.png,/content/drive/MyDrive/612 data/PokeSpriteCleaned/0050diglett/diglett_shiny.png
118,0050diglett,poke_capture_0050_001_mf_n_00000000_f_n.png,0050diglett,diglett alola.png,/content/drive/MyDrive/612 data/ProjectPokemonCleaned/0050diglett/poke_capture_0050_001_mf_n_00000000_f_n.png,/content/drive/MyDrive/612 data/PokeSpriteCleaned/0050diglett/diglett alola.png
119,0050diglett,poke_capture_0050_001_mf_n_00000000_f_r.png,0050diglett,diglett alola_shiny.png,/content/drive/MyDrive/612 data/ProjectPokemonCleaned/0050diglett/poke_capture_0050_001_mf_n_00000000_f_r.png,/content/drive/MyDrive/612 data/PokeSpriteCleaned/0050diglett/diglett alola_shiny.png
120,0051dugtrio,poke_capture_0051_000_mf_n_00000000_f_n.png,0051dugtrio,dugtrio.png,/content/drive/MyDrive/612 data/ProjectPokemonCleaned/0051dugtrio/poke_capture_0051_000_mf_n_00000000_f_n.png,/content/drive/MyDrive/612 data/PokeSpriteCleaned/0051dugtrio/dugtrio.png
121,0051dugtrio,poke_capture_0051_000_mf_n_00000000_f_r.png,0051dugtrio,dugtrio_shiny.png,/content/drive/MyDrive/612 data/ProjectPokemonCleaned/0051dugtrio/poke_capture_0051_000_mf_n_00000000_f_r.png,/content/drive/MyDrive/612 data/PokeSpriteCleaned/0051dugtrio/dugtrio_shiny.png
122,0051dugtrio,poke_capture_0051_001_mf_n_00000000_f_n.png,0051dugtrio,dugtrio alola.png,/content/drive/MyDrive/612 data/ProjectPokemonCleaned/0051dugtrio/poke_capture_0051_001_mf_n_00000000_f_n.png,/content/drive/MyDrive/612 data/PokeSpriteCleaned/0051dugtrio/dugtrio alola.png
123,0051dugtrio,poke_capture_0051_001_mf_n_00000000_f_r.png,0051dugtrio,dugtrio alola_shiny.png,/content/drive/MyDrive/612 data/ProjectPokemonCleaned/0051dugtrio/poke_capture_0051_001_mf_n_00000000_f_r.png,/content/drive/MyDrive/612 data/PokeSpriteCleaned/0051dugtrio/dugtrio alola_shiny.png
124,0052meowth,poke_capture_0052_000_mf_g_00000000_f_n.png,0052meowth,meowth-gmax.png,/content/drive/MyDrive/612 data/ProjectPokemonCleaned/0052meowth/poke_capture_0052_000_mf_g_00000000_f_n.png,/content/drive/MyDrive/612 data/PokeSpriteCleaned/0052meowth/meowth-gmax.png
125,0052meowth,poke_capture_0052_000_mf_g_00000000_f_r.png,0052meowth,meowth-gmax_shiny.png,/content/drive/MyDrive/612 data/ProjectPokemonCleaned/0052meowth/poke_capture_0052_000_mf_g_00000000_f_r.png,/content/drive/MyDrive/612 data/PokeSpriteCleaned/0052meowth/meowth-gmax_shiny.png
126,0052meowth,poke_capture_0052_000_mf_n_00000000_f_n.png,0052meowth,meowth.png,/content/drive/MyDrive/612 data/ProjectPokemonCleaned/0052meowth/poke_capture_0052_000_mf_n_00000000_f_n.png,/content/drive/MyDrive/612 data/PokeSpriteCleaned/0052meowth/meowth.png
127,0052meowth,poke_capture_0052_000_mf_n_00000000_f_r.png,0052meowth,meowth_shiny.png,/content/drive/MyDrive/612 data/ProjectPokemonCleaned/0052meowth/poke_capture_0052_000_mf_n_00000000_f_r.png,/content/drive/MyDrive/612 data/PokeSpriteCleaned/0052meowth/meowth_shiny.png
128,0052meowth,poke_capture_0052_002_mf_n_00000000_f_n.png,0052meowth,meowth galar.png,/content/drive/MyDrive/612 data/ProjectPokemonCleaned/0052meowth/poke_capture_0052_002_mf_n_00000000_f_n.png,/content/drive/MyDrive/612 data/PokeSpriteCleaned/0052meowth/meowth galar.png
129,0052meowth,poke_capture_0052_002_mf_n_00000000_f_r.png,0052meowth,meowth galar_shiny.png,/content/drive/MyDrive/612 data/ProjectPokemonCleaned/0052meowth/poke_capture_0052_002_mf_n_00000000_f_r.png,/content/drive/MyDrive/612 data/PokeSpriteCleaned/0052meowth/meowth galar_shiny.png
130,0053persian,poke_capture_0053_001_mf_n_00000000_f_n.png,0053persian,persian alola.png,/content/drive/MyDrive/612 data/ProjectPokemonCleaned/0053persian/poke_capture_0053_001_mf_n_00000000_f_n.png,/content/drive/MyDrive/612 data/PokeSpriteCleaned/0053persian/persian alola.png
131,0053persian,poke_capture_0053_001_mf_n_00000000_f_r.png,0053persian,persian alola_shiny.png,/content/drive/MyDrive/612 data/ProjectPokemonCleaned/0053persian/poke_capture_0053_001_mf_n_00000000_f_r.png,/content/drive/MyDrive/612 data/PokeSpriteCleaned/0053persian/persian alola_shiny.png
132,0054psyduck,poke_capture_0054_000_mf_n_00000000_f_n.png,0054psyduck,psyduck.png,/content/drive/MyDrive/612 data/ProjectPokemonCleaned/0054psyduck/poke_capture_0054_000_mf_n_00000000_f_n.png,/content/drive/MyDrive/612 data/PokeSpriteCleaned/0054psyduck/psyduck.png
133,0054psyduck,poke_capture_0054_000_mf_n_00000000_f_r.png,0054psyduck,psyduck_shiny.png,/content/drive/MyDrive/612 data/ProjectPokemonCleaned/0054psyduck/poke_capture_0054_000_mf_n_00000000_f_r.png,/content/drive/MyDrive/612 data/PokeSpriteCleaned/0054psyduck/psyduck_shiny.png
134,0055golduck,poke_capture_0055_000_mf_n_00000000_f_n.png,0055golduck,golduck.png,/content/drive/MyDrive/612 data/ProjectPokemonCleaned/0055golduck/poke_capture_0055_000_mf_n_00000000_f_n.png,/content/drive/MyDrive/612 data/PokeSpriteCleaned/0055golduck/golduck.png
135,0055golduck,poke_capture_0055_000_mf_n_00000000_f_r.png,0055golduck,golduck_shiny.png,/content/drive/MyDrive/612 data/ProjectPokemonCleaned/0055golduck/poke_capture_0055_000_mf_n_00000000_f_r.png,/content/drive/MyDrive/612 data/PokeSpriteCleaned/0055golduck/golduck_shiny.png
136,0056mankey,poke_capture_0056_000_mf_n_00000000_f_n.png,0056mankey,mankey.png,/content/drive/MyDrive/612 data/ProjectPokemonCleaned/0056mankey/poke_capture_0056_000_mf_n_00000000_f_n.png,/content/drive/MyDrive/612 data/PokeSpriteCleaned/0056mankey/mankey.png
137,0056mankey,poke_capture_0056_000_mf_n_00000000_f_r.png,0056mankey,mankey_shiny.png,/content/drive/MyDrive/612 data/ProjectPokemonCleaned/0056mankey/poke_capture_0056_000_mf_n_00000000_f_r.png,/content/drive/MyDrive/612 data/PokeSpriteCleaned/0056mankey/mankey_shiny.png
138,0057primeape,poke_capture_0057_000_mf_n_00000000_f_n.png,0057primeape,primeape.png,/content/drive/MyDrive/612 data/ProjectPokemonCleaned/0057primeape/poke_capture_0057_000_mf_n_00000000_f_n.png,/content/drive/MyDrive/612 data/PokeSpriteCleaned/0057primeape/primeape.png
139,0057primeape,poke_capture_0057_000_mf_n_00000000_f_r.png,0057primeape,primeape_shiny.png,/content/drive/MyDrive/612 data/ProjectPokemonCleaned/0057primeape/poke_capture_0057_000_mf_n_00000000_f_r.png,/content/drive/MyDrive/612 data/PokeSpriteCleaned/0057primeape/primeape_shiny.png
140,0059arcanine,poke_capture_0059_000_mf_n_00000000_f_n.png,0059arcanine,arcanine.png,/content/drive/MyDrive/612 data/ProjectPokemonCleaned/0059arcanine/poke_capture_0059_000_mf_n_00000000_f_n.png,/content/drive/MyDrive/612 data/PokeSpriteCleaned/0059arcanine/arcanine.png
141,0059arcanine,poke_capture_0059_000_mf_n_00000000_f_r.png,0059arcanine,arcanine_shiny.png,/content/drive/MyDrive/612 data/ProjectPokemonCleaned/0059arcanine/poke_capture_0059_000_mf_n_00000000_f_r.png,/content/drive/MyDrive/612 data/PokeSpriteCleaned/0059arcanine/arcanine_shiny.png
142,0061poliwhirl,poke_capture_0061_000_mf_n_00000000_f_n.png,0061poliwhirl,poliwhirl.png,/content/drive/MyDrive/612 data/ProjectPokemonCleaned/0061poliwhirl/poke_capture_0061_000_mf_n_00000000_f_n.png,/content/drive/MyDrive/612 data/PokeSpriteCleaned/0061poliwhirl/poliwhirl.png
143,0061poliwhirl,poke_capture_0061_000_mf_n_00000000_f_r.png,0061poliwhirl,poliwhirl_shiny.png,/content/drive/MyDrive/612 data/ProjectPokemonCleaned/0061poliwhirl/poke_capture_0061_000_mf_n_00000000_f_r.png,/content/drive/MyDrive/612 data/PokeSpriteCleaned/0061poliwhirl/poliwhirl_shiny.png
144,0062poliwrath,poke_capture_0062_000_mf_n_00000000_f_n.png,0062poliwrath,poliwrath.png,/content/drive/MyDrive/612 data/ProjectPokemonCleaned/0062poliwrath/poke_capture_0062_000_mf_n_00000000_f_n.png,/content/drive/MyDrive/612 data/PokeSpriteCleaned/0062poliwrath/poliwrath.png
145,0062poliwrath,poke_capture_0062_000_mf_n_00000000_f_r.png,0062poliwrath,poliwrath_shiny.png,/content/drive/MyDrive/612 data/ProjectPokemonCleaned/0062poliwrath/poke_capture_0062_000_mf_n_00000000_f_r.png,/content/drive/MyDrive/612 data/PokeSpriteCleaned/0062poliwrath/poliwrath_shiny.png
146,0063abra,poke_capture_0063_000_mf_n_00000000_f_n.png,0063abra,abra.png,/content/drive/MyDrive/612 data/ProjectPokemonCleaned/0063abra/poke_capture_0063_000_mf_n_00000000_f_n.png,/content/drive/MyDrive/612 data/PokeSpriteCleaned/0063abra/abra.png
147,0063abra,poke_capture_0063_000_mf_n_00000000_f_r.png,0063abra,abra_shiny.png,/content/drive/MyDrive/612 data/ProjectPokemonCleaned/0063abra/poke_capture_0063_000_mf_n_00000000_f_r.png,/content/drive/MyDrive/612 data/PokeSpriteCleaned/0063abra/abra_shiny.png
148,0064kadabra,poke_capture_0064_000_md_n_00000000_f_n.png,0064kadabra,kadabra.png,/content/drive/MyDrive/612 data/ProjectPokemonCleaned/0064kadabra/poke_capture_0064_000_md_n_00000000_f_n.png,/content/drive/MyDrive/612 data/PokeSpriteCleaned/0064kadabra/kadabra.png
149,0064kadabra,poke_capture_0064_000_md_n_00000000_f_r.png,0064kadabra,kadabra_shiny.png,/content/drive/MyDrive/612 data/ProjectPokemonCleaned/0064kadabra/poke_capture_0064_000_md_n_00000000_f_r.png,/content/drive/MyDrive/612 data/PokeSpriteCleaned/0064kadabra/kadabra_shiny.png
150,0065alakazam,poke_capture_0065_000_fd_n_00000000_f_r.png,0065alakazam,alakazam_shiny.png,/content/drive/MyDrive/612 data/ProjectPokemonCleaned/0065alakazam/poke_capture_0065_000_fd_n_00000000_f_r.png,/content/drive/MyDrive/612 data/PokeSpriteCleaned/0065alakazam/alakazam_shiny.png
151,0065alakazam,poke_capture_0065_000_md_n_00000000_f_n.png,0065alakazam,alakazam.png,/content/drive/MyDrive/612 data/ProjectPokemonCleaned/0065alakazam/poke_capture_0065_000_md_n_00000000_f_n.png,/content/drive/MyDrive/612 data/PokeSpriteCleaned/0065alakazam/alakazam.png
152,0065alakazam,poke_capture_0065_001_mf_n_00000000_f_n.png,0065alakazam,alakazam-mega.png,/content/drive/MyDrive/612 data/ProjectPokemonCleaned/0065alakazam/poke_capture_0065_001_mf_n_00000000_f_n.png,/content/drive/MyDrive/612 data/PokeSpriteCleaned/0065alakazam/alakazam-mega.png
153,0065alakazam,poke_capture_0065_001_mf_n_00000000_f_r.png,0065alakazam,alakazam-mega_shiny.png,/content/drive/MyDrive/612 data/ProjectPokemonCleaned/0065alakazam/poke_capture_0065_001_mf_n_00000000_f_r.png,/content/drive/MyDrive/612 data/PokeSpriteCleaned/0065alakazam/alakazam-mega_shiny.png
154,0067machoke,poke_capture_0067_000_mf_n_00000000_f_n.png,0067machoke,machoke.png,/content/drive/MyDrive/612 data/ProjectPokemonCleaned/0067machoke/poke_capture_0067_000_mf_n_00000000_f_n.png,/content/drive/MyDrive/612 data/PokeSpriteCleaned/0067machoke/machoke.png
155,0067machoke,poke_capture_0067_000_mf_n_00000000_f_r.png,0067machoke,machoke_shiny.png,/content/drive/MyDrive/612 data/ProjectPokemonCleaned/0067machoke/poke_capture_0067_000_mf_n_00000000_f_r.png,/content/drive/MyDrive/612 data/PokeSpriteCleaned/0067machoke/machoke_shiny.png
156,0068machamp,poke_capture_0068_000_mf_g_00000000_f_n.png,0068machamp,machamp-gmax.png,/content/drive/MyDrive/612 data/ProjectPokemonCleaned/0068machamp/poke_capture_0068_000_mf_g_00000000_f_n.png,/content/drive/MyDrive/612 data/PokeSpriteCleaned/0068machamp/machamp-gmax.png
157,0068machamp,poke_capture_0068_000_mf_g_00000000_f_r.png,0068machamp,machamp-gmax_shiny.png,/content/drive/MyDrive/612 data/ProjectPokemonCleaned/0068machamp/poke_capture_0068_000_mf_g_00000000_f_r.png,/content/drive/MyDrive/612 data/PokeSpriteCleaned/0068machamp/machamp-gmax_shiny.png
158,0069bellsprout,poke_capture_0069_000_mf_n_00000000_f_n.png,0069bellsprout,bellsprout.png,/content/drive/MyDrive/612 data/ProjectPokemonCleaned/0069bellsprout/poke_capture_0069_000_mf_n_00000000_f_n.png,/content/drive/MyDrive/612 data/PokeSpriteCleaned/0069bellsprout/bellsprout.png
159,0069bellsprout,poke_capture_0069_000_mf_n_00000000_f_r.png,0069bellsprout,bellsprout_shiny.png,/content/drive/MyDrive/612 data/ProjectPokemonCleaned/0069bellsprout/poke_capture_0069_000_mf_n_00000000_f_r.png,/content/drive/MyDrive/612 data/PokeSpriteCleaned/0069bellsprout/bellsprout_shiny.png
160,0070weepinbell,poke_capture_0070_000_mf_n_00000000_f_n.png,0070weepinbell,weepinbell.png,/content/drive/MyDrive/612 data/ProjectPokemonCleaned/0070weepinbell/poke_capture_0070_000_mf_n_00000000_f_n.png,/content/drive/MyDrive/612 data/PokeSpriteCleaned/0070weepinbell/weepinbell.png
161,0070weepinbell,poke_capture_0070_000_mf_n_00000000_f_r.png,0070weepinbell,weepinbell_shiny.png,/content/drive/MyDrive/612 data/ProjectPokemonCleaned/0070weepinbell/poke_capture_0070_000_mf_n_00000000_f_r.png,/content/drive/MyDrive/612 data/PokeSpriteCleaned/0070weepinbell/weepinbell_shiny.png
162,0071victreebel,poke_capture_0071_000_mf_n_00000000_f_n.png,0071victreebel,victreebel.png,/content/drive/MyDrive/612 data/ProjectPokemonCleaned/0071victreebel/poke_capture_0071_000_mf_n_00000000_f_n.png,/content/drive/MyDrive/612 data/PokeSpriteCleaned/0071victreebel/victreebel.png
163,0071victreebel,poke_capture_0071_000_mf_n_00000000_f_r.png,0071victreebel,victreebel_shiny.png,/content/drive/MyDrive/612 data/ProjectPokemonCleaned/0071victreebel/poke_capture_0071_000_mf_n_00000000_f_r.png,/content/drive/MyDrive/612 data/PokeSpriteCleaned/0071victreebel/victreebel_shiny.png
164,0072tentacool,poke_capture_0072_000_mf_n_00000000_f_n.png,0072tentacool,tentacool.png,/content/drive/MyDrive/612 data/ProjectPokemonCleaned/0072tentacool/poke_capture_0072_000_mf_n_00000000_f_n.png,/content/drive/MyDrive/612 data/PokeSpriteCleaned/0072tentacool/tentacool.png
165,0072tentacool,poke_capture_0072_000_mf_n_00000000_f_r.png,0072tentacool,tentacool_shiny.png,/content/drive/MyDrive/612 data/ProjectPokemonCleaned/0072tentacool/poke_capture_0072_000_mf_n_00000000_f_r.png,/content/drive/MyDrive/612 data/PokeSpriteCleaned/0072tentacool/tentacool_shiny.png
166,0073tentacruel,poke_capture_0073_000_mf_n_00000000_f_n.png,0073tentacruel,tentacruel.png,/content/drive/MyDrive/612 data/ProjectPokemonCleaned/0073tentacruel/poke_capture_0073_000_mf_n_00000000_f_n.png,/content/drive/MyDrive/612 data/PokeSpriteCleaned/0073tentacruel/tentacruel.png
167,0073tentacruel,poke_capture_0073_000_mf_n_00000000_f_r.png,0073tentacruel,tentacruel_shiny.png,/content/drive/MyDrive/612 data/ProjectPokemonCleaned/0073tentacruel/poke_capture_0073_000_mf_n_00000000_f_r.png,/content/drive/MyDrive/612 data/PokeSpriteCleaned/0073tentacruel/tentacruel_shiny.png
168,0074geodude,poke_capture_0074_000_mf_n_00000000_f_n.png,0074geodude,geodude.png,/content/drive/MyDrive/612 data/ProjectPokemonCleaned/0074geodude/poke_capture_0074_000_mf_n_00000000_f_n.png,/content/drive/MyDrive/612 data/PokeSpriteCleaned/0074geodude/geodude.png
169,0074geodude,poke_capture_0074_000_mf_n_00000000_f_r.png,0074geodude,geodude_shiny.png,/content/drive/MyDrive/612 data/ProjectPokemonCleaned/0074geodude/poke_capture_0074_000_mf_n_00000000_f_r.png,/content/drive/MyDrive/612 data/PokeSpriteCleaned/0074geodude/geodude_shiny.png
170,0074geodude,poke_capture_0074_001_mf_n_00000000_f_n.png,0074geodude,geodude alola.png,/content/drive/MyDrive/612 data/ProjectPokemonCleaned/0074geodude/poke_capture_0074_001_mf_n_00000000_f_n.png,/content/drive/MyDrive/612 data/PokeSpriteCleaned/0074geodude/geodude alola.png
171,0074geodude,poke_capture_0074_001_mf_n_00000000_f_r.png,0074geodude,geodude alola_shiny.png,/content/drive/MyDrive/612 data/ProjectPokemonCleaned/0074geodude/poke_capture_0074_001_mf_n_00000000_f_r.png,/content/drive/MyDrive/612 data/PokeSpriteCleaned/0074geodude/geodude alola_shiny.png
172,0075graveler,poke_capture_0075_000_mf_n_00000000_f_n.png,0075graveler,graveler.png,/content/drive/MyDrive/612 data/ProjectPokemonCleaned/0075graveler/poke_capture_0075_000_mf_n_00000000_f_n.png,/content/drive/MyDrive/612 data/PokeSpriteCleaned/0075graveler/graveler.png
173,0075graveler,poke_capture_0075_000_mf_n_00000000_f_r.png,0075graveler,graveler_shiny.png,/content/drive/MyDrive/612 data/ProjectPokemonCleaned/0075graveler/poke_capture_0075_000_mf_n_00000000_f_r.png,/content/drive/MyDrive/612 data/PokeSpriteCleaned/0075graveler/graveler_shiny.png
174,0076golem,poke_capture_0076_000_mf_n_00000000_f_n.png,0076golem,golem.png,/content/drive/MyDrive/612 data/ProjectPokemonCleaned/0076golem/poke_capture_0076_000_mf_n_00000000_f_n.png,/content/drive/MyDrive/612 data/PokeSpriteCleaned/0076golem/golem.png
175,0076golem,poke_capture_0076_000_mf_n_00000000_f_r.png,0076golem,golem_shiny.png,/content/drive/MyDrive/612 data/ProjectPokemonCleaned/0076golem/poke_capture_0076_000_mf_n_00000000_f_r.png,/content/drive/MyDrive/612 data/PokeSpriteCleaned/0076golem/golem_shiny.png
176,0076golem,poke_capture_0076_001_mf_n_00000000_f_n.png,0076golem,golem alola.png,/content/drive/MyDrive/612 data/ProjectPokemonCleaned/0076golem/poke_capture_0076_001_mf_n_00000000_f_n.png,/content/drive/MyDrive/612 data/PokeSpriteCleaned/0076golem/golem alola.png
177,0076golem,poke_capture_0076_001_mf_n_00000000_f_r.png,0076golem,golem alola_shiny.png,/content/drive/MyDrive/612 data/ProjectPokemonCleaned/0076golem/poke_capture_0076_001_mf_n_00000000_f_r.png,/content/drive/MyDrive/612 data/PokeSpriteCleaned/0076golem/golem alola_shiny.png
178,0077ponyta,poke_capture_0077_000_mf_n_00000000_f_n.png,0077ponyta,ponyta.png,/content/drive/MyDrive/612 data/ProjectPokemonCleaned/0077ponyta/poke_capture_0077_000_mf_n_00000000_f_n.png,/content/drive/MyDrive/612 data/PokeSpriteCleaned/0077ponyta/ponyta.png
179,0077ponyta,poke_capture_0077_000_mf_n_00000000_f_r.png,0077ponyta,ponyta_shiny.png,/content/drive/MyDrive/612 data/ProjectPokemonCleaned/0077ponyta/poke_capture_0077_000_mf_n_00000000_f_r.png,/content/drive/MyDrive/612 data/PokeSpriteCleaned/0077ponyta/ponyta_shiny.png
180,0077ponyta,poke_capture_0077_001_mf_n_00000000_f_n.png,0077ponyta,ponyta galar.png,/content/drive/MyDrive/612 data/ProjectPokemonCleaned/0077ponyta/poke_capture_0077_001_mf_n_00000000_f_n.png,/content/drive/MyDrive/612 data/PokeSpriteCleaned/0077ponyta/ponyta galar.png
181,0077ponyta,poke_capture_0077_001_mf_n_00000000_f_r.png,0077ponyta,ponyta galar_shiny.png,/content/drive/MyDrive/612 data/ProjectPokemonCleaned/0077ponyta/poke_capture_0077_001_mf_n_00000000_f_r.png,/content/drive/MyDrive/612 data/PokeSpriteCleaned/0077ponyta/ponyta galar_shiny.png
182,0078rapidash,poke_capture_0078_001_mf_n_00000000_f_n.png,0078rapidash,rapidash galar.png,/content/drive/MyDrive/612 data/ProjectPokemonCleaned/0078rapidash/poke_capture_0078_001_mf_n_00000000_f_n.png,/content/drive/MyDrive/612 data/PokeSpriteCleaned/0078rapidash/rapidash galar.png
183,0078rapidash,poke_capture_0078_001_mf_n_00000000_f_r.png,0078rapidash,rapidash galar_shiny.png,/content/drive/MyDrive/612 data/ProjectPokemonCleaned/0078rapidash/poke_capture_0078_001_mf_n_00000000_f_r.png,/content/drive/MyDrive/612 data/PokeSpriteCleaned/0078rapidash/rapidash galar_shiny.png
184,0079slowpoke,poke_capture_0079_000_mf_n_00000000_f_n.png,0079slowpoke,slowpoke.png,/content/drive/MyDrive/612 data/ProjectPokemonCleaned/0079slowpoke/poke_capture_0079_000_mf_n_00000000_f_n.png,/content/drive/MyDrive/612 data/PokeSpriteCleaned/0079slowpoke/slowpoke.png
185,0079slowpoke,poke_capture_0079_000_mf_n_00000000_f_r.png,0079slowpoke,slowpoke_shiny.png,/content/drive/MyDrive/612 data/ProjectPokemonCleaned/0079slowpoke/poke_capture_0079_000_mf_n_00000000_f_r.png,/content/drive/MyDrive/612 data/PokeSpriteCleaned/0079slowpoke/slowpoke_shiny.png
186,0079slowpoke,poke_capture_0079_001_mf_n_00000000_f_n.png,0079slowpoke,slowpoke galar.png,/content/drive/MyDrive/612 data/ProjectPokemonCleaned/0079slowpoke/poke_capture_0079_001_mf_n_00000000_f_n.png,/content/drive/MyDrive/612 data/PokeSpriteCleaned/0079slowpoke/slowpoke galar.png
187,0079slowpoke,poke_capture_0079_001_mf_n_00000000_f_r.png,0079slowpoke,slowpoke galar_shiny.png,/content/drive/MyDrive/612 data/ProjectPokemonCleaned/0079slowpoke/poke_capture_0079_001_mf_n_00000000_f_r.png,/content/drive/MyDrive/612 data/PokeSpriteCleaned/0079slowpoke/slowpoke galar_shiny.png
188,0080slowbro,poke_capture_0080_000_mf_n_00000000_f_n.png,0080slowbro,slowbro.png,/content/drive/MyDrive/612 data/ProjectPokemonCleaned/0080slowbro/poke_capture_0080_000_mf_n_00000000_f_n.png,/content/drive/MyDrive/612 data/PokeSpriteCleaned/0080slowbro/slowbro.png
189,0080slowbro,poke_capture_0080_000_mf_n_00000000_f_r.png,0080slowbro,slowbro_shiny.png,/content/drive/MyDrive/612 data/ProjectPokemonCleaned/0080slowbro/poke_capture_0080_000_mf_n_00000000_f_r.png,/content/drive/MyDrive/612 data/PokeSpriteCleaned/0080slowbro/slowbro_shiny.png
190,0080slowbro,poke_capture_0080_001_mf_n_00000000_f_n.png,0080slowbro,slowbro-mega.png,/content/drive/MyDrive/612 data/ProjectPokemonCleaned/0080slowbro/poke_capture_0080_001_mf_n_00000000_f_n.png,/content/drive/MyDrive/612 data/PokeSpriteCleaned/0080slowbro/slowbro-mega.png
191,0080slowbro,poke_capture_0080_001_mf_n_00000000_f_r.png,0080slowbro,slowbro-mega_shiny.png,/content/drive/MyDrive/612 data/ProjectPokemonCleaned/0080slowbro/poke_capture_0080_001_mf_n_00000000_f_r.png,/content/drive/MyDrive/612 data/PokeSpriteCleaned/0080slowbro/slowbro-mega_shiny.png
192,0081magnemite,poke_capture_0081_000_uk_n_00000000_f_n.png,0081magnemite,magnemite.png,/content/drive/MyDrive/612 data/ProjectPokemonCleaned/0081magnemite/poke_capture_0081_000_uk_n_00000000_f_n.png,/content/drive/MyDrive/612 data/PokeSpriteCleaned/0081magnemite/magnemite.png
193,0081magnemite,poke_capture_0081_000_uk_n_00000000_f_r.png,0081magnemite,magnemite_shiny.png,/content/drive/MyDrive/612 data/ProjectPokemonCleaned/0081magnemite/poke_capture_0081_000_uk_n_00000000_f_r.png,/content/drive/MyDrive/612 data/PokeSpriteCleaned/0081magnemite/magnemite_shiny.png
194,0082magneton,poke_capture_0082_000_uk_n_00000000_f_n.png,0082magneton,magneton.png,/content/drive/MyDrive/612 data/ProjectPokemonCleaned/0082magneton/poke_capture_0082_000_uk_n_00000000_f_n.png,/content/drive/MyDrive/612 data/PokeSpriteCleaned/0082magneton/magneton.png
195,0082magneton,poke_capture_0082_000_uk_n_00000000_f_r.png,0082magneton,magneton_shiny.png,/content/drive/MyDrive/612 data/ProjectPokemonCleaned/0082magneton/poke_capture_0082_000_uk_n_00000000_f_r.png,/content/drive/MyDrive/612 data/PokeSpriteCleaned/0082magneton/magneton_shiny.png
196,0083farfetch'd,poke_capture_0083_000_mf_n_00000000_f_n.png,0083farfetch'd,farfetch_d.png,/content/drive/MyDrive/612 data/ProjectPokemonCleaned/0083farfetch'd/poke_capture_0083_000_mf_n_00000000_f_n.png,/content/drive/MyDrive/612 data/PokeSpriteCleaned/0083farfetch'd/farfetch_d.png
197,0083farfetch'd,poke_capture_0083_000_mf_n_00000000_f_r.png,0083farfetch'd,farfetch_d_shiny.png,/content/drive/MyDrive/612 data/ProjectPokemonCleaned/0083farfetch'd/poke_capture_0083_000_mf_n_00000000_f_r.png,/content/drive/MyDrive/612 data/PokeSpriteCleaned/0083farfetch'd/farfetch_d_shiny.png
198,0083farfetch'd,poke_capture_0083_001_mf_n_00000000_f_n.png,0083farfetch'd,farfetch_d_galar.png,/content/drive/MyDrive/612 data/ProjectPokemonCleaned/0083farfetch'd/poke_capture_0083_001_mf_n_00000000_f_n.png,/content/drive/MyDrive/612 data/PokeSpriteCleaned/0083farfetch'd/farfetch_d_galar.png
199,0083farfetch'd,poke_capture_0083_001_mf_n_00000000_f_r.png,0083farfetch'd,farfetch_d_galar_shiny.png,/content/drive/MyDrive/612 data/ProjectPokemonCleaned/0083farfetch'd/poke_capture_0083_001_mf_n_00000000_f_r.png,/content/drive/MyDrive/612 data/PokeSpriteCleaned/0083farfetch'd/farfetch_d_galar_shiny.png
200,0084doduo,poke_capture_0084_000_fd_n_00000000_f_n.png,0084doduo,doduo.png,/content/drive/MyDrive/612 data/ProjectPokemonCleaned/0084doduo/poke_capture_0084_000_fd_n_00000000_f_n.png,/content/drive/MyDrive/612 data/PokeSpriteCleaned/0084doduo/doduo.png
201,0084doduo,poke_capture_0084_000_fd_n_00000000_f_r.png,0084doduo,doduo_shiny.png,/content/drive/MyDrive/612 data/ProjectPokemonCleaned/0084doduo/poke_capture_0084_000_fd_n_00000000_f_r.png,/content/drive/MyDrive/612 data/PokeSpriteCleaned/0084doduo/doduo_shiny.png
202,0085dodrio,poke_capture_0085_000_fd_n_00000000_f_n.png,0085dodrio,dodrio.png,/content/drive/MyDrive/612 data/ProjectPokemonCleaned/0085dodrio/poke_capture_0085_000_fd_n_00000000_f_n.png,/content/drive/MyDrive/612 data/PokeSpriteCleaned/0085dodrio/dodrio.png
203,0085dodrio,poke_capture_0085_000_fd_n_00000000_f_r.png,0085dodrio,dodrio_shiny.png,/content/drive/MyDrive/612 data/ProjectPokemonCleaned/0085dodrio/poke_capture_0085_000_fd_n_00000000_f_r.png,/content/drive/MyDrive/612 data/PokeSpriteCleaned/0085dodrio/dodrio_shiny.png
204,0086seel,poke_capture_0086_000_mf_n_00000000_f_n.png,0086seel,seel.png,/content/drive/MyDrive/612 data/ProjectPokemonCleaned/0086seel/poke_capture_0086_000_mf_n_00000000_f_n.png,/content/drive/MyDrive/612 data/PokeSpriteCleaned/0086seel/seel.png
205,0086seel,poke_capture_0086_000_mf_n_00000000_f_r.png,0086seel,seel_shiny.png,/content/drive/MyDrive/612 data/ProjectPokemonCleaned/0086seel/poke_capture_0086_000_mf_n_00000000_f_r.png,/content/drive/MyDrive/612 data/PokeSpriteCleaned/0086seel/seel_shiny.png
206,0087dewgong,poke_capture_0087_000_mf_n_00000000_f_n.png,0087dewgong,dewgong.png,/content/drive/MyDrive/612 data/ProjectPokemonCleaned/0087dewgong/poke_capture_0087_000_mf_n_00000000_f_n.png,/content/drive/MyDrive/612 data/PokeSpriteCleaned/0087dewgong/dewgong.png
207,0087dewgong,poke_capture_0087_000_mf_n_00000000_f_r.png,0087dewgong,dewgong_shiny.png,/content/drive/MyDrive/612 data/ProjectPokemonCleaned/0087dewgong/poke_capture_0087_000_mf_n_00000000_f_r.png,/content/drive/MyDrive/612 data/PokeSpriteCleaned/0087dewgong/dewgong_shiny.png
208,0088grimer,poke_capture_0088_000_mf_n_00000000_f_n.png,0088grimer,grimer.png,/content/drive/MyDrive/612 data/ProjectPokemonCleaned/0088grimer/poke_capture_0088_000_mf_n_00000000_f_n.png,/content/drive/MyDrive/612 data/PokeSpriteCleaned/0088grimer/grimer.png
209,0088grimer,poke_capture_0088_000_mf_n_00000000_f_r.png,0088grimer,grimer_shiny.png,/content/drive/MyDrive/612 data/ProjectPokemonCleaned/0088grimer/poke_capture_0088_000_mf_n_00000000_f_r.png,/content/drive/MyDrive/612 data/PokeSpriteCleaned/0088grimer/grimer_shiny.png
210,0088grimer,poke_capture_0088_001_mf_n_00000000_f_n.png,0088grimer,grimer alola.png,/content/drive/MyDrive/612 data/ProjectPokemonCleaned/0088grimer/poke_capture_0088_001_mf_n_00000000_f_n.png,/content/drive/MyDrive/612 data/PokeSpriteCleaned/0088grimer/grimer alola.png
211,0088grimer,poke_capture_0088_001_mf_n_00000000_f_r.png,0088grimer,grimer alola_shiny.png,/content/drive/MyDrive/612 data/ProjectPokemonCleaned/0088grimer/poke_capture_0088_001_mf_n_00000000_f_r.png,/content/drive/MyDrive/612 data/PokeSpriteCleaned/0088grimer/grimer alola_shiny.png
212,0089muk,poke_capture_0089_001_mf_n_00000000_f_n.png,0089muk,muk alola.png,/content/drive/MyDrive/612 data/ProjectPokemonCleaned/0089muk/poke_capture_0089_001_mf_n_00000000_f_n.png,/content/drive/MyDrive/612 data/PokeSpriteCleaned/0089muk/muk alola.png
213,0089muk,poke_capture_0089_001_mf_n_00000000_f_r.png,0089muk,muk alola_shiny.png,/content/drive/MyDrive/612 data/ProjectPokemonCleaned/0089muk/poke_capture_0089_001_mf_n_00000000_f_r.png,/content/drive/MyDrive/612 data/PokeSpriteCleaned/0089muk/muk alola_shiny.png
214,0090shellder,poke_capture_0090_000_mf_n_00000000_f_n.png,0090shellder,shellder.png,/content/drive/MyDrive/612 data/ProjectPokemonCleaned/0090shellder/poke_capture_0090_000_mf_n_00000000_f_n.png,/content/drive/MyDrive/612 data/PokeSpriteCleaned/0090shellder/shellder.png
215,0090shellder,poke_capture_0090_000_mf_n_00000000_f_r.png,0090shellder,shellder_shiny.png,/content/drive/MyDrive/612 data/ProjectPokemonCleaned/0090shellder/poke_capture_0090_000_mf_n_00000000_f_r.png,/content/drive/MyDrive/612 data/PokeSpriteCleaned/0090shellder/shellder_shiny.png
216,0091cloyster,poke_capture_0091_000_mf_n_00000000_f_n.png,0091cloyster,cloyster.png,/content/drive/MyDrive/612 data/ProjectPokemonCleaned/0091cloyster/poke_capture_0091_000_mf_n_00000000_f_n.png,/content/drive/MyDrive/612 data/PokeSpriteCleaned/0091cloyster/cloyster.png
217,0091cloyster,poke_capture_0091_000_mf_n_00000000_f_r.png,0091cloyster,cloyster_shiny.png,/content/drive/MyDrive/612 data/ProjectPokemonCleaned/0091cloyster/poke_capture_0091_000_mf_n_00000000_f_r.png,/content/drive/MyDrive/612 data/PokeSpriteCleaned/0091cloyster/cloyster_shiny.png
218,0092gastly,poke_capture_0092_000_mf_n_00000000_f_n.png,0092gastly,gastly.png,/content/drive/MyDrive/612 data/ProjectPokemonCleaned/0092gastly/poke_capture_0092_000_mf_n_00000000_f_n.png,/content/drive/MyDrive/612 data/PokeSpriteCleaned/0092gastly/gastly.png
219,0092gastly,poke_capture_0092_000_mf_n_00000000_f_r.png,0092gastly,gastly_shiny.png,/content/drive/MyDrive/612 data/ProjectPokemonCleaned/0092gastly/poke_capture_0092_000_mf_n_00000000_f_r.png,/content/drive/MyDrive/612 data/PokeSpriteCleaned/0092gastly/gastly_shiny.png
220,0093haunter,poke_capture_0093_000_mf_n_00000000_f_n.png,0093haunter,haunter.png,/content/drive/MyDrive/612 data/ProjectPokemonCleaned/0093haunter/poke_capture_0093_000_mf_n_00000000_f_n.png,/content/drive/MyDrive/612 data/PokeSpriteCleaned/0093haunter/haunter.png
221,0093haunter,poke_capture_0093_000_mf_n_00000000_f_r.png,0093haunter,haunter_shiny.png,/content/drive/MyDrive/612 data/ProjectPokemonCleaned/0093haunter/poke_capture_0093_000_mf_n_00000000_f_r.png,/content/drive/MyDrive/612 data/PokeSpriteCleaned/0093haunter/haunter_shiny.png
222,0094gengar,poke_capture_0094_001_mf_n_00000000_f_n.png,0094gengar,gengar-mega.png,/content/drive/MyDrive/612 data/ProjectPokemonCleaned/0094gengar/poke_capture_0094_001_mf_n_00000000_f_n.png,/content/drive/MyDrive/612 data/PokeSpriteCleaned/0094gengar/gengar-mega.png
223,0094gengar,poke_capture_0094_001_mf_n_00000000_f_r.png,0094gengar,gengar-mega_shiny.png,/content/drive/MyDrive/612 data/ProjectPokemonCleaned/0094gengar/poke_capture_0094_001_mf_n_00000000_f_r.png,/content/drive/MyDrive/612 data/PokeSpriteCleaned/0094gengar/gengar-mega_shiny.png
224,0095onix,poke_capture_0095_000_mf_n_00000000_f_n.png,0095onix,onix.png,/content/drive/MyDrive/612 data/ProjectPokemonCleaned/0095onix/poke_capture_0095_000_mf_n_00000000_f_n.png,/content/drive/MyDrive/612 data/PokeSpriteCleaned/0095onix/onix.png
225,0095onix,poke_capture_0095_000_mf_n_00000000_f_r.png,0095onix,onix_shiny.png,/content/drive/MyDrive/612 data/ProjectPokemonCleaned/0095onix/poke_capture_0095_000_mf_n_00000000_f_r.png,/content/drive/MyDrive/612 data/PokeSpriteCleaned/0095onix/onix_shiny.png
226,0097hypno,poke_capture_0097_000_fd_n_00000000_f_n.png,0097hypno,hypno.png,/content/drive/MyDrive/612 data/ProjectPokemonCleaned/0097hypno/poke_capture_0097_000_fd_n_00000000_f_n.png,/content/drive/MyDrive/612 data/PokeSpriteCleaned/0097hypno/hypno.png
227,0097hypno,poke_capture_0097_000_md_n_00000000_f_r.png,0097hypno,hypno_shiny.png,/content/drive/MyDrive/612 data/ProjectPokemonCleaned/0097hypno/poke_capture_0097_000_md_n_00000000_f_r.png,/content/drive/MyDrive/612 data/PokeSpriteCleaned/0097hypno/hypno_shiny.png
228,0098krabby,poke_capture_0098_000_mf_n_00000000_f_n.png,0098krabby,krabby.png,/content/drive/MyDrive/612 data/ProjectPokemonCleaned/0098krabby/poke_capture_0098_000_mf_n_00000000_f_n.png,/content/drive/MyDrive/612 data/PokeSpriteCleaned/0098krabby/krabby.png
229,0098krabby,poke_capture_0098_000_mf_n_00000000_f_r.png,0098krabby,krabby_shiny.png,/content/drive/MyDrive/612 data/ProjectPokemonCleaned/0098krabby/poke_capture_0098_000_mf_n_00000000_f_r.png,/content/drive/MyDrive/612 data/PokeSpriteCleaned/0098krabby/krabby_shiny.png
230,0099kingler,poke_capture_0099_000_mf_g_00000000_f_n.png,0099kingler,kingler-gmax.png,/content/drive/MyDrive/612 data/ProjectPokemonCleaned/0099kingler/poke_capture_0099_000_mf_g_00000000_f_n.png,/content/drive/MyDrive/612 data/PokeSpriteCleaned/0099kingler/kingler-gmax.png
231,0099kingler,poke_capture_0099_000_mf_g_00000000_f_r.png,0099kingler,kingler-gmax_shiny.png,/content/drive/MyDrive/612 data/ProjectPokemonCleaned/0099kingler/poke_capture_0099_000_mf_g_00000000_f_r.png,/content/drive/MyDrive/612 data/PokeSpriteCleaned/0099kingler/kingler-gmax_shiny.png
232,0099kingler,poke_capture_0099_000_mf_n_00000000_f_n.png,0099kingler,kingler.png,/content/drive/MyDrive/612 data/ProjectPokemonCleaned/0099kingler/poke_capture_0099_000_mf_n_00000000_f_n.png,/content/drive/MyDrive/612 data/PokeSpriteCleaned/0099kingler/kingler.png
233,0099kingler,poke_capture_0099_000_mf_n_00000000_f_r.png,0099kingler,kingler_shiny.png,/content/drive/MyDrive/612 data/ProjectPokemonCleaned/0099kingler/poke_capture_0099_000_mf_n_00000000_f_r.png,/content/drive/MyDrive/612 data/PokeSpriteCleaned/0099kingler/kingler_shiny.png
234,0101electrode,poke_capture_0101_000_uk_n_00000000_f_n.png,0101electrode,electrode.png,/content/drive/MyDrive/612 data/ProjectPokemonCleaned/0101electrode/poke_capture_0101_000_uk_n_00000000_f_n.png,/content/drive/MyDrive/612 data/PokeSpriteCleaned/0101electrode/electrode.png
235,0101electrode,poke_capture_0101_000_uk_n_00000000_f_r.png,0101electrode,electrode_shiny.png,/content/drive/MyDrive/612 data/ProjectPokemonCleaned/0101electrode/poke_capture_0101_000_uk_n_00000000_f_r.png,/content/drive/MyDrive/612 data/PokeSpriteCleaned/0101electrode/electrode_shiny.png
236,0102exeggcute,poke_capture_0102_000_mf_n_00000000_f_n.png,0102exeggcute,exeggcute.png,/content/drive/MyDrive/612 data/ProjectPokemonCleaned/0102exeggcute/poke_capture_0102_000_mf_n_00000000_f_n.png,/content/drive/MyDrive/612 data/PokeSpriteCleaned/0102exeggcute/exeggcute.png
237,0102exeggcute,poke_capture_0102_000_mf_n_00000000_f_r.png,0102exeggcute,exeggcute_shiny.png,/content/drive/MyDrive/612 data/ProjectPokemonCleaned/0102exeggcute/poke_capture_0102_000_mf_n_00000000_f_r.png,/content/drive/MyDrive/612 data/PokeSpriteCleaned/0102exeggcute/exeggcute_shiny.png
238,0103exeggutor,poke_capture_0103_000_mf_n_00000000_f_n.png,0103exeggutor,exeggutor.png,/content/drive/MyDrive/612 data/ProjectPokemonCleaned/0103exeggutor/poke_capture_0103_000_mf_n_00000000_f_n.png,/content/drive/MyDrive/612 data/PokeSpriteCleaned/0103exeggutor/exeggutor.png
239,0103exeggutor,poke_capture_0103_000_mf_n_00000000_f_r.png,0103exeggutor,exeggutor_shiny.png,/content/drive/MyDrive/612 data/ProjectPokemonCleaned/0103exeggutor/poke_capture_0103_000_mf_n_00000000_f_r.png,/content/drive/MyDrive/612 data/PokeSpriteCleaned/0103exeggutor/exeggutor_shiny.png
240,0103exeggutor,poke_capture_0103_001_mf_n_00000000_f_n.png,0103exeggutor,exeggutor alola.png,/content/drive/MyDrive/612 data/ProjectPokemonCleaned/0103exeggutor/poke_capture_0103_001_mf_n_00000000_f_n.png,/content/drive/MyDrive/612 data/PokeSpriteCleaned/0103exeggutor/exeggutor alola.png
241,0103exeggutor,poke_capture_0103_001_mf_n_00000000_f_r.png,0103exeggutor,exeggutor alola_shiny.png,/content/drive/MyDrive/612 data/ProjectPokemonCleaned/0103exeggutor/poke_capture_0103_001_mf_n_00000000_f_r.png,/content/drive/MyDrive/612 data/PokeSpriteCleaned/0103exeggutor/exeggutor alola_shiny.png
242,0104cubone,poke_capture_0104_000_mf_n_00000000_f_n.png,0104cubone,cubone.png,/content/drive/MyDrive/612 data/ProjectPokemonCleaned/0104cubone/poke_capture_0104_000_mf_n_00000000_f_n.png,/content/drive/MyDrive/612 data/PokeSpriteCleaned/0104cubone/cubone.png
243,0104cubone,poke_capture_0104_000_mf_n_00000000_f_r.png,0104cubone,cubone_shiny.png,/content/drive/MyDrive/612 data/ProjectPokemonCleaned/0104cubone/poke_capture_0104_000_mf_n_00000000_f_r.png,/content/drive/MyDrive/612 data/PokeSpriteCleaned/0104cubone/cubone_shiny.png
244,0105marowak,poke_capture_0105_000_mf_n_00000000_f_n.png,0105marowak,marowak.png,/content/drive/MyDrive/612 data/ProjectPokemonCleaned/0105marowak/poke_capture_0105_000_mf_n_00000000_f_n.png,/content/drive/MyDrive/612 data/PokeSpriteCleaned/0105marowak/marowak.png
245,0105marowak,poke_capture_0105_000_mf_n_00000000_f_r.png,0105marowak,marowak_shiny.png,/content/drive/MyDrive/612 data/ProjectPokemonCleaned/0105marowak/poke_capture_0105_000_mf_n_00000000_f_r.png,/content/drive/MyDrive/612 data/PokeSpriteCleaned/0105marowak/marowak_shiny.png
246,0105marowak,poke_capture_0105_001_mf_n_00000000_f_n.png,0105marowak,marowak alola.png,/content/drive/MyDrive/612 data/ProjectPokemonCleaned/0105marowak/poke_capture_0105_001_mf_n_00000000_f_n.png,/content/drive/MyDrive/612 data/PokeSpriteCleaned/0105marowak/marowak alola.png
247,0105marowak,poke_capture_0105_001_mf_n_00000000_f_r.png,0105marowak,marowak alola_shiny.png,/content/drive/MyDrive/612 data/ProjectPokemonCleaned/0105marowak/poke_capture_0105_001_mf_n_00000000_f_r.png,/content/drive/MyDrive/612 data/PokeSpriteCleaned/0105marowak/marowak alola_shiny.png
248,0107hitmonchan,poke_capture_0107_000_mo_n_00000000_f_n.png,0107hitmonchan,hitmonchan.png,/content/drive/MyDrive/612 data/ProjectPokemonCleaned/0107hitmonchan/poke_capture_0107_000_mo_n_00000000_f_n.png,/content/drive/MyDrive/612 data/PokeSpriteCleaned/0107hitmonchan/hitmonchan.png
249,0107hitmonchan,poke_capture_0107_000_mo_n_00000000_f_r.png,0107hitmonchan,hitmonchan_shiny.png,/content/drive/MyDrive/612 data/ProjectPokemonCleaned/0107hitmonchan/poke_capture_0107_000_mo_n_00000000_f_r.png,/content/drive/MyDrive/612 data/PokeSpriteCleaned/0107hitmonchan/hitmonchan_shiny.png
250,0108lickitung,poke_capture_0108_000_mf_n_00000000_f_n.png,0108lickitung,lickitung.png,/content/drive/MyDrive/612 data/ProjectPokemonCleaned/0108lickitung/poke_capture_0108_000_mf_n_00000000_f_n.png,/content/drive/MyDrive/612 data/PokeSpriteCleaned/0108lickitung/lickitung.png
251,0108lickitung,poke_capture_0108_000_mf_n_00000000_f_r.png,0108lickitung,lickitung_shiny.png,/content/drive/MyDrive/612 data/ProjectPokemonCleaned/0108lickitung/poke_capture_0108_000_mf_n_00000000_f_r.png,/content/drive/MyDrive/612 data/PokeSpriteCleaned/0108lickitung/lickitung_shiny.png
252,0109koffing,poke_capture_0109_000_mf_n_00000000_f_n.png,0109koffing,koffing.png,/content/drive/MyDrive/612 data/ProjectPokemonCleaned/0109koffing/poke_capture_0109_000_mf_n_00000000_f_n.png,/content/drive/MyDrive/612 data/PokeSpriteCleaned/0109koffing/koffing.png
253,0109koffing,poke_capture_0109_000_mf_n_00000000_f_r.png,0109koffing,koffing_shiny.png,/content/drive/MyDrive/612 data/ProjectPokemonCleaned/0109koffing/poke_capture_0109_000_mf_n_00000000_f_r.png,/content/drive/MyDrive/612 data/PokeSpriteCleaned/0109koffing/koffing_shiny.png
254,0110weezing,poke_capture_0110_000_mf_n_00000000_f_n.png,0110weezing,weezing.png,/content/drive/MyDrive/612 data/ProjectPokemonCleaned/0110weezing/poke_capture_0110_000_mf_n_00000000_f_n.png,/content/drive/MyDrive/612 data/PokeSpriteCleaned/0110weezing/weezing.png
255,0110weezing,poke_capture_0110_000_mf_n_00000000_f_r.png,0110weezing,weezing_shiny.png,/content/drive/MyDrive/612 data/ProjectPokemonCleaned/0110weezing/poke_capture_0110_000_mf_n_00000000_f_r.png,/content/drive/MyDrive/612 data/PokeSpriteCleaned/0110weezing/weezing_shiny.png
256,0110weezing,poke_capture_0110_001_mf_n_00000000_f_n.png,0110weezing,weezing galar.png,/content/drive/MyDrive/612 data/ProjectPokemonCleaned/0110weezing/poke_capture_0110_001_mf_n_00000000_f_n.png,/content/drive/MyDrive/612 data/PokeSpriteCleaned/0110weezing/weezing galar.png
257,0110weezing,poke_capture_0110_001_mf_n_00000000_f_r.png,0110weezing,weezing galar_shiny.png,/content/drive/MyDrive/612 data/ProjectPokemonCleaned/0110weezing/poke_capture_0110_001_mf_n_00000000_f_r.png,/content/drive/MyDrive/612 data/PokeSpriteCleaned/0110weezing/weezing galar_shiny.png
258,0111rhyhorn,poke_capture_0111_000_fd_n_00000000_f_n.png,0111rhyhorn,rhyhorn.png,/content/drive/MyDrive/612 data/ProjectPokemonCleaned/0111rhyhorn/poke_capture_0111_000_fd_n_00000000_f_n.png,/content/drive/MyDrive/612 data/PokeSpriteCleaned/0111rhyhorn/rhyhorn.png
259,0111rhyhorn,poke_capture_0111_000_fd_n_00000000_f_r.png,0111rhyhorn,rhyhorn_shiny.png,/content/drive/MyDrive/612 data/ProjectPokemonCleaned/0111rhyhorn/poke_capture_0111_000_fd_n_00000000_f_r.png,/content/drive/MyDrive/612 data/PokeSpriteCleaned/0111rhyhorn/rhyhorn_shiny.png
260,0112rhydon,poke_capture_0112_000_fd_n_00000000_f_n.png,0112rhydon,rhydon.png,/content/drive/MyDrive/612 data/ProjectPokemonCleaned/0112rhydon/poke_capture_0112_000_fd_n_00000000_f_n.png,/content/drive/MyDrive/612 data/PokeSpriteCleaned/0112rhydon/rhydon.png
261,0112rhydon,poke_capture_0112_000_md_n_00000000_f_r.png,0112rhydon,rhydon_shiny.png,/content/drive/MyDrive/612 data/ProjectPokemonCleaned/0112rhydon/poke_capture_0112_000_md_n_00000000_f_r.png,/content/drive/MyDrive/612 data/PokeSpriteCleaned/0112rhydon/rhydon_shiny.png
262,0113chansey,poke_capture_0113_000_fo_n_00000000_f_n.png,0113chansey,chansey.png,/content/drive/MyDrive/612 data/ProjectPokemonCleaned/0113chansey/poke_capture_0113_000_fo_n_00000000_f_n.png,/content/drive/MyDrive/612 data/PokeSpriteCleaned/0113chansey/chansey.png
263,0113chansey,poke_capture_0113_000_fo_n_00000000_f_r.png,0113chansey,chansey_shiny.png,/content/drive/MyDrive/612 data/ProjectPokemonCleaned/0113chansey/poke_capture_0113_000_fo_n_00000000_f_r.png,/content/drive/MyDrive/612 data/PokeSpriteCleaned/0113chansey/chansey_shiny.png
264,0115kangaskhan,poke_capture_0115_000_fo_n_00000000_f_n.png,0115kangaskhan,kangaskhan.png,/content/drive/MyDrive/612 data/ProjectPokemonCleaned/0115kangaskhan/poke_capture_0115_000_fo_n_00000000_f_n.png,/content/drive/MyDrive/612 data/PokeSpriteCleaned/0115kangaskhan/kangaskhan.png
265,0115kangaskhan,poke_capture_0115_000_fo_n_00000000_f_r.png,0115kangaskhan,kangaskhan_shiny.png,/content/drive/MyDrive/612 data/ProjectPokemonCleaned/0115kangaskhan/poke_capture_0115_000_fo_n_00000000_f_r.png,/content/drive/MyDrive/612 data/PokeSpriteCleaned/0115kangaskhan/kangaskhan_shiny.png
266,0116horsea,poke_capture_0116_000_mf_n_00000000_f_n.png,0116horsea,horsea.png,/content/drive/MyDrive/612 data/ProjectPokemonCleaned/0116horsea/poke_capture_0116_000_mf_n_00000000_f_n.png,/content/drive/MyDrive/612 data/PokeSpriteCleaned/0116horsea/horsea.png
267,0116horsea,poke_capture_0116_000_mf_n_00000000_f_r.png,0116horsea,horsea_shiny.png,/content/drive/MyDrive/612 data/ProjectPokemonCleaned/0116horsea/poke_capture_0116_000_mf_n_00000000_f_r.png,/content/drive/MyDrive/612 data/PokeSpriteCleaned/0116horsea/horsea_shiny.png
268,0117seadra,poke_capture_0117_000_mf_n_00000000_f_n.png,0117seadra,seadra.png,/content/drive/MyDrive/612 data/ProjectPokemonCleaned/0117seadra/poke_capture_0117_000_mf_n_00000000_f_n.png,/content/drive/MyDrive/612 data/PokeSpriteCleaned/0117seadra/seadra.png
269,0117seadra,poke_capture_0117_000_mf_n_00000000_f_r.png,0117seadra,seadra_shiny.png,/content/drive/MyDrive/612 data/ProjectPokemonCleaned/0117seadra/poke_capture_0117_000_mf_n_00000000_f_r.png,/content/drive/MyDrive/612 data/PokeSpriteCleaned/0117seadra/seadra_shiny.png
270,0119seaking,poke_capture_0119_000_md_n_00000000_f_n.png,0119seaking,seaking.png,/content/drive/MyDrive/612 data/ProjectPokemonCleaned/0119seaking/poke_capture_0119_000_md_n_00000000_f_n.png,/content/drive/MyDrive/612 data/PokeSpriteCleaned/0119seaking/seaking.png
271,0119seaking,poke_capture_0119_000_md_n_00000000_f_r.png,0119seaking,seaking_shiny.png,/content/drive/MyDrive/612 data/ProjectPokemonCleaned/0119seaking/poke_capture_0119_000_md_n_00000000_f_r.png,/content/drive/MyDrive/612 data/PokeSpriteCleaned/0119seaking/seaking_shiny.png
272,0120staryu,poke_capture_0120_000_uk_n_00000000_f_n.png,0120staryu,staryu.png,/content/drive/MyDrive/612 data/ProjectPokemonCleaned/0120staryu/poke_capture_0120_000_uk_n_00000000_f_n.png,/content/drive/MyDrive/612 data/PokeSpriteCleaned/0120staryu/staryu.png
273,0120staryu,poke_capture_0120_000_uk_n_00000000_f_r.png,0120staryu,staryu_shiny.png,/content/drive/MyDrive/612 data/ProjectPokemonCleaned/0120staryu/poke_capture_0120_000_uk_n_00000000_f_r.png,/content/drive/MyDrive/612 data/PokeSpriteCleaned/0120staryu/staryu_shiny.png
274,0121starmie,poke_capture_0121_000_uk_n_00000000_f_n.png,0121starmie,starmie.png,/content/drive/MyDrive/612 data/ProjectPokemonCleaned/0121starmie/poke_capture_0121_000_uk_n_00000000_f_n.png,/content/drive/MyDrive/612 data/PokeSpriteCleaned/0121starmie/starmie.png
275,0121starmie,poke_capture_0121_000_uk_n_00000000_f_r.png,0121starmie,starmie_shiny.png,/content/drive/MyDrive/612 data/ProjectPokemonCleaned/0121starmie/poke_capture_0121_000_uk_n_00000000_f_r.png,/content/drive/MyDrive/612 data/PokeSpriteCleaned/0121starmie/starmie_shiny.png
276,0122mr. mime,poke_capture_0122_000_mf_n_00000000_f_n.png,0122mr. mime,mr. mime.png,/content/drive/MyDrive/612 data/ProjectPokemonCleaned/0122mr. mime/poke_capture_0122_000_mf_n_00000000_f_n.png,/content/drive/MyDrive/612 data/PokeSpriteCleaned/0122mr. mime/mr. mime.png
277,0122mr. mime,poke_capture_0122_000_mf_n_00000000_f_r.png,0122mr. mime,mr. mime_shiny.png,/content/drive/MyDrive/612 data/ProjectPokemonCleaned/0122mr. mime/poke_capture_0122_000_mf_n_00000000_f_r.png,/content/drive/MyDrive/612 data/PokeSpriteCleaned/0122mr. mime/mr. mime_shiny.png
278,0122mr. mime,poke_capture_0122_001_mf_n_00000000_f_n.png,0122mr. mime,mr. mime_galar.png,/content/drive/MyDrive/612 data/ProjectPokemonCleaned/0122mr. mime/poke_capture_0122_001_mf_n_00000000_f_n.png,/content/drive/MyDrive/612 data/PokeSpriteCleaned/0122mr. mime/mr. mime_galar.png
279,0122mr. mime,poke_capture_0122_001_mf_n_00000000_f_r.png,0122mr. mime,mr. mime_galar_shiny.png,/content/drive/MyDrive/612 data/ProjectPokemonCleaned/0122mr. mime/poke_capture_0122_001_mf_n_00000000_f_r.png,/content/drive/MyDrive/612 data/PokeSpriteCleaned/0122mr. mime/mr. mime_galar_shiny.png
280,0123scyther,poke_capture_0123_000_fd_n_00000000_f_n.png,0123scyther,scyther.png,/content/drive/MyDrive/612 data/ProjectPokemonCleaned/0123scyther/poke_capture_0123_000_fd_n_00000000_f_n.png,/content/drive/MyDrive/612 data/PokeSpriteCleaned/0123scyther/scyther.png
281,0123scyther,poke_capture_0123_000_fd_n_00000000_f_r.png,0123scyther,scyther_shiny.png,/content/drive/MyDrive/612 data/ProjectPokemonCleaned/0123scyther/poke_capture_0123_000_fd_n_00000000_f_r.png,/content/drive/MyDrive/612 data/PokeSpriteCleaned/0123scyther/scyther_shiny.png
282,0123scyther,poke_capture_0123_000_md_n_00000000_f_n.png,0123scyther,scyther.png,/content/drive/MyDrive/612 data/ProjectPokemonCleaned/0123scyther/poke_capture_0123_000_md_n_00000000_f_n.png,/content/drive/MyDrive/612 data/PokeSpriteCleaned/0123scyther/scyther.png
283,0123scyther,poke_capture_0123_000_md_n_00000000_f_r.png,0123scyther,scyther_shiny.png,/content/drive/MyDrive/612 data/ProjectPokemonCleaned/0123scyther/poke_capture_0123_000_md_n_00000000_f_r.png,/content/drive/MyDrive/612 data/PokeSpriteCleaned/0123scyther/scyther_shiny.png
284,0124jynx,poke_capture_0124_000_fo_n_00000000_f_n.png,0124jynx,jynx.png,/content/drive/MyDrive/612 data/ProjectPokemonCleaned/0124jynx/poke_capture_0124_000_fo_n_00000000_f_n.png,/content/drive/MyDrive/612 data/PokeSpriteCleaned/0124jynx/jynx.png
285,0124jynx,poke_capture_0124_000_fo_n_00000000_f_r.png,0124jynx,jynx_shiny.png,/content/drive/MyDrive/612 data/ProjectPokemonCleaned/0124jynx/poke_capture_0124_000_fo_n_00000000_f_r.png,/content/drive/MyDrive/612 data/PokeSpriteCleaned/0124jynx/jynx_shiny.png
286,0125electabuzz,poke_capture_0125_000_mf_n_00000000_f_n.png,0125electabuzz,electabuzz.png,/content/drive/MyDrive/612 data/ProjectPokemonCleaned/0125electabuzz/poke_capture_0125_000_mf_n_00000000_f_n.png,/content/drive/MyDrive/612 data/PokeSpriteCleaned/0125electabuzz/electabuzz.png
287,0125electabuzz,poke_capture_0125_000_mf_n_00000000_f_r.png,0125electabuzz,electabuzz_shiny.png,/content/drive/MyDrive/612 data/ProjectPokemonCleaned/0125electabuzz/poke_capture_0125_000_mf_n_00000000_f_r.png,/content/drive/MyDrive/612 data/PokeSpriteCleaned/0125electabuzz/electabuzz_shiny.png
288,0126magmar,poke_capture_0126_000_mf_n_00000000_f_n.png,0126magmar,magmar.png,/content/drive/MyDrive/612 data/ProjectPokemonCleaned/0126magmar/poke_capture_0126_000_mf_n_00000000_f_n.png,/content/drive/MyDrive/612 data/PokeSpriteCleaned/0126magmar/magmar.png
289,0126magmar,poke_capture_0126_000_mf_n_00000000_f_r.png,0126magmar,magmar_shiny.png,/content/drive/MyDrive/612 data/ProjectPokemonCleaned/0126magmar/poke_capture_0126_000_mf_n_00000000_f_r.png,/content/drive/MyDrive/612 data/PokeSpriteCleaned/0126magmar/magmar_shiny.png
290,0127pinsir,poke_capture_0127_000_mf_n_00000000_f_n.png,0127pinsir,pinsir.png,/content/drive/MyDrive/612 data/ProjectPokemonCleaned/0127pinsir/poke_capture_0127_000_mf_n_00000000_f_n.png,/content/drive/MyDrive/612 data/PokeSpriteCleaned/0127pinsir/pinsir.png
291,0127pinsir,poke_capture_0127_000_mf_n_00000000_f_r.png,0127pinsir,pinsir_shiny.png,/content/drive/MyDrive/612 data/ProjectPokemonCleaned/0127pinsir/poke_capture_0127_000_mf_n_00000000_f_r.png,/content/drive/MyDrive/612 data/PokeSpriteCleaned/0127pinsir/pinsir_shiny.png
292,0127pinsir,poke_capture_0127_001_mf_n_00000000_f_n.png,0127pinsir,pinsir-mega.png,/content/drive/MyDrive/612 data/ProjectPokemonCleaned/0127pinsir/poke_capture_0127_001_mf_n_00000000_f_n.png,/content/drive/MyDrive/612 data/PokeSpriteCleaned/0127pinsir/pinsir-mega.png
293,0127pinsir,poke_capture_0127_001_mf_n_00000000_f_r.png,0127pinsir,pinsir-mega_shiny.png,/content/drive/MyDrive/612 data/ProjectPokemonCleaned/0127pinsir/poke_capture_0127_001_mf_n_00000000_f_r.png,/content/drive/MyDrive/612 data/PokeSpriteCleaned/0127pinsir/pinsir-mega_shiny.png
294,0128tauros,poke_capture_0128_000_mo_n_00000000_f_n.png,0128tauros,tauros.png,/content/drive/MyDrive/612 data/ProjectPokemonCleaned/0128tauros/poke_capture_0128_000_mo_n_00000000_f_n.png,/content/drive/MyDrive/612 data/PokeSpriteCleaned/0128tauros/tauros.png
295,0128tauros,poke_capture_0128_000_mo_n_00000000_f_r.png,0128tauros,tauros_shiny.png,/content/drive/MyDrive/612 data/ProjectPokemonCleaned/0128tauros/poke_capture_0128_000_mo_n_00000000_f_r.png,/content/drive/MyDrive/612 data/PokeSpriteCleaned/0128tauros/tauros_shiny.png
296,0129magikarp,poke_capture_0129_000_md_n_00000000_f_n.png,0129magikarp,magikarp.png,/content/drive/MyDrive/612 data/ProjectPokemonCleaned/0129magikarp/poke_capture_0129_000_md_n_00000000_f_n.png,/content/drive/MyDrive/612 data/PokeSpriteCleaned/0129magikarp/magikarp.png
297,0129magikarp,poke_capture_0129_000_md_n_00000000_f_r.png,0129magikarp,magikarp_shiny.png,/content/drive/MyDrive/612 data/ProjectPokemonCleaned/0129magikarp/poke_capture_0129_000_md_n_00000000_f_r.png,/content/drive/MyDrive/612 data/PokeSpriteCleaned/0129magikarp/magikarp_shiny.png
298,0130gyarados,poke_capture_0130_000_md_n_00000000_f_n.png,0130gyarados,gyarados.png,/content/drive/MyDrive/612 data/ProjectPokemonCleaned/0130gyarados/poke_capture_0130_000_md_n_00000000_f_n.png,/content/drive/MyDrive/612 data/PokeSpriteCleaned/0130gyarados/gyarados.png
299,0130gyarados,poke_capture_0130_000_md_n_00000000_f_r.png,0130gyarados,gyarados_shiny.png,/content/drive/MyDrive/612 data/ProjectPokemonCleaned/0130gyarados/poke_capture_0130_000_md_n_00000000_f_r.png,/content/drive/MyDrive/612 data/PokeSpriteCleaned/0130gyarados/gyarados_shiny.png
300,0130gyarados,poke_capture_0130_001_mf_n_00000000_f_n.png,0130gyarados,gyarados-mega.png,/content/drive/MyDrive/612 data/ProjectPokemonCleaned/0130gyarados/poke_capture_0130_001_mf_n_00000000_f_n.png,/content/drive/MyDrive/612 data/PokeSpriteCleaned/0130gyarados/gyarados-mega.png
301,0130gyarados,poke_capture_0130_001_mf_n_00000000_f_r.png,0130gyarados,gyarados-mega_shiny.png,/content/drive/MyDrive/612 data/ProjectPokemonCleaned/0130gyarados/poke_capture_0130_001_mf_n_00000000_f_r.png,/content/drive/MyDrive/612 data/PokeSpriteCleaned/0130gyarados/gyarados-mega_shiny.png
302,0131lapras,poke_capture_0131_000_mf_g_00000000_f_n.png,0131lapras,lapras-gmax.png,/content/drive/MyDrive/612 data/ProjectPokemonCleaned/0131lapras/poke_capture_0131_000_mf_g_00000000_f_n.png,/content/drive/MyDrive/612 data/PokeSpriteCleaned/0131lapras/lapras-gmax.png
303,0131lapras,poke_capture_0131_000_mf_g_00000000_f_r.png,0131lapras,lapras-gmax_shiny.png,/content/drive/MyDrive/612 data/ProjectPokemonCleaned/0131lapras/poke_capture_0131_000_mf_g_00000000_f_r.png,/content/drive/MyDrive/612 data/PokeSpriteCleaned/0131lapras/lapras-gmax_shiny.png
304,0131lapras,poke_capture_0131_000_mf_n_00000000_f_n.png,0131lapras,lapras.png,/content/drive/MyDrive/612 data/ProjectPokemonCleaned/0131lapras/poke_capture_0131_000_mf_n_00000000_f_n.png,/content/drive/MyDrive/612 data/PokeSpriteCleaned/0131lapras/lapras.png
305,0131lapras,poke_capture_0131_000_mf_n_00000000_f_r.png,0131lapras,lapras_shiny.png,/content/drive/MyDrive/612 data/ProjectPokemonCleaned/0131lapras/poke_capture_0131_000_mf_n_00000000_f_r.png,/content/drive/MyDrive/612 data/PokeSpriteCleaned/0131lapras/lapras_shiny.png
306,0132ditto,poke_capture_0132_000_uk_n_00000000_f_n.png,0132ditto,ditto.png,/content/drive/MyDrive/612 data/ProjectPokemonCleaned/0132ditto/poke_capture_0132_000_uk_n_00000000_f_n.png,/content/drive/MyDrive/612 data/PokeSpriteCleaned/0132ditto/ditto.png
307,0132ditto,poke_capture_0132_000_uk_n_00000000_f_r.png,0132ditto,ditto_shiny.png,/content/drive/MyDrive/612 data/ProjectPokemonCleaned/0132ditto/poke_capture_0132_000_uk_n_00000000_f_r.png,/content/drive/MyDrive/612 data/PokeSpriteCleaned/0132ditto/ditto_shiny.png
308,0133eevee,poke_capture_0133_000_fd_n_00000000_f_n.png,0133eevee,eevee.png,/content/drive/MyDrive/612 data/ProjectPokemonCleaned/0133eevee/poke_capture_0133_000_fd_n_00000000_f_n.png,/content/drive/MyDrive/612 data/PokeSpriteCleaned/0133eevee/eevee.png
309,0133eevee,poke_capture_0133_000_md_n_00000000_f_r.png,0133eevee,eevee_shiny.png,/content/drive/MyDrive/612 data/ProjectPokemonCleaned/0133eevee/poke_capture_0133_000_md_n_00000000_f_r.png,/content/drive/MyDrive/612 data/PokeSpriteCleaned/0133eevee/eevee_shiny.png
310,0135jolteon,poke_capture_0135_000_mf_n_00000000_f_n.png,0135jolteon,jolteon.png,/content/drive/MyDrive/612 data/ProjectPokemonCleaned/0135jolteon/poke_capture_0135_000_mf_n_00000000_f_n.png,/content/drive/MyDrive/612 data/PokeSpriteCleaned/0135jolteon/jolteon.png
311,0135jolteon,poke_capture_0135_000_mf_n_00000000_f_r.png,0135jolteon,jolteon_shiny.png,/content/drive/MyDrive/612 data/ProjectPokemonCleaned/0135jolteon/poke_capture_0135_000_mf_n_00000000_f_r.png,/content/drive/MyDrive/612 data/PokeSpriteCleaned/0135jolteon/jolteon_shiny.png
312,0136flareon,poke_capture_0136_000_mf_n_00000000_f_n.png,0136flareon,flareon.png,/content/drive/MyDrive/612 data/ProjectPokemonCleaned/0136flareon/poke_capture_0136_000_mf_n_00000000_f_n.png,/content/drive/MyDrive/612 data/PokeSpriteCleaned/0136flareon/flareon.png
313,0136flareon,poke_capture_0136_000_mf_n_00000000_f_r.png,0136flareon,flareon_shiny.png,/content/drive/MyDrive/612 data/ProjectPokemonCleaned/0136flareon/poke_capture_0136_000_mf_n_00000000_f_r.png,/content/drive/MyDrive/612 data/PokeSpriteCleaned/0136flareon/flareon_shiny.png
314,0137porygon,poke_capture_0137_000_uk_n_00000000_f_n.png,0137porygon,porygon.png,/content/drive/MyDrive/612 data/ProjectPokemonCleaned/0137porygon/poke_capture_0137_000_uk_n_00000000_f_n.png,/content/drive/MyDrive/612 data/PokeSpriteCleaned/0137porygon/porygon.png
315,0137porygon,poke_capture_0137_000_uk_n_00000000_f_r.png,0137porygon,porygon_shiny.png,/content/drive/MyDrive/612 data/ProjectPokemonCleaned/0137porygon/poke_capture_0137_000_uk_n_00000000_f_r.png,/content/drive/MyDrive/612 data/PokeSpriteCleaned/0137porygon/porygon_shiny.png
316,0138omanyte,poke_capture_0138_000_mf_n_00000000_f_n.png,0138omanyte,omanyte.png,/content/drive/MyDrive/612 data/ProjectPokemonCleaned/0138omanyte/poke_capture_0138_000_mf_n_00000000_f_n.png,/content/drive/MyDrive/612 data/PokeSpriteCleaned/0138omanyte/omanyte.png
317,0138omanyte,poke_capture_0138_000_mf_n_00000000_f_r.png,0138omanyte,omanyte_shiny.png,/content/drive/MyDrive/612 data/ProjectPokemonCleaned/0138omanyte/poke_capture_0138_000_mf_n_00000000_f_r.png,/content/drive/MyDrive/612 data/PokeSpriteCleaned/0138omanyte/omanyte_shiny.png
318,0139omastar,poke_capture_0139_000_mf_n_00000000_f_n.png,0139omastar,omastar.png,/content/drive/MyDrive/612 data/ProjectPokemonCleaned/0139omastar/poke_capture_0139_000_mf_n_00000000_f_n.png,/content/drive/MyDrive/612 data/PokeSpriteCleaned/0139omastar/omastar.png
319,0139omastar,poke_capture_0139_000_mf_n_00000000_f_r.png,0139omastar,omastar_shiny.png,/content/drive/MyDrive/612 data/ProjectPokemonCleaned/0139omastar/poke_capture_0139_000_mf_n_00000000_f_r.png,/content/drive/MyDrive/612 data/PokeSpriteCleaned/0139omastar/omastar_shiny.png
320,0140kabuto,poke_capture_0140_000_mf_n_00000000_f_n.png,0140kabuto,kabuto.png,/content/drive/MyDrive/612 data/ProjectPokemonCleaned/0140kabuto/poke_capture_0140_000_mf_n_00000000_f_n.png,/content/drive/MyDrive/612 data/PokeSpriteCleaned/0140kabuto/kabuto.png
321,0140kabuto,poke_capture_0140_000_mf_n_00000000_f_r.png,0140kabuto,kabuto_shiny.png,/content/drive/MyDrive/612 data/ProjectPokemonCleaned/0140kabuto/poke_capture_0140_000_mf_n_00000000_f_r.png,/content/drive/MyDrive/612 data/PokeSpriteCleaned/0140kabuto/kabuto_shiny.png
322,0141kabutops,poke_capture_0141_000_mf_n_00000000_f_n.png,0141kabutops,kabutops.png,/content/drive/MyDrive/612 data/ProjectPokemonCleaned/0141kabutops/poke_capture_0141_000_mf_n_00000000_f_n.png,/content/drive/MyDrive/612 data/PokeSpriteCleaned/0141kabutops/kabutops.png
323,0141kabutops,poke_capture_0141_000_mf_n_00000000_f_r.png,0141kabutops,kabutops_shiny.png,/content/drive/MyDrive/612 data/ProjectPokemonCleaned/0141kabutops/poke_capture_0141_000_mf_n_00000000_f_r.png,/content/drive/MyDrive/612 data/PokeSpriteCleaned/0141kabutops/kabutops_shiny.png
324,0142aerodactyl,poke_capture_0142_000_mf_n_00000000_f_n.png,0142aerodactyl,aerodactyl.png,/content/drive/MyDrive/612 data/ProjectPokemonCleaned/0142aerodactyl/poke_capture_0142_000_mf_n_00000000_f_n.png,/content/drive/MyDrive/612 data/PokeSpriteCleaned/0142aerodactyl/aerodactyl.png
325,0142aerodactyl,poke_capture_0142_000_mf_n_00000000_f_r.png,0142aerodactyl,aerodactyl_shiny.png,/content/drive/MyDrive/612 data/ProjectPokemonCleaned/0142aerodactyl/poke_capture_0142_000_mf_n_00000000_f_r.png,/content/drive/MyDrive/612 data/PokeSpriteCleaned/0142aerodactyl/aerodactyl_shiny.png
326,0142aerodactyl,poke_capture_0142_001_mf_n_00000000_f_n.png,0142aerodactyl,aerodactyl-mega.png,/content/drive/MyDrive/612 data/ProjectPokemonCleaned/0142aerodactyl/poke_capture_0142_001_mf_n_00000000_f_n.png,/content/drive/MyDrive/612 data/PokeSpriteCleaned/0142aerodactyl/aerodactyl-mega.png
327,0142aerodactyl,poke_capture_0142_001_mf_n_00000000_f_r.png,0142aerodactyl,aerodactyl-mega_shiny.png,/content/drive/MyDrive/612 data/ProjectPokemonCleaned/0142aerodactyl/poke_capture_0142_001_mf_n_00000000_f_r.png,/content/drive/MyDrive/612 data/PokeSpriteCleaned/0142aerodactyl/aerodactyl-mega_shiny.png
328,0143snorlax,poke_capture_0143_000_mf_g_00000000_f_n.png,0143snorlax,snorlax-gmax.png,/content/drive/MyDrive/612 data/ProjectPokemonCleaned/0143snorlax/poke_capture_0143_000_mf_g_00000000_f_n.png,/content/drive/MyDrive/612 data/PokeSpriteCleaned/0143snorlax/snorlax-gmax.png
329,0143snorlax,poke_capture_0143_000_mf_g_00000000_f_r.png,0143snorlax,snorlax-gmax_shiny.png,/content/drive/MyDrive/612 data/ProjectPokemonCleaned/0143snorlax/poke_capture_0143_000_mf_g_00000000_f_r.png,/content/drive/MyDrive/612 data/PokeSpriteCleaned/0143snorlax/snorlax-gmax_shiny.png
330,0143snorlax,poke_capture_0143_000_mf_n_00000000_f_n.png,0143snorlax,snorlax.png,/content/drive/MyDrive/612 data/ProjectPokemonCleaned/0143snorlax/poke_capture_0143_000_mf_n_00000000_f_n.png,/content/drive/MyDrive/612 data/PokeSpriteCleaned/0143snorlax/snorlax.png
331,0143snorlax,poke_capture_0143_000_mf_n_00000000_f_r.png,0143snorlax,snorlax_shiny.png,/content/drive/MyDrive/612 data/ProjectPokemonCleaned/0143snorlax/poke_capture_0143_000_mf_n_00000000_f_r.png,/content/drive/MyDrive/612 data/PokeSpriteCleaned/0143snorlax/snorlax_shiny.png
332,0144articuno,poke_capture_0144_000_uk_n_00000000_f_n.png,0144articuno,articuno.png,/content/drive/MyDrive/612 data/ProjectPokemonCleaned/0144articuno/poke_capture_0144_000_uk_n_00000000_f_n.png,/content/drive/MyDrive/612 data/PokeSpriteCleaned/0144articuno/articuno.png
333,0144articuno,poke_capture_0144_000_uk_n_00000000_f_r.png,0144articuno,articuno_shiny.png,/content/drive/MyDrive/612 data/ProjectPokemonCleaned/0144articuno/poke_capture_0144_000_uk_n_00000000_f_r.png,/content/drive/MyDrive/612 data/PokeSpriteCleaned/0144articuno/articuno_shiny.png
334,0144articuno,poke_capture_0144_001_uk_n_00000000_f_n.png,0144articuno,articuno galar.png,/content/drive/MyDrive/612 data/ProjectPokemonCleaned/0144articuno/poke_capture_0144_001_uk_n_00000000_f_n.png,/content/drive/MyDrive/612 data/PokeSpriteCleaned/0144articuno/articuno galar.png
335,0144articuno,poke_capture_0144_001_uk_n_00000000_f_r.png,0144articuno,articuno galar_shiny.png,/content/drive/MyDrive/612 data/ProjectPokemonCleaned/0144articuno/poke_capture_0144_001_uk_n_00000000_f_r.png,/content/drive/MyDrive/612 data/PokeSpriteCleaned/0144articuno/articuno galar_shiny.png
336,0145zapdos,poke_capture_0145_000_uk_n_00000000_f_n.png,0145zapdos,zapdos.png,/content/drive/MyDrive/612 data/ProjectPokemonCleaned/0145zapdos/poke_capture_0145_000_uk_n_00000000_f_n.png,/content/drive/MyDrive/612 data/PokeSpriteCleaned/0145zapdos/zapdos.png
337,0145zapdos,poke_capture_0145_000_uk_n_00000000_f_r.png,0145zapdos,zapdos_shiny.png,/content/drive/MyDrive/612 data/ProjectPokemonCleaned/0145zapdos/poke_capture_0145_000_uk_n_00000000_f_r.png,/content/drive/MyDrive/612 data/PokeSpriteCleaned/0145zapdos/zapdos_shiny.png
338,0146moltres,poke_capture_0146_001_uk_n_00000000_f_n.png,0146moltres,moltres galar.png,/content/drive/MyDrive/612 data/ProjectPokemonCleaned/0146moltres/poke_capture_0146_001_uk_n_00000000_f_n.png,/content/drive/MyDrive/612 data/PokeSpriteCleaned/0146moltres/moltres galar.png
339,0146moltres,poke_capture_0146_001_uk_n_00000000_f_r.png,0146moltres,moltres galar_shiny.png,/content/drive/MyDrive/612 data/ProjectPokemonCleaned/0146moltres/poke_capture_0146_001_uk_n_00000000_f_r.png,/content/drive/MyDrive/612 data/PokeSpriteCleaned/0146moltres/moltres galar_shiny.png
340,0148dragonair,poke_capture_0148_000_mf_n_00000000_f_n.png,0148dragonair,dragonair.png,/content/drive/MyDrive/612 data/ProjectPokemonCleaned/0148dragonair/poke_capture_0148_000_mf_n_00000000_f_n.png,/content/drive/MyDrive/612 data/PokeSpriteCleaned/0148dragonair/dragonair.png
341,0148dragonair,poke_capture_0148_000_mf_n_00000000_f_r.png,0148dragonair,dragonair_shiny.png,/content/drive/MyDrive/612 data/ProjectPokemonCleaned/0148dragonair/poke_capture_0148_000_mf_n_00000000_f_r.png,/content/drive/MyDrive/612 data/PokeSpriteCleaned/0148dragonair/dragonair_shiny.png
342,0149dragonite,poke_capture_0149_000_mf_n_00000000_f_n.png,0149dragonite,dragonite.png,/content/drive/MyDrive/612 data/ProjectPokemonCleaned/0149dragonite/poke_capture_0149_000_mf_n_00000000_f_n.png,/content/drive/MyDrive/612 data/PokeSpriteCleaned/0149dragonite/dragonite.png
343,0149dragonite,poke_capture_0149_000_mf_n_00000000_f_r.png,0149dragonite,dragonite_shiny.png,/content/drive/MyDrive/612 data/ProjectPokemonCleaned/0149dragonite/poke_capture_0149_000_mf_n_00000000_f_r.png,/content/drive/MyDrive/612 data/PokeSpriteCleaned/0149dragonite/dragonite_shiny.png
344,0150mewtwo,poke_capture_0150_002_uk_n_00000000_f_n.png,0150mewtwo,mewtwo-mega-y.png,/content/drive/MyDrive/612 data/ProjectPokemonCleaned/0150mewtwo/poke_capture_0150_002_uk_n_00000000_f_n.png,/content/drive/MyDrive/612 data/PokeSpriteCleaned/0150mewtwo/mewtwo-mega-y.png
345,0150mewtwo,poke_capture_0150_002_uk_n_00000000_f_r.png,0150mewtwo,mewtwo-mega-y_shiny.png,/content/drive/MyDrive/612 data/ProjectPokemonCleaned/0150mewtwo/poke_capture_0150_002_uk_n_00000000_f_r.png,/content/drive/MyDrive/612 data/PokeSpriteCleaned/0150mewtwo/mewtwo-mega-y_shiny.png
346,0151mew,poke_capture_0151_000_uk_n_00000000_f_n.png,0151mew,mew.png,/content/drive/MyDrive/612 data/ProjectPokemonCleaned/0151mew/poke_capture_0151_000_uk_n_00000000_f_n.png,/content/drive/MyDrive/612 data/PokeSpriteCleaned/0151mew/mew.png
347,0151mew,poke_capture_0151_000_uk_n_00000000_f_r.png,0151mew,mew_shiny.png,/content/drive/MyDrive/612 data/ProjectPokemonCleaned/0151mew/poke_capture_0151_000_uk_n_00000000_f_r.png,/content/drive/MyDrive/612 data/PokeSpriteCleaned/0151mew/mew_shiny.png
348,0152chikorita,poke_capture_0152_000_mf_n_00000000_f_n.png,0152chikorita,chikorita.png,/content/drive/MyDrive/612 data/ProjectPokemonCleaned/0152chikorita/poke_capture_0152_000_mf_n_00000000_f_n.png,/content/drive/MyDrive/612 data/PokeSpriteCleaned/0152chikorita/chikorita.png
349,0152chikorita,poke_capture_0152_000_mf_n_00000000_f_r.png,0152chikorita,chikorita_shiny.png,/content/drive/MyDrive/612 data/ProjectPokemonCleaned/0152chikorita/poke_capture_0152_000_mf_n_00000000_f_r.png,/content/drive/MyDrive/612 data/PokeSpriteCleaned/0152chikorita/chikorita_shiny.png
350,0153bayleef,poke_capture_0153_000_mf_n_00000000_f_n.png,0153bayleef,bayleef.png,/content/drive/MyDrive/612 data/ProjectPokemonCleaned/0153bayleef/poke_capture_0153_000_mf_n_00000000_f_n.png,/content/drive/MyDrive/612 data/PokeSpriteCleaned/0153bayleef/bayleef.png
351,0153bayleef,poke_capture_0153_000_mf_n_00000000_f_r.png,0153bayleef,bayleef_shiny.png,/content/drive/MyDrive/612 data/ProjectPokemonCleaned/0153bayleef/poke_capture_0153_000_mf_n_00000000_f_r.png,/content/drive/MyDrive/612 data/PokeSpriteCleaned/0153bayleef/bayleef_shiny.png
352,0157typhlosion,poke_capture_0157_000_mf_n_00000000_f_n.png,0157typhlosion,typhlosion.png,/content/drive/MyDrive/612 data/ProjectPokemonCleaned/0157typhlosion/poke_capture_0157_000_mf_n_00000000_f_n.png,/content/drive/MyDrive/612 data/PokeSpriteCleaned/0157typhlosion/typhlosion.png
353,0157typhlosion,poke_capture_0157_000_mf_n_00000000_f_r.png,0157typhlosion,typhlosion_shiny.png,/content/drive/MyDrive/612 data/ProjectPokemonCleaned/0157typhlosion/poke_capture_0157_000_mf_n_00000000_f_r.png,/content/drive/MyDrive/612 data/PokeSpriteCleaned/0157typhlosion/typhlosion_shiny.png
354,0158totodile,poke_capture_0158_000_mf_n_00000000_f_n.png,0158totodile,totodile.png,/content/drive/MyDrive/612 data/ProjectPokemonCleaned/0158totodile/poke_capture_0158_000_mf_n_00000000_f_n.png,/content/drive/MyDrive/612 data/PokeSpriteCleaned/0158totodile/totodile.png
355,0158totodile,poke_capture_0158_000_mf_n_00000000_f_r.png,0158totodile,totodile_shiny.png,/content/drive/MyDrive/612 data/ProjectPokemonCleaned/0158totodile/poke_capture_0158_000_mf_n_00000000_f_r.png,/content/drive/MyDrive/612 data/PokeSpriteCleaned/0158totodile/totodile_shiny.png
356,0159croconaw,poke_capture_0159_000_mf_n_00000000_f_n.png,0159croconaw,croconaw.png,/content/drive/MyDrive/612 data/ProjectPokemonCleaned/0159croconaw/poke_capture_0159_000_mf_n_00000000_f_n.png,/content/drive/MyDrive/612 data/PokeSpriteCleaned/0159croconaw/croconaw.png
357,0159croconaw,poke_capture_0159_000_mf_n_00000000_f_r.png,0159croconaw,croconaw_shiny.png,/content/drive/MyDrive/612 data/ProjectPokemonCleaned/0159croconaw/poke_capture_0159_000_mf_n_00000000_f_r.png,/content/drive/MyDrive/612 data/PokeSpriteCleaned/0159croconaw/croconaw_shiny.png
358,0160feraligatr,poke_capture_0160_000_mf_n_00000000_f_n.png,0160feraligatr,feraligatr.png,/content/drive/MyDrive/612 data/ProjectPokemonCleaned/0160feraligatr/poke_capture_0160_000_mf_n_00000000_f_n.png,/content/drive/MyDrive/612 data/PokeSpriteCleaned/0160feraligatr/feraligatr.png
359,0160feraligatr,poke_capture_0160_000_mf_n_00000000_f_r.png,0160feraligatr,feraligatr_shiny.png,/content/drive/MyDrive/612 data/ProjectPokemonCleaned/0160feraligatr/poke_capture_0160_000_mf_n_00000000_f_r.png,/content/drive/MyDrive/612 data/PokeSpriteCleaned/0160feraligatr/feraligatr_shiny.png
360,0161sentret,poke_capture_0161_000_mf_n_00000000_f_n.png,0161sentret,sentret.png,/content/drive/MyDrive/612 data/ProjectPokemonCleaned/0161sentret/poke_capture_0161_000_mf_n_00000000_f_n.png,/content/drive/MyDrive/612 data/PokeSpriteCleaned/0161sentret/sentret.png
361,0161sentret,poke_capture_0161_000_mf_n_00000000_f_r.png,0161sentret,sentret_shiny.png,/content/drive/MyDrive/612 data/ProjectPokemonCleaned/0161sentret/poke_capture_0161_000_mf_n_00000000_f_r.png,/content/drive/MyDrive/612 data/PokeSpriteCleaned/0161sentret/sentret_shiny.png
362,0162furret,poke_capture_0162_000_mf_n_00000000_f_n.png,0162furret,furret.png,/content/drive/MyDrive/612 data/ProjectPokemonCleaned/0162furret/poke_capture_0162_000_mf_n_00000000_f_n.png,/content/drive/MyDrive/612 data/PokeSpriteCleaned/0162furret/furret.png
363,0162furret,poke_capture_0162_000_mf_n_00000000_f_r.png,0162furret,furret_shiny.png,/content/drive/MyDrive/612 data/ProjectPokemonCleaned/0162furret/poke_capture_0162_000_mf_n_00000000_f_r.png,/content/drive/MyDrive/612 data/PokeSpriteCleaned/0162furret/furret_shiny.png
364,0163hoothoot,poke_capture_0163_000_mf_n_00000000_f_n.png,0163hoothoot,hoothoot.png,/content/drive/MyDrive/612 data/ProjectPokemonCleaned/0163hoothoot/poke_capture_0163_000_mf_n_00000000_f_n.png,/content/drive/MyDrive/612 data/PokeSpriteCleaned/0163hoothoot/hoothoot.png
365,0163hoothoot,poke_capture_0163_000_mf_n_00000000_f_r.png,0163hoothoot,hoothoot_shiny.png,/content/drive/MyDrive/612 data/ProjectPokemonCleaned/0163hoothoot/poke_capture_0163_000_mf_n_00000000_f_r.png,/content/drive/MyDrive/612 data/PokeSpriteCleaned/0163hoothoot/hoothoot_shiny.png
366,0164noctowl,poke_capture_0164_000_mf_n_00000000_f_n.png,0164noctowl,noctowl.png,/content/drive/MyDrive/612 data/ProjectPokemonCleaned/0164noctowl/poke_capture_0164_000_mf_n_00000000_f_n.png,/content/drive/MyDrive/612 data/PokeSpriteCleaned/0164noctowl/noctowl.png
367,0164noctowl,poke_capture_0164_000_mf_n_00000000_f_r.png,0164noctowl,noctowl_shiny.png,/content/drive/MyDrive/612 data/ProjectPokemonCleaned/0164noctowl/poke_capture_0164_000_mf_n_00000000_f_r.png,/content/drive/MyDrive/612 data/PokeSpriteCleaned/0164noctowl/noctowl_shiny.png
368,0165ledyba,poke_capture_0165_000_fd_n_00000000_f_n.png,0165ledyba,ledyba.png,/content/drive/MyDrive/612 data/ProjectPokemonCleaned/0165ledyba/poke_capture_0165_000_fd_n_00000000_f_n.png,/content/drive/MyDrive/612 data/PokeSpriteCleaned/0165ledyba/ledyba.png
369,0165ledyba,poke_capture_0165_000_md_n_00000000_f_r.png,0165ledyba,ledyba_shiny.png,/content/drive/MyDrive/612 data/ProjectPokemonCleaned/0165ledyba/poke_capture_0165_000_md_n_00000000_f_r.png,/content/drive/MyDrive/612 data/PokeSpriteCleaned/0165ledyba/ledyba_shiny.png
370,0166ledian,poke_capture_0166_000_md_n_00000000_f_n.png,0166ledian,ledian.png,/content/drive/MyDrive/612 data/ProjectPokemonCleaned/0166ledian/poke_capture_0166_000_md_n_00000000_f_n.png,/content/drive/MyDrive/612 data/PokeSpriteCleaned/0166ledian/ledian.png
371,0166ledian,poke_capture_0166_000_md_n_00000000_f_r.png,0166ledian,ledian_shiny.png,/content/drive/MyDrive/612 data/ProjectPokemonCleaned/0166ledian/poke_capture_0166_000_md_n_00000000_f_r.png,/content/drive/MyDrive/612 data/PokeSpriteCleaned/0166ledian/ledian_shiny.png
372,0167spinarak,poke_capture_0167_000_mf_n_00000000_f_n.png,0167spinarak,spinarak.png,/content/drive/MyDrive/612 data/ProjectPokemonCleaned/0167spinarak/poke_capture_0167_000_mf_n_00000000_f_n.png,/content/drive/MyDrive/612 data/PokeSpriteCleaned/0167spinarak/spinarak.png
373,0167spinarak,poke_capture_0167_000_mf_n_00000000_f_r.png,0167spinarak,spinarak_shiny.png,/content/drive/MyDrive/612 data/ProjectPokemonCleaned/0167spinarak/poke_capture_0167_000_mf_n_00000000_f_r.png,/content/drive/MyDrive/612 data/PokeSpriteCleaned/0167spinarak/spinarak_shiny.png
374,0168ariados,poke_capture_0168_000_mf_n_00000000_f_n.png,0168ariados,ariados.png,/content/drive/MyDrive/612 data/ProjectPokemonCleaned/0168ariados/poke_capture_0168_000_mf_n_00000000_f_n.png,/content/drive/MyDrive/612 data/PokeSpriteCleaned/0168ariados/ariados.png
375,0168ariados,poke_capture_0168_000_mf_n_00000000_f_r.png,0168ariados,ariados_shiny.png,/content/drive/MyDrive/612 data/ProjectPokemonCleaned/0168ariados/poke_capture_0168_000_mf_n_00000000_f_r.png,/content/drive/MyDrive/612 data/PokeSpriteCleaned/0168ariados/ariados_shiny.png
376,0170chinchou,poke_capture_0170_000_mf_n_00000000_f_n.png,0170chinchou,chinchou.png,/content/drive/MyDrive/612 data/ProjectPokemonCleaned/0170chinchou/poke_capture_0170_000_mf_n_00000000_f_n.png,/content/drive/MyDrive/612 data/PokeSpriteCleaned/0170chinchou/chinchou.png
377,0170chinchou,poke_capture_0170_000_mf_n_00000000_f_r.png,0170chinchou,chinchou_shiny.png,/content/drive/MyDrive/612 data/ProjectPokemonCleaned/0170chinchou/poke_capture_0170_000_mf_n_00000000_f_r.png,/content/drive/MyDrive/612 data/PokeSpriteCleaned/0170chinchou/chinchou_shiny.png
378,0171lanturn,poke_capture_0171_000_mf_n_00000000_f_n.png,0171lanturn,lanturn.png,/content/drive/MyDrive/612 data/ProjectPokemonCleaned/0171lanturn/poke_capture_0171_000_mf_n_00000000_f_n.png,/content/drive/MyDrive/612 data/PokeSpriteCleaned/0171lanturn/lanturn.png
379,0171lanturn,poke_capture_0171_000_mf_n_00000000_f_r.png,0171lanturn,lanturn_shiny.png,/content/drive/MyDrive/612 data/ProjectPokemonCleaned/0171lanturn/poke_capture_0171_000_mf_n_00000000_f_r.png,/content/drive/MyDrive/612 data/PokeSpriteCleaned/0171lanturn/lanturn_shiny.png
380,0172pichu,poke_capture_0172_000_mf_n_00000000_f_n.png,0172pichu,pichu.png,/content/drive/MyDrive/612 data/ProjectPokemonCleaned/0172pichu/poke_capture_0172_000_mf_n_00000000_f_n.png,/content/drive/MyDrive/612 data/PokeSpriteCleaned/0172pichu/pichu.png
381,0172pichu,poke_capture_0172_000_mf_n_00000000_f_r.png,0172pichu,pichu_shiny.png,/content/drive/MyDrive/612 data/ProjectPokemonCleaned/0172pichu/poke_capture_0172_000_mf_n_00000000_f_r.png,/content/drive/MyDrive/612 data/PokeSpriteCleaned/0172pichu/pichu_shiny.png
382,0173cleffa,poke_capture_0173_000_mf_n_00000000_f_n.png,0173cleffa,cleffa_right.png,/content/drive/MyDrive/612 data/ProjectPokemonCleaned/0173cleffa/poke_capture_0173_000_mf_n_00000000_f_n.png,/content/drive/MyDrive/612 data/PokeSpriteCleaned/0173cleffa/cleffa_right.png
383,0173cleffa,poke_capture_0173_000_mf_n_00000000_f_r.png,0173cleffa,cleffa_shiny_right.png,/content/drive/MyDrive/612 data/ProjectPokemonCleaned/0173cleffa/poke_capture_0173_000_mf_n_00000000_f_r.png,/content/drive/MyDrive/612 data/PokeSpriteCleaned/0173cleffa/cleffa_shiny_right.png
384,0174igglybuff,poke_capture_0174_000_mf_n_00000000_f_n.png,0174igglybuff,igglybuff.png,/content/drive/MyDrive/612 data/ProjectPokemonCleaned/0174igglybuff/poke_capture_0174_000_mf_n_00000000_f_n.png,/content/drive/MyDrive/612 data/PokeSpriteCleaned/0174igglybuff/igglybuff.png
385,0174igglybuff,poke_capture_0174_000_mf_n_00000000_f_r.png,0174igglybuff,igglybuff_shiny.png,/content/drive/MyDrive/612 data/ProjectPokemonCleaned/0174igglybuff/poke_capture_0174_000_mf_n_00000000_f_r.png,/content/drive/MyDrive/612 data/PokeSpriteCleaned/0174igglybuff/igglybuff_shiny.png
386,0175togepi,poke_capture_0175_000_mf_n_00000000_f_n.png,0175togepi,togepi.png,/content/drive/MyDrive/612 data/ProjectPokemonCleaned/0175togepi/poke_capture_0175_000_mf_n_00000000_f_n.png,/content/drive/MyDrive/612 data/PokeSpriteCleaned/0175togepi/togepi.png
387,0175togepi,poke_capture_0175_000_mf_n_00000000_f_r.png,0175togepi,togepi_shiny.png,/content/drive/MyDrive/612 data/ProjectPokemonCleaned/0175togepi/poke_capture_0175_000_mf_n_00000000_f_r.png,/content/drive/MyDrive/612 data/PokeSpriteCleaned/0175togepi/togepi_shiny.png
388,0176togetic,poke_capture_0176_000_mf_n_00000000_f_n.png,0176togetic,togetic.png,/content/drive/MyDrive/612 data/ProjectPokemonCleaned/0176togetic/poke_capture_0176_000_mf_n_00000000_f_n.png,/content/drive/MyDrive/612 data/PokeSpriteCleaned/0176togetic/togetic.png
389,0176togetic,poke_capture_0176_000_mf_n_00000000_f_r.png,0176togetic,togetic_shiny.png,/content/drive/MyDrive/612 data/ProjectPokemonCleaned/0176togetic/poke_capture_0176_000_mf_n_00000000_f_r.png,/content/drive/MyDrive/612 data/PokeSpriteCleaned/0176togetic/togetic_shiny.png
390,0177natu,poke_capture_0177_000_mf_n_00000000_f_n.png,0177natu,natu.png,/content/drive/MyDrive/612 data/ProjectPokemonCleaned/0177natu/poke_capture_0177_000_mf_n_00000000_f_n.png,/content/drive/MyDrive/612 data/PokeSpriteCleaned/0177natu/natu.png
391,0177natu,poke_capture_0177_000_mf_n_00000000_f_r.png,0177natu,natu_shiny.png,/content/drive/MyDrive/612 data/ProjectPokemonCleaned/0177natu/poke_capture_0177_000_mf_n_00000000_f_r.png,/content/drive/MyDrive/612 data/PokeSpriteCleaned/0177natu/natu_shiny.png
392,0178xatu,poke_capture_0178_000_fd_n_00000000_f_n.png,0178xatu,xatu.png,/content/drive/MyDrive/612 data/ProjectPokemonCleaned/0178xatu/poke_capture_0178_000_fd_n_00000000_f_n.png,/content/drive/MyDrive/612 data/PokeSpriteCleaned/0178xatu/xatu.png
393,0178xatu,poke_capture_0178_000_fd_n_00000000_f_r.png,0178xatu,xatu_shiny.png,/content/drive/MyDrive/612 data/ProjectPokemonCleaned/0178xatu/poke_capture_0178_000_fd_n_00000000_f_r.png,/content/drive/MyDrive/612 data/PokeSpriteCleaned/0178xatu/xatu_shiny.png
394,0180flaaffy,poke_capture_0180_000_mf_n_00000000_f_n.png,0180flaaffy,flaaffy.png,/content/drive/MyDrive/612 data/ProjectPokemonCleaned/0180flaaffy/poke_capture_0180_000_mf_n_00000000_f_n.png,/content/drive/MyDrive/612 data/PokeSpriteCleaned/0180flaaffy/flaaffy.png
395,0180flaaffy,poke_capture_0180_000_mf_n_00000000_f_r.png,0180flaaffy,flaaffy_shiny.png,/content/drive/MyDrive/612 data/ProjectPokemonCleaned/0180flaaffy/poke_capture_0180_000_mf_n_00000000_f_r.png,/content/drive/MyDrive/612 data/PokeSpriteCleaned/0180flaaffy/flaaffy_shiny.png
396,0181ampharos,poke_capture_0181_000_mf_n_00000000_f_n.png,0181ampharos,ampharos.png,/content/drive/MyDrive/612 data/ProjectPokemonCleaned/0181ampharos/poke_capture_0181_000_mf_n_00000000_f_n.png,/content/drive/MyDrive/612 data/PokeSpriteCleaned/0181ampharos/ampharos.png
397,0181ampharos,poke_capture_0181_000_mf_n_00000000_f_r.png,0181ampharos,ampharos_shiny.png,/content/drive/MyDrive/612 data/ProjectPokemonCleaned/0181ampharos/poke_capture_0181_000_mf_n_00000000_f_r.png,/content/drive/MyDrive/612 data/PokeSpriteCleaned/0181ampharos/ampharos_shiny.png
398,0181ampharos,poke_capture_0181_001_mf_n_00000000_f_n.png,0181ampharos,ampharos-mega.png,/content/drive/MyDrive/612 data/ProjectPokemonCleaned/0181ampharos/poke_capture_0181_001_mf_n_00000000_f_n.png,/content/drive/MyDrive/612 data/PokeSpriteCleaned/0181ampharos/ampharos-mega.png
399,0181ampharos,poke_capture_0181_001_mf_n_00000000_f_r.png,0181ampharos,ampharos-mega_shiny.png,/content/drive/MyDrive/612 data/ProjectPokemonCleaned/0181ampharos/poke_capture_0181_001_mf_n_00000000_f_r.png,/content/drive/MyDrive/612 data/PokeSpriteCleaned/0181ampharos/ampharos-mega_shiny.png
400,0182bellossom,poke_capture_0182_000_mf_n_00000000_f_n.png,0182bellossom,bellossom.png,/content/drive/MyDrive/612 data/ProjectPokemonCleaned/0182bellossom/poke_capture_0182_000_mf_n_00000000_f_n.png,/content/drive/MyDrive/612 data/PokeSpriteCleaned/0182bellossom/bellossom.png
401,0182bellossom,poke_capture_0182_000_mf_n_00000000_f_r.png,0182bellossom,bellossom_shiny.png,/content/drive/MyDrive/612 data/ProjectPokemonCleaned/0182bellossom/poke_capture_0182_000_mf_n_00000000_f_r.png,/content/drive/MyDrive/612 data/PokeSpriteCleaned/0182bellossom/bellossom_shiny.png
402,0183marill,poke_capture_0183_000_mf_n_00000000_f_r.png,0183marill,marill_shiny.png,/content/drive/MyDrive/612 data/ProjectPokemonCleaned/0183marill/poke_capture_0183_000_mf_n_00000000_f_r.png,/content/drive/MyDrive/612 data/PokeSpriteCleaned/0183marill/marill_shiny.png
403,0184azumarill,poke_capture_0184_000_mf_n_00000000_f_n.png,0184azumarill,azumarill.png,/content/drive/MyDrive/612 data/ProjectPokemonCleaned/0184azumarill/poke_capture_0184_000_mf_n_00000000_f_n.png,/content/drive/MyDrive/612 data/PokeSpriteCleaned/0184azumarill/azumarill.png
404,0184azumarill,poke_capture_0184_000_mf_n_00000000_f_r.png,0184azumarill,azumarill_shiny.png,/content/drive/MyDrive/612 data/ProjectPokemonCleaned/0184azumarill/poke_capture_0184_000_mf_n_00000000_f_r.png,/content/drive/MyDrive/612 data/PokeSpriteCleaned/0184azumarill/azumarill_shiny.png
405,0185sudowoodo,poke_capture_0185_000_fd_n_00000000_f_n.png,0185sudowoodo,sudowoodo.png,/content/drive/MyDrive/612 data/ProjectPokemonCleaned/0185sudowoodo/poke_capture_0185_000_fd_n_00000000_f_n.png,/content/drive/MyDrive/612 data/PokeSpriteCleaned/0185sudowoodo/sudowoodo.png
406,0185sudowoodo,poke_capture_0185_000_fd_n_00000000_f_r.png,0185sudowoodo,sudowoodo_shiny.png,/content/drive/MyDrive/612 data/ProjectPokemonCleaned/0185sudowoodo/poke_capture_0185_000_fd_n_00000000_f_r.png,/content/drive/MyDrive/612 data/PokeSpriteCleaned/0185sudowoodo/sudowoodo_shiny.png
407,0186politoed,poke_capture_0186_000_md_n_00000000_f_n.png,0186politoed,politoed.png,/content/drive/MyDrive/612 data/ProjectPokemonCleaned/0186politoed/poke_capture_0186_000_md_n_00000000_f_n.png,/content/drive/MyDrive/612 data/PokeSpriteCleaned/0186politoed/politoed.png
408,0186politoed,poke_capture_0186_000_md_n_00000000_f_r.png,0186politoed,politoed_shiny.png,/content/drive/MyDrive/612 data/ProjectPokemonCleaned/0186politoed/poke_capture_0186_000_md_n_00000000_f_r.png,/content/drive/MyDrive/612 data/PokeSpriteCleaned/0186politoed/politoed_shiny.png
409,0187hoppip,poke_capture_0187_000_mf_n_00000000_f_n.png,0187hoppip,hoppip.png,/content/drive/MyDrive/612 data/ProjectPokemonCleaned/0187hoppip/poke_capture_0187_000_mf_n_00000000_f_n.png,/content/drive/MyDrive/612 data/PokeSpriteCleaned/0187hoppip/hoppip.png
410,0187hoppip,poke_capture_0187_000_mf_n_00000000_f_r.png,0187hoppip,hoppip_shiny.png,/content/drive/MyDrive/612 data/ProjectPokemonCleaned/0187hoppip/poke_capture_0187_000_mf_n_00000000_f_r.png,/content/drive/MyDrive/612 data/PokeSpriteCleaned/0187hoppip/hoppip_shiny.png
411,0188skiploom,poke_capture_0188_000_mf_n_00000000_f_n.png,0188skiploom,skiploom.png,/content/drive/MyDrive/612 data/ProjectPokemonCleaned/0188skiploom/poke_capture_0188_000_mf_n_00000000_f_n.png,/content/drive/MyDrive/612 data/PokeSpriteCleaned/0188skiploom/skiploom.png
412,0188skiploom,poke_capture_0188_000_mf_n_00000000_f_r.png,0188skiploom,skiploom_shiny.png,/content/drive/MyDrive/612 data/ProjectPokemonCleaned/0188skiploom/poke_capture_0188_000_mf_n_00000000_f_r.png,/content/drive/MyDrive/612 data/PokeSpriteCleaned/0188skiploom/skiploom_shiny.png
413,0189jumpluff,poke_capture_0189_000_mf_n_00000000_f_n.png,0189jumpluff,jumpluff.png,/content/drive/MyDrive/612 data/ProjectPokemonCleaned/0189jumpluff/poke_capture_0189_000_mf_n_00000000_f_n.png,/content/drive/MyDrive/612 data/PokeSpriteCleaned/0189jumpluff/jumpluff.png
414,0189jumpluff,poke_capture_0189_000_mf_n_00000000_f_r.png,0189jumpluff,jumpluff_shiny.png,/content/drive/MyDrive/612 data/ProjectPokemonCleaned/0189jumpluff/poke_capture_0189_000_mf_n_00000000_f_r.png,/content/drive/MyDrive/612 data/PokeSpriteCleaned/0189jumpluff/jumpluff_shiny.png
415,0191sunkern,poke_capture_0191_000_mf_n_00000000_f_n.png,0191sunkern,sunkern.png,/content/drive/MyDrive/612 data/ProjectPokemonCleaned/0191sunkern/poke_capture_0191_000_mf_n_00000000_f_n.png,/content/drive/MyDrive/612 data/PokeSpriteCleaned/0191sunkern/sunkern.png
416,0191sunkern,poke_capture_0191_000_mf_n_00000000_f_r.png,0191sunkern,sunkern_shiny.png,/content/drive/MyDrive/612 data/ProjectPokemonCleaned/0191sunkern/poke_capture_0191_000_mf_n_00000000_f_r.png,/content/drive/MyDrive/612 data/PokeSpriteCleaned/0191sunkern/sunkern_shiny.png
417,0192sunflora,poke_capture_0192_000_mf_n_00000000_f_n.png,0192sunflora,sunflora.png,/content/drive/MyDrive/612 data/ProjectPokemonCleaned/0192sunflora/poke_capture_0192_000_mf_n_00000000_f_n.png,/content/drive/MyDrive/612 data/PokeSpriteCleaned/0192sunflora/sunflora.png
418,0192sunflora,poke_capture_0192_000_mf_n_00000000_f_r.png,0192sunflora,sunflora_shiny.png,/content/drive/MyDrive/612 data/ProjectPokemonCleaned/0192sunflora/poke_capture_0192_000_mf_n_00000000_f_r.png,/content/drive/MyDrive/612 data/PokeSpriteCleaned/0192sunflora/sunflora_shiny.png
419,0193yanma,poke_capture_0193_000_mf_n_00000000_f_n.png,0193yanma,yanma.png,/content/drive/MyDrive/612 data/ProjectPokemonCleaned/0193yanma/poke_capture_0193_000_mf_n_00000000_f_n.png,/content/drive/MyDrive/612 data/PokeSpriteCleaned/0193yanma/yanma.png
420,0193yanma,poke_capture_0193_000_mf_n_00000000_f_r.png,0193yanma,yanma_shiny.png,/content/drive/MyDrive/612 data/ProjectPokemonCleaned/0193yanma/poke_capture_0193_000_mf_n_00000000_f_r.png,/content/drive/MyDrive/612 data/PokeSpriteCleaned/0193yanma/yanma_shiny.png
421,0196espeon,poke_capture_0196_000_mf_n_00000000_f_n.png,0196espeon,espeon.png,/content/drive/MyDrive/612 data/ProjectPokemonCleaned/0196espeon/poke_capture_0196_000_mf_n_00000000_f_n.png,/content/drive/MyDrive/612 data/PokeSpriteCleaned/0196espeon/espeon.png
422,0196espeon,poke_capture_0196_000_mf_n_00000000_f_r.png,0196espeon,espeon_shiny.png,/content/drive/MyDrive/612 data/ProjectPokemonCleaned/0196espeon/poke_capture_0196_000_mf_n_00000000_f_r.png,/content/drive/MyDrive/612 data/PokeSpriteCleaned/0196espeon/espeon_shiny.png
423,0198murkrow,poke_capture_0198_000_fd_n_00000000_f_n.png,0198murkrow,murkrow.png,/content/drive/MyDrive/612 data/ProjectPokemonCleaned/0198murkrow/poke_capture_0198_000_fd_n_00000000_f_n.png,/content/drive/MyDrive/612 data/PokeSpriteCleaned/0198murkrow/murkrow.png
424,0198murkrow,poke_capture_0198_000_fd_n_00000000_f_r.png,0198murkrow,murkrow_shiny.png,/content/drive/MyDrive/612 data/ProjectPokemonCleaned/0198murkrow/poke_capture_0198_000_fd_n_00000000_f_r.png,/content/drive/MyDrive/612 data/PokeSpriteCleaned/0198murkrow/murkrow_shiny.png
425,0199slowking,poke_capture_0199_000_mf_n_00000000_f_n.png,0199slowking,slowking.png,/content/drive/MyDrive/612 data/ProjectPokemonCleaned/0199slowking/poke_capture_0199_000_mf_n_00000000_f_n.png,/content/drive/MyDrive/612 data/PokeSpriteCleaned/0199slowking/slowking.png
426,0199slowking,poke_capture_0199_000_mf_n_00000000_f_r.png,0199slowking,slowking_shiny.png,/content/drive/MyDrive/612 data/ProjectPokemonCleaned/0199slowking/poke_capture_0199_000_mf_n_00000000_f_r.png,/content/drive/MyDrive/612 data/PokeSpriteCleaned/0199slowking/slowking_shiny.png
427,0199slowking,poke_capture_0199_001_mf_n_00000000_f_n.png,0199slowking,slowking galar.png,/content/drive/MyDrive/612 data/ProjectPokemonCleaned/0199slowking/poke_capture_0199_001_mf_n_00000000_f_n.png,/content/drive/MyDrive/612 data/PokeSpriteCleaned/0199slowking/slowking galar.png
428,0199slowking,poke_capture_0199_001_mf_n_00000000_f_r.png,0199slowking,slowking galar_shiny.png,/content/drive/MyDrive/612 data/ProjectPokemonCleaned/0199slowking/poke_capture_0199_001_mf_n_00000000_f_r.png,/content/drive/MyDrive/612 data/PokeSpriteCleaned/0199slowking/slowking galar_shiny.png
429,0201unown,poke_capture_0201_000_uk_n_00000000_f_n.png,0201unown,unown.png,/content/drive/MyDrive/612 data/ProjectPokemonCleaned/0201unown/poke_capture_0201_000_uk_n_00000000_f_n.png,/content/drive/MyDrive/612 data/PokeSpriteCleaned/0201unown/unown.png
430,0201unown,poke_capture_0201_000_uk_n_00000000_f_r.png,0201unown,unown_shiny.png,/content/drive/MyDrive/612 data/ProjectPokemonCleaned/0201unown/poke_capture_0201_000_uk_n_00000000_f_r.png,/content/drive/MyDrive/612 data/PokeSpriteCleaned/0201unown/unown_shiny.png
431,0201unown,poke_capture_0201_001_uk_n_00000000_f_n.png,0201unown,unown-b.png,/content/drive/MyDrive/612 data/ProjectPokemonCleaned/0201unown/poke_capture_0201_001_uk_n_00000000_f_n.png,/content/drive/MyDrive/612 data/PokeSpriteCleaned/0201unown/unown-b.png
432,0201unown,poke_capture_0201_001_uk_n_00000000_f_r.png,0201unown,unown-b_shiny.png,/content/drive/MyDrive/612 data/ProjectPokemonCleaned/0201unown/poke_capture_0201_001_uk_n_00000000_f_r.png,/content/drive/MyDrive/612 data/PokeSpriteCleaned/0201unown/unown-b_shiny.png
433,0201unown,poke_capture_0201_002_uk_n_00000000_f_n.png,0201unown,unown-c.png,/content/drive/MyDrive/612 data/ProjectPokemonCleaned/0201unown/poke_capture_0201_002_uk_n_00000000_f_n.png,/content/drive/MyDrive/612 data/PokeSpriteCleaned/0201unown/unown-c.png
434,0201unown,poke_capture_0201_002_uk_n_00000000_f_r.png,0201unown,unown-c_shiny.png,/content/drive/MyDrive/612 data/ProjectPokemonCleaned/0201unown/poke_capture_0201_002_uk_n_00000000_f_r.png,/content/drive/MyDrive/612 data/PokeSpriteCleaned/0201unown/unown-c_shiny.png
435,0201unown,poke_capture_0201_003_uk_n_00000000_f_n.png,0201unown,unown-d.png,/content/drive/MyDrive/612 data/ProjectPokemonCleaned/0201unown/poke_capture_0201_003_uk_n_00000000_f_n.png,/content/drive/MyDrive/612 data/PokeSpriteCleaned/0201unown/unown-d.png
436,0201unown,poke_capture_0201_003_uk_n_00000000_f_r.png,0201unown,unown-d_shiny.png,/content/drive/MyDrive/612 data/ProjectPokemonCleaned/0201unown/poke_capture_0201_003_uk_n_00000000_f_r.png,/content/drive/MyDrive/612 data/PokeSpriteCleaned/0201unown/unown-d_shiny.png
437,0201unown,poke_capture_0201_004_uk_n_00000000_f_n.png,0201unown,unown-e.png,/content/drive/MyDrive/612 data/ProjectPokemonCleaned/0201unown/poke_capture_0201_004_uk_n_00000000_f_n.png,/content/drive/MyDrive/612 data/PokeSpriteCleaned/0201unown/unown-e.png
438,0201unown,poke_capture_0201_004_uk_n_00000000_f_r.png,0201unown,unown-e_shiny.png,/content/drive/MyDrive/612 data/ProjectPokemonCleaned/0201unown/poke_capture_0201_004_uk_n_00000000_f_r.png,/content/drive/MyDrive/612 data/PokeSpriteCleaned/0201unown/unown-e_shiny.png
439,0201unown,poke_capture_0201_005_uk_n_00000000_f_n.png,0201unown,unown-f.png,/content/drive/MyDrive/612 data/ProjectPokemonCleaned/0201unown/poke_capture_0201_005_uk_n_00000000_f_n.png,/content/drive/MyDrive/612 data/PokeSpriteCleaned/0201unown/unown-f.png
440,0201unown,poke_capture_0201_005_uk_n_00000000_f_r.png,0201unown,unown-f_shiny.png,/content/drive/MyDrive/612 data/ProjectPokemonCleaned/0201unown/poke_capture_0201_005_uk_n_00000000_f_r.png,/content/drive/MyDrive/612 data/PokeSpriteCleaned/0201unown/unown-f_shiny.png
441,0201unown,poke_capture_0201_006_uk_n_00000000_f_n.png,0201unown,unown-g.png,/content/drive/MyDrive/612 data/ProjectPokemonCleaned/0201unown/poke_capture_0201_006_uk_n_00000000_f_n.png,/content/drive/MyDrive/612 data/PokeSpriteCleaned/0201unown/unown-g.png
442,0201unown,poke_capture_0201_006_uk_n_00000000_f_r.png,0201unown,unown-g_shiny.png,/content/drive/MyDrive/612 data/ProjectPokemonCleaned/0201unown/poke_capture_0201_006_uk_n_00000000_f_r.png,/content/drive/MyDrive/612 data/PokeSpriteCleaned/0201unown/unown-g_shiny.png
443,0201unown,poke_capture_0201_007_uk_n_00000000_f_n.png,0201unown,unown-h.png,/content/drive/MyDrive/612 data/ProjectPokemonCleaned/0201unown/poke_capture_0201_007_uk_n_00000000_f_n.png,/content/drive/MyDrive/612 data/PokeSpriteCleaned/0201unown/unown-h.png
444,0201unown,poke_capture_0201_007_uk_n_00000000_f_r.png,0201unown,unown-h_shiny.png,/content/drive/MyDrive/612 data/ProjectPokemonCleaned/0201unown/poke_capture_0201_007_uk_n_00000000_f_r.png,/content/drive/MyDrive/612 data/PokeSpriteCleaned/0201unown/unown-h_shiny.png
445,0201unown,poke_capture_0201_008_uk_n_00000000_f_n.png,0201unown,unown-i.png,/content/drive/MyDrive/612 data/ProjectPokemonCleaned/0201unown/poke_capture_0201_008_uk_n_00000000_f_n.png,/content/drive/MyDrive/612 data/PokeSpriteCleaned/0201unown/unown-i.png
446,0201unown,poke_capture_0201_008_uk_n_00000000_f_r.png,0201unown,unown-i_shiny.png,/content/drive/MyDrive/612 data/ProjectPokemonCleaned/0201unown/poke_capture_0201_008_uk_n_00000000_f_r.png,/content/drive/MyDrive/612 data/PokeSpriteCleaned/0201unown/unown-i_shiny.png
447,0201unown,poke_capture_0201_009_uk_n_00000000_f_n.png,0201unown,unown-j.png,/content/drive/MyDrive/612 data/ProjectPokemonCleaned/0201unown/poke_capture_0201_009_uk_n_00000000_f_n.png,/content/drive/MyDrive/612 data/PokeSpriteCleaned/0201unown/unown-j.png
448,0201unown,poke_capture_0201_009_uk_n_00000000_f_r.png,0201unown,unown-j_shiny.png,/content/drive/MyDrive/612 data/ProjectPokemonCleaned/0201unown/poke_capture_0201_009_uk_n_00000000_f_r.png,/content/drive/MyDrive/612 data/PokeSpriteCleaned/0201unown/unown-j_shiny.png
449,0201unown,poke_capture_0201_010_uk_n_00000000_f_n.png,0201unown,unown-k.png,/content/drive/MyDrive/612 data/ProjectPokemonCleaned/0201unown/poke_capture_0201_010_uk_n_00000000_f_n.png,/content/drive/MyDrive/612 data/PokeSpriteCleaned/0201unown/unown-k.png
450,0201unown,poke_capture_0201_010_uk_n_00000000_f_r.png,0201unown,unown-k_shiny.png,/content/drive/MyDrive/612 data/ProjectPokemonCleaned/0201unown/poke_capture_0201_010_uk_n_00000000_f_r.png,/content/drive/MyDrive/612 data/PokeSpriteCleaned/0201unown/unown-k_shiny.png
451,0201unown,poke_capture_0201_011_uk_n_00000000_f_n.png,0201unown,unown-l.png,/content/drive/MyDrive/612 data/ProjectPokemonCleaned/0201unown/poke_capture_0201_011_uk_n_00000000_f_n.png,/content/drive/MyDrive/612 data/PokeSpriteCleaned/0201unown/unown-l.png
452,0201unown,poke_capture_0201_011_uk_n_00000000_f_r.png,0201unown,unown-l_shiny.png,/content/drive/MyDrive/612 data/ProjectPokemonCleaned/0201unown/poke_capture_0201_011_uk_n_00000000_f_r.png,/content/drive/MyDrive/612 data/PokeSpriteCleaned/0201unown/unown-l_shiny.png
453,0201unown,poke_capture_0201_012_uk_n_00000000_f_n.png,0201unown,unown-m.png,/content/drive/MyDrive/612 data/ProjectPokemonCleaned/0201unown/poke_capture_0201_012_uk_n_00000000_f_n.png,/content/drive/MyDrive/612 data/PokeSpriteCleaned/0201unown/unown-m.png
454,0201unown,poke_capture_0201_012_uk_n_00000000_f_r.png,0201unown,unown-m_shiny.png,/content/drive/MyDrive/612 data/ProjectPokemonCleaned/0201unown/poke_capture_0201_012_uk_n_00000000_f_r.png,/content/drive/MyDrive/612 data/PokeSpriteCleaned/0201unown/unown-m_shiny.png
455,0201unown,poke_capture_0201_013_uk_n_00000000_f_n.png,0201unown,unown-n.png,/content/drive/MyDrive/612 data/ProjectPokemonCleaned/0201unown/poke_capture_0201_013_uk_n_00000000_f_n.png,/content/drive/MyDrive/612 data/PokeSpriteCleaned/0201unown/unown-n.png
456,0201unown,poke_capture_0201_013_uk_n_00000000_f_r.png,0201unown,unown-n_shiny.png,/content/drive/MyDrive/612 data/ProjectPokemonCleaned/0201unown/poke_capture_0201_013_uk_n_00000000_f_r.png,/content/drive/MyDrive/612 data/PokeSpriteCleaned/0201unown/unown-n_shiny.png
457,0201unown,poke_capture_0201_014_uk_n_00000000_f_n.png,0201unown,unown-o.png,/content/drive/MyDrive/612 data/ProjectPokemonCleaned/0201unown/poke_capture_0201_014_uk_n_00000000_f_n.png,/content/drive/MyDrive/612 data/PokeSpriteCleaned/0201unown/unown-o.png
458,0201unown,poke_capture_0201_014_uk_n_00000000_f_r.png,0201unown,unown-o_shiny.png,/content/drive/MyDrive/612 data/ProjectPokemonCleaned/0201unown/poke_capture_0201_014_uk_n_00000000_f_r.png,/content/drive/MyDrive/612 data/PokeSpriteCleaned/0201unown/unown-o_shiny.png
459,0201unown,poke_capture_0201_015_uk_n_00000000_f_n.png,0201unown,unown-p.png,/content/drive/MyDrive/612 data/ProjectPokemonCleaned/0201unown/poke_capture_0201_015_uk_n_00000000_f_n.png,/content/drive/MyDrive/612 data/PokeSpriteCleaned/0201unown/unown-p.png
460,0201unown,poke_capture_0201_015_uk_n_00000000_f_r.png,0201unown,unown-p_shiny.png,/content/drive/MyDrive/612 data/ProjectPokemonCleaned/0201unown/poke_capture_0201_015_uk_n_00000000_f_r.png,/content/drive/MyDrive/612 data/PokeSpriteCleaned/0201unown/unown-p_shiny.png
461,0201unown,poke_capture_0201_016_uk_n_00000000_f_n.png,0201unown,unown-q.png,/content/drive/MyDrive/612 data/ProjectPokemonCleaned/0201unown/poke_capture_0201_016_uk_n_00000000_f_n.png,/content/drive/MyDrive/612 data/PokeSpriteCleaned/0201unown/unown-q.png
462,0201unown,poke_capture_0201_016_uk_n_00000000_f_r.png,0201unown,unown-q_shiny.png,/content/drive/MyDrive/612 data/ProjectPokemonCleaned/0201unown/poke_capture_0201_016_uk_n_00000000_f_r.png,/content/drive/MyDrive/612 data/PokeSpriteCleaned/0201unown/unown-q_shiny.png
463,0201unown,poke_capture_0201_017_uk_n_00000000_f_n.png,0201unown,unown-r.png,/content/drive/MyDrive/612 data/ProjectPokemonCleaned/0201unown/poke_capture_0201_017_uk_n_00000000_f_n.png,/content/drive/MyDrive/612 data/PokeSpriteCleaned/0201unown/unown-r.png
464,0201unown,poke_capture_0201_017_uk_n_00000000_f_r.png,0201unown,unown-r_shiny.png,/content/drive/MyDrive/612 data/ProjectPokemonCleaned/0201unown/poke_capture_0201_017_uk_n_00000000_f_r.png,/content/drive/MyDrive/612 data/PokeSpriteCleaned/0201unown/unown-r_shiny.png
465,0201unown,poke_capture_0201_018_uk_n_00000000_f_n.png,0201unown,unown-s.png,/content/drive/MyDrive/612 data/ProjectPokemonCleaned/0201unown/poke_capture_0201_018_uk_n_00000000_f_n.png,/content/drive/MyDrive/612 data/PokeSpriteCleaned/0201unown/unown-s.png
466,0201unown,poke_capture_0201_018_uk_n_00000000_f_r.png,0201unown,unown-s_shiny.png,/content/drive/MyDrive/612 data/ProjectPokemonCleaned/0201unown/poke_capture_0201_018_uk_n_00000000_f_r.png,/content/drive/MyDrive/612 data/PokeSpriteCleaned/0201unown/unown-s_shiny.png
467,0201unown,poke_capture_0201_019_uk_n_00000000_f_n.png,0201unown,unown-t.png,/content/drive/MyDrive/612 data/ProjectPokemonCleaned/0201unown/poke_capture_0201_019_uk_n_00000000_f_n.png,/content/drive/MyDrive/612 data/PokeSpriteCleaned/0201unown/unown-t.png
468,0201unown,poke_capture_0201_019_uk_n_00000000_f_r.png,0201unown,unown-t_shiny.png,/content/drive/MyDrive/612 data/ProjectPokemonCleaned/0201unown/poke_capture_0201_019_uk_n_00000000_f_r.png,/content/drive/MyDrive/612 data/PokeSpriteCleaned/0201unown/unown-t_shiny.png
469,0201unown,poke_capture_0201_020_uk_n_00000000_f_n.png,0201unown,unown-u.png,/content/drive/MyDrive/612 data/ProjectPokemonCleaned/0201unown/poke_capture_0201_020_uk_n_00000000_f_n.png,/content/drive/MyDrive/612 data/PokeSpriteCleaned/0201unown/unown-u.png
470,0201unown,poke_capture_0201_020_uk_n_00000000_f_r.png,0201unown,unown-u_shiny.png,/content/drive/MyDrive/612 data/ProjectPokemonCleaned/0201unown/poke_capture_0201_020_uk_n_00000000_f_r.png,/content/drive/MyDrive/612 data/PokeSpriteCleaned/0201unown/unown-u_shiny.png
471,0201unown,poke_capture_0201_021_uk_n_00000000_f_n.png,0201unown,unown-v.png,/content/drive/MyDrive/612 data/ProjectPokemonCleaned/0201unown/poke_capture_0201_021_uk_n_00000000_f_n.png,/content/drive/MyDrive/612 data/PokeSpriteCleaned/0201unown/unown-v.png
472,0201unown,poke_capture_0201_021_uk_n_00000000_f_r.png,0201unown,unown-v_shiny.png,/content/drive/MyDrive/612 data/ProjectPokemonCleaned/0201unown/poke_capture_0201_021_uk_n_00000000_f_r.png,/content/drive/MyDrive/612 data/PokeSpriteCleaned/0201unown/unown-v_shiny.png
473,0201unown,poke_capture_0201_022_uk_n_00000000_f_n.png,0201unown,unown-w.png,/content/drive/MyDrive/612 data/ProjectPokemonCleaned/0201unown/poke_capture_0201_022_uk_n_00000000_f_n.png,/content/drive/MyDrive/612 data/PokeSpriteCleaned/0201unown/unown-w.png
474,0201unown,poke_capture_0201_022_uk_n_00000000_f_r.png,0201unown,unown-w_shiny.png,/content/drive/MyDrive/612 data/ProjectPokemonCleaned/0201unown/poke_capture_0201_022_uk_n_00000000_f_r.png,/content/drive/MyDrive/612 data/PokeSpriteCleaned/0201unown/unown-w_shiny.png
475,0201unown,poke_capture_0201_023_uk_n_00000000_f_n.png,0201unown,unown-x.png,/content/drive/MyDrive/612 data/ProjectPokemonCleaned/0201unown/poke_capture_0201_023_uk_n_00000000_f_n.png,/content/drive/MyDrive/612 data/PokeSpriteCleaned/0201unown/unown-x.png
476,0201unown,poke_capture_0201_023_uk_n_00000000_f_r.png,0201unown,unown-x_shiny.png,/content/drive/MyDrive/612 data/ProjectPokemonCleaned/0201unown/poke_capture_0201_023_uk_n_00000000_f_r.png,/content/drive/MyDrive/612 data/PokeSpriteCleaned/0201unown/unown-x_shiny.png
477,0201unown,poke_capture_0201_024_uk_n_00000000_f_n.png,0201unown,unown-y.png,/content/drive/MyDrive/612 data/ProjectPokemonCleaned/0201unown/poke_capture_0201_024_uk_n_00000000_f_n.png,/content/drive/MyDrive/612 data/PokeSpriteCleaned/0201unown/unown-y.png
478,0201unown,poke_capture_0201_024_uk_n_00000000_f_r.png,0201unown,unown-y_shiny.png,/content/drive/MyDrive/612 data/ProjectPokemonCleaned/0201unown/poke_capture_0201_024_uk_n_00000000_f_r.png,/content/drive/MyDrive/612 data/PokeSpriteCleaned/0201unown/unown-y_shiny.png
479,0201unown,poke_capture_0201_025_uk_n_00000000_f_n.png,0201unown,unown-z.png,/content/drive/MyDrive/612 data/ProjectPokemonCleaned/0201unown/poke_capture_0201_025_uk_n_00000000_f_n.png,/content/drive/MyDrive/612 data/PokeSpriteCleaned/0201unown/unown-z.png
480,0201unown,poke_capture_0201_025_uk_n_00000000_f_r.png,0201unown,unown-z_shiny.png,/content/drive/MyDrive/612 data/ProjectPokemonCleaned/0201unown/poke_capture_0201_025_uk_n_00000000_f_r.png,/content/drive/MyDrive/612 data/PokeSpriteCleaned/0201unown/unown-z_shiny.png
481,0201unown,poke_capture_0201_026_uk_n_00000000_f_n.png,0201unown,unown-exclamation.png,/content/drive/MyDrive/612 data/ProjectPokemonCleaned/0201unown/poke_capture_0201_026_uk_n_00000000_f_n.png,/content/drive/MyDrive/612 data/PokeSpriteCleaned/0201unown/unown-exclamation.png
482,0201unown,poke_capture_0201_026_uk_n_00000000_f_r.png,0201unown,unown-exclamation_shiny.png,/content/drive/MyDrive/612 data/ProjectPokemonCleaned/0201unown/poke_capture_0201_026_uk_n_00000000_f_r.png,/content/drive/MyDrive/612 data/PokeSpriteCleaned/0201unown/unown-exclamation_shiny.png
483,0201unown,poke_capture_0201_027_uk_n_00000000_f_n.png,0201unown,unown-question.png,/content/drive/MyDrive/612 data/ProjectPokemonCleaned/0201unown/poke_capture_0201_027_uk_n_00000000_f_n.png,/content/drive/MyDrive/612 data/PokeSpriteCleaned/0201unown/unown-question.png
484,0201unown,poke_capture_0201_027_uk_n_00000000_f_r.png,0201unown,unown-question_shiny.png,/content/drive/MyDrive/612 data/ProjectPokemonCleaned/0201unown/poke_capture_0201_027_uk_n_00000000_f_r.png,/content/drive/MyDrive/612 data/PokeSpriteCleaned/0201unown/unown-question_shiny.png
485,0202wobbuffet,poke_capture_0202_000_fd_n_00000000_f_n.png,0202wobbuffet,wobbuffet_female.png,/content/drive/MyDrive/612 data/ProjectPokemonCleaned/0202wobbuffet/poke_capture_0202_000_fd_n_00000000_f_n.png,/content/drive/MyDrive/612 data/PokeSpriteCleaned/0202wobbuffet/wobbuffet_female.png
486,0202wobbuffet,poke_capture_0202_000_fd_n_00000000_f_r.png,0202wobbuffet,wobbuffet_shiny_female.png,/content/drive/MyDrive/612 data/ProjectPokemonCleaned/0202wobbuffet/poke_capture_0202_000_fd_n_00000000_f_r.png,/content/drive/MyDrive/612 data/PokeSpriteCleaned/0202wobbuffet/wobbuffet_shiny_female.png
487,0202wobbuffet,poke_capture_0202_000_md_n_00000000_f_n.png,0202wobbuffet,wobbuffet.png,/content/drive/MyDrive/612 data/ProjectPokemonCleaned/0202wobbuffet/poke_capture_0202_000_md_n_00000000_f_n.png,/content/drive/MyDrive/612 data/PokeSpriteCleaned/0202wobbuffet/wobbuffet.png
488,0202wobbuffet,poke_capture_0202_000_md_n_00000000_f_r.png,0202wobbuffet,wobbuffet_shiny.png,/content/drive/MyDrive/612 data/ProjectPokemonCleaned/0202wobbuffet/poke_capture_0202_000_md_n_00000000_f_r.png,/content/drive/MyDrive/612 data/PokeSpriteCleaned/0202wobbuffet/wobbuffet_shiny.png
489,0203girafarig,poke_capture_0203_000_fd_n_00000000_f_n.png,0203girafarig,girafarig.png,/content/drive/MyDrive/612 data/ProjectPokemonCleaned/0203girafarig/poke_capture_0203_000_fd_n_00000000_f_n.png,/content/drive/MyDrive/612 data/PokeSpriteCleaned/0203girafarig/girafarig.png
490,0203girafarig,poke_capture_0203_000_md_n_00000000_f_r.png,0203girafarig,girafarig_shiny.png,/content/drive/MyDrive/612 data/ProjectPokemonCleaned/0203girafarig/poke_capture_0203_000_md_n_00000000_f_r.png,/content/drive/MyDrive/612 data/PokeSpriteCleaned/0203girafarig/girafarig_shiny.png
491,0204pineco,poke_capture_0204_000_mf_n_00000000_f_n.png,0204pineco,pineco.png,/content/drive/MyDrive/612 data/ProjectPokemonCleaned/0204pineco/poke_capture_0204_000_mf_n_00000000_f_n.png,/content/drive/MyDrive/612 data/PokeSpriteCleaned/0204pineco/pineco.png
492,0204pineco,poke_capture_0204_000_mf_n_00000000_f_r.png,0204pineco,pineco_shiny.png,/content/drive/MyDrive/612 data/ProjectPokemonCleaned/0204pineco/poke_capture_0204_000_mf_n_00000000_f_r.png,/content/drive/MyDrive/612 data/PokeSpriteCleaned/0204pineco/pineco_shiny.png
493,0205forretress,poke_capture_0205_000_mf_n_00000000_f_n.png,0205forretress,forretress.png,/content/drive/MyDrive/612 data/ProjectPokemonCleaned/0205forretress/poke_capture_0205_000_mf_n_00000000_f_n.png,/content/drive/MyDrive/612 data/PokeSpriteCleaned/0205forretress/forretress.png
494,0205forretress,poke_capture_0205_000_mf_n_00000000_f_r.png,0205forretress,forretress_shiny.png,/content/drive/MyDrive/612 data/ProjectPokemonCleaned/0205forretress/poke_capture_0205_000_mf_n_00000000_f_r.png,/content/drive/MyDrive/612 data/PokeSpriteCleaned/0205forretress/forretress_shiny.png
495,0206dunsparce,poke_capture_0206_000_mf_n_00000000_f_n.png,0206dunsparce,dunsparce.png,/content/drive/MyDrive/612 data/ProjectPokemonCleaned/0206dunsparce/poke_capture_0206_000_mf_n_00000000_f_n.png,/content/drive/MyDrive/612 data/PokeSpriteCleaned/0206dunsparce/dunsparce.png
496,0206dunsparce,poke_capture_0206_000_mf_n_00000000_f_r.png,0206dunsparce,dunsparce_shiny.png,/content/drive/MyDrive/612 data/ProjectPokemonCleaned/0206dunsparce/poke_capture_0206_000_mf_n_00000000_f_r.png,/content/drive/MyDrive/612 data/PokeSpriteCleaned/0206dunsparce/dunsparce_shiny.png
497,0207gligar,poke_capture_0207_000_fd_n_00000000_f_n.png,0207gligar,gligar.png,/content/drive/MyDrive/612 data/ProjectPokemonCleaned/0207gligar/poke_capture_0207_000_fd_n_00000000_f_n.png,/content/drive/MyDrive/612 data/PokeSpriteCleaned/0207gligar/gligar.png
498,0207gligar,poke_capture_0207_000_fd_n_00000000_f_r.png,0207gligar,gligar_shiny.png,/content/drive/MyDrive/612 data/ProjectPokemonCleaned/0207gligar/poke_capture_0207_000_fd_n_00000000_f_r.png,/content/drive/MyDrive/612 data/PokeSpriteCleaned/0207gligar/gligar_shiny.png
499,0208steelix,poke_capture_0208_000_fd_n_00000000_f_n.png,0208steelix,steelix.png,/content/drive/MyDrive/612 data/ProjectPokemonCleaned/0208steelix/poke_capture_0208_000_fd_n_00000000_f_n.png,/content/drive/MyDrive/612 data/PokeSpriteCleaned/0208steelix/steelix.png
500,0208steelix,poke_capture_0208_000_fd_n_00000000_f_r.png,0208steelix,steelix_shiny.png,/content/drive/MyDrive/612 data/ProjectPokemonCleaned/0208steelix/poke_capture_0208_000_fd_n_00000000_f_r.png,/content/drive/MyDrive/612 data/PokeSpriteCleaned/0208steelix/steelix_shiny.png
501,0208steelix,poke_capture_0208_001_mf_n_00000000_f_n.png,0208steelix,steelix-mega.png,/content/drive/MyDrive/612 data/ProjectPokemonCleaned/0208steelix/poke_capture_0208_001_mf_n_00000000_f_n.png,/content/drive/MyDrive/612 data/PokeSpriteCleaned/0208steelix/steelix-mega.png
502,0208steelix,poke_capture_0208_001_mf_n_00000000_f_r.png,0208steelix,steelix-mega_shiny.png,/content/drive/MyDrive/612 data/ProjectPokemonCleaned/0208steelix/poke_capture_0208_001_mf_n_00000000_f_r.png,/content/drive/MyDrive/612 data/PokeSpriteCleaned/0208steelix/steelix-mega_shiny.png
503,0209snubbull,poke_capture_0209_000_mf_n_00000000_f_n.png,0209snubbull,snubbull.png,/content/drive/MyDrive/612 data/ProjectPokemonCleaned/0209snubbull/poke_capture_0209_000_mf_n_00000000_f_n.png,/content/drive/MyDrive/612 data/PokeSpriteCleaned/0209snubbull/snubbull.png
504,0209snubbull,poke_capture_0209_000_mf_n_00000000_f_r.png,0209snubbull,snubbull_shiny.png,/content/drive/MyDrive/612 data/ProjectPokemonCleaned/0209snubbull/poke_capture_0209_000_mf_n_00000000_f_r.png,/content/drive/MyDrive/612 data/PokeSpriteCleaned/0209snubbull/snubbull_shiny.png
505,0212scizor,poke_capture_0212_000_fd_n_00000000_f_n.png,0212scizor,scizor.png,/content/drive/MyDrive/612 data/ProjectPokemonCleaned/0212scizor/poke_capture_0212_000_fd_n_00000000_f_n.png,/content/drive/MyDrive/612 data/PokeSpriteCleaned/0212scizor/scizor.png
506,0212scizor,poke_capture_0212_000_md_n_00000000_f_r.png,0212scizor,scizor_shiny.png,/content/drive/MyDrive/612 data/ProjectPokemonCleaned/0212scizor/poke_capture_0212_000_md_n_00000000_f_r.png,/content/drive/MyDrive/612 data/PokeSpriteCleaned/0212scizor/scizor_shiny.png
507,0212scizor,poke_capture_0212_001_mf_n_00000000_f_n.png,0212scizor,scizor-mega.png,/content/drive/MyDrive/612 data/ProjectPokemonCleaned/0212scizor/poke_capture_0212_001_mf_n_00000000_f_n.png,/content/drive/MyDrive/612 data/PokeSpriteCleaned/0212scizor/scizor-mega.png
508,0212scizor,poke_capture_0212_001_mf_n_00000000_f_r.png,0212scizor,scizor-mega_shiny.png,/content/drive/MyDrive/612 data/ProjectPokemonCleaned/0212scizor/poke_capture_0212_001_mf_n_00000000_f_r.png,/content/drive/MyDrive/612 data/PokeSpriteCleaned/0212scizor/scizor-mega_shiny.png
509,0214heracross,poke_capture_0214_000_fd_n_00000000_f_n.png,0214heracross,heracross.png,/content/drive/MyDrive/612 data/ProjectPokemonCleaned/0214heracross/poke_capture_0214_000_fd_n_00000000_f_n.png,/content/drive/MyDrive/612 data/PokeSpriteCleaned/0214heracross/heracross.png
510,0214heracross,poke_capture_0214_000_md_n_00000000_f_r.png,0214heracross,heracross_shiny.png,/content/drive/MyDrive/612 data/ProjectPokemonCleaned/0214heracross/poke_capture_0214_000_md_n_00000000_f_r.png,/content/drive/MyDrive/612 data/PokeSpriteCleaned/0214heracross/heracross_shiny.png
511,0214heracross,poke_capture_0214_001_mf_n_00000000_f_n.png,0214heracross,heracross-mega.png,/content/drive/MyDrive/612 data/ProjectPokemonCleaned/0214heracross/poke_capture_0214_001_mf_n_00000000_f_n.png,/content/drive/MyDrive/612 data/PokeSpriteCleaned/0214heracross/heracross-mega.png
512,0214heracross,poke_capture_0214_001_mf_n_00000000_f_r.png,0214heracross,heracross-mega_shiny.png,/content/drive/MyDrive/612 data/ProjectPokemonCleaned/0214heracross/poke_capture_0214_001_mf_n_00000000_f_r.png,/content/drive/MyDrive/612 data/PokeSpriteCleaned/0214heracross/heracross-mega_shiny.png
513,0215sneasel,poke_capture_0215_000_fd_n_00000000_f_n.png,0215sneasel,sneasel.png,/content/drive/MyDrive/612 data/ProjectPokemonCleaned/0215sneasel/poke_capture_0215_000_fd_n_00000000_f_n.png,/content/drive/MyDrive/612 data/PokeSpriteCleaned/0215sneasel/sneasel.png
514,0215sneasel,poke_capture_0215_000_md_n_00000000_f_r.png,0215sneasel,sneasel_shiny.png,/content/drive/MyDrive/612 data/ProjectPokemonCleaned/0215sneasel/poke_capture_0215_000_md_n_00000000_f_r.png,/content/drive/MyDrive/612 data/PokeSpriteCleaned/0215sneasel/sneasel_shiny.png
515,0216teddiursa,poke_capture_0216_000_mf_n_00000000_f_n.png,0216teddiursa,teddiursa.png,/content/drive/MyDrive/612 data/ProjectPokemonCleaned/0216teddiursa/poke_capture_0216_000_mf_n_00000000_f_n.png,/content/drive/MyDrive/612 data/PokeSpriteCleaned/0216teddiursa/teddiursa.png
516,0216teddiursa,poke_capture_0216_000_mf_n_00000000_f_r.png,0216teddiursa,teddiursa_shiny.png,/content/drive/MyDrive/612 data/ProjectPokemonCleaned/0216teddiursa/poke_capture_0216_000_mf_n_00000000_f_r.png,/content/drive/MyDrive/612 data/PokeSpriteCleaned/0216teddiursa/teddiursa_shiny.png
517,0217ursaring,poke_capture_0217_000_fd_n_00000000_f_n.png,0217ursaring,ursaring.png,/content/drive/MyDrive/612 data/ProjectPokemonCleaned/0217ursaring/poke_capture_0217_000_fd_n_00000000_f_n.png,/content/drive/MyDrive/612 data/PokeSpriteCleaned/0217ursaring/ursaring.png
518,0217ursaring,poke_capture_0217_000_md_n_00000000_f_r.png,0217ursaring,ursaring_shiny.png,/content/drive/MyDrive/612 data/ProjectPokemonCleaned/0217ursaring/poke_capture_0217_000_md_n_00000000_f_r.png,/content/drive/MyDrive/612 data/PokeSpriteCleaned/0217ursaring/ursaring_shiny.png
519,0218slugma,poke_capture_0218_000_mf_n_00000000_f_n.png,0218slugma,slugma.png,/content/drive/MyDrive/612 data/ProjectPokemonCleaned/0218slugma/poke_capture_0218_000_mf_n_00000000_f_n.png,/content/drive/MyDrive/612 data/PokeSpriteCleaned/0218slugma/slugma.png
520,0218slugma,poke_capture_0218_000_mf_n_00000000_f_r.png,0218slugma,slugma_shiny.png,/content/drive/MyDrive/612 data/ProjectPokemonCleaned/0218slugma/poke_capture_0218_000_mf_n_00000000_f_r.png,/content/drive/MyDrive/612 data/PokeSpriteCleaned/0218slugma/slugma_shiny.png
521,0219magcargo,poke_capture_0219_000_mf_n_00000000_f_n.png,0219magcargo,magcargo.png,/content/drive/MyDrive/612 data/ProjectPokemonCleaned/0219magcargo/poke_capture_0219_000_mf_n_00000000_f_n.png,/content/drive/MyDrive/612 data/PokeSpriteCleaned/0219magcargo/magcargo.png
522,0219magcargo,poke_capture_0219_000_mf_n_00000000_f_r.png,0219magcargo,magcargo_shiny.png,/content/drive/MyDrive/612 data/ProjectPokemonCleaned/0219magcargo/poke_capture_0219_000_mf_n_00000000_f_r.png,/content/drive/MyDrive/612 data/PokeSpriteCleaned/0219magcargo/magcargo_shiny.png
523,0220swinub,poke_capture_0220_000_mf_n_00000000_f_n.png,0220swinub,swinub.png,/content/drive/MyDrive/612 data/ProjectPokemonCleaned/0220swinub/poke_capture_0220_000_mf_n_00000000_f_n.png,/content/drive/MyDrive/612 data/PokeSpriteCleaned/0220swinub/swinub.png
524,0220swinub,poke_capture_0220_000_mf_n_00000000_f_r.png,0220swinub,swinub_shiny.png,/content/drive/MyDrive/612 data/ProjectPokemonCleaned/0220swinub/poke_capture_0220_000_mf_n_00000000_f_r.png,/content/drive/MyDrive/612 data/PokeSpriteCleaned/0220swinub/swinub_shiny.png
525,0221piloswine,poke_capture_0221_000_fd_n_00000000_f_n.png,0221piloswine,piloswine.png,/content/drive/MyDrive/612 data/ProjectPokemonCleaned/0221piloswine/poke_capture_0221_000_fd_n_00000000_f_n.png,/content/drive/MyDrive/612 data/PokeSpriteCleaned/0221piloswine/piloswine.png
526,0221piloswine,poke_capture_0221_000_md_n_00000000_f_r.png,0221piloswine,piloswine_shiny.png,/content/drive/MyDrive/612 data/ProjectPokemonCleaned/0221piloswine/poke_capture_0221_000_md_n_00000000_f_r.png,/content/drive/MyDrive/612 data/PokeSpriteCleaned/0221piloswine/piloswine_shiny.png
527,0223remoraid,poke_capture_0223_000_mf_n_00000000_f_n.png,0223remoraid,remoraid.png,/content/drive/MyDrive/612 data/ProjectPokemonCleaned/0223remoraid/poke_capture_0223_000_mf_n_00000000_f_n.png,/content/drive/MyDrive/612 data/PokeSpriteCleaned/0223remoraid/remoraid.png
528,0223remoraid,poke_capture_0223_000_mf_n_00000000_f_r.png,0223remoraid,remoraid_shiny.png,/content/drive/MyDrive/612 data/ProjectPokemonCleaned/0223remoraid/poke_capture_0223_000_mf_n_00000000_f_r.png,/content/drive/MyDrive/612 data/PokeSpriteCleaned/0223remoraid/remoraid_shiny.png
529,0224octillery,poke_capture_0224_000_fd_n_00000000_f_n.png,0224octillery,octillery.png,/content/drive/MyDrive/612 data/ProjectPokemonCleaned/0224octillery/poke_capture_0224_000_fd_n_00000000_f_n.png,/content/drive/MyDrive/612 data/PokeSpriteCleaned/0224octillery/octillery.png
530,0224octillery,poke_capture_0224_000_md_n_00000000_f_r.png,0224octillery,octillery_shiny.png,/content/drive/MyDrive/612 data/ProjectPokemonCleaned/0224octillery/poke_capture_0224_000_md_n_00000000_f_r.png,/content/drive/MyDrive/612 data/PokeSpriteCleaned/0224octillery/octillery_shiny.png
531,0225delibird,poke_capture_0225_000_mf_n_00000000_f_n.png,0225delibird,delibird.png,/content/drive/MyDrive/612 data/ProjectPokemonCleaned/0225delibird/poke_capture_0225_000_mf_n_00000000_f_n.png,/content/drive/MyDrive/612 data/PokeSpriteCleaned/0225delibird/delibird.png
532,0225delibird,poke_capture_0225_000_mf_n_00000000_f_r.png,0225delibird,delibird_shiny.png,/content/drive/MyDrive/612 data/ProjectPokemonCleaned/0225delibird/poke_capture_0225_000_mf_n_00000000_f_r.png,/content/drive/MyDrive/612 data/PokeSpriteCleaned/0225delibird/delibird_shiny.png
533,0226mantine,poke_capture_0226_000_mf_n_00000000_f_n.png,0226mantine,mantine.png,/content/drive/MyDrive/612 data/ProjectPokemonCleaned/0226mantine/poke_capture_0226_000_mf_n_00000000_f_n.png,/content/drive/MyDrive/612 data/PokeSpriteCleaned/0226mantine/mantine.png
534,0226mantine,poke_capture_0226_000_mf_n_00000000_f_r.png,0226mantine,mantine_shiny.png,/content/drive/MyDrive/612 data/ProjectPokemonCleaned/0226mantine/poke_capture_0226_000_mf_n_00000000_f_r.png,/content/drive/MyDrive/612 data/PokeSpriteCleaned/0226mantine/mantine_shiny.png
535,0227skarmory,poke_capture_0227_000_mf_n_00000000_f_n.png,0227skarmory,skarmory.png,/content/drive/MyDrive/612 data/ProjectPokemonCleaned/0227skarmory/poke_capture_0227_000_mf_n_00000000_f_n.png,/content/drive/MyDrive/612 data/PokeSpriteCleaned/0227skarmory/skarmory.png
536,0227skarmory,poke_capture_0227_000_mf_n_00000000_f_r.png,0227skarmory,skarmory_shiny.png,/content/drive/MyDrive/612 data/ProjectPokemonCleaned/0227skarmory/poke_capture_0227_000_mf_n_00000000_f_r.png,/content/drive/MyDrive/612 data/PokeSpriteCleaned/0227skarmory/skarmory_shiny.png
537,0228houndour,poke_capture_0228_000_mf_n_00000000_f_n.png,0228houndour,houndour.png,/content/drive/MyDrive/612 data/ProjectPokemonCleaned/0228houndour/poke_capture_0228_000_mf_n_00000000_f_n.png,/content/drive/MyDrive/612 data/PokeSpriteCleaned/0228houndour/houndour.png
538,0229houndoom,poke_capture_0229_000_fd_n_00000000_f_r.png,0229houndoom,houndoom_shiny.png,/content/drive/MyDrive/612 data/ProjectPokemonCleaned/0229houndoom/poke_capture_0229_000_fd_n_00000000_f_r.png,/content/drive/MyDrive/612 data/PokeSpriteCleaned/0229houndoom/houndoom_shiny.png
539,0230kingdra,poke_capture_0230_000_mf_n_00000000_f_n.png,0230kingdra,kingdra.png,/content/drive/MyDrive/612 data/ProjectPokemonCleaned/0230kingdra/poke_capture_0230_000_mf_n_00000000_f_n.png,/content/drive/MyDrive/612 data/PokeSpriteCleaned/0230kingdra/kingdra.png
540,0230kingdra,poke_capture_0230_000_mf_n_00000000_f_r.png,0230kingdra,kingdra_shiny.png,/content/drive/MyDrive/612 data/ProjectPokemonCleaned/0230kingdra/poke_capture_0230_000_mf_n_00000000_f_r.png,/content/drive/MyDrive/612 data/PokeSpriteCleaned/0230kingdra/kingdra_shiny.png
541,0231phanpy,poke_capture_0231_000_mf_n_00000000_f_n.png,0231phanpy,phanpy.png,/content/drive/MyDrive/612 data/ProjectPokemonCleaned/0231phanpy/poke_capture_0231_000_mf_n_00000000_f_n.png,/content/drive/MyDrive/612 data/PokeSpriteCleaned/0231phanpy/phanpy.png
542,0231phanpy,poke_capture_0231_000_mf_n_00000000_f_r.png,0231phanpy,phanpy_shiny.png,/content/drive/MyDrive/612 data/ProjectPokemonCleaned/0231phanpy/poke_capture_0231_000_mf_n_00000000_f_r.png,/content/drive/MyDrive/612 data/PokeSpriteCleaned/0231phanpy/phanpy_shiny.png
543,0232donphan,poke_capture_0232_000_fd_n_00000000_f_n.png,0232donphan,donphan.png,/content/drive/MyDrive/612 data/ProjectPokemonCleaned/0232donphan/poke_capture_0232_000_fd_n_00000000_f_n.png,/content/drive/MyDrive/612 data/PokeSpriteCleaned/0232donphan/donphan.png
544,0232donphan,poke_capture_0232_000_fd_n_00000000_f_r.png,0232donphan,donphan_shiny.png,/content/drive/MyDrive/612 data/ProjectPokemonCleaned/0232donphan/poke_capture_0232_000_fd_n_00000000_f_r.png,/content/drive/MyDrive/612 data/PokeSpriteCleaned/0232donphan/donphan_shiny.png
545,0232donphan,poke_capture_0232_000_md_n_00000000_f_n.png,0232donphan,donphan.png,/content/drive/MyDrive/612 data/ProjectPokemonCleaned/0232donphan/poke_capture_0232_000_md_n_00000000_f_n.png,/content/drive/MyDrive/612 data/PokeSpriteCleaned/0232donphan/donphan.png
546,0232donphan,poke_capture_0232_000_md_n_00000000_f_r.png,0232donphan,donphan_shiny.png,/content/drive/MyDrive/612 data/ProjectPokemonCleaned/0232donphan/poke_capture_0232_000_md_n_00000000_f_r.png,/content/drive/MyDrive/612 data/PokeSpriteCleaned/0232donphan/donphan_shiny.png
547,0234stantler,poke_capture_0234_000_mf_n_00000000_f_n.png,0234stantler,stantler.png,/content/drive/MyDrive/612 data/ProjectPokemonCleaned/0234stantler/poke_capture_0234_000_mf_n_00000000_f_n.png,/content/drive/MyDrive/612 data/PokeSpriteCleaned/0234stantler/stantler.png
548,0234stantler,poke_capture_0234_000_mf_n_00000000_f_r.png,0234stantler,stantler_shiny.png,/content/drive/MyDrive/612 data/ProjectPokemonCleaned/0234stantler/poke_capture_0234_000_mf_n_00000000_f_r.png,/content/drive/MyDrive/612 data/PokeSpriteCleaned/0234stantler/stantler_shiny.png
549,0235smeargle,poke_capture_0235_000_mf_n_00000000_f_n.png,0235smeargle,smeargle.png,/content/drive/MyDrive/612 data/ProjectPokemonCleaned/0235smeargle/poke_capture_0235_000_mf_n_00000000_f_n.png,/content/drive/MyDrive/612 data/PokeSpriteCleaned/0235smeargle/smeargle.png
550,0235smeargle,poke_capture_0235_000_mf_n_00000000_f_r.png,0235smeargle,smeargle_shiny.png,/content/drive/MyDrive/612 data/ProjectPokemonCleaned/0235smeargle/poke_capture_0235_000_mf_n_00000000_f_r.png,/content/drive/MyDrive/612 data/PokeSpriteCleaned/0235smeargle/smeargle_shiny.png
551,0236tyrogue,poke_capture_0236_000_mo_n_00000000_f_n.png,0236tyrogue,tyrogue.png,/content/drive/MyDrive/612 data/ProjectPokemonCleaned/0236tyrogue/poke_capture_0236_000_mo_n_00000000_f_n.png,/content/drive/MyDrive/612 data/PokeSpriteCleaned/0236tyrogue/tyrogue.png
552,0236tyrogue,poke_capture_0236_000_mo_n_00000000_f_r.png,0236tyrogue,tyrogue_shiny.png,/content/drive/MyDrive/612 data/ProjectPokemonCleaned/0236tyrogue/poke_capture_0236_000_mo_n_00000000_f_r.png,/content/drive/MyDrive/612 data/PokeSpriteCleaned/0236tyrogue/tyrogue_shiny.png
553,0238smoochum,poke_capture_0238_000_fo_n_00000000_f_n.png,0238smoochum,smoochum.png,/content/drive/MyDrive/612 data/ProjectPokemonCleaned/0238smoochum/poke_capture_0238_000_fo_n_00000000_f_n.png,/content/drive/MyDrive/612 data/PokeSpriteCleaned/0238smoochum/smoochum.png
554,0239elekid,poke_capture_0239_000_mf_n_00000000_f_n.png,0239elekid,elekid.png,/content/drive/MyDrive/612 data/ProjectPokemonCleaned/0239elekid/poke_capture_0239_000_mf_n_00000000_f_n.png,/content/drive/MyDrive/612 data/PokeSpriteCleaned/0239elekid/elekid.png
555,0239elekid,poke_capture_0239_000_mf_n_00000000_f_r.png,0239elekid,elekid_shiny.png,/content/drive/MyDrive/612 data/ProjectPokemonCleaned/0239elekid/poke_capture_0239_000_mf_n_00000000_f_r.png,/content/drive/MyDrive/612 data/PokeSpriteCleaned/0239elekid/elekid_shiny.png
556,0240magby,poke_capture_0240_000_mf_n_00000000_f_n.png,0240magby,magby.png,/content/drive/MyDrive/612 data/ProjectPokemonCleaned/0240magby/poke_capture_0240_000_mf_n_00000000_f_n.png,/content/drive/MyDrive/612 data/PokeSpriteCleaned/0240magby/magby.png
557,0240magby,poke_capture_0240_000_mf_n_00000000_f_r.png,0240magby,magby_shiny.png,/content/drive/MyDrive/612 data/ProjectPokemonCleaned/0240magby/poke_capture_0240_000_mf_n_00000000_f_r.png,/content/drive/MyDrive/612 data/PokeSpriteCleaned/0240magby/magby_shiny.png
558,0243raikou,poke_capture_0243_000_uk_n_00000000_f_n.png,0243raikou,raikou.png,/content/drive/MyDrive/612 data/ProjectPokemonCleaned/0243raikou/poke_capture_0243_000_uk_n_00000000_f_n.png,/content/drive/MyDrive/612 data/PokeSpriteCleaned/0243raikou/raikou.png
559,0243raikou,poke_capture_0243_000_uk_n_00000000_f_r.png,0243raikou,raikou_shiny.png,/content/drive/MyDrive/612 data/ProjectPokemonCleaned/0243raikou/poke_capture_0243_000_uk_n_00000000_f_r.png,/content/drive/MyDrive/612 data/PokeSpriteCleaned/0243raikou/raikou_shiny.png
560,0244entei,poke_capture_0244_000_uk_n_00000000_f_n.png,0244entei,entei.png,/content/drive/MyDrive/612 data/ProjectPokemonCleaned/0244entei/poke_capture_0244_000_uk_n_00000000_f_n.png,/content/drive/MyDrive/612 data/PokeSpriteCleaned/0244entei/entei.png
561,0244entei,poke_capture_0244_000_uk_n_00000000_f_r.png,0244entei,entei_shiny.png,/content/drive/MyDrive/612 data/ProjectPokemonCleaned/0244entei/poke_capture_0244_000_uk_n_00000000_f_r.png,/content/drive/MyDrive/612 data/PokeSpriteCleaned/0244entei/entei_shiny.png
562,0245suicune,poke_capture_0245_000_uk_n_00000000_f_n.png,0245suicune,suicune.png,/content/drive/MyDrive/612 data/ProjectPokemonCleaned/0245suicune/poke_capture_0245_000_uk_n_00000000_f_n.png,/content/drive/MyDrive/612 data/PokeSpriteCleaned/0245suicune/suicune.png
563,0245suicune,poke_capture_0245_000_uk_n_00000000_f_r.png,0245suicune,suicune_shiny.png,/content/drive/MyDrive/612 data/ProjectPokemonCleaned/0245suicune/poke_capture_0245_000_uk_n_00000000_f_r.png,/content/drive/MyDrive/612 data/PokeSpriteCleaned/0245suicune/suicune_shiny.png
564,0246larvitar,poke_capture_0246_000_mf_n_00000000_f_n.png,0246larvitar,larvitar.png,/content/drive/MyDrive/612 data/ProjectPokemonCleaned/0246larvitar/poke_capture_0246_000_mf_n_00000000_f_n.png,/content/drive/MyDrive/612 data/PokeSpriteCleaned/0246larvitar/larvitar.png
565,0246larvitar,poke_capture_0246_000_mf_n_00000000_f_r.png,0246larvitar,larvitar_shiny.png,/content/drive/MyDrive/612 data/ProjectPokemonCleaned/0246larvitar/poke_capture_0246_000_mf_n_00000000_f_r.png,/content/drive/MyDrive/612 data/PokeSpriteCleaned/0246larvitar/larvitar_shiny.png
566,0248tyranitar,poke_capture_0248_000_mf_n_00000000_f_n.png,0248tyranitar,tyranitar.png,/content/drive/MyDrive/612 data/ProjectPokemonCleaned/0248tyranitar/poke_capture_0248_000_mf_n_00000000_f_n.png,/content/drive/MyDrive/612 data/PokeSpriteCleaned/0248tyranitar/tyranitar.png
567,0248tyranitar,poke_capture_0248_000_mf_n_00000000_f_r.png,0248tyranitar,tyranitar_shiny.png,/content/drive/MyDrive/612 data/ProjectPokemonCleaned/0248tyranitar/poke_capture_0248_000_mf_n_00000000_f_r.png,/content/drive/MyDrive/612 data/PokeSpriteCleaned/0248tyranitar/tyranitar_shiny.png
568,0248tyranitar,poke_capture_0248_001_mf_n_00000000_f_n.png,0248tyranitar,tyranitar-mega.png,/content/drive/MyDrive/612 data/ProjectPokemonCleaned/0248tyranitar/poke_capture_0248_001_mf_n_00000000_f_n.png,/content/drive/MyDrive/612 data/PokeSpriteCleaned/0248tyranitar/tyranitar-mega.png
569,0248tyranitar,poke_capture_0248_001_mf_n_00000000_f_r.png,0248tyranitar,tyranitar-mega_shiny.png,/content/drive/MyDrive/612 data/ProjectPokemonCleaned/0248tyranitar/poke_capture_0248_001_mf_n_00000000_f_r.png,/content/drive/MyDrive/612 data/PokeSpriteCleaned/0248tyranitar/tyranitar-mega_shiny.png
570,0249lugia,poke_capture_0249_000_uk_n_00000000_f_n.png,0249lugia,lugia.png,/content/drive/MyDrive/612 data/ProjectPokemonCleaned/0249lugia/poke_capture_0249_000_uk_n_00000000_f_n.png,/content/drive/MyDrive/612 data/PokeSpriteCleaned/0249lugia/lugia.png
571,0249lugia,poke_capture_0249_000_uk_n_00000000_f_r.png,0249lugia,lugia_shiny.png,/content/drive/MyDrive/612 data/ProjectPokemonCleaned/0249lugia/poke_capture_0249_000_uk_n_00000000_f_r.png,/content/drive/MyDrive/612 data/PokeSpriteCleaned/0249lugia/lugia_shiny.png
572,0251celebi,poke_capture_0251_000_uk_n_00000000_f_n.png,0251celebi,celebi.png,/content/drive/MyDrive/612 data/ProjectPokemonCleaned/0251celebi/poke_capture_0251_000_uk_n_00000000_f_n.png,/content/drive/MyDrive/612 data/PokeSpriteCleaned/0251celebi/celebi.png
573,0251celebi,poke_capture_0251_000_uk_n_00000000_f_r.png,0251celebi,celebi_shiny.png,/content/drive/MyDrive/612 data/ProjectPokemonCleaned/0251celebi/poke_capture_0251_000_uk_n_00000000_f_r.png,/content/drive/MyDrive/612 data/PokeSpriteCleaned/0251celebi/celebi_shiny.png
574,0252treecko,poke_capture_0252_000_mf_n_00000000_f_n.png,0252treecko,treecko.png,/content/drive/MyDrive/612 data/ProjectPokemonCleaned/0252treecko/poke_capture_0252_000_mf_n_00000000_f_n.png,/content/drive/MyDrive/612 data/PokeSpriteCleaned/0252treecko/treecko.png
575,0252treecko,poke_capture_0252_000_mf_n_00000000_f_r.png,0252treecko,treecko_shiny.png,/content/drive/MyDrive/612 data/ProjectPokemonCleaned/0252treecko/poke_capture_0252_000_mf_n_00000000_f_r.png,/content/drive/MyDrive/612 data/PokeSpriteCleaned/0252treecko/treecko_shiny.png
576,0253grovyle,poke_capture_0253_000_mf_n_00000000_f_n.png,0253grovyle,grovyle.png,/content/drive/MyDrive/612 data/ProjectPokemonCleaned/0253grovyle/poke_capture_0253_000_mf_n_00000000_f_n.png,/content/drive/MyDrive/612 data/PokeSpriteCleaned/0253grovyle/grovyle.png
577,0253grovyle,poke_capture_0253_000_mf_n_00000000_f_r.png,0253grovyle,grovyle_shiny.png,/content/drive/MyDrive/612 data/ProjectPokemonCleaned/0253grovyle/poke_capture_0253_000_mf_n_00000000_f_r.png,/content/drive/MyDrive/612 data/PokeSpriteCleaned/0253grovyle/grovyle_shiny.png
578,0254sceptile,poke_capture_0254_000_mf_n_00000000_f_n.png,0254sceptile,sceptile.png,/content/drive/MyDrive/612 data/ProjectPokemonCleaned/0254sceptile/poke_capture_0254_000_mf_n_00000000_f_n.png,/content/drive/MyDrive/612 data/PokeSpriteCleaned/0254sceptile/sceptile.png
579,0254sceptile,poke_capture_0254_000_mf_n_00000000_f_r.png,0254sceptile,sceptile_shiny.png,/content/drive/MyDrive/612 data/ProjectPokemonCleaned/0254sceptile/poke_capture_0254_000_mf_n_00000000_f_r.png,/content/drive/MyDrive/612 data/PokeSpriteCleaned/0254sceptile/sceptile_shiny.png
580,0255torchic,poke_capture_0255_000_fd_n_00000000_f_n.png,0255torchic,torchic.png,/content/drive/MyDrive/612 data/ProjectPokemonCleaned/0255torchic/poke_capture_0255_000_fd_n_00000000_f_n.png,/content/drive/MyDrive/612 data/PokeSpriteCleaned/0255torchic/torchic.png
581,0255torchic,poke_capture_0255_000_fd_n_00000000_f_r.png,0255torchic,torchic_shiny.png,/content/drive/MyDrive/612 data/ProjectPokemonCleaned/0255torchic/poke_capture_0255_000_fd_n_00000000_f_r.png,/content/drive/MyDrive/612 data/PokeSpriteCleaned/0255torchic/torchic_shiny.png
582,0256combusken,poke_capture_0256_000_fd_n_00000000_f_n.png,0256combusken,combusken.png,/content/drive/MyDrive/612 data/ProjectPokemonCleaned/0256combusken/poke_capture_0256_000_fd_n_00000000_f_n.png,/content/drive/MyDrive/612 data/PokeSpriteCleaned/0256combusken/combusken.png
583,0256combusken,poke_capture_0256_000_fd_n_00000000_f_r.png,0256combusken,combusken_shiny.png,/content/drive/MyDrive/612 data/ProjectPokemonCleaned/0256combusken/poke_capture_0256_000_fd_n_00000000_f_r.png,/content/drive/MyDrive/612 data/PokeSpriteCleaned/0256combusken/combusken_shiny.png
584,0257blaziken,poke_capture_0257_000_fd_n_00000000_f_n.png,0257blaziken,blaziken.png,/content/drive/MyDrive/612 data/ProjectPokemonCleaned/0257blaziken/poke_capture_0257_000_fd_n_00000000_f_n.png,/content/drive/MyDrive/612 data/PokeSpriteCleaned/0257blaziken/blaziken.png
585,0257blaziken,poke_capture_0257_001_mf_n_00000000_f_n.png,0257blaziken,blaziken-mega.png,/content/drive/MyDrive/612 data/ProjectPokemonCleaned/0257blaziken/poke_capture_0257_001_mf_n_00000000_f_n.png,/content/drive/MyDrive/612 data/PokeSpriteCleaned/0257blaziken/blaziken-mega.png
586,0257blaziken,poke_capture_0257_001_mf_n_00000000_f_r.png,0257blaziken,blaziken-mega_shiny.png,/content/drive/MyDrive/612 data/ProjectPokemonCleaned/0257blaziken/poke_capture_0257_001_mf_n_00000000_f_r.png,/content/drive/MyDrive/612 data/PokeSpriteCleaned/0257blaziken/blaziken-mega_shiny.png
587,0258mudkip,poke_capture_0258_000_mf_n_00000000_f_n.png,0258mudkip,mudkip.png,/content/drive/MyDrive/612 data/ProjectPokemonCleaned/0258mudkip/poke_capture_0258_000_mf_n_00000000_f_n.png,/content/drive/MyDrive/612 data/PokeSpriteCleaned/0258mudkip/mudkip.png
588,0259marshtomp,poke_capture_0259_000_mf_n_00000000_f_n.png,0259marshtomp,marshtomp.png,/content/drive/MyDrive/612 data/ProjectPokemonCleaned/0259marshtomp/poke_capture_0259_000_mf_n_00000000_f_n.png,/content/drive/MyDrive/612 data/PokeSpriteCleaned/0259marshtomp/marshtomp.png
589,0259marshtomp,poke_capture_0259_000_mf_n_00000000_f_r.png,0259marshtomp,marshtomp_shiny.png,/content/drive/MyDrive/612 data/ProjectPokemonCleaned/0259marshtomp/poke_capture_0259_000_mf_n_00000000_f_r.png,/content/drive/MyDrive/612 data/PokeSpriteCleaned/0259marshtomp/marshtomp_shiny.png
590,0260swampert,poke_capture_0260_000_mf_n_00000000_f_n.png,0260swampert,swampert.png,/content/drive/MyDrive/612 data/ProjectPokemonCleaned/0260swampert/poke_capture_0260_000_mf_n_00000000_f_n.png,/content/drive/MyDrive/612 data/PokeSpriteCleaned/0260swampert/swampert.png
591,0260swampert,poke_capture_0260_000_mf_n_00000000_f_r.png,0260swampert,swampert_shiny.png,/content/drive/MyDrive/612 data/ProjectPokemonCleaned/0260swampert/poke_capture_0260_000_mf_n_00000000_f_r.png,/content/drive/MyDrive/612 data/PokeSpriteCleaned/0260swampert/swampert_shiny.png
592,0260swampert,poke_capture_0260_001_mf_n_00000000_f_n.png,0260swampert,swampert-mega.png,/content/drive/MyDrive/612 data/ProjectPokemonCleaned/0260swampert/poke_capture_0260_001_mf_n_00000000_f_n.png,/content/drive/MyDrive/612 data/PokeSpriteCleaned/0260swampert/swampert-mega.png
593,0260swampert,poke_capture_0260_001_mf_n_00000000_f_r.png,0260swampert,swampert-mega_shiny.png,/content/drive/MyDrive/612 data/ProjectPokemonCleaned/0260swampert/poke_capture_0260_001_mf_n_00000000_f_r.png,/content/drive/MyDrive/612 data/PokeSpriteCleaned/0260swampert/swampert-mega_shiny.png
594,0261poochyena,poke_capture_0261_000_mf_n_00000000_f_n.png,0261poochyena,poochyena.png,/content/drive/MyDrive/612 data/ProjectPokemonCleaned/0261poochyena/poke_capture_0261_000_mf_n_00000000_f_n.png,/content/drive/MyDrive/612 data/PokeSpriteCleaned/0261poochyena/poochyena.png
595,0261poochyena,poke_capture_0261_000_mf_n_00000000_f_r.png,0261poochyena,poochyena_shiny.png,/content/drive/MyDrive/612 data/ProjectPokemonCleaned/0261poochyena/poke_capture_0261_000_mf_n_00000000_f_r.png,/content/drive/MyDrive/612 data/PokeSpriteCleaned/0261poochyena/poochyena_shiny.png
596,0262mightyena,poke_capture_0262_000_mf_n_00000000_f_n.png,0262mightyena,mightyena.png,/content/drive/MyDrive/612 data/ProjectPokemonCleaned/0262mightyena/poke_capture_0262_000_mf_n_00000000_f_n.png,/content/drive/MyDrive/612 data/PokeSpriteCleaned/0262mightyena/mightyena.png
597,0262mightyena,poke_capture_0262_000_mf_n_00000000_f_r.png,0262mightyena,mightyena_shiny.png,/content/drive/MyDrive/612 data/ProjectPokemonCleaned/0262mightyena/poke_capture_0262_000_mf_n_00000000_f_r.png,/content/drive/MyDrive/612 data/PokeSpriteCleaned/0262mightyena/mightyena_shiny.png
598,0263zigzagoon,poke_capture_0263_000_mf_n_00000000_f_n.png,0263zigzagoon,zigzagoon.png,/content/drive/MyDrive/612 data/ProjectPokemonCleaned/0263zigzagoon/poke_capture_0263_000_mf_n_00000000_f_n.png,/content/drive/MyDrive/612 data/PokeSpriteCleaned/0263zigzagoon/zigzagoon.png
599,0263zigzagoon,poke_capture_0263_000_mf_n_00000000_f_r.png,0263zigzagoon,zigzagoon_shiny.png,/content/drive/MyDrive/612 data/ProjectPokemonCleaned/0263zigzagoon/poke_capture_0263_000_mf_n_00000000_f_r.png,/content/drive/MyDrive/612 data/PokeSpriteCleaned/0263zigzagoon/zigzagoon_shiny.png
600,0263zigzagoon,poke_capture_0263_001_mf_n_00000000_f_n.png,0263zigzagoon,zigzagoon galar.png,/content/drive/MyDrive/612 data/ProjectPokemonCleaned/0263zigzagoon/poke_capture_0263_001_mf_n_00000000_f_n.png,/content/drive/MyDrive/612 data/PokeSpriteCleaned/0263zigzagoon/zigzagoon galar.png
601,0263zigzagoon,poke_capture_0263_001_mf_n_00000000_f_r.png,0263zigzagoon,zigzagoon galar_shiny.png,/content/drive/MyDrive/612 data/ProjectPokemonCleaned/0263zigzagoon/poke_capture_0263_001_mf_n_00000000_f_r.png,/content/drive/MyDrive/612 data/PokeSpriteCleaned/0263zigzagoon/zigzagoon galar_shiny.png
602,0264linoone,poke_capture_0264_000_mf_n_00000000_f_n.png,0264linoone,linoone.png,/content/drive/MyDrive/612 data/ProjectPokemonCleaned/0264linoone/poke_capture_0264_000_mf_n_00000000_f_n.png,/content/drive/MyDrive/612 data/PokeSpriteCleaned/0264linoone/linoone.png
603,0264linoone,poke_capture_0264_000_mf_n_00000000_f_r.png,0264linoone,linoone_shiny.png,/content/drive/MyDrive/612 data/ProjectPokemonCleaned/0264linoone/poke_capture_0264_000_mf_n_00000000_f_r.png,/content/drive/MyDrive/612 data/PokeSpriteCleaned/0264linoone/linoone_shiny.png
604,0265wurmple,poke_capture_0265_000_mf_n_00000000_f_n.png,0265wurmple,wurmple.png,/content/drive/MyDrive/612 data/ProjectPokemonCleaned/0265wurmple/poke_capture_0265_000_mf_n_00000000_f_n.png,/content/drive/MyDrive/612 data/PokeSpriteCleaned/0265wurmple/wurmple.png
605,0266silcoon,poke_capture_0266_000_mf_n_00000000_f_n.png,0266silcoon,silcoon.png,/content/drive/MyDrive/612 data/ProjectPokemonCleaned/0266silcoon/poke_capture_0266_000_mf_n_00000000_f_n.png,/content/drive/MyDrive/612 data/PokeSpriteCleaned/0266silcoon/silcoon.png
606,0266silcoon,poke_capture_0266_000_mf_n_00000000_f_r.png,0266silcoon,silcoon_shiny.png,/content/drive/MyDrive/612 data/ProjectPokemonCleaned/0266silcoon/poke_capture_0266_000_mf_n_00000000_f_r.png,/content/drive/MyDrive/612 data/PokeSpriteCleaned/0266silcoon/silcoon_shiny.png
607,0267beautifly,poke_capture_0267_000_fd_n_00000000_f_n.png,0267beautifly,beautifly.png,/content/drive/MyDrive/612 data/ProjectPokemonCleaned/0267beautifly/poke_capture_0267_000_fd_n_00000000_f_n.png,/content/drive/MyDrive/612 data/PokeSpriteCleaned/0267beautifly/beautifly.png
608,0267beautifly,poke_capture_0267_000_fd_n_00000000_f_r.png,0267beautifly,beautifly_shiny.png,/content/drive/MyDrive/612 data/ProjectPokemonCleaned/0267beautifly/poke_capture_0267_000_fd_n_00000000_f_r.png,/content/drive/MyDrive/612 data/PokeSpriteCleaned/0267beautifly/beautifly_shiny.png
609,0268cascoon,poke_capture_0268_000_mf_n_00000000_f_n.png,0268cascoon,cascoon.png,/content/drive/MyDrive/612 data/ProjectPokemonCleaned/0268cascoon/poke_capture_0268_000_mf_n_00000000_f_n.png,/content/drive/MyDrive/612 data/PokeSpriteCleaned/0268cascoon/cascoon.png
610,0269dustox,poke_capture_0269_000_fd_n_00000000_f_n.png,0269dustox,dustox.png,/content/drive/MyDrive/612 data/ProjectPokemonCleaned/0269dustox/poke_capture_0269_000_fd_n_00000000_f_n.png,/content/drive/MyDrive/612 data/PokeSpriteCleaned/0269dustox/dustox.png
611,0270lotad,poke_capture_0270_000_mf_n_00000000_f_n.png,0270lotad,lotad.png,/content/drive/MyDrive/612 data/ProjectPokemonCleaned/0270lotad/poke_capture_0270_000_mf_n_00000000_f_n.png,/content/drive/MyDrive/612 data/PokeSpriteCleaned/0270lotad/lotad.png
612,0270lotad,poke_capture_0270_000_mf_n_00000000_f_r.png,0270lotad,lotad_shiny.png,/content/drive/MyDrive/612 data/ProjectPokemonCleaned/0270lotad/poke_capture_0270_000_mf_n_00000000_f_r.png,/content/drive/MyDrive/612 data/PokeSpriteCleaned/0270lotad/lotad_shiny.png
613,0271lombre,poke_capture_0271_000_mf_n_00000000_f_n.png,0271lombre,lombre.png,/content/drive/MyDrive/612 data/ProjectPokemonCleaned/0271lombre/poke_capture_0271_000_mf_n_00000000_f_n.png,/content/drive/MyDrive/612 data/PokeSpriteCleaned/0271lombre/lombre.png
614,0272ludicolo,poke_capture_0272_000_fd_n_00000000_f_n.png,0272ludicolo,ludicolo.png,/content/drive/MyDrive/612 data/ProjectPokemonCleaned/0272ludicolo/poke_capture_0272_000_fd_n_00000000_f_n.png,/content/drive/MyDrive/612 data/PokeSpriteCleaned/0272ludicolo/ludicolo.png
615,0272ludicolo,poke_capture_0272_000_fd_n_00000000_f_r.png,0272ludicolo,ludicolo_shiny.png,/content/drive/MyDrive/612 data/ProjectPokemonCleaned/0272ludicolo/poke_capture_0272_000_fd_n_00000000_f_r.png,/content/drive/MyDrive/612 data/PokeSpriteCleaned/0272ludicolo/ludicolo_shiny.png
616,0273seedot,poke_capture_0273_000_mf_n_00000000_f_n.png,0273seedot,seedot.png,/content/drive/MyDrive/612 data/ProjectPokemonCleaned/0273seedot/poke_capture_0273_000_mf_n_00000000_f_n.png,/content/drive/MyDrive/612 data/PokeSpriteCleaned/0273seedot/seedot.png
617,0273seedot,poke_capture_0273_000_mf_n_00000000_f_r.png,0273seedot,seedot_shiny.png,/content/drive/MyDrive/612 data/ProjectPokemonCleaned/0273seedot/poke_capture_0273_000_mf_n_00000000_f_r.png,/content/drive/MyDrive/612 data/PokeSpriteCleaned/0273seedot/seedot_shiny.png
618,0274nuzleaf,poke_capture_0274_000_fd_n_00000000_f_n.png,0274nuzleaf,nuzleaf.png,/content/drive/MyDrive/612 data/ProjectPokemonCleaned/0274nuzleaf/poke_capture_0274_000_fd_n_00000000_f_n.png,/content/drive/MyDrive/612 data/PokeSpriteCleaned/0274nuzleaf/nuzleaf.png
619,0274nuzleaf,poke_capture_0274_000_md_n_00000000_f_r.png,0274nuzleaf,nuzleaf_shiny.png,/content/drive/MyDrive/612 data/ProjectPokemonCleaned/0274nuzleaf/poke_capture_0274_000_md_n_00000000_f_r.png,/content/drive/MyDrive/612 data/PokeSpriteCleaned/0274nuzleaf/nuzleaf_shiny.png
620,0275shiftry,poke_capture_0275_000_fd_n_00000000_f_n.png,0275shiftry,shiftry.png,/content/drive/MyDrive/612 data/ProjectPokemonCleaned/0275shiftry/poke_capture_0275_000_fd_n_00000000_f_n.png,/content/drive/MyDrive/612 data/PokeSpriteCleaned/0275shiftry/shiftry.png
621,0275shiftry,poke_capture_0275_000_fd_n_00000000_f_r.png,0275shiftry,shiftry_shiny.png,/content/drive/MyDrive/612 data/ProjectPokemonCleaned/0275shiftry/poke_capture_0275_000_fd_n_00000000_f_r.png,/content/drive/MyDrive/612 data/PokeSpriteCleaned/0275shiftry/shiftry_shiny.png
622,0276taillow,poke_capture_0276_000_mf_n_00000000_f_n.png,0276taillow,taillow.png,/content/drive/MyDrive/612 data/ProjectPokemonCleaned/0276taillow/poke_capture_0276_000_mf_n_00000000_f_n.png,/content/drive/MyDrive/612 data/PokeSpriteCleaned/0276taillow/taillow.png
623,0276taillow,poke_capture_0276_000_mf_n_00000000_f_r.png,0276taillow,taillow_shiny.png,/content/drive/MyDrive/612 data/ProjectPokemonCleaned/0276taillow/poke_capture_0276_000_mf_n_00000000_f_r.png,/content/drive/MyDrive/612 data/PokeSpriteCleaned/0276taillow/taillow_shiny.png
624,0277swellow,poke_capture_0277_000_mf_n_00000000_f_n.png,0277swellow,swellow.png,/content/drive/MyDrive/612 data/ProjectPokemonCleaned/0277swellow/poke_capture_0277_000_mf_n_00000000_f_n.png,/content/drive/MyDrive/612 data/PokeSpriteCleaned/0277swellow/swellow.png
625,0277swellow,poke_capture_0277_000_mf_n_00000000_f_r.png,0277swellow,swellow_shiny.png,/content/drive/MyDrive/612 data/ProjectPokemonCleaned/0277swellow/poke_capture_0277_000_mf_n_00000000_f_r.png,/content/drive/MyDrive/612 data/PokeSpriteCleaned/0277swellow/swellow_shiny.png
626,0278wingull,poke_capture_0278_000_mf_n_00000000_f_n.png,0278wingull,wingull.png,/content/drive/MyDrive/612 data/ProjectPokemonCleaned/0278wingull/poke_capture_0278_000_mf_n_00000000_f_n.png,/content/drive/MyDrive/612 data/PokeSpriteCleaned/0278wingull/wingull.png
627,0278wingull,poke_capture_0278_000_mf_n_00000000_f_r.png,0278wingull,wingull_shiny.png,/content/drive/MyDrive/612 data/ProjectPokemonCleaned/0278wingull/poke_capture_0278_000_mf_n_00000000_f_r.png,/content/drive/MyDrive/612 data/PokeSpriteCleaned/0278wingull/wingull_shiny.png
628,0279pelipper,poke_capture_0279_000_mf_n_00000000_f_n.png,0279pelipper,pelipper.png,/content/drive/MyDrive/612 data/ProjectPokemonCleaned/0279pelipper/poke_capture_0279_000_mf_n_00000000_f_n.png,/content/drive/MyDrive/612 data/PokeSpriteCleaned/0279pelipper/pelipper.png
629,0279pelipper,poke_capture_0279_000_mf_n_00000000_f_r.png,0279pelipper,pelipper_shiny.png,/content/drive/MyDrive/612 data/ProjectPokemonCleaned/0279pelipper/poke_capture_0279_000_mf_n_00000000_f_r.png,/content/drive/MyDrive/612 data/PokeSpriteCleaned/0279pelipper/pelipper_shiny.png
630,0280ralts,poke_capture_0280_000_mf_n_00000000_f_n.png,0280ralts,ralts.png,/content/drive/MyDrive/612 data/ProjectPokemonCleaned/0280ralts/poke_capture_0280_000_mf_n_00000000_f_n.png,/content/drive/MyDrive/612 data/PokeSpriteCleaned/0280ralts/ralts.png
631,0280ralts,poke_capture_0280_000_mf_n_00000000_f_r.png,0280ralts,ralts_shiny.png,/content/drive/MyDrive/612 data/ProjectPokemonCleaned/0280ralts/poke_capture_0280_000_mf_n_00000000_f_r.png,/content/drive/MyDrive/612 data/PokeSpriteCleaned/0280ralts/ralts_shiny.png
632,0281kirlia,poke_capture_0281_000_mf_n_00000000_f_n.png,0281kirlia,kirlia.png,/content/drive/MyDrive/612 data/ProjectPokemonCleaned/0281kirlia/poke_capture_0281_000_mf_n_00000000_f_n.png,/content/drive/MyDrive/612 data/PokeSpriteCleaned/0281kirlia/kirlia.png
633,0281kirlia,poke_capture_0281_000_mf_n_00000000_f_r.png,0281kirlia,kirlia_shiny.png,/content/drive/MyDrive/612 data/ProjectPokemonCleaned/0281kirlia/poke_capture_0281_000_mf_n_00000000_f_r.png,/content/drive/MyDrive/612 data/PokeSpriteCleaned/0281kirlia/kirlia_shiny.png
634,0282gardevoir,poke_capture_0282_001_mf_n_00000000_f_n.png,0282gardevoir,gardevoir-mega.png,/content/drive/MyDrive/612 data/ProjectPokemonCleaned/0282gardevoir/poke_capture_0282_001_mf_n_00000000_f_n.png,/content/drive/MyDrive/612 data/PokeSpriteCleaned/0282gardevoir/gardevoir-mega.png
635,0282gardevoir,poke_capture_0282_001_mf_n_00000000_f_r.png,0282gardevoir,gardevoir-mega_shiny.png,/content/drive/MyDrive/612 data/ProjectPokemonCleaned/0282gardevoir/poke_capture_0282_001_mf_n_00000000_f_r.png,/content/drive/MyDrive/612 data/PokeSpriteCleaned/0282gardevoir/gardevoir-mega_shiny.png
636,0283surskit,poke_capture_0283_000_mf_n_00000000_f_n.png,0283surskit,surskit.png,/content/drive/MyDrive/612 data/ProjectPokemonCleaned/0283surskit/poke_capture_0283_000_mf_n_00000000_f_n.png,/content/drive/MyDrive/612 data/PokeSpriteCleaned/0283surskit/surskit.png
637,0283surskit,poke_capture_0283_000_mf_n_00000000_f_r.png,0283surskit,surskit_shiny.png,/content/drive/MyDrive/612 data/ProjectPokemonCleaned/0283surskit/poke_capture_0283_000_mf_n_00000000_f_r.png,/content/drive/MyDrive/612 data/PokeSpriteCleaned/0283surskit/surskit_shiny.png
638,0284masquerain,poke_capture_0284_000_mf_n_00000000_f_n.png,0284masquerain,masquerain.png,/content/drive/MyDrive/612 data/ProjectPokemonCleaned/0284masquerain/poke_capture_0284_000_mf_n_00000000_f_n.png,/content/drive/MyDrive/612 data/PokeSpriteCleaned/0284masquerain/masquerain.png
639,0284masquerain,poke_capture_0284_000_mf_n_00000000_f_r.png,0284masquerain,masquerain_shiny.png,/content/drive/MyDrive/612 data/ProjectPokemonCleaned/0284masquerain/poke_capture_0284_000_mf_n_00000000_f_r.png,/content/drive/MyDrive/612 data/PokeSpriteCleaned/0284masquerain/masquerain_shiny.png
640,0285shroomish,poke_capture_0285_000_mf_n_00000000_f_n.png,0285shroomish,shroomish.png,/content/drive/MyDrive/612 data/ProjectPokemonCleaned/0285shroomish/poke_capture_0285_000_mf_n_00000000_f_n.png,/content/drive/MyDrive/612 data/PokeSpriteCleaned/0285shroomish/shroomish.png
641,0285shroomish,poke_capture_0285_000_mf_n_00000000_f_r.png,0285shroomish,shroomish_shiny.png,/content/drive/MyDrive/612 data/ProjectPokemonCleaned/0285shroomish/poke_capture_0285_000_mf_n_00000000_f_r.png,/content/drive/MyDrive/612 data/PokeSpriteCleaned/0285shroomish/shroomish_shiny.png
642,0286breloom,poke_capture_0286_000_mf_n_00000000_f_n.png,0286breloom,breloom.png,/content/drive/MyDrive/612 data/ProjectPokemonCleaned/0286breloom/poke_capture_0286_000_mf_n_00000000_f_n.png,/content/drive/MyDrive/612 data/PokeSpriteCleaned/0286breloom/breloom.png
643,0286breloom,poke_capture_0286_000_mf_n_00000000_f_r.png,0286breloom,breloom_shiny.png,/content/drive/MyDrive/612 data/ProjectPokemonCleaned/0286breloom/poke_capture_0286_000_mf_n_00000000_f_r.png,/content/drive/MyDrive/612 data/PokeSpriteCleaned/0286breloom/breloom_shiny.png
644,0287slakoth,poke_capture_0287_000_mf_n_00000000_f_n.png,0287slakoth,slakoth.png,/content/drive/MyDrive/612 data/ProjectPokemonCleaned/0287slakoth/poke_capture_0287_000_mf_n_00000000_f_n.png,/content/drive/MyDrive/612 data/PokeSpriteCleaned/0287slakoth/slakoth.png
645,0287slakoth,poke_capture_0287_000_mf_n_00000000_f_r.png,0287slakoth,slakoth_shiny.png,/content/drive/MyDrive/612 data/ProjectPokemonCleaned/0287slakoth/poke_capture_0287_000_mf_n_00000000_f_r.png,/content/drive/MyDrive/612 data/PokeSpriteCleaned/0287slakoth/slakoth_shiny.png
646,0288vigoroth,poke_capture_0288_000_mf_n_00000000_f_n.png,0288vigoroth,vigoroth.png,/content/drive/MyDrive/612 data/ProjectPokemonCleaned/0288vigoroth/poke_capture_0288_000_mf_n_00000000_f_n.png,/content/drive/MyDrive/612 data/PokeSpriteCleaned/0288vigoroth/vigoroth.png
647,0288vigoroth,poke_capture_0288_000_mf_n_00000000_f_r.png,0288vigoroth,vigoroth_shiny.png,/content/drive/MyDrive/612 data/ProjectPokemonCleaned/0288vigoroth/poke_capture_0288_000_mf_n_00000000_f_r.png,/content/drive/MyDrive/612 data/PokeSpriteCleaned/0288vigoroth/vigoroth_shiny.png
648,0289slaking,poke_capture_0289_000_mf_n_00000000_f_n.png,0289slaking,slaking.png,/content/drive/MyDrive/612 data/ProjectPokemonCleaned/0289slaking/poke_capture_0289_000_mf_n_00000000_f_n.png,/content/drive/MyDrive/612 data/PokeSpriteCleaned/0289slaking/slaking.png
649,0289slaking,poke_capture_0289_000_mf_n_00000000_f_r.png,0289slaking,slaking_shiny.png,/content/drive/MyDrive/612 data/ProjectPokemonCleaned/0289slaking/poke_capture_0289_000_mf_n_00000000_f_r.png,/content/drive/MyDrive/612 data/PokeSpriteCleaned/0289slaking/slaking_shiny.png
650,0290nincada,poke_capture_0290_000_mf_n_00000000_f_n.png,0290nincada,nincada.png,/content/drive/MyDrive/612 data/ProjectPokemonCleaned/0290nincada/poke_capture_0290_000_mf_n_00000000_f_n.png,/content/drive/MyDrive/612 data/PokeSpriteCleaned/0290nincada/nincada.png
651,0290nincada,poke_capture_0290_000_mf_n_00000000_f_r.png,0290nincada,nincada_shiny.png,/content/drive/MyDrive/612 data/ProjectPokemonCleaned/0290nincada/poke_capture_0290_000_mf_n_00000000_f_r.png,/content/drive/MyDrive/612 data/PokeSpriteCleaned/0290nincada/nincada_shiny.png
652,0291ninjask,poke_capture_0291_000_mf_n_00000000_f_n.png,0291ninjask,ninjask.png,/content/drive/MyDrive/612 data/ProjectPokemonCleaned/0291ninjask/poke_capture_0291_000_mf_n_00000000_f_n.png,/content/drive/MyDrive/612 data/PokeSpriteCleaned/0291ninjask/ninjask.png
653,0291ninjask,poke_capture_0291_000_mf_n_00000000_f_r.png,0291ninjask,ninjask_shiny.png,/content/drive/MyDrive/612 data/ProjectPokemonCleaned/0291ninjask/poke_capture_0291_000_mf_n_00000000_f_r.png,/content/drive/MyDrive/612 data/PokeSpriteCleaned/0291ninjask/ninjask_shiny.png
654,0292shedinja,poke_capture_0292_000_uk_n_00000000_f_n.png,0292shedinja,shedinja.png,/content/drive/MyDrive/612 data/ProjectPokemonCleaned/0292shedinja/poke_capture_0292_000_uk_n_00000000_f_n.png,/content/drive/MyDrive/612 data/PokeSpriteCleaned/0292shedinja/shedinja.png
655,0292shedinja,poke_capture_0292_000_uk_n_00000000_f_r.png,0292shedinja,shedinja_shiny.png,/content/drive/MyDrive/612 data/ProjectPokemonCleaned/0292shedinja/poke_capture_0292_000_uk_n_00000000_f_r.png,/content/drive/MyDrive/612 data/PokeSpriteCleaned/0292shedinja/shedinja_shiny.png
656,0293whismur,poke_capture_0293_000_mf_n_00000000_f_n.png,0293whismur,whismur.png,/content/drive/MyDrive/612 data/ProjectPokemonCleaned/0293whismur/poke_capture_0293_000_mf_n_00000000_f_n.png,/content/drive/MyDrive/612 data/PokeSpriteCleaned/0293whismur/whismur.png
657,0294loudred,poke_capture_0294_000_mf_n_00000000_f_n.png,0294loudred,loudred.png,/content/drive/MyDrive/612 data/ProjectPokemonCleaned/0294loudred/poke_capture_0294_000_mf_n_00000000_f_n.png,/content/drive/MyDrive/612 data/PokeSpriteCleaned/0294loudred/loudred.png
658,0294loudred,poke_capture_0294_000_mf_n_00000000_f_r.png,0294loudred,loudred_shiny.png,/content/drive/MyDrive/612 data/ProjectPokemonCleaned/0294loudred/poke_capture_0294_000_mf_n_00000000_f_r.png,/content/drive/MyDrive/612 data/PokeSpriteCleaned/0294loudred/loudred_shiny.png
659,0295exploud,poke_capture_0295_000_mf_n_00000000_f_n.png,0295exploud,exploud.png,/content/drive/MyDrive/612 data/ProjectPokemonCleaned/0295exploud/poke_capture_0295_000_mf_n_00000000_f_n.png,/content/drive/MyDrive/612 data/PokeSpriteCleaned/0295exploud/exploud.png
660,0295exploud,poke_capture_0295_000_mf_n_00000000_f_r.png,0295exploud,exploud_shiny.png,/content/drive/MyDrive/612 data/ProjectPokemonCleaned/0295exploud/poke_capture_0295_000_mf_n_00000000_f_r.png,/content/drive/MyDrive/612 data/PokeSpriteCleaned/0295exploud/exploud_shiny.png
661,0296makuhita,poke_capture_0296_000_mf_n_00000000_f_n.png,0296makuhita,makuhita.png,/content/drive/MyDrive/612 data/ProjectPokemonCleaned/0296makuhita/poke_capture_0296_000_mf_n_00000000_f_n.png,/content/drive/MyDrive/612 data/PokeSpriteCleaned/0296makuhita/makuhita.png
662,0297hariyama,poke_capture_0297_000_mf_n_00000000_f_n.png,0297hariyama,hariyama.png,/content/drive/MyDrive/612 data/ProjectPokemonCleaned/0297hariyama/poke_capture_0297_000_mf_n_00000000_f_n.png,/content/drive/MyDrive/612 data/PokeSpriteCleaned/0297hariyama/hariyama.png
663,0297hariyama,poke_capture_0297_000_mf_n_00000000_f_r.png,0297hariyama,hariyama_shiny.png,/content/drive/MyDrive/612 data/ProjectPokemonCleaned/0297hariyama/poke_capture_0297_000_mf_n_00000000_f_r.png,/content/drive/MyDrive/612 data/PokeSpriteCleaned/0297hariyama/hariyama_shiny.png
664,0298azurill,poke_capture_0298_000_mf_n_00000000_f_n.png,0298azurill,azurill.png,/content/drive/MyDrive/612 data/ProjectPokemonCleaned/0298azurill/poke_capture_0298_000_mf_n_00000000_f_n.png,/content/drive/MyDrive/612 data/PokeSpriteCleaned/0298azurill/azurill.png
665,0298azurill,poke_capture_0298_000_mf_n_00000000_f_r.png,0298azurill,azurill_shiny.png,/content/drive/MyDrive/612 data/ProjectPokemonCleaned/0298azurill/poke_capture_0298_000_mf_n_00000000_f_r.png,/content/drive/MyDrive/612 data/PokeSpriteCleaned/0298azurill/azurill_shiny.png
666,0300skitty,poke_capture_0300_000_mf_n_00000000_f_n.png,0300skitty,skitty.png,/content/drive/MyDrive/612 data/ProjectPokemonCleaned/0300skitty/poke_capture_0300_000_mf_n_00000000_f_n.png,/content/drive/MyDrive/612 data/PokeSpriteCleaned/0300skitty/skitty.png
667,0301delcatty,poke_capture_0301_000_mf_n_00000000_f_n.png,0301delcatty,delcatty.png,/content/drive/MyDrive/612 data/ProjectPokemonCleaned/0301delcatty/poke_capture_0301_000_mf_n_00000000_f_n.png,/content/drive/MyDrive/612 data/PokeSpriteCleaned/0301delcatty/delcatty.png
668,0301delcatty,poke_capture_0301_000_mf_n_00000000_f_r.png,0301delcatty,delcatty_shiny.png,/content/drive/MyDrive/612 data/ProjectPokemonCleaned/0301delcatty/poke_capture_0301_000_mf_n_00000000_f_r.png,/content/drive/MyDrive/612 data/PokeSpriteCleaned/0301delcatty/delcatty_shiny.png
669,0302sableye,poke_capture_0302_000_mf_n_00000000_f_n.png,0302sableye,sableye.png,/content/drive/MyDrive/612 data/ProjectPokemonCleaned/0302sableye/poke_capture_0302_000_mf_n_00000000_f_n.png,/content/drive/MyDrive/612 data/PokeSpriteCleaned/0302sableye/sableye.png
670,0302sableye,poke_capture_0302_000_mf_n_00000000_f_r.png,0302sableye,sableye_shiny.png,/content/drive/MyDrive/612 data/ProjectPokemonCleaned/0302sableye/poke_capture_0302_000_mf_n_00000000_f_r.png,/content/drive/MyDrive/612 data/PokeSpriteCleaned/0302sableye/sableye_shiny.png
671,0302sableye,poke_capture_0302_001_mf_n_00000000_f_n.png,0302sableye,sableye-mega.png,/content/drive/MyDrive/612 data/ProjectPokemonCleaned/0302sableye/poke_capture_0302_001_mf_n_00000000_f_n.png,/content/drive/MyDrive/612 data/PokeSpriteCleaned/0302sableye/sableye-mega.png
672,0302sableye,poke_capture_0302_001_mf_n_00000000_f_r.png,0302sableye,sableye-mega_shiny.png,/content/drive/MyDrive/612 data/ProjectPokemonCleaned/0302sableye/poke_capture_0302_001_mf_n_00000000_f_r.png,/content/drive/MyDrive/612 data/PokeSpriteCleaned/0302sableye/sableye-mega_shiny.png
673,0303mawile,poke_capture_0303_000_mf_n_00000000_f_n.png,0303mawile,mawile.png,/content/drive/MyDrive/612 data/ProjectPokemonCleaned/0303mawile/poke_capture_0303_000_mf_n_00000000_f_n.png,/content/drive/MyDrive/612 data/PokeSpriteCleaned/0303mawile/mawile.png
674,0303mawile,poke_capture_0303_000_mf_n_00000000_f_r.png,0303mawile,mawile_shiny.png,/content/drive/MyDrive/612 data/ProjectPokemonCleaned/0303mawile/poke_capture_0303_000_mf_n_00000000_f_r.png,/content/drive/MyDrive/612 data/PokeSpriteCleaned/0303mawile/mawile_shiny.png
675,0304aron,poke_capture_0304_000_mf_n_00000000_f_n.png,0304aron,aron.png,/content/drive/MyDrive/612 data/ProjectPokemonCleaned/0304aron/poke_capture_0304_000_mf_n_00000000_f_n.png,/content/drive/MyDrive/612 data/PokeSpriteCleaned/0304aron/aron.png
676,0304aron,poke_capture_0304_000_mf_n_00000000_f_r.png,0304aron,aron_shiny.png,/content/drive/MyDrive/612 data/ProjectPokemonCleaned/0304aron/poke_capture_0304_000_mf_n_00000000_f_r.png,/content/drive/MyDrive/612 data/PokeSpriteCleaned/0304aron/aron_shiny.png
677,0305lairon,poke_capture_0305_000_mf_n_00000000_f_n.png,0305lairon,lairon.png,/content/drive/MyDrive/612 data/ProjectPokemonCleaned/0305lairon/poke_capture_0305_000_mf_n_00000000_f_n.png,/content/drive/MyDrive/612 data/PokeSpriteCleaned/0305lairon/lairon.png
678,0305lairon,poke_capture_0305_000_mf_n_00000000_f_r.png,0305lairon,lairon_shiny.png,/content/drive/MyDrive/612 data/ProjectPokemonCleaned/0305lairon/poke_capture_0305_000_mf_n_00000000_f_r.png,/content/drive/MyDrive/612 data/PokeSpriteCleaned/0305lairon/lairon_shiny.png
679,0306aggron,poke_capture_0306_000_mf_n_00000000_f_n.png,0306aggron,aggron.png,/content/drive/MyDrive/612 data/ProjectPokemonCleaned/0306aggron/poke_capture_0306_000_mf_n_00000000_f_n.png,/content/drive/MyDrive/612 data/PokeSpriteCleaned/0306aggron/aggron.png
680,0306aggron,poke_capture_0306_000_mf_n_00000000_f_r.png,0306aggron,aggron_shiny.png,/content/drive/MyDrive/612 data/ProjectPokemonCleaned/0306aggron/poke_capture_0306_000_mf_n_00000000_f_r.png,/content/drive/MyDrive/612 data/PokeSpriteCleaned/0306aggron/aggron_shiny.png
681,0306aggron,poke_capture_0306_001_mf_n_00000000_f_n.png,0306aggron,aggron-mega.png,/content/drive/MyDrive/612 data/ProjectPokemonCleaned/0306aggron/poke_capture_0306_001_mf_n_00000000_f_n.png,/content/drive/MyDrive/612 data/PokeSpriteCleaned/0306aggron/aggron-mega.png
682,0306aggron,poke_capture_0306_001_mf_n_00000000_f_r.png,0306aggron,aggron-mega_shiny.png,/content/drive/MyDrive/612 data/ProjectPokemonCleaned/0306aggron/poke_capture_0306_001_mf_n_00000000_f_r.png,/content/drive/MyDrive/612 data/PokeSpriteCleaned/0306aggron/aggron-mega_shiny.png
683,0307meditite,poke_capture_0307_000_fd_n_00000000_f_n.png,0307meditite,meditite.png,/content/drive/MyDrive/612 data/ProjectPokemonCleaned/0307meditite/poke_capture_0307_000_fd_n_00000000_f_n.png,/content/drive/MyDrive/612 data/PokeSpriteCleaned/0307meditite/meditite.png
684,0307meditite,poke_capture_0307_000_md_n_00000000_f_r.png,0307meditite,meditite_shiny.png,/content/drive/MyDrive/612 data/ProjectPokemonCleaned/0307meditite/poke_capture_0307_000_md_n_00000000_f_r.png,/content/drive/MyDrive/612 data/PokeSpriteCleaned/0307meditite/meditite_shiny.png
685,0308medicham,poke_capture_0308_000_fd_n_00000000_f_n.png,0308medicham,medicham.png,/content/drive/MyDrive/612 data/ProjectPokemonCleaned/0308medicham/poke_capture_0308_000_fd_n_00000000_f_n.png,/content/drive/MyDrive/612 data/PokeSpriteCleaned/0308medicham/medicham.png
686,0308medicham,poke_capture_0308_000_md_n_00000000_f_r.png,0308medicham,medicham_shiny.png,/content/drive/MyDrive/612 data/ProjectPokemonCleaned/0308medicham/poke_capture_0308_000_md_n_00000000_f_r.png,/content/drive/MyDrive/612 data/PokeSpriteCleaned/0308medicham/medicham_shiny.png
687,0308medicham,poke_capture_0308_001_mf_n_00000000_f_n.png,0308medicham,medicham-mega.png,/content/drive/MyDrive/612 data/ProjectPokemonCleaned/0308medicham/poke_capture_0308_001_mf_n_00000000_f_n.png,/content/drive/MyDrive/612 data/PokeSpriteCleaned/0308medicham/medicham-mega.png
688,0308medicham,poke_capture_0308_001_mf_n_00000000_f_r.png,0308medicham,medicham-mega_shiny.png,/content/drive/MyDrive/612 data/ProjectPokemonCleaned/0308medicham/poke_capture_0308_001_mf_n_00000000_f_r.png,/content/drive/MyDrive/612 data/PokeSpriteCleaned/0308medicham/medicham-mega_shiny.png
689,0309electrike,poke_capture_0309_000_mf_n_00000000_f_n.png,0309electrike,electrike.png,/content/drive/MyDrive/612 data/ProjectPokemonCleaned/0309electrike/poke_capture_0309_000_mf_n_00000000_f_n.png,/content/drive/MyDrive/612 data/PokeSpriteCleaned/0309electrike/electrike.png
690,0309electrike,poke_capture_0309_000_mf_n_00000000_f_r.png,0309electrike,electrike_shiny.png,/content/drive/MyDrive/612 data/ProjectPokemonCleaned/0309electrike/poke_capture_0309_000_mf_n_00000000_f_r.png,/content/drive/MyDrive/612 data/PokeSpriteCleaned/0309electrike/electrike_shiny.png
691,0310manectric,poke_capture_0310_000_mf_n_00000000_f_n.png,0310manectric,manectric.png,/content/drive/MyDrive/612 data/ProjectPokemonCleaned/0310manectric/poke_capture_0310_000_mf_n_00000000_f_n.png,/content/drive/MyDrive/612 data/PokeSpriteCleaned/0310manectric/manectric.png
692,0310manectric,poke_capture_0310_000_mf_n_00000000_f_r.png,0310manectric,manectric_shiny.png,/content/drive/MyDrive/612 data/ProjectPokemonCleaned/0310manectric/poke_capture_0310_000_mf_n_00000000_f_r.png,/content/drive/MyDrive/612 data/PokeSpriteCleaned/0310manectric/manectric_shiny.png
693,0310manectric,poke_capture_0310_001_mf_n_00000000_f_n.png,0310manectric,manectric-mega.png,/content/drive/MyDrive/612 data/ProjectPokemonCleaned/0310manectric/poke_capture_0310_001_mf_n_00000000_f_n.png,/content/drive/MyDrive/612 data/PokeSpriteCleaned/0310manectric/manectric-mega.png
694,0310manectric,poke_capture_0310_001_mf_n_00000000_f_r.png,0310manectric,manectric-mega_shiny.png,/content/drive/MyDrive/612 data/ProjectPokemonCleaned/0310manectric/poke_capture_0310_001_mf_n_00000000_f_r.png,/content/drive/MyDrive/612 data/PokeSpriteCleaned/0310manectric/manectric-mega_shiny.png
695,0311plusle,poke_capture_0311_000_mf_n_00000000_f_n.png,0311plusle,plusle.png,/content/drive/MyDrive/612 data/ProjectPokemonCleaned/0311plusle/poke_capture_0311_000_mf_n_00000000_f_n.png,/content/drive/MyDrive/612 data/PokeSpriteCleaned/0311plusle/plusle.png
696,0311plusle,poke_capture_0311_000_mf_n_00000000_f_r.png,0311plusle,plusle_shiny.png,/content/drive/MyDrive/612 data/ProjectPokemonCleaned/0311plusle/poke_capture_0311_000_mf_n_00000000_f_r.png,/content/drive/MyDrive/612 data/PokeSpriteCleaned/0311plusle/plusle_shiny.png
697,0312minun,poke_capture_0312_000_mf_n_00000000_f_n.png,0312minun,minun.png,/content/drive/MyDrive/612 data/ProjectPokemonCleaned/0312minun/poke_capture_0312_000_mf_n_00000000_f_n.png,/content/drive/MyDrive/612 data/PokeSpriteCleaned/0312minun/minun.png
698,0313volbeat,poke_capture_0313_000_mo_n_00000000_f_n.png,0313volbeat,volbeat.png,/content/drive/MyDrive/612 data/ProjectPokemonCleaned/0313volbeat/poke_capture_0313_000_mo_n_00000000_f_n.png,/content/drive/MyDrive/612 data/PokeSpriteCleaned/0313volbeat/volbeat.png
699,0314illumise,poke_capture_0314_000_fo_n_00000000_f_n.png,0314illumise,illumise.png,/content/drive/MyDrive/612 data/ProjectPokemonCleaned/0314illumise/poke_capture_0314_000_fo_n_00000000_f_n.png,/content/drive/MyDrive/612 data/PokeSpriteCleaned/0314illumise/illumise.png
700,0315roselia,poke_capture_0315_000_fd_n_00000000_f_n.png,0315roselia,roselia.png,/content/drive/MyDrive/612 data/ProjectPokemonCleaned/0315roselia/poke_capture_0315_000_fd_n_00000000_f_n.png,/content/drive/MyDrive/612 data/PokeSpriteCleaned/0315roselia/roselia.png
701,0315roselia,poke_capture_0315_000_fd_n_00000000_f_r.png,0315roselia,roselia_shiny.png,/content/drive/MyDrive/612 data/ProjectPokemonCleaned/0315roselia/poke_capture_0315_000_fd_n_00000000_f_r.png,/content/drive/MyDrive/612 data/PokeSpriteCleaned/0315roselia/roselia_shiny.png
702,0316gulpin,poke_capture_0316_000_fd_n_00000000_f_n.png,0316gulpin,gulpin.png,/content/drive/MyDrive/612 data/ProjectPokemonCleaned/0316gulpin/poke_capture_0316_000_fd_n_00000000_f_n.png,/content/drive/MyDrive/612 data/PokeSpriteCleaned/0316gulpin/gulpin.png
703,0316gulpin,poke_capture_0316_000_fd_n_00000000_f_r.png,0316gulpin,gulpin_shiny.png,/content/drive/MyDrive/612 data/ProjectPokemonCleaned/0316gulpin/poke_capture_0316_000_fd_n_00000000_f_r.png,/content/drive/MyDrive/612 data/PokeSpriteCleaned/0316gulpin/gulpin_shiny.png
704,0317swalot,poke_capture_0317_000_fd_n_00000000_f_n.png,0317swalot,swalot.png,/content/drive/MyDrive/612 data/ProjectPokemonCleaned/0317swalot/poke_capture_0317_000_fd_n_00000000_f_n.png,/content/drive/MyDrive/612 data/PokeSpriteCleaned/0317swalot/swalot.png
705,0318carvanha,poke_capture_0318_000_mf_n_00000000_f_n.png,0318carvanha,carvanha.png,/content/drive/MyDrive/612 data/ProjectPokemonCleaned/0318carvanha/poke_capture_0318_000_mf_n_00000000_f_n.png,/content/drive/MyDrive/612 data/PokeSpriteCleaned/0318carvanha/carvanha.png
706,0318carvanha,poke_capture_0318_000_mf_n_00000000_f_r.png,0318carvanha,carvanha_shiny.png,/content/drive/MyDrive/612 data/ProjectPokemonCleaned/0318carvanha/poke_capture_0318_000_mf_n_00000000_f_r.png,/content/drive/MyDrive/612 data/PokeSpriteCleaned/0318carvanha/carvanha_shiny.png
707,0319sharpedo,poke_capture_0319_000_mf_n_00000000_f_n.png,0319sharpedo,sharpedo.png,/content/drive/MyDrive/612 data/ProjectPokemonCleaned/0319sharpedo/poke_capture_0319_000_mf_n_00000000_f_n.png,/content/drive/MyDrive/612 data/PokeSpriteCleaned/0319sharpedo/sharpedo.png
708,0319sharpedo,poke_capture_0319_000_mf_n_00000000_f_r.png,0319sharpedo,sharpedo_shiny.png,/content/drive/MyDrive/612 data/ProjectPokemonCleaned/0319sharpedo/poke_capture_0319_000_mf_n_00000000_f_r.png,/content/drive/MyDrive/612 data/PokeSpriteCleaned/0319sharpedo/sharpedo_shiny.png
709,0319sharpedo,poke_capture_0319_001_mf_n_00000000_f_n.png,0319sharpedo,sharpedo-mega.png,/content/drive/MyDrive/612 data/ProjectPokemonCleaned/0319sharpedo/poke_capture_0319_001_mf_n_00000000_f_n.png,/content/drive/MyDrive/612 data/PokeSpriteCleaned/0319sharpedo/sharpedo-mega.png
710,0319sharpedo,poke_capture_0319_001_mf_n_00000000_f_r.png,0319sharpedo,sharpedo-mega_shiny.png,/content/drive/MyDrive/612 data/ProjectPokemonCleaned/0319sharpedo/poke_capture_0319_001_mf_n_00000000_f_r.png,/content/drive/MyDrive/612 data/PokeSpriteCleaned/0319sharpedo/sharpedo-mega_shiny.png
711,0320wailmer,poke_capture_0320_000_mf_n_00000000_f_n.png,0320wailmer,wailmer.png,/content/drive/MyDrive/612 data/ProjectPokemonCleaned/0320wailmer/poke_capture_0320_000_mf_n_00000000_f_n.png,/content/drive/MyDrive/612 data/PokeSpriteCleaned/0320wailmer/wailmer.png
712,0320wailmer,poke_capture_0320_000_mf_n_00000000_f_r.png,0320wailmer,wailmer_shiny.png,/content/drive/MyDrive/612 data/ProjectPokemonCleaned/0320wailmer/poke_capture_0320_000_mf_n_00000000_f_r.png,/content/drive/MyDrive/612 data/PokeSpriteCleaned/0320wailmer/wailmer_shiny.png
713,0321wailord,poke_capture_0321_000_mf_n_00000000_f_n.png,0321wailord,wailord.png,/content/drive/MyDrive/612 data/ProjectPokemonCleaned/0321wailord/poke_capture_0321_000_mf_n_00000000_f_n.png,/content/drive/MyDrive/612 data/PokeSpriteCleaned/0321wailord/wailord.png
714,0321wailord,poke_capture_0321_000_mf_n_00000000_f_r.png,0321wailord,wailord_shiny.png,/content/drive/MyDrive/612 data/ProjectPokemonCleaned/0321wailord/poke_capture_0321_000_mf_n_00000000_f_r.png,/content/drive/MyDrive/612 data/PokeSpriteCleaned/0321wailord/wailord_shiny.png
715,0322numel,poke_capture_0322_000_fd_n_00000000_f_n.png,0322numel,numel.png,/content/drive/MyDrive/612 data/ProjectPokemonCleaned/0322numel/poke_capture_0322_000_fd_n_00000000_f_n.png,/content/drive/MyDrive/612 data/PokeSpriteCleaned/0322numel/numel.png
716,0322numel,poke_capture_0322_000_fd_n_00000000_f_r.png,0322numel,numel_shiny.png,/content/drive/MyDrive/612 data/ProjectPokemonCleaned/0322numel/poke_capture_0322_000_fd_n_00000000_f_r.png,/content/drive/MyDrive/612 data/PokeSpriteCleaned/0322numel/numel_shiny.png
717,0322numel,poke_capture_0322_000_md_n_00000000_f_n.png,0322numel,numel.png,/content/drive/MyDrive/612 data/ProjectPokemonCleaned/0322numel/poke_capture_0322_000_md_n_00000000_f_n.png,/content/drive/MyDrive/612 data/PokeSpriteCleaned/0322numel/numel.png
718,0322numel,poke_capture_0322_000_md_n_00000000_f_r.png,0322numel,numel_shiny.png,/content/drive/MyDrive/612 data/ProjectPokemonCleaned/0322numel/poke_capture_0322_000_md_n_00000000_f_r.png,/content/drive/MyDrive/612 data/PokeSpriteCleaned/0322numel/numel_shiny.png
719,0323camerupt,poke_capture_0323_000_fd_n_00000000_f_n.png,0323camerupt,camerupt.png,/content/drive/MyDrive/612 data/ProjectPokemonCleaned/0323camerupt/poke_capture_0323_000_fd_n_00000000_f_n.png,/content/drive/MyDrive/612 data/PokeSpriteCleaned/0323camerupt/camerupt.png
720,0323camerupt,poke_capture_0323_000_fd_n_00000000_f_r.png,0323camerupt,camerupt_shiny.png,/content/drive/MyDrive/612 data/ProjectPokemonCleaned/0323camerupt/poke_capture_0323_000_fd_n_00000000_f_r.png,/content/drive/MyDrive/612 data/PokeSpriteCleaned/0323camerupt/camerupt_shiny.png
721,0323camerupt,poke_capture_0323_001_mf_n_00000000_f_n.png,0323camerupt,camerupt-mega.png,/content/drive/MyDrive/612 data/ProjectPokemonCleaned/0323camerupt/poke_capture_0323_001_mf_n_00000000_f_n.png,/content/drive/MyDrive/612 data/PokeSpriteCleaned/0323camerupt/camerupt-mega.png
722,0323camerupt,poke_capture_0323_001_mf_n_00000000_f_r.png,0323camerupt,camerupt-mega_shiny.png,/content/drive/MyDrive/612 data/ProjectPokemonCleaned/0323camerupt/poke_capture_0323_001_mf_n_00000000_f_r.png,/content/drive/MyDrive/612 data/PokeSpriteCleaned/0323camerupt/camerupt-mega_shiny.png
723,0324torkoal,poke_capture_0324_000_mf_n_00000000_f_n.png,0324torkoal,torkoal.png,/content/drive/MyDrive/612 data/ProjectPokemonCleaned/0324torkoal/poke_capture_0324_000_mf_n_00000000_f_n.png,/content/drive/MyDrive/612 data/PokeSpriteCleaned/0324torkoal/torkoal.png
724,0324torkoal,poke_capture_0324_000_mf_n_00000000_f_r.png,0324torkoal,torkoal_shiny.png,/content/drive/MyDrive/612 data/ProjectPokemonCleaned/0324torkoal/poke_capture_0324_000_mf_n_00000000_f_r.png,/content/drive/MyDrive/612 data/PokeSpriteCleaned/0324torkoal/torkoal_shiny.png
725,0325spoink,poke_capture_0325_000_mf_n_00000000_f_n.png,0325spoink,spoink.png,/content/drive/MyDrive/612 data/ProjectPokemonCleaned/0325spoink/poke_capture_0325_000_mf_n_00000000_f_n.png,/content/drive/MyDrive/612 data/PokeSpriteCleaned/0325spoink/spoink.png
726,0325spoink,poke_capture_0325_000_mf_n_00000000_f_r.png,0325spoink,spoink_shiny.png,/content/drive/MyDrive/612 data/ProjectPokemonCleaned/0325spoink/poke_capture_0325_000_mf_n_00000000_f_r.png,/content/drive/MyDrive/612 data/PokeSpriteCleaned/0325spoink/spoink_shiny.png
727,0326grumpig,poke_capture_0326_000_mf_n_00000000_f_n.png,0326grumpig,grumpig.png,/content/drive/MyDrive/612 data/ProjectPokemonCleaned/0326grumpig/poke_capture_0326_000_mf_n_00000000_f_n.png,/content/drive/MyDrive/612 data/PokeSpriteCleaned/0326grumpig/grumpig.png
728,0326grumpig,poke_capture_0326_000_mf_n_00000000_f_r.png,0326grumpig,grumpig_shiny.png,/content/drive/MyDrive/612 data/ProjectPokemonCleaned/0326grumpig/poke_capture_0326_000_mf_n_00000000_f_r.png,/content/drive/MyDrive/612 data/PokeSpriteCleaned/0326grumpig/grumpig_shiny.png
729,0327spinda,poke_capture_0327_000_mf_n_00000000_f_n.png,0327spinda,spinda.png,/content/drive/MyDrive/612 data/ProjectPokemonCleaned/0327spinda/poke_capture_0327_000_mf_n_00000000_f_n.png,/content/drive/MyDrive/612 data/PokeSpriteCleaned/0327spinda/spinda.png
730,0327spinda,poke_capture_0327_000_mf_n_00000000_f_r.png,0327spinda,spinda_shiny.png,/content/drive/MyDrive/612 data/ProjectPokemonCleaned/0327spinda/poke_capture_0327_000_mf_n_00000000_f_r.png,/content/drive/MyDrive/612 data/PokeSpriteCleaned/0327spinda/spinda_shiny.png
731,0328trapinch,poke_capture_0328_000_mf_n_00000000_f_n.png,0328trapinch,trapinch.png,/content/drive/MyDrive/612 data/ProjectPokemonCleaned/0328trapinch/poke_capture_0328_000_mf_n_00000000_f_n.png,/content/drive/MyDrive/612 data/PokeSpriteCleaned/0328trapinch/trapinch.png
732,0328trapinch,poke_capture_0328_000_mf_n_00000000_f_r.png,0328trapinch,trapinch_shiny.png,/content/drive/MyDrive/612 data/ProjectPokemonCleaned/0328trapinch/poke_capture_0328_000_mf_n_00000000_f_r.png,/content/drive/MyDrive/612 data/PokeSpriteCleaned/0328trapinch/trapinch_shiny.png
733,0329vibrava,poke_capture_0329_000_mf_n_00000000_f_n.png,0329vibrava,vibrava.png,/content/drive/MyDrive/612 data/ProjectPokemonCleaned/0329vibrava/poke_capture_0329_000_mf_n_00000000_f_n.png,/content/drive/MyDrive/612 data/PokeSpriteCleaned/0329vibrava/vibrava.png
734,0329vibrava,poke_capture_0329_000_mf_n_00000000_f_r.png,0329vibrava,vibrava_shiny.png,/content/drive/MyDrive/612 data/ProjectPokemonCleaned/0329vibrava/poke_capture_0329_000_mf_n_00000000_f_r.png,/content/drive/MyDrive/612 data/PokeSpriteCleaned/0329vibrava/vibrava_shiny.png
735,0330flygon,poke_capture_0330_000_mf_n_00000000_f_n.png,0330flygon,flygon.png,/content/drive/MyDrive/612 data/ProjectPokemonCleaned/0330flygon/poke_capture_0330_000_mf_n_00000000_f_n.png,/content/drive/MyDrive/612 data/PokeSpriteCleaned/0330flygon/flygon.png
736,0331cacnea,poke_capture_0331_000_mf_n_00000000_f_n.png,0331cacnea,cacnea.png,/content/drive/MyDrive/612 data/ProjectPokemonCleaned/0331cacnea/poke_capture_0331_000_mf_n_00000000_f_n.png,/content/drive/MyDrive/612 data/PokeSpriteCleaned/0331cacnea/cacnea.png
737,0331cacnea,poke_capture_0331_000_mf_n_00000000_f_r.png,0331cacnea,cacnea_shiny.png,/content/drive/MyDrive/612 data/ProjectPokemonCleaned/0331cacnea/poke_capture_0331_000_mf_n_00000000_f_r.png,/content/drive/MyDrive/612 data/PokeSpriteCleaned/0331cacnea/cacnea_shiny.png
738,0332cacturne,poke_capture_0332_000_fd_n_00000000_f_n.png,0332cacturne,cacturne.png,/content/drive/MyDrive/612 data/ProjectPokemonCleaned/0332cacturne/poke_capture_0332_000_fd_n_00000000_f_n.png,/content/drive/MyDrive/612 data/PokeSpriteCleaned/0332cacturne/cacturne.png
739,0332cacturne,poke_capture_0332_000_fd_n_00000000_f_r.png,0332cacturne,cacturne_shiny.png,/content/drive/MyDrive/612 data/ProjectPokemonCleaned/0332cacturne/poke_capture_0332_000_fd_n_00000000_f_r.png,/content/drive/MyDrive/612 data/PokeSpriteCleaned/0332cacturne/cacturne_shiny.png
740,0333swablu,poke_capture_0333_000_mf_n_00000000_f_n.png,0333swablu,swablu.png,/content/drive/MyDrive/612 data/ProjectPokemonCleaned/0333swablu/poke_capture_0333_000_mf_n_00000000_f_n.png,/content/drive/MyDrive/612 data/PokeSpriteCleaned/0333swablu/swablu.png
741,0333swablu,poke_capture_0333_000_mf_n_00000000_f_r.png,0333swablu,swablu_shiny.png,/content/drive/MyDrive/612 data/ProjectPokemonCleaned/0333swablu/poke_capture_0333_000_mf_n_00000000_f_r.png,/content/drive/MyDrive/612 data/PokeSpriteCleaned/0333swablu/swablu_shiny.png
742,0334altaria,poke_capture_0334_000_mf_n_00000000_f_n.png,0334altaria,altaria.png,/content/drive/MyDrive/612 data/ProjectPokemonCleaned/0334altaria/poke_capture_0334_000_mf_n_00000000_f_n.png,/content/drive/MyDrive/612 data/PokeSpriteCleaned/0334altaria/altaria.png
743,0334altaria,poke_capture_0334_000_mf_n_00000000_f_r.png,0334altaria,altaria_shiny.png,/content/drive/MyDrive/612 data/ProjectPokemonCleaned/0334altaria/poke_capture_0334_000_mf_n_00000000_f_r.png,/content/drive/MyDrive/612 data/PokeSpriteCleaned/0334altaria/altaria_shiny.png
744,0334altaria,poke_capture_0334_001_mf_n_00000000_f_n.png,0334altaria,altaria-mega.png,/content/drive/MyDrive/612 data/ProjectPokemonCleaned/0334altaria/poke_capture_0334_001_mf_n_00000000_f_n.png,/content/drive/MyDrive/612 data/PokeSpriteCleaned/0334altaria/altaria-mega.png
745,0334altaria,poke_capture_0334_001_mf_n_00000000_f_r.png,0334altaria,altaria-mega_shiny.png,/content/drive/MyDrive/612 data/ProjectPokemonCleaned/0334altaria/poke_capture_0334_001_mf_n_00000000_f_r.png,/content/drive/MyDrive/612 data/PokeSpriteCleaned/0334altaria/altaria-mega_shiny.png
746,0335zangoose,poke_capture_0335_000_mf_n_00000000_f_n.png,0335zangoose,zangoose.png,/content/drive/MyDrive/612 data/ProjectPokemonCleaned/0335zangoose/poke_capture_0335_000_mf_n_00000000_f_n.png,/content/drive/MyDrive/612 data/PokeSpriteCleaned/0335zangoose/zangoose.png
747,0335zangoose,poke_capture_0335_000_mf_n_00000000_f_r.png,0335zangoose,zangoose_shiny.png,/content/drive/MyDrive/612 data/ProjectPokemonCleaned/0335zangoose/poke_capture_0335_000_mf_n_00000000_f_r.png,/content/drive/MyDrive/612 data/PokeSpriteCleaned/0335zangoose/zangoose_shiny.png
748,0336seviper,poke_capture_0336_000_mf_n_00000000_f_n.png,0336seviper,seviper.png,/content/drive/MyDrive/612 data/ProjectPokemonCleaned/0336seviper/poke_capture_0336_000_mf_n_00000000_f_n.png,/content/drive/MyDrive/612 data/PokeSpriteCleaned/0336seviper/seviper.png
749,0336seviper,poke_capture_0336_000_mf_n_00000000_f_r.png,0336seviper,seviper_shiny.png,/content/drive/MyDrive/612 data/ProjectPokemonCleaned/0336seviper/poke_capture_0336_000_mf_n_00000000_f_r.png,/content/drive/MyDrive/612 data/PokeSpriteCleaned/0336seviper/seviper_shiny.png
750,0337lunatone,poke_capture_0337_000_uk_n_00000000_f_n.png,0337lunatone,lunatone.png,/content/drive/MyDrive/612 data/ProjectPokemonCleaned/0337lunatone/poke_capture_0337_000_uk_n_00000000_f_n.png,/content/drive/MyDrive/612 data/PokeSpriteCleaned/0337lunatone/lunatone.png
751,0337lunatone,poke_capture_0337_000_uk_n_00000000_f_r.png,0337lunatone,lunatone_shiny.png,/content/drive/MyDrive/612 data/ProjectPokemonCleaned/0337lunatone/poke_capture_0337_000_uk_n_00000000_f_r.png,/content/drive/MyDrive/612 data/PokeSpriteCleaned/0337lunatone/lunatone_shiny.png
752,0338solrock,poke_capture_0338_000_uk_n_00000000_f_n.png,0338solrock,solrock.png,/content/drive/MyDrive/612 data/ProjectPokemonCleaned/0338solrock/poke_capture_0338_000_uk_n_00000000_f_n.png,/content/drive/MyDrive/612 data/PokeSpriteCleaned/0338solrock/solrock.png
753,0338solrock,poke_capture_0338_000_uk_n_00000000_f_r.png,0338solrock,solrock_shiny.png,/content/drive/MyDrive/612 data/ProjectPokemonCleaned/0338solrock/poke_capture_0338_000_uk_n_00000000_f_r.png,/content/drive/MyDrive/612 data/PokeSpriteCleaned/0338solrock/solrock_shiny.png
754,0339barboach,poke_capture_0339_000_mf_n_00000000_f_n.png,0339barboach,barboach.png,/content/drive/MyDrive/612 data/ProjectPokemonCleaned/0339barboach/poke_capture_0339_000_mf_n_00000000_f_n.png,/content/drive/MyDrive/612 data/PokeSpriteCleaned/0339barboach/barboach.png
755,0339barboach,poke_capture_0339_000_mf_n_00000000_f_r.png,0339barboach,barboach_shiny.png,/content/drive/MyDrive/612 data/ProjectPokemonCleaned/0339barboach/poke_capture_0339_000_mf_n_00000000_f_r.png,/content/drive/MyDrive/612 data/PokeSpriteCleaned/0339barboach/barboach_shiny.png
756,0340whiscash,poke_capture_0340_000_mf_n_00000000_f_n.png,0340whiscash,whiscash.png,/content/drive/MyDrive/612 data/ProjectPokemonCleaned/0340whiscash/poke_capture_0340_000_mf_n_00000000_f_n.png,/content/drive/MyDrive/612 data/PokeSpriteCleaned/0340whiscash/whiscash.png
757,0340whiscash,poke_capture_0340_000_mf_n_00000000_f_r.png,0340whiscash,whiscash_shiny.png,/content/drive/MyDrive/612 data/ProjectPokemonCleaned/0340whiscash/poke_capture_0340_000_mf_n_00000000_f_r.png,/content/drive/MyDrive/612 data/PokeSpriteCleaned/0340whiscash/whiscash_shiny.png
758,0341corphish,poke_capture_0341_000_mf_n_00000000_f_n.png,0341corphish,corphish.png,/content/drive/MyDrive/612 data/ProjectPokemonCleaned/0341corphish/poke_capture_0341_000_mf_n_00000000_f_n.png,/content/drive/MyDrive/612 data/PokeSpriteCleaned/0341corphish/corphish.png
759,0341corphish,poke_capture_0341_000_mf_n_00000000_f_r.png,0341corphish,corphish_shiny.png,/content/drive/MyDrive/612 data/ProjectPokemonCleaned/0341corphish/poke_capture_0341_000_mf_n_00000000_f_r.png,/content/drive/MyDrive/612 data/PokeSpriteCleaned/0341corphish/corphish_shiny.png
760,0342crawdaunt,poke_capture_0342_000_mf_n_00000000_f_n.png,0342crawdaunt,crawdaunt.png,/content/drive/MyDrive/612 data/ProjectPokemonCleaned/0342crawdaunt/poke_capture_0342_000_mf_n_00000000_f_n.png,/content/drive/MyDrive/612 data/PokeSpriteCleaned/0342crawdaunt/crawdaunt.png
761,0342crawdaunt,poke_capture_0342_000_mf_n_00000000_f_r.png,0342crawdaunt,crawdaunt_shiny.png,/content/drive/MyDrive/612 data/ProjectPokemonCleaned/0342crawdaunt/poke_capture_0342_000_mf_n_00000000_f_r.png,/content/drive/MyDrive/612 data/PokeSpriteCleaned/0342crawdaunt/crawdaunt_shiny.png
762,0343baltoy,poke_capture_0343_000_uk_n_00000000_f_n.png,0343baltoy,baltoy.png,/content/drive/MyDrive/612 data/ProjectPokemonCleaned/0343baltoy/poke_capture_0343_000_uk_n_00000000_f_n.png,/content/drive/MyDrive/612 data/PokeSpriteCleaned/0343baltoy/baltoy.png
763,0343baltoy,poke_capture_0343_000_uk_n_00000000_f_r.png,0343baltoy,baltoy_shiny.png,/content/drive/MyDrive/612 data/ProjectPokemonCleaned/0343baltoy/poke_capture_0343_000_uk_n_00000000_f_r.png,/content/drive/MyDrive/612 data/PokeSpriteCleaned/0343baltoy/baltoy_shiny.png
764,0344claydol,poke_capture_0344_000_uk_n_00000000_f_n.png,0344claydol,claydol.png,/content/drive/MyDrive/612 data/ProjectPokemonCleaned/0344claydol/poke_capture_0344_000_uk_n_00000000_f_n.png,/content/drive/MyDrive/612 data/PokeSpriteCleaned/0344claydol/claydol.png
765,0344claydol,poke_capture_0344_000_uk_n_00000000_f_r.png,0344claydol,claydol_shiny.png,/content/drive/MyDrive/612 data/ProjectPokemonCleaned/0344claydol/poke_capture_0344_000_uk_n_00000000_f_r.png,/content/drive/MyDrive/612 data/PokeSpriteCleaned/0344claydol/claydol_shiny.png
766,0345lileep,poke_capture_0345_000_mf_n_00000000_f_n.png,0345lileep,lileep.png,/content/drive/MyDrive/612 data/ProjectPokemonCleaned/0345lileep/poke_capture_0345_000_mf_n_00000000_f_n.png,/content/drive/MyDrive/612 data/PokeSpriteCleaned/0345lileep/lileep.png
767,0345lileep,poke_capture_0345_000_mf_n_00000000_f_r.png,0345lileep,lileep_shiny.png,/content/drive/MyDrive/612 data/ProjectPokemonCleaned/0345lileep/poke_capture_0345_000_mf_n_00000000_f_r.png,/content/drive/MyDrive/612 data/PokeSpriteCleaned/0345lileep/lileep_shiny.png
768,0346cradily,poke_capture_0346_000_mf_n_00000000_f_n.png,0346cradily,cradily.png,/content/drive/MyDrive/612 data/ProjectPokemonCleaned/0346cradily/poke_capture_0346_000_mf_n_00000000_f_n.png,/content/drive/MyDrive/612 data/PokeSpriteCleaned/0346cradily/cradily.png
769,0346cradily,poke_capture_0346_000_mf_n_00000000_f_r.png,0346cradily,cradily_shiny.png,/content/drive/MyDrive/612 data/ProjectPokemonCleaned/0346cradily/poke_capture_0346_000_mf_n_00000000_f_r.png,/content/drive/MyDrive/612 data/PokeSpriteCleaned/0346cradily/cradily_shiny.png
770,0347anorith,poke_capture_0347_000_mf_n_00000000_f_n.png,0347anorith,anorith.png,/content/drive/MyDrive/612 data/ProjectPokemonCleaned/0347anorith/poke_capture_0347_000_mf_n_00000000_f_n.png,/content/drive/MyDrive/612 data/PokeSpriteCleaned/0347anorith/anorith.png
771,0347anorith,poke_capture_0347_000_mf_n_00000000_f_r.png,0347anorith,anorith_shiny.png,/content/drive/MyDrive/612 data/ProjectPokemonCleaned/0347anorith/poke_capture_0347_000_mf_n_00000000_f_r.png,/content/drive/MyDrive/612 data/PokeSpriteCleaned/0347anorith/anorith_shiny.png
772,0348armaldo,poke_capture_0348_000_mf_n_00000000_f_n.png,0348armaldo,armaldo.png,/content/drive/MyDrive/612 data/ProjectPokemonCleaned/0348armaldo/poke_capture_0348_000_mf_n_00000000_f_n.png,/content/drive/MyDrive/612 data/PokeSpriteCleaned/0348armaldo/armaldo.png
773,0348armaldo,poke_capture_0348_000_mf_n_00000000_f_r.png,0348armaldo,armaldo_shiny.png,/content/drive/MyDrive/612 data/ProjectPokemonCleaned/0348armaldo/poke_capture_0348_000_mf_n_00000000_f_r.png,/content/drive/MyDrive/612 data/PokeSpriteCleaned/0348armaldo/armaldo_shiny.png
774,0349feebas,poke_capture_0349_000_mf_n_00000000_f_n.png,0349feebas,feebas.png,/content/drive/MyDrive/612 data/ProjectPokemonCleaned/0349feebas/poke_capture_0349_000_mf_n_00000000_f_n.png,/content/drive/MyDrive/612 data/PokeSpriteCleaned/0349feebas/feebas.png
775,0349feebas,poke_capture_0349_000_mf_n_00000000_f_r.png,0349feebas,feebas_shiny.png,/content/drive/MyDrive/612 data/ProjectPokemonCleaned/0349feebas/poke_capture_0349_000_mf_n_00000000_f_r.png,/content/drive/MyDrive/612 data/PokeSpriteCleaned/0349feebas/feebas_shiny.png
776,0350milotic,poke_capture_0350_000_fd_n_00000000_f_n.png,0350milotic,milotic.png,/content/drive/MyDrive/612 data/ProjectPokemonCleaned/0350milotic/poke_capture_0350_000_fd_n_00000000_f_n.png,/content/drive/MyDrive/612 data/PokeSpriteCleaned/0350milotic/milotic.png
777,0350milotic,poke_capture_0350_000_fd_n_00000000_f_r.png,0350milotic,milotic_shiny.png,/content/drive/MyDrive/612 data/ProjectPokemonCleaned/0350milotic/poke_capture_0350_000_fd_n_00000000_f_r.png,/content/drive/MyDrive/612 data/PokeSpriteCleaned/0350milotic/milotic_shiny.png
778,0351castform,poke_capture_0351_000_mf_n_00000000_f_n.png,0351castform,castform.png,/content/drive/MyDrive/612 data/ProjectPokemonCleaned/0351castform/poke_capture_0351_000_mf_n_00000000_f_n.png,/content/drive/MyDrive/612 data/PokeSpriteCleaned/0351castform/castform.png
779,0351castform,poke_capture_0351_000_mf_n_00000000_f_r.png,0351castform,castform_shiny.png,/content/drive/MyDrive/612 data/ProjectPokemonCleaned/0351castform/poke_capture_0351_000_mf_n_00000000_f_r.png,/content/drive/MyDrive/612 data/PokeSpriteCleaned/0351castform/castform_shiny.png
780,0351castform,poke_capture_0351_001_mf_n_00000000_f_n.png,0351castform,castform-sunny.png,/content/drive/MyDrive/612 data/ProjectPokemonCleaned/0351castform/poke_capture_0351_001_mf_n_00000000_f_n.png,/content/drive/MyDrive/612 data/PokeSpriteCleaned/0351castform/castform-sunny.png
781,0351castform,poke_capture_0351_002_mf_n_00000000_f_n.png,0351castform,castform-rainy.png,/content/drive/MyDrive/612 data/ProjectPokemonCleaned/0351castform/poke_capture_0351_002_mf_n_00000000_f_n.png,/content/drive/MyDrive/612 data/PokeSpriteCleaned/0351castform/castform-rainy.png
782,0351castform,poke_capture_0351_003_mf_n_00000000_f_n.png,0351castform,castform-snowy.png,/content/drive/MyDrive/612 data/ProjectPokemonCleaned/0351castform/poke_capture_0351_003_mf_n_00000000_f_n.png,/content/drive/MyDrive/612 data/PokeSpriteCleaned/0351castform/castform-snowy.png
783,0352kecleon,poke_capture_0352_000_mf_n_00000000_f_n.png,0352kecleon,kecleon.png,/content/drive/MyDrive/612 data/ProjectPokemonCleaned/0352kecleon/poke_capture_0352_000_mf_n_00000000_f_n.png,/content/drive/MyDrive/612 data/PokeSpriteCleaned/0352kecleon/kecleon.png
784,0352kecleon,poke_capture_0352_000_mf_n_00000000_f_r.png,0352kecleon,kecleon_shiny.png,/content/drive/MyDrive/612 data/ProjectPokemonCleaned/0352kecleon/poke_capture_0352_000_mf_n_00000000_f_r.png,/content/drive/MyDrive/612 data/PokeSpriteCleaned/0352kecleon/kecleon_shiny.png
785,0353shuppet,poke_capture_0353_000_mf_n_00000000_f_n.png,0353shuppet,shuppet.png,/content/drive/MyDrive/612 data/ProjectPokemonCleaned/0353shuppet/poke_capture_0353_000_mf_n_00000000_f_n.png,/content/drive/MyDrive/612 data/PokeSpriteCleaned/0353shuppet/shuppet.png
786,0354banette,poke_capture_0354_000_mf_n_00000000_f_n.png,0354banette,banette.png,/content/drive/MyDrive/612 data/ProjectPokemonCleaned/0354banette/poke_capture_0354_000_mf_n_00000000_f_n.png,/content/drive/MyDrive/612 data/PokeSpriteCleaned/0354banette/banette.png
787,0354banette,poke_capture_0354_000_mf_n_00000000_f_r.png,0354banette,banette_shiny.png,/content/drive/MyDrive/612 data/ProjectPokemonCleaned/0354banette/poke_capture_0354_000_mf_n_00000000_f_r.png,/content/drive/MyDrive/612 data/PokeSpriteCleaned/0354banette/banette_shiny.png
788,0354banette,poke_capture_0354_001_mf_n_00000000_f_n.png,0354banette,banette-mega.png,/content/drive/MyDrive/612 data/ProjectPokemonCleaned/0354banette/poke_capture_0354_001_mf_n_00000000_f_n.png,/content/drive/MyDrive/612 data/PokeSpriteCleaned/0354banette/banette-mega.png
789,0354banette,poke_capture_0354_001_mf_n_00000000_f_r.png,0354banette,banette-mega_shiny.png,/content/drive/MyDrive/612 data/ProjectPokemonCleaned/0354banette/poke_capture_0354_001_mf_n_00000000_f_r.png,/content/drive/MyDrive/612 data/PokeSpriteCleaned/0354banette/banette-mega_shiny.png
790,0355duskull,poke_capture_0355_000_mf_n_00000000_f_n.png,0355duskull,duskull.png,/content/drive/MyDrive/612 data/ProjectPokemonCleaned/0355duskull/poke_capture_0355_000_mf_n_00000000_f_n.png,/content/drive/MyDrive/612 data/PokeSpriteCleaned/0355duskull/duskull.png
791,0355duskull,poke_capture_0355_000_mf_n_00000000_f_r.png,0355duskull,duskull_shiny.png,/content/drive/MyDrive/612 data/ProjectPokemonCleaned/0355duskull/poke_capture_0355_000_mf_n_00000000_f_r.png,/content/drive/MyDrive/612 data/PokeSpriteCleaned/0355duskull/duskull_shiny.png
792,0356dusclops,poke_capture_0356_000_mf_n_00000000_f_n.png,0356dusclops,dusclops.png,/content/drive/MyDrive/612 data/ProjectPokemonCleaned/0356dusclops/poke_capture_0356_000_mf_n_00000000_f_n.png,/content/drive/MyDrive/612 data/PokeSpriteCleaned/0356dusclops/dusclops.png
793,0356dusclops,poke_capture_0356_000_mf_n_00000000_f_r.png,0356dusclops,dusclops_shiny.png,/content/drive/MyDrive/612 data/ProjectPokemonCleaned/0356dusclops/poke_capture_0356_000_mf_n_00000000_f_r.png,/content/drive/MyDrive/612 data/PokeSpriteCleaned/0356dusclops/dusclops_shiny.png
794,0357tropius,poke_capture_0357_000_mf_n_00000000_f_n.png,0357tropius,tropius.png,/content/drive/MyDrive/612 data/ProjectPokemonCleaned/0357tropius/poke_capture_0357_000_mf_n_00000000_f_n.png,/content/drive/MyDrive/612 data/PokeSpriteCleaned/0357tropius/tropius.png
795,0358chimecho,poke_capture_0358_000_mf_n_00000000_f_n.png,0358chimecho,chimecho.png,/content/drive/MyDrive/612 data/ProjectPokemonCleaned/0358chimecho/poke_capture_0358_000_mf_n_00000000_f_n.png,/content/drive/MyDrive/612 data/PokeSpriteCleaned/0358chimecho/chimecho.png
796,0358chimecho,poke_capture_0358_000_mf_n_00000000_f_r.png,0358chimecho,chimecho_shiny.png,/content/drive/MyDrive/612 data/ProjectPokemonCleaned/0358chimecho/poke_capture_0358_000_mf_n_00000000_f_r.png,/content/drive/MyDrive/612 data/PokeSpriteCleaned/0358chimecho/chimecho_shiny.png
797,0359absol,poke_capture_0359_000_mf_n_00000000_f_n.png,0359absol,absol_right.png,/content/drive/MyDrive/612 data/ProjectPokemonCleaned/0359absol/poke_capture_0359_000_mf_n_00000000_f_n.png,/content/drive/MyDrive/612 data/PokeSpriteCleaned/0359absol/absol_right.png
798,0359absol,poke_capture_0359_000_mf_n_00000000_f_r.png,0359absol,absol_shiny_right.png,/content/drive/MyDrive/612 data/ProjectPokemonCleaned/0359absol/poke_capture_0359_000_mf_n_00000000_f_r.png,/content/drive/MyDrive/612 data/PokeSpriteCleaned/0359absol/absol_shiny_right.png
799,0359absol,poke_capture_0359_001_mf_n_00000000_f_n.png,0359absol,absol-mega.png,/content/drive/MyDrive/612 data/ProjectPokemonCleaned/0359absol/poke_capture_0359_001_mf_n_00000000_f_n.png,/content/drive/MyDrive/612 data/PokeSpriteCleaned/0359absol/absol-mega.png
800,0359absol,poke_capture_0359_001_mf_n_00000000_f_r.png,0359absol,absol-mega_shiny.png,/content/drive/MyDrive/612 data/ProjectPokemonCleaned/0359absol/poke_capture_0359_001_mf_n_00000000_f_r.png,/content/drive/MyDrive/612 data/PokeSpriteCleaned/0359absol/absol-mega_shiny.png
801,0360wynaut,poke_capture_0360_000_mf_n_00000000_f_n.png,0360wynaut,wynaut.png,/content/drive/MyDrive/612 data/ProjectPokemonCleaned/0360wynaut/poke_capture_0360_000_mf_n_00000000_f_n.png,/content/drive/MyDrive/612 data/PokeSpriteCleaned/0360wynaut/wynaut.png
802,0360wynaut,poke_capture_0360_000_mf_n_00000000_f_r.png,0360wynaut,wynaut_shiny.png,/content/drive/MyDrive/612 data/ProjectPokemonCleaned/0360wynaut/poke_capture_0360_000_mf_n_00000000_f_r.png,/content/drive/MyDrive/612 data/PokeSpriteCleaned/0360wynaut/wynaut_shiny.png
803,0361snorunt,poke_capture_0361_000_mf_n_00000000_f_n.png,0361snorunt,snorunt.png,/content/drive/MyDrive/612 data/ProjectPokemonCleaned/0361snorunt/poke_capture_0361_000_mf_n_00000000_f_n.png,/content/drive/MyDrive/612 data/PokeSpriteCleaned/0361snorunt/snorunt.png
804,0361snorunt,poke_capture_0361_000_mf_n_00000000_f_r.png,0361snorunt,snorunt_shiny.png,/content/drive/MyDrive/612 data/ProjectPokemonCleaned/0361snorunt/poke_capture_0361_000_mf_n_00000000_f_r.png,/content/drive/MyDrive/612 data/PokeSpriteCleaned/0361snorunt/snorunt_shiny.png
805,0362glalie,poke_capture_0362_000_mf_n_00000000_f_n.png,0362glalie,glalie.png,/content/drive/MyDrive/612 data/ProjectPokemonCleaned/0362glalie/poke_capture_0362_000_mf_n_00000000_f_n.png,/content/drive/MyDrive/612 data/PokeSpriteCleaned/0362glalie/glalie.png
806,0362glalie,poke_capture_0362_000_mf_n_00000000_f_r.png,0362glalie,glalie_shiny.png,/content/drive/MyDrive/612 data/ProjectPokemonCleaned/0362glalie/poke_capture_0362_000_mf_n_00000000_f_r.png,/content/drive/MyDrive/612 data/PokeSpriteCleaned/0362glalie/glalie_shiny.png
807,0364sealeo,poke_capture_0364_000_mf_n_00000000_f_n.png,0364sealeo,sealeo.png,/content/drive/MyDrive/612 data/ProjectPokemonCleaned/0364sealeo/poke_capture_0364_000_mf_n_00000000_f_n.png,/content/drive/MyDrive/612 data/PokeSpriteCleaned/0364sealeo/sealeo.png
808,0364sealeo,poke_capture_0364_000_mf_n_00000000_f_r.png,0364sealeo,sealeo_shiny.png,/content/drive/MyDrive/612 data/ProjectPokemonCleaned/0364sealeo/poke_capture_0364_000_mf_n_00000000_f_r.png,/content/drive/MyDrive/612 data/PokeSpriteCleaned/0364sealeo/sealeo_shiny.png
809,0365walrein,poke_capture_0365_000_mf_n_00000000_f_n.png,0365walrein,walrein.png,/content/drive/MyDrive/612 data/ProjectPokemonCleaned/0365walrein/poke_capture_0365_000_mf_n_00000000_f_n.png,/content/drive/MyDrive/612 data/PokeSpriteCleaned/0365walrein/walrein.png
810,0365walrein,poke_capture_0365_000_mf_n_00000000_f_r.png,0365walrein,walrein_shiny.png,/content/drive/MyDrive/612 data/ProjectPokemonCleaned/0365walrein/poke_capture_0365_000_mf_n_00000000_f_r.png,/content/drive/MyDrive/612 data/PokeSpriteCleaned/0365walrein/walrein_shiny.png
811,0366clamperl,poke_capture_0366_000_mf_n_00000000_f_n.png,0366clamperl,clamperl.png,/content/drive/MyDrive/612 data/ProjectPokemonCleaned/0366clamperl/poke_capture_0366_000_mf_n_00000000_f_n.png,/content/drive/MyDrive/612 data/PokeSpriteCleaned/0366clamperl/clamperl.png
812,0366clamperl,poke_capture_0366_000_mf_n_00000000_f_r.png,0366clamperl,clamperl_shiny.png,/content/drive/MyDrive/612 data/ProjectPokemonCleaned/0366clamperl/poke_capture_0366_000_mf_n_00000000_f_r.png,/content/drive/MyDrive/612 data/PokeSpriteCleaned/0366clamperl/clamperl_shiny.png
813,0367huntail,poke_capture_0367_000_mf_n_00000000_f_n.png,0367huntail,huntail.png,/content/drive/MyDrive/612 data/ProjectPokemonCleaned/0367huntail/poke_capture_0367_000_mf_n_00000000_f_n.png,/content/drive/MyDrive/612 data/PokeSpriteCleaned/0367huntail/huntail.png
814,0367huntail,poke_capture_0367_000_mf_n_00000000_f_r.png,0367huntail,huntail_shiny.png,/content/drive/MyDrive/612 data/ProjectPokemonCleaned/0367huntail/poke_capture_0367_000_mf_n_00000000_f_r.png,/content/drive/MyDrive/612 data/PokeSpriteCleaned/0367huntail/huntail_shiny.png
815,0368gorebyss,poke_capture_0368_000_mf_n_00000000_f_n.png,0368gorebyss,gorebyss.png,/content/drive/MyDrive/612 data/ProjectPokemonCleaned/0368gorebyss/poke_capture_0368_000_mf_n_00000000_f_n.png,/content/drive/MyDrive/612 data/PokeSpriteCleaned/0368gorebyss/gorebyss.png
816,0368gorebyss,poke_capture_0368_000_mf_n_00000000_f_r.png,0368gorebyss,gorebyss_shiny.png,/content/drive/MyDrive/612 data/ProjectPokemonCleaned/0368gorebyss/poke_capture_0368_000_mf_n_00000000_f_r.png,/content/drive/MyDrive/612 data/PokeSpriteCleaned/0368gorebyss/gorebyss_shiny.png
817,0369relicanth,poke_capture_0369_000_fd_n_00000000_f_n.png,0369relicanth,relicanth.png,/content/drive/MyDrive/612 data/ProjectPokemonCleaned/0369relicanth/poke_capture_0369_000_fd_n_00000000_f_n.png,/content/drive/MyDrive/612 data/PokeSpriteCleaned/0369relicanth/relicanth.png
818,0369relicanth,poke_capture_0369_000_fd_n_00000000_f_r.png,0369relicanth,relicanth_shiny.png,/content/drive/MyDrive/612 data/ProjectPokemonCleaned/0369relicanth/poke_capture_0369_000_fd_n_00000000_f_r.png,/content/drive/MyDrive/612 data/PokeSpriteCleaned/0369relicanth/relicanth_shiny.png
819,0370luvdisc,poke_capture_0370_000_mf_n_00000000_f_n.png,0370luvdisc,luvdisc.png,/content/drive/MyDrive/612 data/ProjectPokemonCleaned/0370luvdisc/poke_capture_0370_000_mf_n_00000000_f_n.png,/content/drive/MyDrive/612 data/PokeSpriteCleaned/0370luvdisc/luvdisc.png
820,0370luvdisc,poke_capture_0370_000_mf_n_00000000_f_r.png,0370luvdisc,luvdisc_shiny.png,/content/drive/MyDrive/612 data/ProjectPokemonCleaned/0370luvdisc/poke_capture_0370_000_mf_n_00000000_f_r.png,/content/drive/MyDrive/612 data/PokeSpriteCleaned/0370luvdisc/luvdisc_shiny.png
821,0371bagon,poke_capture_0371_000_mf_n_00000000_f_n.png,0371bagon,bagon.png,/content/drive/MyDrive/612 data/ProjectPokemonCleaned/0371bagon/poke_capture_0371_000_mf_n_00000000_f_n.png,/content/drive/MyDrive/612 data/PokeSpriteCleaned/0371bagon/bagon.png
822,0371bagon,poke_capture_0371_000_mf_n_00000000_f_r.png,0371bagon,bagon_shiny.png,/content/drive/MyDrive/612 data/ProjectPokemonCleaned/0371bagon/poke_capture_0371_000_mf_n_00000000_f_r.png,/content/drive/MyDrive/612 data/PokeSpriteCleaned/0371bagon/bagon_shiny.png
823,0372shelgon,poke_capture_0372_000_mf_n_00000000_f_n.png,0372shelgon,shelgon.png,/content/drive/MyDrive/612 data/ProjectPokemonCleaned/0372shelgon/poke_capture_0372_000_mf_n_00000000_f_n.png,/content/drive/MyDrive/612 data/PokeSpriteCleaned/0372shelgon/shelgon.png
824,0372shelgon,poke_capture_0372_000_mf_n_00000000_f_r.png,0372shelgon,shelgon_shiny.png,/content/drive/MyDrive/612 data/ProjectPokemonCleaned/0372shelgon/poke_capture_0372_000_mf_n_00000000_f_r.png,/content/drive/MyDrive/612 data/PokeSpriteCleaned/0372shelgon/shelgon_shiny.png
825,0373salamence,poke_capture_0373_000_mf_n_00000000_f_n.png,0373salamence,salamence.png,/content/drive/MyDrive/612 data/ProjectPokemonCleaned/0373salamence/poke_capture_0373_000_mf_n_00000000_f_n.png,/content/drive/MyDrive/612 data/PokeSpriteCleaned/0373salamence/salamence.png
826,0373salamence,poke_capture_0373_000_mf_n_00000000_f_r.png,0373salamence,salamence_shiny.png,/content/drive/MyDrive/612 data/ProjectPokemonCleaned/0373salamence/poke_capture_0373_000_mf_n_00000000_f_r.png,/content/drive/MyDrive/612 data/PokeSpriteCleaned/0373salamence/salamence_shiny.png
827,0373salamence,poke_capture_0373_001_mf_n_00000000_f_n.png,0373salamence,salamence-mega.png,/content/drive/MyDrive/612 data/ProjectPokemonCleaned/0373salamence/poke_capture_0373_001_mf_n_00000000_f_n.png,/content/drive/MyDrive/612 data/PokeSpriteCleaned/0373salamence/salamence-mega.png
828,0373salamence,poke_capture_0373_001_mf_n_00000000_f_r.png,0373salamence,salamence-mega_shiny.png,/content/drive/MyDrive/612 data/ProjectPokemonCleaned/0373salamence/poke_capture_0373_001_mf_n_00000000_f_r.png,/content/drive/MyDrive/612 data/PokeSpriteCleaned/0373salamence/salamence-mega_shiny.png
829,0374beldum,poke_capture_0374_000_uk_n_00000000_f_n.png,0374beldum,beldum.png,/content/drive/MyDrive/612 data/ProjectPokemonCleaned/0374beldum/poke_capture_0374_000_uk_n_00000000_f_n.png,/content/drive/MyDrive/612 data/PokeSpriteCleaned/0374beldum/beldum.png
830,0374beldum,poke_capture_0374_000_uk_n_00000000_f_r.png,0374beldum,beldum_shiny.png,/content/drive/MyDrive/612 data/ProjectPokemonCleaned/0374beldum/poke_capture_0374_000_uk_n_00000000_f_r.png,/content/drive/MyDrive/612 data/PokeSpriteCleaned/0374beldum/beldum_shiny.png
831,0375metang,poke_capture_0375_000_uk_n_00000000_f_n.png,0375metang,metang.png,/content/drive/MyDrive/612 data/ProjectPokemonCleaned/0375metang/poke_capture_0375_000_uk_n_00000000_f_n.png,/content/drive/MyDrive/612 data/PokeSpriteCleaned/0375metang/metang.png
832,0375metang,poke_capture_0375_000_uk_n_00000000_f_r.png,0375metang,metang_shiny.png,/content/drive/MyDrive/612 data/ProjectPokemonCleaned/0375metang/poke_capture_0375_000_uk_n_00000000_f_r.png,/content/drive/MyDrive/612 data/PokeSpriteCleaned/0375metang/metang_shiny.png
833,0376metagross,poke_capture_0376_000_uk_n_00000000_f_n.png,0376metagross,metagross.png,/content/drive/MyDrive/612 data/ProjectPokemonCleaned/0376metagross/poke_capture_0376_000_uk_n_00000000_f_n.png,/content/drive/MyDrive/612 data/PokeSpriteCleaned/0376metagross/metagross.png
834,0376metagross,poke_capture_0376_001_uk_n_00000000_f_n.png,0376metagross,metagross-mega.png,/content/drive/MyDrive/612 data/ProjectPokemonCleaned/0376metagross/poke_capture_0376_001_uk_n_00000000_f_n.png,/content/drive/MyDrive/612 data/PokeSpriteCleaned/0376metagross/metagross-mega.png
835,0376metagross,poke_capture_0376_001_uk_n_00000000_f_r.png,0376metagross,metagross-mega_shiny.png,/content/drive/MyDrive/612 data/ProjectPokemonCleaned/0376metagross/poke_capture_0376_001_uk_n_00000000_f_r.png,/content/drive/MyDrive/612 data/PokeSpriteCleaned/0376metagross/metagross-mega_shiny.png
836,0377regirock,poke_capture_0377_000_uk_n_00000000_f_n.png,0377regirock,regirock.png,/content/drive/MyDrive/612 data/ProjectPokemonCleaned/0377regirock/poke_capture_0377_000_uk_n_00000000_f_n.png,/content/drive/MyDrive/612 data/PokeSpriteCleaned/0377regirock/regirock.png
837,0377regirock,poke_capture_0377_000_uk_n_00000000_f_r.png,0377regirock,regirock_shiny.png,/content/drive/MyDrive/612 data/ProjectPokemonCleaned/0377regirock/poke_capture_0377_000_uk_n_00000000_f_r.png,/content/drive/MyDrive/612 data/PokeSpriteCleaned/0377regirock/regirock_shiny.png
838,0378regice,poke_capture_0378_000_uk_n_00000000_f_n.png,0378regice,regice.png,/content/drive/MyDrive/612 data/ProjectPokemonCleaned/0378regice/poke_capture_0378_000_uk_n_00000000_f_n.png,/content/drive/MyDrive/612 data/PokeSpriteCleaned/0378regice/regice.png
839,0379registeel,poke_capture_0379_000_uk_n_00000000_f_n.png,0379registeel,registeel.png,/content/drive/MyDrive/612 data/ProjectPokemonCleaned/0379registeel/poke_capture_0379_000_uk_n_00000000_f_n.png,/content/drive/MyDrive/612 data/PokeSpriteCleaned/0379registeel/registeel.png
840,0380latias,poke_capture_0380_000_fo_n_00000000_f_n.png,0380latias,latias.png,/content/drive/MyDrive/612 data/ProjectPokemonCleaned/0380latias/poke_capture_0380_000_fo_n_00000000_f_n.png,/content/drive/MyDrive/612 data/PokeSpriteCleaned/0380latias/latias.png
841,0380latias,poke_capture_0380_000_fo_n_00000000_f_r.png,0380latias,latias_shiny.png,/content/drive/MyDrive/612 data/ProjectPokemonCleaned/0380latias/poke_capture_0380_000_fo_n_00000000_f_r.png,/content/drive/MyDrive/612 data/PokeSpriteCleaned/0380latias/latias_shiny.png
842,0381latios,poke_capture_0381_000_mo_n_00000000_f_n.png,0381latios,latios.png,/content/drive/MyDrive/612 data/ProjectPokemonCleaned/0381latios/poke_capture_0381_000_mo_n_00000000_f_n.png,/content/drive/MyDrive/612 data/PokeSpriteCleaned/0381latios/latios.png
843,0381latios,poke_capture_0381_000_mo_n_00000000_f_r.png,0381latios,latios_shiny.png,/content/drive/MyDrive/612 data/ProjectPokemonCleaned/0381latios/poke_capture_0381_000_mo_n_00000000_f_r.png,/content/drive/MyDrive/612 data/PokeSpriteCleaned/0381latios/latios_shiny.png
844,0381latios,poke_capture_0381_001_mo_n_00000000_f_n.png,0381latios,latios-mega.png,/content/drive/MyDrive/612 data/ProjectPokemonCleaned/0381latios/poke_capture_0381_001_mo_n_00000000_f_n.png,/content/drive/MyDrive/612 data/PokeSpriteCleaned/0381latios/latios-mega.png
845,0381latios,poke_capture_0381_001_mo_n_00000000_f_r.png,0381latios,latios-mega_shiny.png,/content/drive/MyDrive/612 data/ProjectPokemonCleaned/0381latios/poke_capture_0381_001_mo_n_00000000_f_r.png,/content/drive/MyDrive/612 data/PokeSpriteCleaned/0381latios/latios-mega_shiny.png
846,0382kyogre,poke_capture_0382_000_uk_n_00000000_f_n.png,0382kyogre,kyogre.png,/content/drive/MyDrive/612 data/ProjectPokemonCleaned/0382kyogre/poke_capture_0382_000_uk_n_00000000_f_n.png,/content/drive/MyDrive/612 data/PokeSpriteCleaned/0382kyogre/kyogre.png
847,0382kyogre,poke_capture_0382_000_uk_n_00000000_f_r.png,0382kyogre,kyogre_shiny.png,/content/drive/MyDrive/612 data/ProjectPokemonCleaned/0382kyogre/poke_capture_0382_000_uk_n_00000000_f_r.png,/content/drive/MyDrive/612 data/PokeSpriteCleaned/0382kyogre/kyogre_shiny.png
848,0382kyogre,poke_capture_0382_001_uk_n_00000000_f_n.png,0382kyogre,kyogre-primal.png,/content/drive/MyDrive/612 data/ProjectPokemonCleaned/0382kyogre/poke_capture_0382_001_uk_n_00000000_f_n.png,/content/drive/MyDrive/612 data/PokeSpriteCleaned/0382kyogre/kyogre-primal.png
849,0382kyogre,poke_capture_0382_001_uk_n_00000000_f_r.png,0382kyogre,kyogre-primal_shiny.png,/content/drive/MyDrive/612 data/ProjectPokemonCleaned/0382kyogre/poke_capture_0382_001_uk_n_00000000_f_r.png,/content/drive/MyDrive/612 data/PokeSpriteCleaned/0382kyogre/kyogre-primal_shiny.png
850,0383groudon,poke_capture_0383_000_uk_n_00000000_f_n.png,0383groudon,groudon.png,/content/drive/MyDrive/612 data/ProjectPokemonCleaned/0383groudon/poke_capture_0383_000_uk_n_00000000_f_n.png,/content/drive/MyDrive/612 data/PokeSpriteCleaned/0383groudon/groudon.png
851,0384rayquaza,poke_capture_0384_000_uk_n_00000000_f_n.png,0384rayquaza,rayquaza.png,/content/drive/MyDrive/612 data/ProjectPokemonCleaned/0384rayquaza/poke_capture_0384_000_uk_n_00000000_f_n.png,/content/drive/MyDrive/612 data/PokeSpriteCleaned/0384rayquaza/rayquaza.png
852,0384rayquaza,poke_capture_0384_000_uk_n_00000000_f_r.png,0384rayquaza,rayquaza_shiny.png,/content/drive/MyDrive/612 data/ProjectPokemonCleaned/0384rayquaza/poke_capture_0384_000_uk_n_00000000_f_r.png,/content/drive/MyDrive/612 data/PokeSpriteCleaned/0384rayquaza/rayquaza_shiny.png
853,0384rayquaza,poke_capture_0384_001_uk_n_00000000_f_n.png,0384rayquaza,rayquaza-mega.png,/content/drive/MyDrive/612 data/ProjectPokemonCleaned/0384rayquaza/poke_capture_0384_001_uk_n_00000000_f_n.png,/content/drive/MyDrive/612 data/PokeSpriteCleaned/0384rayquaza/rayquaza-mega.png
854,0384rayquaza,poke_capture_0384_001_uk_n_00000000_f_r.png,0384rayquaza,rayquaza-mega_shiny.png,/content/drive/MyDrive/612 data/ProjectPokemonCleaned/0384rayquaza/poke_capture_0384_001_uk_n_00000000_f_r.png,/content/drive/MyDrive/612 data/PokeSpriteCleaned/0384rayquaza/rayquaza-mega_shiny.png
855,0385jirachi,poke_capture_0385_000_uk_n_00000000_f_n.png,0385jirachi,jirachi.png,/content/drive/MyDrive/612 data/ProjectPokemonCleaned/0385jirachi/poke_capture_0385_000_uk_n_00000000_f_n.png,/content/drive/MyDrive/612 data/PokeSpriteCleaned/0385jirachi/jirachi.png
856,0386deoxys,poke_capture_0386_000_uk_n_00000000_f_n.png,0386deoxys,deoxys.png,/content/drive/MyDrive/612 data/ProjectPokemonCleaned/0386deoxys/poke_capture_0386_000_uk_n_00000000_f_n.png,/content/drive/MyDrive/612 data/PokeSpriteCleaned/0386deoxys/deoxys.png
857,0386deoxys,poke_capture_0386_000_uk_n_00000000_f_r.png,0386deoxys,deoxys_shiny.png,/content/drive/MyDrive/612 data/ProjectPokemonCleaned/0386deoxys/poke_capture_0386_000_uk_n_00000000_f_r.png,/content/drive/MyDrive/612 data/PokeSpriteCleaned/0386deoxys/deoxys_shiny.png
858,0386deoxys,poke_capture_0386_001_uk_n_00000000_f_n.png,0386deoxys,deoxys-attack.png,/content/drive/MyDrive/612 data/ProjectPokemonCleaned/0386deoxys/poke_capture_0386_001_uk_n_00000000_f_n.png,/content/drive/MyDrive/612 data/PokeSpriteCleaned/0386deoxys/deoxys-attack.png
859,0386deoxys,poke_capture_0386_001_uk_n_00000000_f_r.png,0386deoxys,deoxys-attack_shiny.png,/content/drive/MyDrive/612 data/ProjectPokemonCleaned/0386deoxys/poke_capture_0386_001_uk_n_00000000_f_r.png,/content/drive/MyDrive/612 data/PokeSpriteCleaned/0386deoxys/deoxys-attack_shiny.png
860,0386deoxys,poke_capture_0386_003_uk_n_00000000_f_n.png,0386deoxys,deoxys-speed.png,/content/drive/MyDrive/612 data/ProjectPokemonCleaned/0386deoxys/poke_capture_0386_003_uk_n_00000000_f_n.png,/content/drive/MyDrive/612 data/PokeSpriteCleaned/0386deoxys/deoxys-speed.png
861,0386deoxys,poke_capture_0386_003_uk_n_00000000_f_r.png,0386deoxys,deoxys-speed_shiny.png,/content/drive/MyDrive/612 data/ProjectPokemonCleaned/0386deoxys/poke_capture_0386_003_uk_n_00000000_f_r.png,/content/drive/MyDrive/612 data/PokeSpriteCleaned/0386deoxys/deoxys-speed_shiny.png
862,0387turtwig,poke_capture_0387_000_mf_n_00000000_f_n.png,0387turtwig,turtwig.png,/content/drive/MyDrive/612 data/ProjectPokemonCleaned/0387turtwig/poke_capture_0387_000_mf_n_00000000_f_n.png,/content/drive/MyDrive/612 data/PokeSpriteCleaned/0387turtwig/turtwig.png
863,0387turtwig,poke_capture_0387_000_mf_n_00000000_f_r.png,0387turtwig,turtwig_shiny.png,/content/drive/MyDrive/612 data/ProjectPokemonCleaned/0387turtwig/poke_capture_0387_000_mf_n_00000000_f_r.png,/content/drive/MyDrive/612 data/PokeSpriteCleaned/0387turtwig/turtwig_shiny.png
864,0388grotle,poke_capture_0388_000_mf_n_00000000_f_n.png,0388grotle,grotle.png,/content/drive/MyDrive/612 data/ProjectPokemonCleaned/0388grotle/poke_capture_0388_000_mf_n_00000000_f_n.png,/content/drive/MyDrive/612 data/PokeSpriteCleaned/0388grotle/grotle.png
865,0388grotle,poke_capture_0388_000_mf_n_00000000_f_r.png,0388grotle,grotle_shiny.png,/content/drive/MyDrive/612 data/ProjectPokemonCleaned/0388grotle/poke_capture_0388_000_mf_n_00000000_f_r.png,/content/drive/MyDrive/612 data/PokeSpriteCleaned/0388grotle/grotle_shiny.png
866,0389torterra,poke_capture_0389_000_mf_n_00000000_f_n.png,0389torterra,torterra.png,/content/drive/MyDrive/612 data/ProjectPokemonCleaned/0389torterra/poke_capture_0389_000_mf_n_00000000_f_n.png,/content/drive/MyDrive/612 data/PokeSpriteCleaned/0389torterra/torterra.png
867,0389torterra,poke_capture_0389_000_mf_n_00000000_f_r.png,0389torterra,torterra_shiny.png,/content/drive/MyDrive/612 data/ProjectPokemonCleaned/0389torterra/poke_capture_0389_000_mf_n_00000000_f_r.png,/content/drive/MyDrive/612 data/PokeSpriteCleaned/0389torterra/torterra_shiny.png
868,0390chimchar,poke_capture_0390_000_mf_n_00000000_f_n.png,0390chimchar,chimchar.png,/content/drive/MyDrive/612 data/ProjectPokemonCleaned/0390chimchar/poke_capture_0390_000_mf_n_00000000_f_n.png,/content/drive/MyDrive/612 data/PokeSpriteCleaned/0390chimchar/chimchar.png
869,0390chimchar,poke_capture_0390_000_mf_n_00000000_f_r.png,0390chimchar,chimchar_shiny.png,/content/drive/MyDrive/612 data/ProjectPokemonCleaned/0390chimchar/poke_capture_0390_000_mf_n_00000000_f_r.png,/content/drive/MyDrive/612 data/PokeSpriteCleaned/0390chimchar/chimchar_shiny.png
870,0391monferno,poke_capture_0391_000_mf_n_00000000_f_n.png,0391monferno,monferno.png,/content/drive/MyDrive/612 data/ProjectPokemonCleaned/0391monferno/poke_capture_0391_000_mf_n_00000000_f_n.png,/content/drive/MyDrive/612 data/PokeSpriteCleaned/0391monferno/monferno.png
871,0391monferno,poke_capture_0391_000_mf_n_00000000_f_r.png,0391monferno,monferno_shiny.png,/content/drive/MyDrive/612 data/ProjectPokemonCleaned/0391monferno/poke_capture_0391_000_mf_n_00000000_f_r.png,/content/drive/MyDrive/612 data/PokeSpriteCleaned/0391monferno/monferno_shiny.png
872,0392infernape,poke_capture_0392_000_mf_n_00000000_f_n.png,0392infernape,infernape.png,/content/drive/MyDrive/612 data/ProjectPokemonCleaned/0392infernape/poke_capture_0392_000_mf_n_00000000_f_n.png,/content/drive/MyDrive/612 data/PokeSpriteCleaned/0392infernape/infernape.png
873,0392infernape,poke_capture_0392_000_mf_n_00000000_f_r.png,0392infernape,infernape_shiny.png,/content/drive/MyDrive/612 data/ProjectPokemonCleaned/0392infernape/poke_capture_0392_000_mf_n_00000000_f_r.png,/content/drive/MyDrive/612 data/PokeSpriteCleaned/0392infernape/infernape_shiny.png
874,0394prinplup,poke_capture_0394_000_mf_n_00000000_f_n.png,0394prinplup,prinplup.png,/content/drive/MyDrive/612 data/ProjectPokemonCleaned/0394prinplup/poke_capture_0394_000_mf_n_00000000_f_n.png,/content/drive/MyDrive/612 data/PokeSpriteCleaned/0394prinplup/prinplup.png
875,0395empoleon,poke_capture_0395_000_mf_n_00000000_f_n.png,0395empoleon,empoleon.png,/content/drive/MyDrive/612 data/ProjectPokemonCleaned/0395empoleon/poke_capture_0395_000_mf_n_00000000_f_n.png,/content/drive/MyDrive/612 data/PokeSpriteCleaned/0395empoleon/empoleon.png
876,0395empoleon,poke_capture_0395_000_mf_n_00000000_f_r.png,0395empoleon,empoleon_shiny.png,/content/drive/MyDrive/612 data/ProjectPokemonCleaned/0395empoleon/poke_capture_0395_000_mf_n_00000000_f_r.png,/content/drive/MyDrive/612 data/PokeSpriteCleaned/0395empoleon/empoleon_shiny.png
877,0396starly,poke_capture_0396_000_fd_n_00000000_f_n.png,0396starly,starly.png,/content/drive/MyDrive/612 data/ProjectPokemonCleaned/0396starly/poke_capture_0396_000_fd_n_00000000_f_n.png,/content/drive/MyDrive/612 data/PokeSpriteCleaned/0396starly/starly.png
878,0396starly,poke_capture_0396_000_fd_n_00000000_f_r.png,0396starly,starly_shiny.png,/content/drive/MyDrive/612 data/ProjectPokemonCleaned/0396starly/poke_capture_0396_000_fd_n_00000000_f_r.png,/content/drive/MyDrive/612 data/PokeSpriteCleaned/0396starly/starly_shiny.png
879,0397staravia,poke_capture_0397_000_fd_n_00000000_f_n.png,0397staravia,staravia.png,/content/drive/MyDrive/612 data/ProjectPokemonCleaned/0397staravia/poke_capture_0397_000_fd_n_00000000_f_n.png,/content/drive/MyDrive/612 data/PokeSpriteCleaned/0397staravia/staravia.png
880,0397staravia,poke_capture_0397_000_fd_n_00000000_f_r.png,0397staravia,staravia_shiny.png,/content/drive/MyDrive/612 data/ProjectPokemonCleaned/0397staravia/poke_capture_0397_000_fd_n_00000000_f_r.png,/content/drive/MyDrive/612 data/PokeSpriteCleaned/0397staravia/staravia_shiny.png
881,0398staraptor,poke_capture_0398_000_fd_n_00000000_f_n.png,0398staraptor,staraptor.png,/content/drive/MyDrive/612 data/ProjectPokemonCleaned/0398staraptor/poke_capture_0398_000_fd_n_00000000_f_n.png,/content/drive/MyDrive/612 data/PokeSpriteCleaned/0398staraptor/staraptor.png
882,0398staraptor,poke_capture_0398_000_fd_n_00000000_f_r.png,0398staraptor,staraptor_shiny.png,/content/drive/MyDrive/612 data/ProjectPokemonCleaned/0398staraptor/poke_capture_0398_000_fd_n_00000000_f_r.png,/content/drive/MyDrive/612 data/PokeSpriteCleaned/0398staraptor/staraptor_shiny.png
883,0399bidoof,poke_capture_0399_000_fd_n_00000000_f_n.png,0399bidoof,bidoof.png,/content/drive/MyDrive/612 data/ProjectPokemonCleaned/0399bidoof/poke_capture_0399_000_fd_n_00000000_f_n.png,/content/drive/MyDrive/612 data/PokeSpriteCleaned/0399bidoof/bidoof.png
884,0399bidoof,poke_capture_0399_000_fd_n_00000000_f_r.png,0399bidoof,bidoof_shiny.png,/content/drive/MyDrive/612 data/ProjectPokemonCleaned/0399bidoof/poke_capture_0399_000_fd_n_00000000_f_r.png,/content/drive/MyDrive/612 data/PokeSpriteCleaned/0399bidoof/bidoof_shiny.png
885,0400bibarel,poke_capture_0400_000_fd_n_00000000_f_n.png,0400bibarel,bibarel.png,/content/drive/MyDrive/612 data/ProjectPokemonCleaned/0400bibarel/poke_capture_0400_000_fd_n_00000000_f_n.png,/content/drive/MyDrive/612 data/PokeSpriteCleaned/0400bibarel/bibarel.png
886,0401kricketot,poke_capture_0401_000_fd_n_00000000_f_n.png,0401kricketot,kricketot.png,/content/drive/MyDrive/612 data/ProjectPokemonCleaned/0401kricketot/poke_capture_0401_000_fd_n_00000000_f_n.png,/content/drive/MyDrive/612 data/PokeSpriteCleaned/0401kricketot/kricketot.png
887,0401kricketot,poke_capture_0401_000_fd_n_00000000_f_r.png,0401kricketot,kricketot_shiny.png,/content/drive/MyDrive/612 data/ProjectPokemonCleaned/0401kricketot/poke_capture_0401_000_fd_n_00000000_f_r.png,/content/drive/MyDrive/612 data/PokeSpriteCleaned/0401kricketot/kricketot_shiny.png
888,0402kricketune,poke_capture_0402_000_fd_n_00000000_f_n.png,0402kricketune,kricketune.png,/content/drive/MyDrive/612 data/ProjectPokemonCleaned/0402kricketune/poke_capture_0402_000_fd_n_00000000_f_n.png,/content/drive/MyDrive/612 data/PokeSpriteCleaned/0402kricketune/kricketune.png
889,0402kricketune,poke_capture_0402_000_fd_n_00000000_f_r.png,0402kricketune,kricketune_shiny.png,/content/drive/MyDrive/612 data/ProjectPokemonCleaned/0402kricketune/poke_capture_0402_000_fd_n_00000000_f_r.png,/content/drive/MyDrive/612 data/PokeSpriteCleaned/0402kricketune/kricketune_shiny.png
890,0403shinx,poke_capture_0403_000_fd_n_00000000_f_n.png,0403shinx,shinx.png,/content/drive/MyDrive/612 data/ProjectPokemonCleaned/0403shinx/poke_capture_0403_000_fd_n_00000000_f_n.png,/content/drive/MyDrive/612 data/PokeSpriteCleaned/0403shinx/shinx.png
891,0404luxio,poke_capture_0404_000_fd_n_00000000_f_n.png,0404luxio,luxio.png,/content/drive/MyDrive/612 data/ProjectPokemonCleaned/0404luxio/poke_capture_0404_000_fd_n_00000000_f_n.png,/content/drive/MyDrive/612 data/PokeSpriteCleaned/0404luxio/luxio.png
892,0404luxio,poke_capture_0404_000_fd_n_00000000_f_r.png,0404luxio,luxio_shiny.png,/content/drive/MyDrive/612 data/ProjectPokemonCleaned/0404luxio/poke_capture_0404_000_fd_n_00000000_f_r.png,/content/drive/MyDrive/612 data/PokeSpriteCleaned/0404luxio/luxio_shiny.png
893,0405luxray,poke_capture_0405_000_fd_n_00000000_f_n.png,0405luxray,luxray.png,/content/drive/MyDrive/612 data/ProjectPokemonCleaned/0405luxray/poke_capture_0405_000_fd_n_00000000_f_n.png,/content/drive/MyDrive/612 data/PokeSpriteCleaned/0405luxray/luxray.png
894,0405luxray,poke_capture_0405_000_fd_n_00000000_f_r.png,0405luxray,luxray_shiny.png,/content/drive/MyDrive/612 data/ProjectPokemonCleaned/0405luxray/poke_capture_0405_000_fd_n_00000000_f_r.png,/content/drive/MyDrive/612 data/PokeSpriteCleaned/0405luxray/luxray_shiny.png
895,0406budew,poke_capture_0406_000_mf_n_00000000_f_n.png,0406budew,budew.png,/content/drive/MyDrive/612 data/ProjectPokemonCleaned/0406budew/poke_capture_0406_000_mf_n_00000000_f_n.png,/content/drive/MyDrive/612 data/PokeSpriteCleaned/0406budew/budew.png
896,0407roserade,poke_capture_0407_000_fd_n_00000000_f_n.png,0407roserade,roserade.png,/content/drive/MyDrive/612 data/ProjectPokemonCleaned/0407roserade/poke_capture_0407_000_fd_n_00000000_f_n.png,/content/drive/MyDrive/612 data/PokeSpriteCleaned/0407roserade/roserade.png
897,0407roserade,poke_capture_0407_000_fd_n_00000000_f_r.png,0407roserade,roserade_shiny.png,/content/drive/MyDrive/612 data/ProjectPokemonCleaned/0407roserade/poke_capture_0407_000_fd_n_00000000_f_r.png,/content/drive/MyDrive/612 data/PokeSpriteCleaned/0407roserade/roserade_shiny.png
898,0410shieldon,poke_capture_0410_000_mf_n_00000000_f_n.png,0410shieldon,shieldon.png,/content/drive/MyDrive/612 data/ProjectPokemonCleaned/0410shieldon/poke_capture_0410_000_mf_n_00000000_f_n.png,/content/drive/MyDrive/612 data/PokeSpriteCleaned/0410shieldon/shieldon.png
899,0410shieldon,poke_capture_0410_000_mf_n_00000000_f_r.png,0410shieldon,shieldon_shiny.png,/content/drive/MyDrive/612 data/ProjectPokemonCleaned/0410shieldon/poke_capture_0410_000_mf_n_00000000_f_r.png,/content/drive/MyDrive/612 data/PokeSpriteCleaned/0410shieldon/shieldon_shiny.png
900,0411bastiodon,poke_capture_0411_000_mf_n_00000000_f_n.png,0411bastiodon,bastiodon.png,/content/drive/MyDrive/612 data/ProjectPokemonCleaned/0411bastiodon/poke_capture_0411_000_mf_n_00000000_f_n.png,/content/drive/MyDrive/612 data/PokeSpriteCleaned/0411bastiodon/bastiodon.png
901,0411bastiodon,poke_capture_0411_000_mf_n_00000000_f_r.png,0411bastiodon,bastiodon_shiny.png,/content/drive/MyDrive/612 data/ProjectPokemonCleaned/0411bastiodon/poke_capture_0411_000_mf_n_00000000_f_r.png,/content/drive/MyDrive/612 data/PokeSpriteCleaned/0411bastiodon/bastiodon_shiny.png
902,0412burmy,poke_capture_0412_000_mf_n_00000000_f_n.png,0412burmy,burmy.png,/content/drive/MyDrive/612 data/ProjectPokemonCleaned/0412burmy/poke_capture_0412_000_mf_n_00000000_f_n.png,/content/drive/MyDrive/612 data/PokeSpriteCleaned/0412burmy/burmy.png
903,0412burmy,poke_capture_0412_000_mf_n_00000000_f_r.png,0412burmy,burmy_shiny.png,/content/drive/MyDrive/612 data/ProjectPokemonCleaned/0412burmy/poke_capture_0412_000_mf_n_00000000_f_r.png,/content/drive/MyDrive/612 data/PokeSpriteCleaned/0412burmy/burmy_shiny.png
904,0412burmy,poke_capture_0412_001_mf_n_00000000_f_n.png,0412burmy,burmy-sandy.png,/content/drive/MyDrive/612 data/ProjectPokemonCleaned/0412burmy/poke_capture_0412_001_mf_n_00000000_f_n.png,/content/drive/MyDrive/612 data/PokeSpriteCleaned/0412burmy/burmy-sandy.png
905,0412burmy,poke_capture_0412_001_mf_n_00000000_f_r.png,0412burmy,burmy-sandy_shiny.png,/content/drive/MyDrive/612 data/ProjectPokemonCleaned/0412burmy/poke_capture_0412_001_mf_n_00000000_f_r.png,/content/drive/MyDrive/612 data/PokeSpriteCleaned/0412burmy/burmy-sandy_shiny.png
906,0412burmy,poke_capture_0412_002_mf_n_00000000_f_n.png,0412burmy,burmy-trash.png,/content/drive/MyDrive/612 data/ProjectPokemonCleaned/0412burmy/poke_capture_0412_002_mf_n_00000000_f_n.png,/content/drive/MyDrive/612 data/PokeSpriteCleaned/0412burmy/burmy-trash.png
907,0412burmy,poke_capture_0412_002_mf_n_00000000_f_r.png,0412burmy,burmy-trash_shiny.png,/content/drive/MyDrive/612 data/ProjectPokemonCleaned/0412burmy/poke_capture_0412_002_mf_n_00000000_f_r.png,/content/drive/MyDrive/612 data/PokeSpriteCleaned/0412burmy/burmy-trash_shiny.png
908,0413wormadam,poke_capture_0413_000_fo_n_00000000_f_n.png,0413wormadam,wormadam.png,/content/drive/MyDrive/612 data/ProjectPokemonCleaned/0413wormadam/poke_capture_0413_000_fo_n_00000000_f_n.png,/content/drive/MyDrive/612 data/PokeSpriteCleaned/0413wormadam/wormadam.png
909,0413wormadam,poke_capture_0413_001_fo_n_00000000_f_n.png,0413wormadam,wormadam-sandy.png,/content/drive/MyDrive/612 data/ProjectPokemonCleaned/0413wormadam/poke_capture_0413_001_fo_n_00000000_f_n.png,/content/drive/MyDrive/612 data/PokeSpriteCleaned/0413wormadam/wormadam-sandy.png
910,0413wormadam,poke_capture_0413_002_fo_n_00000000_f_n.png,0413wormadam,wormadam-trash.png,/content/drive/MyDrive/612 data/ProjectPokemonCleaned/0413wormadam/poke_capture_0413_002_fo_n_00000000_f_n.png,/content/drive/MyDrive/612 data/PokeSpriteCleaned/0413wormadam/wormadam-trash.png
911,0413wormadam,poke_capture_0413_002_fo_n_00000000_f_r.png,0413wormadam,wormadam-trash_shiny.png,/content/drive/MyDrive/612 data/ProjectPokemonCleaned/0413wormadam/poke_capture_0413_002_fo_n_00000000_f_r.png,/content/drive/MyDrive/612 data/PokeSpriteCleaned/0413wormadam/wormadam-trash_shiny.png
912,0414mothim,poke_capture_0414_000_mo_n_00000000_f_n.png,0414mothim,mothim.png,/content/drive/MyDrive/612 data/ProjectPokemonCleaned/0414mothim/poke_capture_0414_000_mo_n_00000000_f_n.png,/content/drive/MyDrive/612 data/PokeSpriteCleaned/0414mothim/mothim.png
913,0414mothim,poke_capture_0414_000_mo_n_00000000_f_r.png,0414mothim,mothim_shiny.png,/content/drive/MyDrive/612 data/ProjectPokemonCleaned/0414mothim/poke_capture_0414_000_mo_n_00000000_f_r.png,/content/drive/MyDrive/612 data/PokeSpriteCleaned/0414mothim/mothim_shiny.png
914,0415combee,poke_capture_0415_000_fd_n_00000000_f_n.png,0415combee,combee.png,/content/drive/MyDrive/612 data/ProjectPokemonCleaned/0415combee/poke_capture_0415_000_fd_n_00000000_f_n.png,/content/drive/MyDrive/612 data/PokeSpriteCleaned/0415combee/combee.png
915,0415combee,poke_capture_0415_000_fd_n_00000000_f_r.png,0415combee,combee_shiny.png,/content/drive/MyDrive/612 data/ProjectPokemonCleaned/0415combee/poke_capture_0415_000_fd_n_00000000_f_r.png,/content/drive/MyDrive/612 data/PokeSpriteCleaned/0415combee/combee_shiny.png
916,0416vespiquen,poke_capture_0416_000_fo_n_00000000_f_n.png,0416vespiquen,vespiquen.png,/content/drive/MyDrive/612 data/ProjectPokemonCleaned/0416vespiquen/poke_capture_0416_000_fo_n_00000000_f_n.png,/content/drive/MyDrive/612 data/PokeSpriteCleaned/0416vespiquen/vespiquen.png
917,0416vespiquen,poke_capture_0416_000_fo_n_00000000_f_r.png,0416vespiquen,vespiquen_shiny.png,/content/drive/MyDrive/612 data/ProjectPokemonCleaned/0416vespiquen/poke_capture_0416_000_fo_n_00000000_f_r.png,/content/drive/MyDrive/612 data/PokeSpriteCleaned/0416vespiquen/vespiquen_shiny.png
918,0417pachirisu,poke_capture_0417_000_fd_n_00000000_f_n.png,0417pachirisu,pachirisu.png,/content/drive/MyDrive/612 data/ProjectPokemonCleaned/0417pachirisu/poke_capture_0417_000_fd_n_00000000_f_n.png,/content/drive/MyDrive/612 data/PokeSpriteCleaned/0417pachirisu/pachirisu.png
919,0417pachirisu,poke_capture_0417_000_md_n_00000000_f_r.png,0417pachirisu,pachirisu_shiny.png,/content/drive/MyDrive/612 data/ProjectPokemonCleaned/0417pachirisu/poke_capture_0417_000_md_n_00000000_f_r.png,/content/drive/MyDrive/612 data/PokeSpriteCleaned/0417pachirisu/pachirisu_shiny.png
920,0418buizel,poke_capture_0418_000_fd_n_00000000_f_n.png,0418buizel,buizel.png,/content/drive/MyDrive/612 data/ProjectPokemonCleaned/0418buizel/poke_capture_0418_000_fd_n_00000000_f_n.png,/content/drive/MyDrive/612 data/PokeSpriteCleaned/0418buizel/buizel.png
921,0418buizel,poke_capture_0418_000_fd_n_00000000_f_r.png,0418buizel,buizel_shiny.png,/content/drive/MyDrive/612 data/ProjectPokemonCleaned/0418buizel/poke_capture_0418_000_fd_n_00000000_f_r.png,/content/drive/MyDrive/612 data/PokeSpriteCleaned/0418buizel/buizel_shiny.png
922,0419floatzel,poke_capture_0419_000_fd_n_00000000_f_n.png,0419floatzel,floatzel.png,/content/drive/MyDrive/612 data/ProjectPokemonCleaned/0419floatzel/poke_capture_0419_000_fd_n_00000000_f_n.png,/content/drive/MyDrive/612 data/PokeSpriteCleaned/0419floatzel/floatzel.png
923,0419floatzel,poke_capture_0419_000_fd_n_00000000_f_r.png,0419floatzel,floatzel_shiny.png,/content/drive/MyDrive/612 data/ProjectPokemonCleaned/0419floatzel/poke_capture_0419_000_fd_n_00000000_f_r.png,/content/drive/MyDrive/612 data/PokeSpriteCleaned/0419floatzel/floatzel_shiny.png
924,0420cherubi,poke_capture_0420_000_mf_n_00000000_f_n.png,0420cherubi,cherubi.png,/content/drive/MyDrive/612 data/ProjectPokemonCleaned/0420cherubi/poke_capture_0420_000_mf_n_00000000_f_n.png,/content/drive/MyDrive/612 data/PokeSpriteCleaned/0420cherubi/cherubi.png
925,0420cherubi,poke_capture_0420_000_mf_n_00000000_f_r.png,0420cherubi,cherubi_shiny.png,/content/drive/MyDrive/612 data/ProjectPokemonCleaned/0420cherubi/poke_capture_0420_000_mf_n_00000000_f_r.png,/content/drive/MyDrive/612 data/PokeSpriteCleaned/0420cherubi/cherubi_shiny.png
926,0421cherrim,poke_capture_0421_000_mf_n_00000000_f_n.png,0421cherrim,cherrim.png,/content/drive/MyDrive/612 data/ProjectPokemonCleaned/0421cherrim/poke_capture_0421_000_mf_n_00000000_f_n.png,/content/drive/MyDrive/612 data/PokeSpriteCleaned/0421cherrim/cherrim.png
927,0421cherrim,poke_capture_0421_000_mf_n_00000000_f_r.png,0421cherrim,cherrim_shiny.png,/content/drive/MyDrive/612 data/ProjectPokemonCleaned/0421cherrim/poke_capture_0421_000_mf_n_00000000_f_r.png,/content/drive/MyDrive/612 data/PokeSpriteCleaned/0421cherrim/cherrim_shiny.png
928,0421cherrim,poke_capture_0421_001_mf_n_00000000_f_n.png,0421cherrim,cherrim-sunshine.png,/content/drive/MyDrive/612 data/ProjectPokemonCleaned/0421cherrim/poke_capture_0421_001_mf_n_00000000_f_n.png,/content/drive/MyDrive/612 data/PokeSpriteCleaned/0421cherrim/cherrim-sunshine.png
929,0421cherrim,poke_capture_0421_001_mf_n_00000000_f_r.png,0421cherrim,cherrim-sunshine_shiny.png,/content/drive/MyDrive/612 data/ProjectPokemonCleaned/0421cherrim/poke_capture_0421_001_mf_n_00000000_f_r.png,/content/drive/MyDrive/612 data/PokeSpriteCleaned/0421cherrim/cherrim-sunshine_shiny.png
930,0422shellos,poke_capture_0422_000_mf_n_00000000_f_n.png,0422shellos,shellos.png,/content/drive/MyDrive/612 data/ProjectPokemonCleaned/0422shellos/poke_capture_0422_000_mf_n_00000000_f_n.png,/content/drive/MyDrive/612 data/PokeSpriteCleaned/0422shellos/shellos.png
931,0422shellos,poke_capture_0422_000_mf_n_00000000_f_r.png,0422shellos,shellos_shiny.png,/content/drive/MyDrive/612 data/ProjectPokemonCleaned/0422shellos/poke_capture_0422_000_mf_n_00000000_f_r.png,/content/drive/MyDrive/612 data/PokeSpriteCleaned/0422shellos/shellos_shiny.png
932,0422shellos,poke_capture_0422_001_mf_n_00000000_f_n.png,0422shellos,shellos-east.png,/content/drive/MyDrive/612 data/ProjectPokemonCleaned/0422shellos/poke_capture_0422_001_mf_n_00000000_f_n.png,/content/drive/MyDrive/612 data/PokeSpriteCleaned/0422shellos/shellos-east.png
933,0422shellos,poke_capture_0422_001_mf_n_00000000_f_r.png,0422shellos,shellos-east_shiny.png,/content/drive/MyDrive/612 data/ProjectPokemonCleaned/0422shellos/poke_capture_0422_001_mf_n_00000000_f_r.png,/content/drive/MyDrive/612 data/PokeSpriteCleaned/0422shellos/shellos-east_shiny.png
934,0423gastrodon,poke_capture_0423_000_mf_n_00000000_f_n.png,0423gastrodon,gastrodon.png,/content/drive/MyDrive/612 data/ProjectPokemonCleaned/0423gastrodon/poke_capture_0423_000_mf_n_00000000_f_n.png,/content/drive/MyDrive/612 data/PokeSpriteCleaned/0423gastrodon/gastrodon.png
935,0423gastrodon,poke_capture_0423_001_mf_n_00000000_f_n.png,0423gastrodon,gastrodon-east.png,/content/drive/MyDrive/612 data/ProjectPokemonCleaned/0423gastrodon/poke_capture_0423_001_mf_n_00000000_f_n.png,/content/drive/MyDrive/612 data/PokeSpriteCleaned/0423gastrodon/gastrodon-east.png
936,0423gastrodon,poke_capture_0423_001_mf_n_00000000_f_r.png,0423gastrodon,gastrodon-east_shiny.png,/content/drive/MyDrive/612 data/ProjectPokemonCleaned/0423gastrodon/poke_capture_0423_001_mf_n_00000000_f_r.png,/content/drive/MyDrive/612 data/PokeSpriteCleaned/0423gastrodon/gastrodon-east_shiny.png
937,0424ambipom,poke_capture_0424_000_fd_n_00000000_f_n.png,0424ambipom,ambipom.png,/content/drive/MyDrive/612 data/ProjectPokemonCleaned/0424ambipom/poke_capture_0424_000_fd_n_00000000_f_n.png,/content/drive/MyDrive/612 data/PokeSpriteCleaned/0424ambipom/ambipom.png
938,0424ambipom,poke_capture_0424_000_fd_n_00000000_f_r.png,0424ambipom,ambipom_shiny.png,/content/drive/MyDrive/612 data/ProjectPokemonCleaned/0424ambipom/poke_capture_0424_000_fd_n_00000000_f_r.png,/content/drive/MyDrive/612 data/PokeSpriteCleaned/0424ambipom/ambipom_shiny.png
939,0424ambipom,poke_capture_0424_000_md_n_00000000_f_n.png,0424ambipom,ambipom.png,/content/drive/MyDrive/612 data/ProjectPokemonCleaned/0424ambipom/poke_capture_0424_000_md_n_00000000_f_n.png,/content/drive/MyDrive/612 data/PokeSpriteCleaned/0424ambipom/ambipom.png
940,0424ambipom,poke_capture_0424_000_md_n_00000000_f_r.png,0424ambipom,ambipom_shiny.png,/content/drive/MyDrive/612 data/ProjectPokemonCleaned/0424ambipom/poke_capture_0424_000_md_n_00000000_f_r.png,/content/drive/MyDrive/612 data/PokeSpriteCleaned/0424ambipom/ambipom_shiny.png
941,0425drifloon,poke_capture_0425_000_mf_n_00000000_f_n.png,0425drifloon,drifloon.png,/content/drive/MyDrive/612 data/ProjectPokemonCleaned/0425drifloon/poke_capture_0425_000_mf_n_00000000_f_n.png,/content/drive/MyDrive/612 data/PokeSpriteCleaned/0425drifloon/drifloon.png
942,0425drifloon,poke_capture_0425_000_mf_n_00000000_f_r.png,0425drifloon,drifloon_shiny.png,/content/drive/MyDrive/612 data/ProjectPokemonCleaned/0425drifloon/poke_capture_0425_000_mf_n_00000000_f_r.png,/content/drive/MyDrive/612 data/PokeSpriteCleaned/0425drifloon/drifloon_shiny.png
943,0426drifblim,poke_capture_0426_000_mf_n_00000000_f_n.png,0426drifblim,drifblim.png,/content/drive/MyDrive/612 data/ProjectPokemonCleaned/0426drifblim/poke_capture_0426_000_mf_n_00000000_f_n.png,/content/drive/MyDrive/612 data/PokeSpriteCleaned/0426drifblim/drifblim.png
944,0426drifblim,poke_capture_0426_000_mf_n_00000000_f_r.png,0426drifblim,drifblim_shiny.png,/content/drive/MyDrive/612 data/ProjectPokemonCleaned/0426drifblim/poke_capture_0426_000_mf_n_00000000_f_r.png,/content/drive/MyDrive/612 data/PokeSpriteCleaned/0426drifblim/drifblim_shiny.png
945,0427buneary,poke_capture_0427_000_mf_n_00000000_f_n.png,0427buneary,buneary.png,/content/drive/MyDrive/612 data/ProjectPokemonCleaned/0427buneary/poke_capture_0427_000_mf_n_00000000_f_n.png,/content/drive/MyDrive/612 data/PokeSpriteCleaned/0427buneary/buneary.png
946,0427buneary,poke_capture_0427_000_mf_n_00000000_f_r.png,0427buneary,buneary_shiny.png,/content/drive/MyDrive/612 data/ProjectPokemonCleaned/0427buneary/poke_capture_0427_000_mf_n_00000000_f_r.png,/content/drive/MyDrive/612 data/PokeSpriteCleaned/0427buneary/buneary_shiny.png
947,0428lopunny,poke_capture_0428_000_mf_n_00000000_f_n.png,0428lopunny,lopunny.png,/content/drive/MyDrive/612 data/ProjectPokemonCleaned/0428lopunny/poke_capture_0428_000_mf_n_00000000_f_n.png,/content/drive/MyDrive/612 data/PokeSpriteCleaned/0428lopunny/lopunny.png
948,0428lopunny,poke_capture_0428_000_mf_n_00000000_f_r.png,0428lopunny,lopunny_shiny.png,/content/drive/MyDrive/612 data/ProjectPokemonCleaned/0428lopunny/poke_capture_0428_000_mf_n_00000000_f_r.png,/content/drive/MyDrive/612 data/PokeSpriteCleaned/0428lopunny/lopunny_shiny.png
949,0428lopunny,poke_capture_0428_001_mf_n_00000000_f_n.png,0428lopunny,lopunny-mega.png,/content/drive/MyDrive/612 data/ProjectPokemonCleaned/0428lopunny/poke_capture_0428_001_mf_n_00000000_f_n.png,/content/drive/MyDrive/612 data/PokeSpriteCleaned/0428lopunny/lopunny-mega.png
950,0428lopunny,poke_capture_0428_001_mf_n_00000000_f_r.png,0428lopunny,lopunny-mega_shiny.png,/content/drive/MyDrive/612 data/ProjectPokemonCleaned/0428lopunny/poke_capture_0428_001_mf_n_00000000_f_r.png,/content/drive/MyDrive/612 data/PokeSpriteCleaned/0428lopunny/lopunny-mega_shiny.png
951,0429mismagius,poke_capture_0429_000_mf_n_00000000_f_n.png,0429mismagius,mismagius.png,/content/drive/MyDrive/612 data/ProjectPokemonCleaned/0429mismagius/poke_capture_0429_000_mf_n_00000000_f_n.png,/content/drive/MyDrive/612 data/PokeSpriteCleaned/0429mismagius/mismagius.png
952,0429mismagius,poke_capture_0429_000_mf_n_00000000_f_r.png,0429mismagius,mismagius_shiny.png,/content/drive/MyDrive/612 data/ProjectPokemonCleaned/0429mismagius/poke_capture_0429_000_mf_n_00000000_f_r.png,/content/drive/MyDrive/612 data/PokeSpriteCleaned/0429mismagius/mismagius_shiny.png
953,0430honchkrow,poke_capture_0430_000_mf_n_00000000_f_n.png,0430honchkrow,honchkrow.png,/content/drive/MyDrive/612 data/ProjectPokemonCleaned/0430honchkrow/poke_capture_0430_000_mf_n_00000000_f_n.png,/content/drive/MyDrive/612 data/PokeSpriteCleaned/0430honchkrow/honchkrow.png
954,0430honchkrow,poke_capture_0430_000_mf_n_00000000_f_r.png,0430honchkrow,honchkrow_shiny.png,/content/drive/MyDrive/612 data/ProjectPokemonCleaned/0430honchkrow/poke_capture_0430_000_mf_n_00000000_f_r.png,/content/drive/MyDrive/612 data/PokeSpriteCleaned/0430honchkrow/honchkrow_shiny.png
955,0431glameow,poke_capture_0431_000_mf_n_00000000_f_n.png,0431glameow,glameow.png,/content/drive/MyDrive/612 data/ProjectPokemonCleaned/0431glameow/poke_capture_0431_000_mf_n_00000000_f_n.png,/content/drive/MyDrive/612 data/PokeSpriteCleaned/0431glameow/glameow.png
956,0431glameow,poke_capture_0431_000_mf_n_00000000_f_r.png,0431glameow,glameow_shiny.png,/content/drive/MyDrive/612 data/ProjectPokemonCleaned/0431glameow/poke_capture_0431_000_mf_n_00000000_f_r.png,/content/drive/MyDrive/612 data/PokeSpriteCleaned/0431glameow/glameow_shiny.png
957,0432purugly,poke_capture_0432_000_mf_n_00000000_f_n.png,0432purugly,purugly.png,/content/drive/MyDrive/612 data/ProjectPokemonCleaned/0432purugly/poke_capture_0432_000_mf_n_00000000_f_n.png,/content/drive/MyDrive/612 data/PokeSpriteCleaned/0432purugly/purugly.png
958,0432purugly,poke_capture_0432_000_mf_n_00000000_f_r.png,0432purugly,purugly_shiny.png,/content/drive/MyDrive/612 data/ProjectPokemonCleaned/0432purugly/poke_capture_0432_000_mf_n_00000000_f_r.png,/content/drive/MyDrive/612 data/PokeSpriteCleaned/0432purugly/purugly_shiny.png
959,0433chingling,poke_capture_0433_000_mf_n_00000000_f_n.png,0433chingling,chingling.png,/content/drive/MyDrive/612 data/ProjectPokemonCleaned/0433chingling/poke_capture_0433_000_mf_n_00000000_f_n.png,/content/drive/MyDrive/612 data/PokeSpriteCleaned/0433chingling/chingling.png
960,0433chingling,poke_capture_0433_000_mf_n_00000000_f_r.png,0433chingling,chingling_shiny.png,/content/drive/MyDrive/612 data/ProjectPokemonCleaned/0433chingling/poke_capture_0433_000_mf_n_00000000_f_r.png,/content/drive/MyDrive/612 data/PokeSpriteCleaned/0433chingling/chingling_shiny.png
961,0434stunky,poke_capture_0434_000_mf_n_00000000_f_n.png,0434stunky,stunky.png,/content/drive/MyDrive/612 data/ProjectPokemonCleaned/0434stunky/poke_capture_0434_000_mf_n_00000000_f_n.png,/content/drive/MyDrive/612 data/PokeSpriteCleaned/0434stunky/stunky.png
962,0434stunky,poke_capture_0434_000_mf_n_00000000_f_r.png,0434stunky,stunky_shiny.png,/content/drive/MyDrive/612 data/ProjectPokemonCleaned/0434stunky/poke_capture_0434_000_mf_n_00000000_f_r.png,/content/drive/MyDrive/612 data/PokeSpriteCleaned/0434stunky/stunky_shiny.png
963,0435skuntank,poke_capture_0435_000_mf_n_00000000_f_n.png,0435skuntank,skuntank.png,/content/drive/MyDrive/612 data/ProjectPokemonCleaned/0435skuntank/poke_capture_0435_000_mf_n_00000000_f_n.png,/content/drive/MyDrive/612 data/PokeSpriteCleaned/0435skuntank/skuntank.png
964,0435skuntank,poke_capture_0435_000_mf_n_00000000_f_r.png,0435skuntank,skuntank_shiny.png,/content/drive/MyDrive/612 data/ProjectPokemonCleaned/0435skuntank/poke_capture_0435_000_mf_n_00000000_f_r.png,/content/drive/MyDrive/612 data/PokeSpriteCleaned/0435skuntank/skuntank_shiny.png
965,0436bronzor,poke_capture_0436_000_uk_n_00000000_f_n.png,0436bronzor,bronzor.png,/content/drive/MyDrive/612 data/ProjectPokemonCleaned/0436bronzor/poke_capture_0436_000_uk_n_00000000_f_n.png,/content/drive/MyDrive/612 data/PokeSpriteCleaned/0436bronzor/bronzor.png
966,0436bronzor,poke_capture_0436_000_uk_n_00000000_f_r.png,0436bronzor,bronzor_shiny.png,/content/drive/MyDrive/612 data/ProjectPokemonCleaned/0436bronzor/poke_capture_0436_000_uk_n_00000000_f_r.png,/content/drive/MyDrive/612 data/PokeSpriteCleaned/0436bronzor/bronzor_shiny.png
967,0437bronzong,poke_capture_0437_000_uk_n_00000000_f_n.png,0437bronzong,bronzong.png,/content/drive/MyDrive/612 data/ProjectPokemonCleaned/0437bronzong/poke_capture_0437_000_uk_n_00000000_f_n.png,/content/drive/MyDrive/612 data/PokeSpriteCleaned/0437bronzong/bronzong.png
968,0437bronzong,poke_capture_0437_000_uk_n_00000000_f_r.png,0437bronzong,bronzong_shiny.png,/content/drive/MyDrive/612 data/ProjectPokemonCleaned/0437bronzong/poke_capture_0437_000_uk_n_00000000_f_r.png,/content/drive/MyDrive/612 data/PokeSpriteCleaned/0437bronzong/bronzong_shiny.png
969,0438bonsly,poke_capture_0438_000_mf_n_00000000_f_n.png,0438bonsly,bonsly.png,/content/drive/MyDrive/612 data/ProjectPokemonCleaned/0438bonsly/poke_capture_0438_000_mf_n_00000000_f_n.png,/content/drive/MyDrive/612 data/PokeSpriteCleaned/0438bonsly/bonsly.png
970,0438bonsly,poke_capture_0438_000_mf_n_00000000_f_r.png,0438bonsly,bonsly_shiny.png,/content/drive/MyDrive/612 data/ProjectPokemonCleaned/0438bonsly/poke_capture_0438_000_mf_n_00000000_f_r.png,/content/drive/MyDrive/612 data/PokeSpriteCleaned/0438bonsly/bonsly_shiny.png
971,0439mime jr,poke_capture_0439_000_mf_n_00000000_f_n.png,0439mime jr,mime jr.png,/content/drive/MyDrive/612 data/ProjectPokemonCleaned/0439mime jr/poke_capture_0439_000_mf_n_00000000_f_n.png,/content/drive/MyDrive/612 data/PokeSpriteCleaned/0439mime jr/mime jr.png
972,0439mime jr,poke_capture_0439_000_mf_n_00000000_f_r.png,0439mime jr,mime jr_shiny.png,/content/drive/MyDrive/612 data/ProjectPokemonCleaned/0439mime jr/poke_capture_0439_000_mf_n_00000000_f_r.png,/content/drive/MyDrive/612 data/PokeSpriteCleaned/0439mime jr/mime jr_shiny.png
973,0440happiny,poke_capture_0440_000_fo_n_00000000_f_n.png,0440happiny,happiny.png,/content/drive/MyDrive/612 data/ProjectPokemonCleaned/0440happiny/poke_capture_0440_000_fo_n_00000000_f_n.png,/content/drive/MyDrive/612 data/PokeSpriteCleaned/0440happiny/happiny.png
974,0440happiny,poke_capture_0440_000_fo_n_00000000_f_r.png,0440happiny,happiny_shiny.png,/content/drive/MyDrive/612 data/ProjectPokemonCleaned/0440happiny/poke_capture_0440_000_fo_n_00000000_f_r.png,/content/drive/MyDrive/612 data/PokeSpriteCleaned/0440happiny/happiny_shiny.png
975,0441chatot,poke_capture_0441_000_mf_n_00000000_f_n.png,0441chatot,chatot.png,/content/drive/MyDrive/612 data/ProjectPokemonCleaned/0441chatot/poke_capture_0441_000_mf_n_00000000_f_n.png,/content/drive/MyDrive/612 data/PokeSpriteCleaned/0441chatot/chatot.png
976,0441chatot,poke_capture_0441_000_mf_n_00000000_f_r.png,0441chatot,chatot_shiny.png,/content/drive/MyDrive/612 data/ProjectPokemonCleaned/0441chatot/poke_capture_0441_000_mf_n_00000000_f_r.png,/content/drive/MyDrive/612 data/PokeSpriteCleaned/0441chatot/chatot_shiny.png
977,0442spiritomb,poke_capture_0442_000_mf_n_00000000_f_n.png,0442spiritomb,spiritomb.png,/content/drive/MyDrive/612 data/ProjectPokemonCleaned/0442spiritomb/poke_capture_0442_000_mf_n_00000000_f_n.png,/content/drive/MyDrive/612 data/PokeSpriteCleaned/0442spiritomb/spiritomb.png
978,0442spiritomb,poke_capture_0442_000_mf_n_00000000_f_r.png,0442spiritomb,spiritomb_shiny.png,/content/drive/MyDrive/612 data/ProjectPokemonCleaned/0442spiritomb/poke_capture_0442_000_mf_n_00000000_f_r.png,/content/drive/MyDrive/612 data/PokeSpriteCleaned/0442spiritomb/spiritomb_shiny.png
979,0443gible,poke_capture_0443_000_fd_n_00000000_f_n.png,0443gible,gible.png,/content/drive/MyDrive/612 data/ProjectPokemonCleaned/0443gible/poke_capture_0443_000_fd_n_00000000_f_n.png,/content/drive/MyDrive/612 data/PokeSpriteCleaned/0443gible/gible.png
980,0443gible,poke_capture_0443_000_md_n_00000000_f_r.png,0443gible,gible_shiny.png,/content/drive/MyDrive/612 data/ProjectPokemonCleaned/0443gible/poke_capture_0443_000_md_n_00000000_f_r.png,/content/drive/MyDrive/612 data/PokeSpriteCleaned/0443gible/gible_shiny.png
981,0444gabite,poke_capture_0444_000_fd_n_00000000_f_n.png,0444gabite,gabite.png,/content/drive/MyDrive/612 data/ProjectPokemonCleaned/0444gabite/poke_capture_0444_000_fd_n_00000000_f_n.png,/content/drive/MyDrive/612 data/PokeSpriteCleaned/0444gabite/gabite.png
982,0444gabite,poke_capture_0444_000_md_n_00000000_f_r.png,0444gabite,gabite_shiny.png,/content/drive/MyDrive/612 data/ProjectPokemonCleaned/0444gabite/poke_capture_0444_000_md_n_00000000_f_r.png,/content/drive/MyDrive/612 data/PokeSpriteCleaned/0444gabite/gabite_shiny.png
983,0445garchomp,poke_capture_0445_000_fd_n_00000000_f_n.png,0445garchomp,garchomp.png,/content/drive/MyDrive/612 data/ProjectPokemonCleaned/0445garchomp/poke_capture_0445_000_fd_n_00000000_f_n.png,/content/drive/MyDrive/612 data/PokeSpriteCleaned/0445garchomp/garchomp.png
984,0445garchomp,poke_capture_0445_001_mf_n_00000000_f_n.png,0445garchomp,garchomp-mega.png,/content/drive/MyDrive/612 data/ProjectPokemonCleaned/0445garchomp/poke_capture_0445_001_mf_n_00000000_f_n.png,/content/drive/MyDrive/612 data/PokeSpriteCleaned/0445garchomp/garchomp-mega.png
985,0445garchomp,poke_capture_0445_001_mf_n_00000000_f_r.png,0445garchomp,garchomp-mega_shiny.png,/content/drive/MyDrive/612 data/ProjectPokemonCleaned/0445garchomp/poke_capture_0445_001_mf_n_00000000_f_r.png,/content/drive/MyDrive/612 data/PokeSpriteCleaned/0445garchomp/garchomp-mega_shiny.png
986,0446munchlax,poke_capture_0446_000_mf_n_00000000_f_n.png,0446munchlax,munchlax.png,/content/drive/MyDrive/612 data/ProjectPokemonCleaned/0446munchlax/poke_capture_0446_000_mf_n_00000000_f_n.png,/content/drive/MyDrive/612 data/PokeSpriteCleaned/0446munchlax/munchlax.png
987,0447riolu,poke_capture_0447_000_mf_n_00000000_f_n.png,0447riolu,riolu.png,/content/drive/MyDrive/612 data/ProjectPokemonCleaned/0447riolu/poke_capture_0447_000_mf_n_00000000_f_n.png,/content/drive/MyDrive/612 data/PokeSpriteCleaned/0447riolu/riolu.png
988,0447riolu,poke_capture_0447_000_mf_n_00000000_f_r.png,0447riolu,riolu_shiny.png,/content/drive/MyDrive/612 data/ProjectPokemonCleaned/0447riolu/poke_capture_0447_000_mf_n_00000000_f_r.png,/content/drive/MyDrive/612 data/PokeSpriteCleaned/0447riolu/riolu_shiny.png
989,0448lucario,poke_capture_0448_000_mf_n_00000000_f_n.png,0448lucario,lucario.png,/content/drive/MyDrive/612 data/ProjectPokemonCleaned/0448lucario/poke_capture_0448_000_mf_n_00000000_f_n.png,/content/drive/MyDrive/612 data/PokeSpriteCleaned/0448lucario/lucario.png
990,0448lucario,poke_capture_0448_000_mf_n_00000000_f_r.png,0448lucario,lucario_shiny.png,/content/drive/MyDrive/612 data/ProjectPokemonCleaned/0448lucario/poke_capture_0448_000_mf_n_00000000_f_r.png,/content/drive/MyDrive/612 data/PokeSpriteCleaned/0448lucario/lucario_shiny.png
991,0448lucario,poke_capture_0448_001_mf_n_00000000_f_n.png,0448lucario,lucario-mega.png,/content/drive/MyDrive/612 data/ProjectPokemonCleaned/0448lucario/poke_capture_0448_001_mf_n_00000000_f_n.png,/content/drive/MyDrive/612 data/PokeSpriteCleaned/0448lucario/lucario-mega.png
992,0448lucario,poke_capture_0448_001_mf_n_00000000_f_r.png,0448lucario,lucario-mega_shiny.png,/content/drive/MyDrive/612 data/ProjectPokemonCleaned/0448lucario/poke_capture_0448_001_mf_n_00000000_f_r.png,/content/drive/MyDrive/612 data/PokeSpriteCleaned/0448lucario/lucario-mega_shiny.png
993,0449hippopotas,poke_capture_0449_000_fd_n_00000000_f_n.png,0449hippopotas,hippopotas_female.png,/content/drive/MyDrive/612 data/ProjectPokemonCleaned/0449hippopotas/poke_capture_0449_000_fd_n_00000000_f_n.png,/content/drive/MyDrive/612 data/PokeSpriteCleaned/0449hippopotas/hippopotas_female.png
994,0449hippopotas,poke_capture_0449_000_fd_n_00000000_f_r.png,0449hippopotas,hippopotas_shiny_female.png,/content/drive/MyDrive/612 data/ProjectPokemonCleaned/0449hippopotas/poke_capture_0449_000_fd_n_00000000_f_r.png,/content/drive/MyDrive/612 data/PokeSpriteCleaned/0449hippopotas/hippopotas_shiny_female.png
995,0449hippopotas,poke_capture_0449_000_md_n_00000000_f_n.png,0449hippopotas,hippopotas.png,/content/drive/MyDrive/612 data/ProjectPokemonCleaned/0449hippopotas/poke_capture_0449_000_md_n_00000000_f_n.png,/content/drive/MyDrive/612 data/PokeSpriteCleaned/0449hippopotas/hippopotas.png
996,0449hippopotas,poke_capture_0449_000_md_n_00000000_f_r.png,0449hippopotas,hippopotas_shiny.png,/content/drive/MyDrive/612 data/ProjectPokemonCleaned/0449hippopotas/poke_capture_0449_000_md_n_00000000_f_r.png,/content/drive/MyDrive/612 data/PokeSpriteCleaned/0449hippopotas/hippopotas_shiny.png
997,0450hippowdon,poke_capture_0450_000_fd_n_00000000_f_n.png,0450hippowdon,hippowdon_female.png,/content/drive/MyDrive/612 data/ProjectPokemonCleaned/0450hippowdon/poke_capture_0450_000_fd_n_00000000_f_n.png,/content/drive/MyDrive/612 data/PokeSpriteCleaned/0450hippowdon/hippowdon_female.png
998,0450hippowdon,poke_capture_0450_000_fd_n_00000000_f_r.png,0450hippowdon,hippowdon_shiny_female.png,/content/drive/MyDrive/612 data/ProjectPokemonCleaned/0450hippowdon/poke_capture_0450_000_fd_n_00000000_f_r.png,/content/drive/MyDrive/612 data/PokeSpriteCleaned/0450hippowdon/hippowdon_shiny_female.png
999,0450hippowdon,poke_capture_0450_000_md_n_00000000_f_n.png,0450hippowdon,hippowdon.png,/content/drive/MyDrive/612 data/ProjectPokemonCleaned/0450hippowdon/poke_capture_0450_000_md_n_00000000_f_n.png,/content/drive/MyDrive/612 data/PokeSpriteCleaned/0450hippowdon/hippowdon.png
1000,0450hippowdon,poke_capture_0450_000_md_n_00000000_f_r.png,0450hippowdon,hippowdon_shiny.png,/content/drive/MyDrive/612 data/ProjectPokemonCleaned/0450hippowdon/poke_capture_0450_000_md_n_00000000_f_r.png,/content/drive/MyDrive/612 data/PokeSpriteCleaned/0450hippowdon/hippowdon_shiny.png
1001,0451skorupi,poke_capture_0451_000_mf_n_00000000_f_n.png,0451skorupi,skorupi.png,/content/drive/MyDrive/612 data/ProjectPokemonCleaned/0451skorupi/poke_capture_0451_000_mf_n_00000000_f_n.png,/content/drive/MyDrive/612 data/PokeSpriteCleaned/0451skorupi/skorupi.png
1002,0451skorupi,poke_capture_0451_000_mf_n_00000000_f_r.png,0451skorupi,skorupi_shiny.png,/content/drive/MyDrive/612 data/ProjectPokemonCleaned/0451skorupi/poke_capture_0451_000_mf_n_00000000_f_r.png,/content/drive/MyDrive/612 data/PokeSpriteCleaned/0451skorupi/skorupi_shiny.png
1003,0452drapion,poke_capture_0452_000_mf_n_00000000_f_n.png,0452drapion,drapion.png,/content/drive/MyDrive/612 data/ProjectPokemonCleaned/0452drapion/poke_capture_0452_000_mf_n_00000000_f_n.png,/content/drive/MyDrive/612 data/PokeSpriteCleaned/0452drapion/drapion.png
1004,0452drapion,poke_capture_0452_000_mf_n_00000000_f_r.png,0452drapion,drapion_shiny.png,/content/drive/MyDrive/612 data/ProjectPokemonCleaned/0452drapion/poke_capture_0452_000_mf_n_00000000_f_r.png,/content/drive/MyDrive/612 data/PokeSpriteCleaned/0452drapion/drapion_shiny.png
1005,0453croagunk,poke_capture_0453_000_fd_n_00000000_f_n.png,0453croagunk,croagunk.png,/content/drive/MyDrive/612 data/ProjectPokemonCleaned/0453croagunk/poke_capture_0453_000_fd_n_00000000_f_n.png,/content/drive/MyDrive/612 data/PokeSpriteCleaned/0453croagunk/croagunk.png
1006,0453croagunk,poke_capture_0453_000_fd_n_00000000_f_r.png,0453croagunk,croagunk_shiny.png,/content/drive/MyDrive/612 data/ProjectPokemonCleaned/0453croagunk/poke_capture_0453_000_fd_n_00000000_f_r.png,/content/drive/MyDrive/612 data/PokeSpriteCleaned/0453croagunk/croagunk_shiny.png
1007,0453croagunk,poke_capture_0453_000_md_n_00000000_f_n.png,0453croagunk,croagunk.png,/content/drive/MyDrive/612 data/ProjectPokemonCleaned/0453croagunk/poke_capture_0453_000_md_n_00000000_f_n.png,/content/drive/MyDrive/612 data/PokeSpriteCleaned/0453croagunk/croagunk.png
1008,0453croagunk,poke_capture_0453_000_md_n_00000000_f_r.png,0453croagunk,croagunk_shiny.png,/content/drive/MyDrive/612 data/ProjectPokemonCleaned/0453croagunk/poke_capture_0453_000_md_n_00000000_f_r.png,/content/drive/MyDrive/612 data/PokeSpriteCleaned/0453croagunk/croagunk_shiny.png
1009,0454toxicroak,poke_capture_0454_000_fd_n_00000000_f_n.png,0454toxicroak,toxicroak.png,/content/drive/MyDrive/612 data/ProjectPokemonCleaned/0454toxicroak/poke_capture_0454_000_fd_n_00000000_f_n.png,/content/drive/MyDrive/612 data/PokeSpriteCleaned/0454toxicroak/toxicroak.png
1010,0454toxicroak,poke_capture_0454_000_fd_n_00000000_f_r.png,0454toxicroak,toxicroak_shiny.png,/content/drive/MyDrive/612 data/ProjectPokemonCleaned/0454toxicroak/poke_capture_0454_000_fd_n_00000000_f_r.png,/content/drive/MyDrive/612 data/PokeSpriteCleaned/0454toxicroak/toxicroak_shiny.png
1011,0454toxicroak,poke_capture_0454_000_md_n_00000000_f_n.png,0454toxicroak,toxicroak.png,/content/drive/MyDrive/612 data/ProjectPokemonCleaned/0454toxicroak/poke_capture_0454_000_md_n_00000000_f_n.png,/content/drive/MyDrive/612 data/PokeSpriteCleaned/0454toxicroak/toxicroak.png
1012,0454toxicroak,poke_capture_0454_000_md_n_00000000_f_r.png,0454toxicroak,toxicroak_shiny.png,/content/drive/MyDrive/612 data/ProjectPokemonCleaned/0454toxicroak/poke_capture_0454_000_md_n_00000000_f_r.png,/content/drive/MyDrive/612 data/PokeSpriteCleaned/0454toxicroak/toxicroak_shiny.png
1013,0455carnivine,poke_capture_0455_000_mf_n_00000000_f_n.png,0455carnivine,carnivine.png,/content/drive/MyDrive/612 data/ProjectPokemonCleaned/0455carnivine/poke_capture_0455_000_mf_n_00000000_f_n.png,/content/drive/MyDrive/612 data/PokeSpriteCleaned/0455carnivine/carnivine.png
1014,0455carnivine,poke_capture_0455_000_mf_n_00000000_f_r.png,0455carnivine,carnivine_shiny.png,/content/drive/MyDrive/612 data/ProjectPokemonCleaned/0455carnivine/poke_capture_0455_000_mf_n_00000000_f_r.png,/content/drive/MyDrive/612 data/PokeSpriteCleaned/0455carnivine/carnivine_shiny.png
1015,0456finneon,poke_capture_0456_000_fd_n_00000000_f_n.png,0456finneon,finneon.png,/content/drive/MyDrive/612 data/ProjectPokemonCleaned/0456finneon/poke_capture_0456_000_fd_n_00000000_f_n.png,/content/drive/MyDrive/612 data/PokeSpriteCleaned/0456finneon/finneon.png
1016,0456finneon,poke_capture_0456_000_fd_n_00000000_f_r.png,0456finneon,finneon_shiny.png,/content/drive/MyDrive/612 data/ProjectPokemonCleaned/0456finneon/poke_capture_0456_000_fd_n_00000000_f_r.png,/content/drive/MyDrive/612 data/PokeSpriteCleaned/0456finneon/finneon_shiny.png
1017,0457lumineon,poke_capture_0457_000_fd_n_00000000_f_n.png,0457lumineon,lumineon.png,/content/drive/MyDrive/612 data/ProjectPokemonCleaned/0457lumineon/poke_capture_0457_000_fd_n_00000000_f_n.png,/content/drive/MyDrive/612 data/PokeSpriteCleaned/0457lumineon/lumineon.png
1018,0457lumineon,poke_capture_0457_000_fd_n_00000000_f_r.png,0457lumineon,lumineon_shiny.png,/content/drive/MyDrive/612 data/ProjectPokemonCleaned/0457lumineon/poke_capture_0457_000_fd_n_00000000_f_r.png,/content/drive/MyDrive/612 data/PokeSpriteCleaned/0457lumineon/lumineon_shiny.png
1019,0458mantyke,poke_capture_0458_000_mf_n_00000000_f_n.png,0458mantyke,mantyke.png,/content/drive/MyDrive/612 data/ProjectPokemonCleaned/0458mantyke/poke_capture_0458_000_mf_n_00000000_f_n.png,/content/drive/MyDrive/612 data/PokeSpriteCleaned/0458mantyke/mantyke.png
1020,0458mantyke,poke_capture_0458_000_mf_n_00000000_f_r.png,0458mantyke,mantyke_shiny.png,/content/drive/MyDrive/612 data/ProjectPokemonCleaned/0458mantyke/poke_capture_0458_000_mf_n_00000000_f_r.png,/content/drive/MyDrive/612 data/PokeSpriteCleaned/0458mantyke/mantyke_shiny.png
1021,0459snover,poke_capture_0459_000_fd_n_00000000_f_n.png,0459snover,snover.png,/content/drive/MyDrive/612 data/ProjectPokemonCleaned/0459snover/poke_capture_0459_000_fd_n_00000000_f_n.png,/content/drive/MyDrive/612 data/PokeSpriteCleaned/0459snover/snover.png
1022,0459snover,poke_capture_0459_000_fd_n_00000000_f_r.png,0459snover,snover_shiny.png,/content/drive/MyDrive/612 data/ProjectPokemonCleaned/0459snover/poke_capture_0459_000_fd_n_00000000_f_r.png,/content/drive/MyDrive/612 data/PokeSpriteCleaned/0459snover/snover_shiny.png
1023,0460abomasnow,poke_capture_0460_000_fd_n_00000000_f_n.png,0460abomasnow,abomasnow.png,/content/drive/MyDrive/612 data/ProjectPokemonCleaned/0460abomasnow/poke_capture_0460_000_fd_n_00000000_f_n.png,/content/drive/MyDrive/612 data/PokeSpriteCleaned/0460abomasnow/abomasnow.png
1024,0460abomasnow,poke_capture_0460_000_fd_n_00000000_f_r.png,0460abomasnow,abomasnow_shiny.png,/content/drive/MyDrive/612 data/ProjectPokemonCleaned/0460abomasnow/poke_capture_0460_000_fd_n_00000000_f_r.png,/content/drive/MyDrive/612 data/PokeSpriteCleaned/0460abomasnow/abomasnow_shiny.png
1025,0460abomasnow,poke_capture_0460_001_mf_n_00000000_f_n.png,0460abomasnow,abomasnow-mega.png,/content/drive/MyDrive/612 data/ProjectPokemonCleaned/0460abomasnow/poke_capture_0460_001_mf_n_00000000_f_n.png,/content/drive/MyDrive/612 data/PokeSpriteCleaned/0460abomasnow/abomasnow-mega.png
1026,0460abomasnow,poke_capture_0460_001_mf_n_00000000_f_r.png,0460abomasnow,abomasnow-mega_shiny.png,/content/drive/MyDrive/612 data/ProjectPokemonCleaned/0460abomasnow/poke_capture_0460_001_mf_n_00000000_f_r.png,/content/drive/MyDrive/612 data/PokeSpriteCleaned/0460abomasnow/abomasnow-mega_shiny.png
1027,0461weavile,poke_capture_0461_000_fd_n_00000000_f_n.png,0461weavile,weavile.png,/content/drive/MyDrive/612 data/ProjectPokemonCleaned/0461weavile/poke_capture_0461_000_fd_n_00000000_f_n.png,/content/drive/MyDrive/612 data/PokeSpriteCleaned/0461weavile/weavile.png
1028,0461weavile,poke_capture_0461_000_fd_n_00000000_f_r.png,0461weavile,weavile_shiny.png,/content/drive/MyDrive/612 data/ProjectPokemonCleaned/0461weavile/poke_capture_0461_000_fd_n_00000000_f_r.png,/content/drive/MyDrive/612 data/PokeSpriteCleaned/0461weavile/weavile_shiny.png
1029,0462magnezone,poke_capture_0462_000_uk_n_00000000_f_n.png,0462magnezone,magnezone.png,/content/drive/MyDrive/612 data/ProjectPokemonCleaned/0462magnezone/poke_capture_0462_000_uk_n_00000000_f_n.png,/content/drive/MyDrive/612 data/PokeSpriteCleaned/0462magnezone/magnezone.png
1030,0462magnezone,poke_capture_0462_000_uk_n_00000000_f_r.png,0462magnezone,magnezone_shiny.png,/content/drive/MyDrive/612 data/ProjectPokemonCleaned/0462magnezone/poke_capture_0462_000_uk_n_00000000_f_r.png,/content/drive/MyDrive/612 data/PokeSpriteCleaned/0462magnezone/magnezone_shiny.png
1031,0463lickilicky,poke_capture_0463_000_mf_n_00000000_f_n.png,0463lickilicky,lickilicky.png,/content/drive/MyDrive/612 data/ProjectPokemonCleaned/0463lickilicky/poke_capture_0463_000_mf_n_00000000_f_n.png,/content/drive/MyDrive/612 data/PokeSpriteCleaned/0463lickilicky/lickilicky.png
1032,0463lickilicky,poke_capture_0463_000_mf_n_00000000_f_r.png,0463lickilicky,lickilicky_shiny.png,/content/drive/MyDrive/612 data/ProjectPokemonCleaned/0463lickilicky/poke_capture_0463_000_mf_n_00000000_f_r.png,/content/drive/MyDrive/612 data/PokeSpriteCleaned/0463lickilicky/lickilicky_shiny.png
1033,0464rhyperior,poke_capture_0464_000_fd_n_00000000_f_n.png,0464rhyperior,rhyperior.png,/content/drive/MyDrive/612 data/ProjectPokemonCleaned/0464rhyperior/poke_capture_0464_000_fd_n_00000000_f_n.png,/content/drive/MyDrive/612 data/PokeSpriteCleaned/0464rhyperior/rhyperior.png
1034,0464rhyperior,poke_capture_0464_000_fd_n_00000000_f_r.png,0464rhyperior,rhyperior_shiny.png,/content/drive/MyDrive/612 data/ProjectPokemonCleaned/0464rhyperior/poke_capture_0464_000_fd_n_00000000_f_r.png,/content/drive/MyDrive/612 data/PokeSpriteCleaned/0464rhyperior/rhyperior_shiny.png
1035,0465tangrowth,poke_capture_0465_000_fd_n_00000000_f_n.png,0465tangrowth,tangrowth.png,/content/drive/MyDrive/612 data/ProjectPokemonCleaned/0465tangrowth/poke_capture_0465_000_fd_n_00000000_f_n.png,/content/drive/MyDrive/612 data/PokeSpriteCleaned/0465tangrowth/tangrowth.png
1036,0465tangrowth,poke_capture_0465_000_fd_n_00000000_f_r.png,0465tangrowth,tangrowth_shiny.png,/content/drive/MyDrive/612 data/ProjectPokemonCleaned/0465tangrowth/poke_capture_0465_000_fd_n_00000000_f_r.png,/content/drive/MyDrive/612 data/PokeSpriteCleaned/0465tangrowth/tangrowth_shiny.png
1037,0466electivire,poke_capture_0466_000_mf_n_00000000_f_n.png,0466electivire,electivire.png,/content/drive/MyDrive/612 data/ProjectPokemonCleaned/0466electivire/poke_capture_0466_000_mf_n_00000000_f_n.png,/content/drive/MyDrive/612 data/PokeSpriteCleaned/0466electivire/electivire.png
1038,0466electivire,poke_capture_0466_000_mf_n_00000000_f_r.png,0466electivire,electivire_shiny.png,/content/drive/MyDrive/612 data/ProjectPokemonCleaned/0466electivire/poke_capture_0466_000_mf_n_00000000_f_r.png,/content/drive/MyDrive/612 data/PokeSpriteCleaned/0466electivire/electivire_shiny.png
1039,0467magmortar,poke_capture_0467_000_mf_n_00000000_f_n.png,0467magmortar,magmortar.png,/content/drive/MyDrive/612 data/ProjectPokemonCleaned/0467magmortar/poke_capture_0467_000_mf_n_00000000_f_n.png,/content/drive/MyDrive/612 data/PokeSpriteCleaned/0467magmortar/magmortar.png
1040,0467magmortar,poke_capture_0467_000_mf_n_00000000_f_r.png,0467magmortar,magmortar_shiny.png,/content/drive/MyDrive/612 data/ProjectPokemonCleaned/0467magmortar/poke_capture_0467_000_mf_n_00000000_f_r.png,/content/drive/MyDrive/612 data/PokeSpriteCleaned/0467magmortar/magmortar_shiny.png
1041,0468togekiss,poke_capture_0468_000_mf_n_00000000_f_n.png,0468togekiss,togekiss.png,/content/drive/MyDrive/612 data/ProjectPokemonCleaned/0468togekiss/poke_capture_0468_000_mf_n_00000000_f_n.png,/content/drive/MyDrive/612 data/PokeSpriteCleaned/0468togekiss/togekiss.png
1042,0468togekiss,poke_capture_0468_000_mf_n_00000000_f_r.png,0468togekiss,togekiss_shiny.png,/content/drive/MyDrive/612 data/ProjectPokemonCleaned/0468togekiss/poke_capture_0468_000_mf_n_00000000_f_r.png,/content/drive/MyDrive/612 data/PokeSpriteCleaned/0468togekiss/togekiss_shiny.png
1043,0469yanmega,poke_capture_0469_000_mf_n_00000000_f_n.png,0469yanmega,yanmega.png,/content/drive/MyDrive/612 data/ProjectPokemonCleaned/0469yanmega/poke_capture_0469_000_mf_n_00000000_f_n.png,/content/drive/MyDrive/612 data/PokeSpriteCleaned/0469yanmega/yanmega.png
1044,0469yanmega,poke_capture_0469_000_mf_n_00000000_f_r.png,0469yanmega,yanmega_shiny.png,/content/drive/MyDrive/612 data/ProjectPokemonCleaned/0469yanmega/poke_capture_0469_000_mf_n_00000000_f_r.png,/content/drive/MyDrive/612 data/PokeSpriteCleaned/0469yanmega/yanmega_shiny.png
1045,0470leafeon,poke_capture_0470_000_mf_n_00000000_f_n.png,0470leafeon,leafeon.png,/content/drive/MyDrive/612 data/ProjectPokemonCleaned/0470leafeon/poke_capture_0470_000_mf_n_00000000_f_n.png,/content/drive/MyDrive/612 data/PokeSpriteCleaned/0470leafeon/leafeon.png
1046,0470leafeon,poke_capture_0470_000_mf_n_00000000_f_r.png,0470leafeon,leafeon_shiny.png,/content/drive/MyDrive/612 data/ProjectPokemonCleaned/0470leafeon/poke_capture_0470_000_mf_n_00000000_f_r.png,/content/drive/MyDrive/612 data/PokeSpriteCleaned/0470leafeon/leafeon_shiny.png
1047,0472gliscor,poke_capture_0472_000_mf_n_00000000_f_n.png,0472gliscor,gliscor.png,/content/drive/MyDrive/612 data/ProjectPokemonCleaned/0472gliscor/poke_capture_0472_000_mf_n_00000000_f_n.png,/content/drive/MyDrive/612 data/PokeSpriteCleaned/0472gliscor/gliscor.png
1048,0472gliscor,poke_capture_0472_000_mf_n_00000000_f_r.png,0472gliscor,gliscor_shiny.png,/content/drive/MyDrive/612 data/ProjectPokemonCleaned/0472gliscor/poke_capture_0472_000_mf_n_00000000_f_r.png,/content/drive/MyDrive/612 data/PokeSpriteCleaned/0472gliscor/gliscor_shiny.png
1049,0473mamoswine,poke_capture_0473_000_md_n_00000000_f_n.png,0473mamoswine,mamoswine.png,/content/drive/MyDrive/612 data/ProjectPokemonCleaned/0473mamoswine/poke_capture_0473_000_md_n_00000000_f_n.png,/content/drive/MyDrive/612 data/PokeSpriteCleaned/0473mamoswine/mamoswine.png
1050,0473mamoswine,poke_capture_0473_000_md_n_00000000_f_r.png,0473mamoswine,mamoswine_shiny.png,/content/drive/MyDrive/612 data/ProjectPokemonCleaned/0473mamoswine/poke_capture_0473_000_md_n_00000000_f_r.png,/content/drive/MyDrive/612 data/PokeSpriteCleaned/0473mamoswine/mamoswine_shiny.png
1051,0474porygon-z,poke_capture_0474_000_uk_n_00000000_f_n.png,0474porygon-z,porygon-z.png,/content/drive/MyDrive/612 data/ProjectPokemonCleaned/0474porygon-z/poke_capture_0474_000_uk_n_00000000_f_n.png,/content/drive/MyDrive/612 data/PokeSpriteCleaned/0474porygon-z/porygon-z.png
1052,0474porygon-z,poke_capture_0474_000_uk_n_00000000_f_r.png,0474porygon-z,porygon-z_shiny.png,/content/drive/MyDrive/612 data/ProjectPokemonCleaned/0474porygon-z/poke_capture_0474_000_uk_n_00000000_f_r.png,/content/drive/MyDrive/612 data/PokeSpriteCleaned/0474porygon-z/porygon-z_shiny.png
1053,0475gallade,poke_capture_0475_000_mo_n_00000000_f_n.png,0475gallade,gallade.png,/content/drive/MyDrive/612 data/ProjectPokemonCleaned/0475gallade/poke_capture_0475_000_mo_n_00000000_f_n.png,/content/drive/MyDrive/612 data/PokeSpriteCleaned/0475gallade/gallade.png
1054,0475gallade,poke_capture_0475_000_mo_n_00000000_f_r.png,0475gallade,gallade_shiny.png,/content/drive/MyDrive/612 data/ProjectPokemonCleaned/0475gallade/poke_capture_0475_000_mo_n_00000000_f_r.png,/content/drive/MyDrive/612 data/PokeSpriteCleaned/0475gallade/gallade_shiny.png
1055,0475gallade,poke_capture_0475_001_mo_n_00000000_f_n.png,0475gallade,gallade-mega.png,/content/drive/MyDrive/612 data/ProjectPokemonCleaned/0475gallade/poke_capture_0475_001_mo_n_00000000_f_n.png,/content/drive/MyDrive/612 data/PokeSpriteCleaned/0475gallade/gallade-mega.png
1056,0475gallade,poke_capture_0475_001_mo_n_00000000_f_r.png,0475gallade,gallade-mega_shiny.png,/content/drive/MyDrive/612 data/ProjectPokemonCleaned/0475gallade/poke_capture_0475_001_mo_n_00000000_f_r.png,/content/drive/MyDrive/612 data/PokeSpriteCleaned/0475gallade/gallade-mega_shiny.png
1057,0476probopass,poke_capture_0476_000_mf_n_00000000_f_n.png,0476probopass,probopass.png,/content/drive/MyDrive/612 data/ProjectPokemonCleaned/0476probopass/poke_capture_0476_000_mf_n_00000000_f_n.png,/content/drive/MyDrive/612 data/PokeSpriteCleaned/0476probopass/probopass.png
1058,0476probopass,poke_capture_0476_000_mf_n_00000000_f_r.png,0476probopass,probopass_shiny.png,/content/drive/MyDrive/612 data/ProjectPokemonCleaned/0476probopass/poke_capture_0476_000_mf_n_00000000_f_r.png,/content/drive/MyDrive/612 data/PokeSpriteCleaned/0476probopass/probopass_shiny.png
1059,0478froslass,poke_capture_0478_000_fo_n_00000000_f_n.png,0478froslass,froslass.png,/content/drive/MyDrive/612 data/ProjectPokemonCleaned/0478froslass/poke_capture_0478_000_fo_n_00000000_f_n.png,/content/drive/MyDrive/612 data/PokeSpriteCleaned/0478froslass/froslass.png
1060,0478froslass,poke_capture_0478_000_fo_n_00000000_f_r.png,0478froslass,froslass_shiny.png,/content/drive/MyDrive/612 data/ProjectPokemonCleaned/0478froslass/poke_capture_0478_000_fo_n_00000000_f_r.png,/content/drive/MyDrive/612 data/PokeSpriteCleaned/0478froslass/froslass_shiny.png
1061,0479rotom,poke_capture_0479_001_uk_n_00000000_f_n.png,0479rotom,rotom-heat.png,/content/drive/MyDrive/612 data/ProjectPokemonCleaned/0479rotom/poke_capture_0479_001_uk_n_00000000_f_n.png,/content/drive/MyDrive/612 data/PokeSpriteCleaned/0479rotom/rotom-heat.png
1062,0479rotom,poke_capture_0479_001_uk_n_00000000_f_r.png,0479rotom,rotom-heat_shiny.png,/content/drive/MyDrive/612 data/ProjectPokemonCleaned/0479rotom/poke_capture_0479_001_uk_n_00000000_f_r.png,/content/drive/MyDrive/612 data/PokeSpriteCleaned/0479rotom/rotom-heat_shiny.png
1063,0479rotom,poke_capture_0479_002_uk_n_00000000_f_n.png,0479rotom,rotom-wash_right.png,/content/drive/MyDrive/612 data/ProjectPokemonCleaned/0479rotom/poke_capture_0479_002_uk_n_00000000_f_n.png,/content/drive/MyDrive/612 data/PokeSpriteCleaned/0479rotom/rotom-wash_right.png
1064,0479rotom,poke_capture_0479_002_uk_n_00000000_f_r.png,0479rotom,rotom-wash_shiny_right.png,/content/drive/MyDrive/612 data/ProjectPokemonCleaned/0479rotom/poke_capture_0479_002_uk_n_00000000_f_r.png,/content/drive/MyDrive/612 data/PokeSpriteCleaned/0479rotom/rotom-wash_shiny_right.png
1065,0479rotom,poke_capture_0479_004_uk_n_00000000_f_n.png,0479rotom,rotom-fan.png,/content/drive/MyDrive/612 data/ProjectPokemonCleaned/0479rotom/poke_capture_0479_004_uk_n_00000000_f_n.png,/content/drive/MyDrive/612 data/PokeSpriteCleaned/0479rotom/rotom-fan.png
1066,0479rotom,poke_capture_0479_004_uk_n_00000000_f_r.png,0479rotom,rotom-fan_shiny.png,/content/drive/MyDrive/612 data/ProjectPokemonCleaned/0479rotom/poke_capture_0479_004_uk_n_00000000_f_r.png,/content/drive/MyDrive/612 data/PokeSpriteCleaned/0479rotom/rotom-fan_shiny.png
1067,0480uxie,poke_capture_0480_000_uk_n_00000000_f_n.png,0480uxie,uxie.png,/content/drive/MyDrive/612 data/ProjectPokemonCleaned/0480uxie/poke_capture_0480_000_uk_n_00000000_f_n.png,/content/drive/MyDrive/612 data/PokeSpriteCleaned/0480uxie/uxie.png
1068,0480uxie,poke_capture_0480_000_uk_n_00000000_f_r.png,0480uxie,uxie_shiny.png,/content/drive/MyDrive/612 data/ProjectPokemonCleaned/0480uxie/poke_capture_0480_000_uk_n_00000000_f_r.png,/content/drive/MyDrive/612 data/PokeSpriteCleaned/0480uxie/uxie_shiny.png
1069,0481mesprit,poke_capture_0481_000_uk_n_00000000_f_n.png,0481mesprit,mesprit.png,/content/drive/MyDrive/612 data/ProjectPokemonCleaned/0481mesprit/poke_capture_0481_000_uk_n_00000000_f_n.png,/content/drive/MyDrive/612 data/PokeSpriteCleaned/0481mesprit/mesprit.png
1070,0481mesprit,poke_capture_0481_000_uk_n_00000000_f_r.png,0481mesprit,mesprit_shiny.png,/content/drive/MyDrive/612 data/ProjectPokemonCleaned/0481mesprit/poke_capture_0481_000_uk_n_00000000_f_r.png,/content/drive/MyDrive/612 data/PokeSpriteCleaned/0481mesprit/mesprit_shiny.png
1071,0484palkia,poke_capture_0484_000_uk_n_00000000_f_n.png,0484palkia,palkia.png,/content/drive/MyDrive/612 data/ProjectPokemonCleaned/0484palkia/poke_capture_0484_000_uk_n_00000000_f_n.png,/content/drive/MyDrive/612 data/PokeSpriteCleaned/0484palkia/palkia.png
1072,0484palkia,poke_capture_0484_000_uk_n_00000000_f_r.png,0484palkia,palkia_shiny.png,/content/drive/MyDrive/612 data/ProjectPokemonCleaned/0484palkia/poke_capture_0484_000_uk_n_00000000_f_r.png,/content/drive/MyDrive/612 data/PokeSpriteCleaned/0484palkia/palkia_shiny.png
1073,0485heatran,poke_capture_0485_000_mf_n_00000000_f_n.png,0485heatran,heatran.png,/content/drive/MyDrive/612 data/ProjectPokemonCleaned/0485heatran/poke_capture_0485_000_mf_n_00000000_f_n.png,/content/drive/MyDrive/612 data/PokeSpriteCleaned/0485heatran/heatran.png
1074,0485heatran,poke_capture_0485_000_mf_n_00000000_f_r.png,0485heatran,heatran_shiny.png,/content/drive/MyDrive/612 data/ProjectPokemonCleaned/0485heatran/poke_capture_0485_000_mf_n_00000000_f_r.png,/content/drive/MyDrive/612 data/PokeSpriteCleaned/0485heatran/heatran_shiny.png
1075,0486regigigas,poke_capture_0486_000_uk_n_00000000_f_n.png,0486regigigas,regigigas.png,/content/drive/MyDrive/612 data/ProjectPokemonCleaned/0486regigigas/poke_capture_0486_000_uk_n_00000000_f_n.png,/content/drive/MyDrive/612 data/PokeSpriteCleaned/0486regigigas/regigigas.png
1076,0486regigigas,poke_capture_0486_000_uk_n_00000000_f_r.png,0486regigigas,regigigas_shiny.png,/content/drive/MyDrive/612 data/ProjectPokemonCleaned/0486regigigas/poke_capture_0486_000_uk_n_00000000_f_r.png,/content/drive/MyDrive/612 data/PokeSpriteCleaned/0486regigigas/regigigas_shiny.png
1077,0487giratina,poke_capture_0487_000_uk_n_00000000_f_n.png,0487giratina,giratina.png,/content/drive/MyDrive/612 data/ProjectPokemonCleaned/0487giratina/poke_capture_0487_000_uk_n_00000000_f_n.png,/content/drive/MyDrive/612 data/PokeSpriteCleaned/0487giratina/giratina.png
1078,0487giratina,poke_capture_0487_000_uk_n_00000000_f_r.png,0487giratina,giratina_shiny.png,/content/drive/MyDrive/612 data/ProjectPokemonCleaned/0487giratina/poke_capture_0487_000_uk_n_00000000_f_r.png,/content/drive/MyDrive/612 data/PokeSpriteCleaned/0487giratina/giratina_shiny.png
1079,0487giratina,poke_capture_0487_001_uk_n_00000000_f_n.png,0487giratina,giratina-origin.png,/content/drive/MyDrive/612 data/ProjectPokemonCleaned/0487giratina/poke_capture_0487_001_uk_n_00000000_f_n.png,/content/drive/MyDrive/612 data/PokeSpriteCleaned/0487giratina/giratina-origin.png
1080,0487giratina,poke_capture_0487_001_uk_n_00000000_f_r.png,0487giratina,giratina-origin_shiny.png,/content/drive/MyDrive/612 data/ProjectPokemonCleaned/0487giratina/poke_capture_0487_001_uk_n_00000000_f_r.png,/content/drive/MyDrive/612 data/PokeSpriteCleaned/0487giratina/giratina-origin_shiny.png
1081,0489phione,poke_capture_0489_000_uk_n_00000000_f_n.png,0489phione,phione.png,/content/drive/MyDrive/612 data/ProjectPokemonCleaned/0489phione/poke_capture_0489_000_uk_n_00000000_f_n.png,/content/drive/MyDrive/612 data/PokeSpriteCleaned/0489phione/phione.png
1082,0489phione,poke_capture_0489_000_uk_n_00000000_f_r.png,0489phione,phione_shiny.png,/content/drive/MyDrive/612 data/ProjectPokemonCleaned/0489phione/poke_capture_0489_000_uk_n_00000000_f_r.png,/content/drive/MyDrive/612 data/PokeSpriteCleaned/0489phione/phione_shiny.png
1083,0490manaphy,poke_capture_0490_000_uk_n_00000000_f_n.png,0490manaphy,manaphy.png,/content/drive/MyDrive/612 data/ProjectPokemonCleaned/0490manaphy/poke_capture_0490_000_uk_n_00000000_f_n.png,/content/drive/MyDrive/612 data/PokeSpriteCleaned/0490manaphy/manaphy.png
1084,0490manaphy,poke_capture_0490_000_uk_n_00000000_f_r.png,0490manaphy,manaphy_shiny.png,/content/drive/MyDrive/612 data/ProjectPokemonCleaned/0490manaphy/poke_capture_0490_000_uk_n_00000000_f_r.png,/content/drive/MyDrive/612 data/PokeSpriteCleaned/0490manaphy/manaphy_shiny.png
1085,0491darkrai,poke_capture_0491_000_uk_n_00000000_f_n.png,0491darkrai,darkrai.png,/content/drive/MyDrive/612 data/ProjectPokemonCleaned/0491darkrai/poke_capture_0491_000_uk_n_00000000_f_n.png,/content/drive/MyDrive/612 data/PokeSpriteCleaned/0491darkrai/darkrai.png
1086,0491darkrai,poke_capture_0491_000_uk_n_00000000_f_r.png,0491darkrai,darkrai_shiny.png,/content/drive/MyDrive/612 data/ProjectPokemonCleaned/0491darkrai/poke_capture_0491_000_uk_n_00000000_f_r.png,/content/drive/MyDrive/612 data/PokeSpriteCleaned/0491darkrai/darkrai_shiny.png
1087,0492shaymin,poke_capture_0492_000_uk_n_00000000_f_n.png,0492shaymin,shaymin.png,/content/drive/MyDrive/612 data/ProjectPokemonCleaned/0492shaymin/poke_capture_0492_000_uk_n_00000000_f_n.png,/content/drive/MyDrive/612 data/PokeSpriteCleaned/0492shaymin/shaymin.png
1088,0492shaymin,poke_capture_0492_000_uk_n_00000000_f_r.png,0492shaymin,shaymin_shiny.png,/content/drive/MyDrive/612 data/ProjectPokemonCleaned/0492shaymin/poke_capture_0492_000_uk_n_00000000_f_r.png,/content/drive/MyDrive/612 data/PokeSpriteCleaned/0492shaymin/shaymin_shiny.png
1089,0493arceus,poke_capture_0493_000_uk_n_00000000_f_n.png,0493arceus,arceus.png,/content/drive/MyDrive/612 data/ProjectPokemonCleaned/0493arceus/poke_capture_0493_000_uk_n_00000000_f_n.png,/content/drive/MyDrive/612 data/PokeSpriteCleaned/0493arceus/arceus.png
1090,0493arceus,poke_capture_0493_000_uk_n_00000000_f_r.png,0493arceus,arceus_shiny.png,/content/drive/MyDrive/612 data/ProjectPokemonCleaned/0493arceus/poke_capture_0493_000_uk_n_00000000_f_r.png,/content/drive/MyDrive/612 data/PokeSpriteCleaned/0493arceus/arceus_shiny.png
1091,0493arceus,poke_capture_0493_001_uk_n_00000000_f_n.png,0493arceus,arceus-fighting.png,/content/drive/MyDrive/612 data/ProjectPokemonCleaned/0493arceus/poke_capture_0493_001_uk_n_00000000_f_n.png,/content/drive/MyDrive/612 data/PokeSpriteCleaned/0493arceus/arceus-fighting.png
1092,0493arceus,poke_capture_0493_001_uk_n_00000000_f_r.png,0493arceus,arceus-fighting_shiny.png,/content/drive/MyDrive/612 data/ProjectPokemonCleaned/0493arceus/poke_capture_0493_001_uk_n_00000000_f_r.png,/content/drive/MyDrive/612 data/PokeSpriteCleaned/0493arceus/arceus-fighting_shiny.png
1093,0493arceus,poke_capture_0493_002_uk_n_00000000_f_n.png,0493arceus,arceus-flying.png,/content/drive/MyDrive/612 data/ProjectPokemonCleaned/0493arceus/poke_capture_0493_002_uk_n_00000000_f_n.png,/content/drive/MyDrive/612 data/PokeSpriteCleaned/0493arceus/arceus-flying.png
1094,0493arceus,poke_capture_0493_002_uk_n_00000000_f_r.png,0493arceus,arceus-flying_shiny.png,/content/drive/MyDrive/612 data/ProjectPokemonCleaned/0493arceus/poke_capture_0493_002_uk_n_00000000_f_r.png,/content/drive/MyDrive/612 data/PokeSpriteCleaned/0493arceus/arceus-flying_shiny.png
1095,0493arceus,poke_capture_0493_003_uk_n_00000000_f_n.png,0493arceus,arceus-poison.png,/content/drive/MyDrive/612 data/ProjectPokemonCleaned/0493arceus/poke_capture_0493_003_uk_n_00000000_f_n.png,/content/drive/MyDrive/612 data/PokeSpriteCleaned/0493arceus/arceus-poison.png
1096,0493arceus,poke_capture_0493_003_uk_n_00000000_f_r.png,0493arceus,arceus-poison_shiny.png,/content/drive/MyDrive/612 data/ProjectPokemonCleaned/0493arceus/poke_capture_0493_003_uk_n_00000000_f_r.png,/content/drive/MyDrive/612 data/PokeSpriteCleaned/0493arceus/arceus-poison_shiny.png
1097,0493arceus,poke_capture_0493_004_uk_n_00000000_f_n.png,0493arceus,arceus-ground.png,/content/drive/MyDrive/612 data/ProjectPokemonCleaned/0493arceus/poke_capture_0493_004_uk_n_00000000_f_n.png,/content/drive/MyDrive/612 data/PokeSpriteCleaned/0493arceus/arceus-ground.png
1098,0493arceus,poke_capture_0493_004_uk_n_00000000_f_r.png,0493arceus,arceus-ground_shiny.png,/content/drive/MyDrive/612 data/ProjectPokemonCleaned/0493arceus/poke_capture_0493_004_uk_n_00000000_f_r.png,/content/drive/MyDrive/612 data/PokeSpriteCleaned/0493arceus/arceus-ground_shiny.png
1099,0493arceus,poke_capture_0493_005_uk_n_00000000_f_n.png,0493arceus,arceus-rock.png,/content/drive/MyDrive/612 data/ProjectPokemonCleaned/0493arceus/poke_capture_0493_005_uk_n_00000000_f_n.png,/content/drive/MyDrive/612 data/PokeSpriteCleaned/0493arceus/arceus-rock.png
1100,0493arceus,poke_capture_0493_005_uk_n_00000000_f_r.png,0493arceus,arceus-rock_shiny.png,/content/drive/MyDrive/612 data/ProjectPokemonCleaned/0493arceus/poke_capture_0493_005_uk_n_00000000_f_r.png,/content/drive/MyDrive/612 data/PokeSpriteCleaned/0493arceus/arceus-rock_shiny.png
1101,0493arceus,poke_capture_0493_006_uk_n_00000000_f_n.png,0493arceus,arceus-bug.png,/content/drive/MyDrive/612 data/ProjectPokemonCleaned/0493arceus/poke_capture_0493_006_uk_n_00000000_f_n.png,/content/drive/MyDrive/612 data/PokeSpriteCleaned/0493arceus/arceus-bug.png
1102,0493arceus,poke_capture_0493_006_uk_n_00000000_f_r.png,0493arceus,arceus-bug_shiny.png,/content/drive/MyDrive/612 data/ProjectPokemonCleaned/0493arceus/poke_capture_0493_006_uk_n_00000000_f_r.png,/content/drive/MyDrive/612 data/PokeSpriteCleaned/0493arceus/arceus-bug_shiny.png
1103,0493arceus,poke_capture_0493_007_uk_n_00000000_f_n.png,0493arceus,arceus-ghost.png,/content/drive/MyDrive/612 data/ProjectPokemonCleaned/0493arceus/poke_capture_0493_007_uk_n_00000000_f_n.png,/content/drive/MyDrive/612 data/PokeSpriteCleaned/0493arceus/arceus-ghost.png
1104,0493arceus,poke_capture_0493_007_uk_n_00000000_f_r.png,0493arceus,arceus-ghost_shiny.png,/content/drive/MyDrive/612 data/ProjectPokemonCleaned/0493arceus/poke_capture_0493_007_uk_n_00000000_f_r.png,/content/drive/MyDrive/612 data/PokeSpriteCleaned/0493arceus/arceus-ghost_shiny.png
1105,0493arceus,poke_capture_0493_008_uk_n_00000000_f_n.png,0493arceus,arceus-steel.png,/content/drive/MyDrive/612 data/ProjectPokemonCleaned/0493arceus/poke_capture_0493_008_uk_n_00000000_f_n.png,/content/drive/MyDrive/612 data/PokeSpriteCleaned/0493arceus/arceus-steel.png
1106,0493arceus,poke_capture_0493_008_uk_n_00000000_f_r.png,0493arceus,arceus-steel_shiny.png,/content/drive/MyDrive/612 data/ProjectPokemonCleaned/0493arceus/poke_capture_0493_008_uk_n_00000000_f_r.png,/content/drive/MyDrive/612 data/PokeSpriteCleaned/0493arceus/arceus-steel_shiny.png
1107,0493arceus,poke_capture_0493_009_uk_n_00000000_f_n.png,0493arceus,arceus-fire.png,/content/drive/MyDrive/612 data/ProjectPokemonCleaned/0493arceus/poke_capture_0493_009_uk_n_00000000_f_n.png,/content/drive/MyDrive/612 data/PokeSpriteCleaned/0493arceus/arceus-fire.png
1108,0493arceus,poke_capture_0493_009_uk_n_00000000_f_r.png,0493arceus,arceus-fire_shiny.png,/content/drive/MyDrive/612 data/ProjectPokemonCleaned/0493arceus/poke_capture_0493_009_uk_n_00000000_f_r.png,/content/drive/MyDrive/612 data/PokeSpriteCleaned/0493arceus/arceus-fire_shiny.png
1109,0493arceus,poke_capture_0493_010_uk_n_00000000_f_n.png,0493arceus,arceus-water.png,/content/drive/MyDrive/612 data/ProjectPokemonCleaned/0493arceus/poke_capture_0493_010_uk_n_00000000_f_n.png,/content/drive/MyDrive/612 data/PokeSpriteCleaned/0493arceus/arceus-water.png
1110,0493arceus,poke_capture_0493_010_uk_n_00000000_f_r.png,0493arceus,arceus-water_shiny.png,/content/drive/MyDrive/612 data/ProjectPokemonCleaned/0493arceus/poke_capture_0493_010_uk_n_00000000_f_r.png,/content/drive/MyDrive/612 data/PokeSpriteCleaned/0493arceus/arceus-water_shiny.png
1111,0493arceus,poke_capture_0493_011_uk_n_00000000_f_n.png,0493arceus,arceus-grass.png,/content/drive/MyDrive/612 data/ProjectPokemonCleaned/0493arceus/poke_capture_0493_011_uk_n_00000000_f_n.png,/content/drive/MyDrive/612 data/PokeSpriteCleaned/0493arceus/arceus-grass.png
1112,0493arceus,poke_capture_0493_011_uk_n_00000000_f_r.png,0493arceus,arceus-grass_shiny.png,/content/drive/MyDrive/612 data/ProjectPokemonCleaned/0493arceus/poke_capture_0493_011_uk_n_00000000_f_r.png,/content/drive/MyDrive/612 data/PokeSpriteCleaned/0493arceus/arceus-grass_shiny.png
1113,0493arceus,poke_capture_0493_012_uk_n_00000000_f_n.png,0493arceus,arceus-electric.png,/content/drive/MyDrive/612 data/ProjectPokemonCleaned/0493arceus/poke_capture_0493_012_uk_n_00000000_f_n.png,/content/drive/MyDrive/612 data/PokeSpriteCleaned/0493arceus/arceus-electric.png
1114,0493arceus,poke_capture_0493_012_uk_n_00000000_f_r.png,0493arceus,arceus-electric_shiny.png,/content/drive/MyDrive/612 data/ProjectPokemonCleaned/0493arceus/poke_capture_0493_012_uk_n_00000000_f_r.png,/content/drive/MyDrive/612 data/PokeSpriteCleaned/0493arceus/arceus-electric_shiny.png
1115,0493arceus,poke_capture_0493_013_uk_n_00000000_f_n.png,0493arceus,arceus-psychic.png,/content/drive/MyDrive/612 data/ProjectPokemonCleaned/0493arceus/poke_capture_0493_013_uk_n_00000000_f_n.png,/content/drive/MyDrive/612 data/PokeSpriteCleaned/0493arceus/arceus-psychic.png
1116,0493arceus,poke_capture_0493_013_uk_n_00000000_f_r.png,0493arceus,arceus-psychic_shiny.png,/content/drive/MyDrive/612 data/ProjectPokemonCleaned/0493arceus/poke_capture_0493_013_uk_n_00000000_f_r.png,/content/drive/MyDrive/612 data/PokeSpriteCleaned/0493arceus/arceus-psychic_shiny.png
1117,0493arceus,poke_capture_0493_014_uk_n_00000000_f_n.png,0493arceus,arceus-ice.png,/content/drive/MyDrive/612 data/ProjectPokemonCleaned/0493arceus/poke_capture_0493_014_uk_n_00000000_f_n.png,/content/drive/MyDrive/612 data/PokeSpriteCleaned/0493arceus/arceus-ice.png
1118,0493arceus,poke_capture_0493_014_uk_n_00000000_f_r.png,0493arceus,arceus-ice_shiny.png,/content/drive/MyDrive/612 data/ProjectPokemonCleaned/0493arceus/poke_capture_0493_014_uk_n_00000000_f_r.png,/content/drive/MyDrive/612 data/PokeSpriteCleaned/0493arceus/arceus-ice_shiny.png
1119,0493arceus,poke_capture_0493_015_uk_n_00000000_f_n.png,0493arceus,arceus-dragon.png,/content/drive/MyDrive/612 data/ProjectPokemonCleaned/0493arceus/poke_capture_0493_015_uk_n_00000000_f_n.png,/content/drive/MyDrive/612 data/PokeSpriteCleaned/0493arceus/arceus-dragon.png
1120,0493arceus,poke_capture_0493_015_uk_n_00000000_f_r.png,0493arceus,arceus-dragon_shiny.png,/content/drive/MyDrive/612 data/ProjectPokemonCleaned/0493arceus/poke_capture_0493_015_uk_n_00000000_f_r.png,/content/drive/MyDrive/612 data/PokeSpriteCleaned/0493arceus/arceus-dragon_shiny.png
1121,0493arceus,poke_capture_0493_016_uk_n_00000000_f_n.png,0493arceus,arceus-dark.png,/content/drive/MyDrive/612 data/ProjectPokemonCleaned/0493arceus/poke_capture_0493_016_uk_n_00000000_f_n.png,/content/drive/MyDrive/612 data/PokeSpriteCleaned/0493arceus/arceus-dark.png
1122,0493arceus,poke_capture_0493_016_uk_n_00000000_f_r.png,0493arceus,arceus-dark_shiny.png,/content/drive/MyDrive/612 data/ProjectPokemonCleaned/0493arceus/poke_capture_0493_016_uk_n_00000000_f_r.png,/content/drive/MyDrive/612 data/PokeSpriteCleaned/0493arceus/arceus-dark_shiny.png
1123,0493arceus,poke_capture_0493_017_uk_n_00000000_f_n.png,0493arceus,arceus-fairy.png,/content/drive/MyDrive/612 data/ProjectPokemonCleaned/0493arceus/poke_capture_0493_017_uk_n_00000000_f_n.png,/content/drive/MyDrive/612 data/PokeSpriteCleaned/0493arceus/arceus-fairy.png
1124,0493arceus,poke_capture_0493_017_uk_n_00000000_f_r.png,0493arceus,arceus-fairy_shiny.png,/content/drive/MyDrive/612 data/ProjectPokemonCleaned/0493arceus/poke_capture_0493_017_uk_n_00000000_f_r.png,/content/drive/MyDrive/612 data/PokeSpriteCleaned/0493arceus/arceus-fairy_shiny.png
1125,0494victini,poke_capture_0494_000_uk_n_00000000_f_n.png,0494victini,victini.png,/content/drive/MyDrive/612 data/ProjectPokemonCleaned/0494victini/poke_capture_0494_000_uk_n_00000000_f_n.png,/content/drive/MyDrive/612 data/PokeSpriteCleaned/0494victini/victini.png
1126,0494victini,poke_capture_0494_000_uk_n_00000000_f_r.png,0494victini,victini_shiny.png,/content/drive/MyDrive/612 data/ProjectPokemonCleaned/0494victini/poke_capture_0494_000_uk_n_00000000_f_r.png,/content/drive/MyDrive/612 data/PokeSpriteCleaned/0494victini/victini_shiny.png
1127,0495snivy,poke_capture_0495_000_mf_n_00000000_f_n.png,0495snivy,snivy.png,/content/drive/MyDrive/612 data/ProjectPokemonCleaned/0495snivy/poke_capture_0495_000_mf_n_00000000_f_n.png,/content/drive/MyDrive/612 data/PokeSpriteCleaned/0495snivy/snivy.png
1128,0495snivy,poke_capture_0495_000_mf_n_00000000_f_r.png,0495snivy,snivy_shiny.png,/content/drive/MyDrive/612 data/ProjectPokemonCleaned/0495snivy/poke_capture_0495_000_mf_n_00000000_f_r.png,/content/drive/MyDrive/612 data/PokeSpriteCleaned/0495snivy/snivy_shiny.png
1129,0497serperior,poke_capture_0497_000_mf_n_00000000_f_n.png,0497serperior,serperior.png,/content/drive/MyDrive/612 data/ProjectPokemonCleaned/0497serperior/poke_capture_0497_000_mf_n_00000000_f_n.png,/content/drive/MyDrive/612 data/PokeSpriteCleaned/0497serperior/serperior.png
1130,0497serperior,poke_capture_0497_000_mf_n_00000000_f_r.png,0497serperior,serperior_shiny.png,/content/drive/MyDrive/612 data/ProjectPokemonCleaned/0497serperior/poke_capture_0497_000_mf_n_00000000_f_r.png,/content/drive/MyDrive/612 data/PokeSpriteCleaned/0497serperior/serperior_shiny.png
1131,0499pignite,poke_capture_0499_000_mf_n_00000000_f_n.png,0499pignite,pignite.png,/content/drive/MyDrive/612 data/ProjectPokemonCleaned/0499pignite/poke_capture_0499_000_mf_n_00000000_f_n.png,/content/drive/MyDrive/612 data/PokeSpriteCleaned/0499pignite/pignite.png
1132,0499pignite,poke_capture_0499_000_mf_n_00000000_f_r.png,0499pignite,pignite_shiny.png,/content/drive/MyDrive/612 data/ProjectPokemonCleaned/0499pignite/poke_capture_0499_000_mf_n_00000000_f_r.png,/content/drive/MyDrive/612 data/PokeSpriteCleaned/0499pignite/pignite_shiny.png
1133,0500emboar,poke_capture_0500_000_mf_n_00000000_f_n.png,0500emboar,emboar.png,/content/drive/MyDrive/612 data/ProjectPokemonCleaned/0500emboar/poke_capture_0500_000_mf_n_00000000_f_n.png,/content/drive/MyDrive/612 data/PokeSpriteCleaned/0500emboar/emboar.png
1134,0500emboar,poke_capture_0500_000_mf_n_00000000_f_r.png,0500emboar,emboar_shiny.png,/content/drive/MyDrive/612 data/ProjectPokemonCleaned/0500emboar/poke_capture_0500_000_mf_n_00000000_f_r.png,/content/drive/MyDrive/612 data/PokeSpriteCleaned/0500emboar/emboar_shiny.png
1135,0501oshawott,poke_capture_0501_000_mf_n_00000000_f_n.png,0501oshawott,oshawott.png,/content/drive/MyDrive/612 data/ProjectPokemonCleaned/0501oshawott/poke_capture_0501_000_mf_n_00000000_f_n.png,/content/drive/MyDrive/612 data/PokeSpriteCleaned/0501oshawott/oshawott.png
1136,0501oshawott,poke_capture_0501_000_mf_n_00000000_f_r.png,0501oshawott,oshawott_shiny.png,/content/drive/MyDrive/612 data/ProjectPokemonCleaned/0501oshawott/poke_capture_0501_000_mf_n_00000000_f_r.png,/content/drive/MyDrive/612 data/PokeSpriteCleaned/0501oshawott/oshawott_shiny.png
1137,0502dewott,poke_capture_0502_000_mf_n_00000000_f_n.png,0502dewott,dewott.png,/content/drive/MyDrive/612 data/ProjectPokemonCleaned/0502dewott/poke_capture_0502_000_mf_n_00000000_f_n.png,/content/drive/MyDrive/612 data/PokeSpriteCleaned/0502dewott/dewott.png
1138,0502dewott,poke_capture_0502_000_mf_n_00000000_f_r.png,0502dewott,dewott_shiny.png,/content/drive/MyDrive/612 data/ProjectPokemonCleaned/0502dewott/poke_capture_0502_000_mf_n_00000000_f_r.png,/content/drive/MyDrive/612 data/PokeSpriteCleaned/0502dewott/dewott_shiny.png
1139,0503samurott,poke_capture_0503_000_mf_n_00000000_f_n.png,0503samurott,samurott.png,/content/drive/MyDrive/612 data/ProjectPokemonCleaned/0503samurott/poke_capture_0503_000_mf_n_00000000_f_n.png,/content/drive/MyDrive/612 data/PokeSpriteCleaned/0503samurott/samurott.png
1140,0503samurott,poke_capture_0503_000_mf_n_00000000_f_r.png,0503samurott,samurott_shiny.png,/content/drive/MyDrive/612 data/ProjectPokemonCleaned/0503samurott/poke_capture_0503_000_mf_n_00000000_f_r.png,/content/drive/MyDrive/612 data/PokeSpriteCleaned/0503samurott/samurott_shiny.png
1141,0504patrat,poke_capture_0504_000_mf_n_00000000_f_n.png,0504patrat,patrat.png,/content/drive/MyDrive/612 data/ProjectPokemonCleaned/0504patrat/poke_capture_0504_000_mf_n_00000000_f_n.png,/content/drive/MyDrive/612 data/PokeSpriteCleaned/0504patrat/patrat.png
1142,0504patrat,poke_capture_0504_000_mf_n_00000000_f_r.png,0504patrat,patrat_shiny.png,/content/drive/MyDrive/612 data/ProjectPokemonCleaned/0504patrat/poke_capture_0504_000_mf_n_00000000_f_r.png,/content/drive/MyDrive/612 data/PokeSpriteCleaned/0504patrat/patrat_shiny.png
1143,0505watchog,poke_capture_0505_000_mf_n_00000000_f_n.png,0505watchog,watchog.png,/content/drive/MyDrive/612 data/ProjectPokemonCleaned/0505watchog/poke_capture_0505_000_mf_n_00000000_f_n.png,/content/drive/MyDrive/612 data/PokeSpriteCleaned/0505watchog/watchog.png
1144,0505watchog,poke_capture_0505_000_mf_n_00000000_f_r.png,0505watchog,watchog_shiny.png,/content/drive/MyDrive/612 data/ProjectPokemonCleaned/0505watchog/poke_capture_0505_000_mf_n_00000000_f_r.png,/content/drive/MyDrive/612 data/PokeSpriteCleaned/0505watchog/watchog_shiny.png
1145,0506lillipup,poke_capture_0506_000_mf_n_00000000_f_n.png,0506lillipup,lillipup.png,/content/drive/MyDrive/612 data/ProjectPokemonCleaned/0506lillipup/poke_capture_0506_000_mf_n_00000000_f_n.png,/content/drive/MyDrive/612 data/PokeSpriteCleaned/0506lillipup/lillipup.png
1146,0506lillipup,poke_capture_0506_000_mf_n_00000000_f_r.png,0506lillipup,lillipup_shiny.png,/content/drive/MyDrive/612 data/ProjectPokemonCleaned/0506lillipup/poke_capture_0506_000_mf_n_00000000_f_r.png,/content/drive/MyDrive/612 data/PokeSpriteCleaned/0506lillipup/lillipup_shiny.png
1147,0507herdier,poke_capture_0507_000_mf_n_00000000_f_n.png,0507herdier,herdier.png,/content/drive/MyDrive/612 data/ProjectPokemonCleaned/0507herdier/poke_capture_0507_000_mf_n_00000000_f_n.png,/content/drive/MyDrive/612 data/PokeSpriteCleaned/0507herdier/herdier.png
1148,0507herdier,poke_capture_0507_000_mf_n_00000000_f_r.png,0507herdier,herdier_shiny.png,/content/drive/MyDrive/612 data/ProjectPokemonCleaned/0507herdier/poke_capture_0507_000_mf_n_00000000_f_r.png,/content/drive/MyDrive/612 data/PokeSpriteCleaned/0507herdier/herdier_shiny.png
1149,0508stoutland,poke_capture_0508_000_mf_n_00000000_f_n.png,0508stoutland,stoutland.png,/content/drive/MyDrive/612 data/ProjectPokemonCleaned/0508stoutland/poke_capture_0508_000_mf_n_00000000_f_n.png,/content/drive/MyDrive/612 data/PokeSpriteCleaned/0508stoutland/stoutland.png
1150,0508stoutland,poke_capture_0508_000_mf_n_00000000_f_r.png,0508stoutland,stoutland_shiny.png,/content/drive/MyDrive/612 data/ProjectPokemonCleaned/0508stoutland/poke_capture_0508_000_mf_n_00000000_f_r.png,/content/drive/MyDrive/612 data/PokeSpriteCleaned/0508stoutland/stoutland_shiny.png
1151,0510liepard,poke_capture_0510_000_mf_n_00000000_f_n.png,0510liepard,liepard.png,/content/drive/MyDrive/612 data/ProjectPokemonCleaned/0510liepard/poke_capture_0510_000_mf_n_00000000_f_n.png,/content/drive/MyDrive/612 data/PokeSpriteCleaned/0510liepard/liepard.png
1152,0510liepard,poke_capture_0510_000_mf_n_00000000_f_r.png,0510liepard,liepard_shiny.png,/content/drive/MyDrive/612 data/ProjectPokemonCleaned/0510liepard/poke_capture_0510_000_mf_n_00000000_f_r.png,/content/drive/MyDrive/612 data/PokeSpriteCleaned/0510liepard/liepard_shiny.png
1153,0511pansage,poke_capture_0511_000_mf_n_00000000_f_n.png,0511pansage,pansage.png,/content/drive/MyDrive/612 data/ProjectPokemonCleaned/0511pansage/poke_capture_0511_000_mf_n_00000000_f_n.png,/content/drive/MyDrive/612 data/PokeSpriteCleaned/0511pansage/pansage.png
1154,0511pansage,poke_capture_0511_000_mf_n_00000000_f_r.png,0511pansage,pansage_shiny.png,/content/drive/MyDrive/612 data/ProjectPokemonCleaned/0511pansage/poke_capture_0511_000_mf_n_00000000_f_r.png,/content/drive/MyDrive/612 data/PokeSpriteCleaned/0511pansage/pansage_shiny.png
1155,0512simisage,poke_capture_0512_000_mf_n_00000000_f_n.png,0512simisage,simisage.png,/content/drive/MyDrive/612 data/ProjectPokemonCleaned/0512simisage/poke_capture_0512_000_mf_n_00000000_f_n.png,/content/drive/MyDrive/612 data/PokeSpriteCleaned/0512simisage/simisage.png
1156,0512simisage,poke_capture_0512_000_mf_n_00000000_f_r.png,0512simisage,simisage_shiny.png,/content/drive/MyDrive/612 data/ProjectPokemonCleaned/0512simisage/poke_capture_0512_000_mf_n_00000000_f_r.png,/content/drive/MyDrive/612 data/PokeSpriteCleaned/0512simisage/simisage_shiny.png
1157,0513pansear,poke_capture_0513_000_mf_n_00000000_f_n.png,0513pansear,pansear.png,/content/drive/MyDrive/612 data/ProjectPokemonCleaned/0513pansear/poke_capture_0513_000_mf_n_00000000_f_n.png,/content/drive/MyDrive/612 data/PokeSpriteCleaned/0513pansear/pansear.png
1158,0513pansear,poke_capture_0513_000_mf_n_00000000_f_r.png,0513pansear,pansear_shiny.png,/content/drive/MyDrive/612 data/ProjectPokemonCleaned/0513pansear/poke_capture_0513_000_mf_n_00000000_f_r.png,/content/drive/MyDrive/612 data/PokeSpriteCleaned/0513pansear/pansear_shiny.png
1159,0514simisear,poke_capture_0514_000_mf_n_00000000_f_n.png,0514simisear,simisear.png,/content/drive/MyDrive/612 data/ProjectPokemonCleaned/0514simisear/poke_capture_0514_000_mf_n_00000000_f_n.png,/content/drive/MyDrive/612 data/PokeSpriteCleaned/0514simisear/simisear.png
1160,0514simisear,poke_capture_0514_000_mf_n_00000000_f_r.png,0514simisear,simisear_shiny.png,/content/drive/MyDrive/612 data/ProjectPokemonCleaned/0514simisear/poke_capture_0514_000_mf_n_00000000_f_r.png,/content/drive/MyDrive/612 data/PokeSpriteCleaned/0514simisear/simisear_shiny.png
1161,0517munna,poke_capture_0517_000_mf_n_00000000_f_n.png,0517munna,munna.png,/content/drive/MyDrive/612 data/ProjectPokemonCleaned/0517munna/poke_capture_0517_000_mf_n_00000000_f_n.png,/content/drive/MyDrive/612 data/PokeSpriteCleaned/0517munna/munna.png
1162,0517munna,poke_capture_0517_000_mf_n_00000000_f_r.png,0517munna,munna_shiny.png,/content/drive/MyDrive/612 data/ProjectPokemonCleaned/0517munna/poke_capture_0517_000_mf_n_00000000_f_r.png,/content/drive/MyDrive/612 data/PokeSpriteCleaned/0517munna/munna_shiny.png
1163,0518musharna,poke_capture_0518_000_mf_n_00000000_f_n.png,0518musharna,musharna.png,/content/drive/MyDrive/612 data/ProjectPokemonCleaned/0518musharna/poke_capture_0518_000_mf_n_00000000_f_n.png,/content/drive/MyDrive/612 data/PokeSpriteCleaned/0518musharna/musharna.png
1164,0518musharna,poke_capture_0518_000_mf_n_00000000_f_r.png,0518musharna,musharna_shiny.png,/content/drive/MyDrive/612 data/ProjectPokemonCleaned/0518musharna/poke_capture_0518_000_mf_n_00000000_f_r.png,/content/drive/MyDrive/612 data/PokeSpriteCleaned/0518musharna/musharna_shiny.png
1165,0519pidove,poke_capture_0519_000_mf_n_00000000_f_n.png,0519pidove,pidove.png,/content/drive/MyDrive/612 data/ProjectPokemonCleaned/0519pidove/poke_capture_0519_000_mf_n_00000000_f_n.png,/content/drive/MyDrive/612 data/PokeSpriteCleaned/0519pidove/pidove.png
1166,0519pidove,poke_capture_0519_000_mf_n_00000000_f_r.png,0519pidove,pidove_shiny.png,/content/drive/MyDrive/612 data/ProjectPokemonCleaned/0519pidove/poke_capture_0519_000_mf_n_00000000_f_r.png,/content/drive/MyDrive/612 data/PokeSpriteCleaned/0519pidove/pidove_shiny.png
1167,0520tranquill,poke_capture_0520_000_mf_n_00000000_f_n.png,0520tranquill,tranquill.png,/content/drive/MyDrive/612 data/ProjectPokemonCleaned/0520tranquill/poke_capture_0520_000_mf_n_00000000_f_n.png,/content/drive/MyDrive/612 data/PokeSpriteCleaned/0520tranquill/tranquill.png
1168,0520tranquill,poke_capture_0520_000_mf_n_00000000_f_r.png,0520tranquill,tranquill_shiny.png,/content/drive/MyDrive/612 data/ProjectPokemonCleaned/0520tranquill/poke_capture_0520_000_mf_n_00000000_f_r.png,/content/drive/MyDrive/612 data/PokeSpriteCleaned/0520tranquill/tranquill_shiny.png
1169,0521unfezant,poke_capture_0521_000_fd_n_00000000_f_n.png,0521unfezant,unfezant_female.png,/content/drive/MyDrive/612 data/ProjectPokemonCleaned/0521unfezant/poke_capture_0521_000_fd_n_00000000_f_n.png,/content/drive/MyDrive/612 data/PokeSpriteCleaned/0521unfezant/unfezant_female.png
1170,0521unfezant,poke_capture_0521_000_fd_n_00000000_f_r.png,0521unfezant,unfezant_shiny_female.png,/content/drive/MyDrive/612 data/ProjectPokemonCleaned/0521unfezant/poke_capture_0521_000_fd_n_00000000_f_r.png,/content/drive/MyDrive/612 data/PokeSpriteCleaned/0521unfezant/unfezant_shiny_female.png
1171,0521unfezant,poke_capture_0521_000_md_n_00000000_f_n.png,0521unfezant,unfezant.png,/content/drive/MyDrive/612 data/ProjectPokemonCleaned/0521unfezant/poke_capture_0521_000_md_n_00000000_f_n.png,/content/drive/MyDrive/612 data/PokeSpriteCleaned/0521unfezant/unfezant.png
1172,0521unfezant,poke_capture_0521_000_md_n_00000000_f_r.png,0521unfezant,unfezant_shiny.png,/content/drive/MyDrive/612 data/ProjectPokemonCleaned/0521unfezant/poke_capture_0521_000_md_n_00000000_f_r.png,/content/drive/MyDrive/612 data/PokeSpriteCleaned/0521unfezant/unfezant_shiny.png
1173,0523zebstrika,poke_capture_0523_000_mf_n_00000000_f_n.png,0523zebstrika,zebstrika.png,/content/drive/MyDrive/612 data/ProjectPokemonCleaned/0523zebstrika/poke_capture_0523_000_mf_n_00000000_f_n.png,/content/drive/MyDrive/612 data/PokeSpriteCleaned/0523zebstrika/zebstrika.png
1174,0523zebstrika,poke_capture_0523_000_mf_n_00000000_f_r.png,0523zebstrika,zebstrika_shiny.png,/content/drive/MyDrive/612 data/ProjectPokemonCleaned/0523zebstrika/poke_capture_0523_000_mf_n_00000000_f_r.png,/content/drive/MyDrive/612 data/PokeSpriteCleaned/0523zebstrika/zebstrika_shiny.png
1175,0524roggenrola,poke_capture_0524_000_mf_n_00000000_f_n.png,0524roggenrola,roggenrola.png,/content/drive/MyDrive/612 data/ProjectPokemonCleaned/0524roggenrola/poke_capture_0524_000_mf_n_00000000_f_n.png,/content/drive/MyDrive/612 data/PokeSpriteCleaned/0524roggenrola/roggenrola.png
1176,0524roggenrola,poke_capture_0524_000_mf_n_00000000_f_r.png,0524roggenrola,roggenrola_shiny.png,/content/drive/MyDrive/612 data/ProjectPokemonCleaned/0524roggenrola/poke_capture_0524_000_mf_n_00000000_f_r.png,/content/drive/MyDrive/612 data/PokeSpriteCleaned/0524roggenrola/roggenrola_shiny.png
1177,0525boldore,poke_capture_0525_000_mf_n_00000000_f_n.png,0525boldore,boldore.png,/content/drive/MyDrive/612 data/ProjectPokemonCleaned/0525boldore/poke_capture_0525_000_mf_n_00000000_f_n.png,/content/drive/MyDrive/612 data/PokeSpriteCleaned/0525boldore/boldore.png
1178,0525boldore,poke_capture_0525_000_mf_n_00000000_f_r.png,0525boldore,boldore_shiny.png,/content/drive/MyDrive/612 data/ProjectPokemonCleaned/0525boldore/poke_capture_0525_000_mf_n_00000000_f_r.png,/content/drive/MyDrive/612 data/PokeSpriteCleaned/0525boldore/boldore_shiny.png
1179,0526gigalith,poke_capture_0526_000_mf_n_00000000_f_n.png,0526gigalith,gigalith.png,/content/drive/MyDrive/612 data/ProjectPokemonCleaned/0526gigalith/poke_capture_0526_000_mf_n_00000000_f_n.png,/content/drive/MyDrive/612 data/PokeSpriteCleaned/0526gigalith/gigalith.png
1180,0526gigalith,poke_capture_0526_000_mf_n_00000000_f_r.png,0526gigalith,gigalith_shiny.png,/content/drive/MyDrive/612 data/ProjectPokemonCleaned/0526gigalith/poke_capture_0526_000_mf_n_00000000_f_r.png,/content/drive/MyDrive/612 data/PokeSpriteCleaned/0526gigalith/gigalith_shiny.png
1181,0527woobat,poke_capture_0527_000_mf_n_00000000_f_n.png,0527woobat,woobat.png,/content/drive/MyDrive/612 data/ProjectPokemonCleaned/0527woobat/poke_capture_0527_000_mf_n_00000000_f_n.png,/content/drive/MyDrive/612 data/PokeSpriteCleaned/0527woobat/woobat.png
1182,0527woobat,poke_capture_0527_000_mf_n_00000000_f_r.png,0527woobat,woobat_shiny.png,/content/drive/MyDrive/612 data/ProjectPokemonCleaned/0527woobat/poke_capture_0527_000_mf_n_00000000_f_r.png,/content/drive/MyDrive/612 data/PokeSpriteCleaned/0527woobat/woobat_shiny.png
1183,0528swoobat,poke_capture_0528_000_mf_n_00000000_f_n.png,0528swoobat,swoobat.png,/content/drive/MyDrive/612 data/ProjectPokemonCleaned/0528swoobat/poke_capture_0528_000_mf_n_00000000_f_n.png,/content/drive/MyDrive/612 data/PokeSpriteCleaned/0528swoobat/swoobat.png
1184,0528swoobat,poke_capture_0528_000_mf_n_00000000_f_r.png,0528swoobat,swoobat_shiny.png,/content/drive/MyDrive/612 data/ProjectPokemonCleaned/0528swoobat/poke_capture_0528_000_mf_n_00000000_f_r.png,/content/drive/MyDrive/612 data/PokeSpriteCleaned/0528swoobat/swoobat_shiny.png
1185,0529drilbur,poke_capture_0529_000_mf_n_00000000_f_n.png,0529drilbur,drilbur.png,/content/drive/MyDrive/612 data/ProjectPokemonCleaned/0529drilbur/poke_capture_0529_000_mf_n_00000000_f_n.png,/content/drive/MyDrive/612 data/PokeSpriteCleaned/0529drilbur/drilbur.png
1186,0529drilbur,poke_capture_0529_000_mf_n_00000000_f_r.png,0529drilbur,drilbur_shiny.png,/content/drive/MyDrive/612 data/ProjectPokemonCleaned/0529drilbur/poke_capture_0529_000_mf_n_00000000_f_r.png,/content/drive/MyDrive/612 data/PokeSpriteCleaned/0529drilbur/drilbur_shiny.png
1187,0531audino,poke_capture_0531_000_mf_n_00000000_f_n.png,0531audino,audino.png,/content/drive/MyDrive/612 data/ProjectPokemonCleaned/0531audino/poke_capture_0531_000_mf_n_00000000_f_n.png,/content/drive/MyDrive/612 data/PokeSpriteCleaned/0531audino/audino.png
1188,0531audino,poke_capture_0531_000_mf_n_00000000_f_r.png,0531audino,audino_shiny.png,/content/drive/MyDrive/612 data/ProjectPokemonCleaned/0531audino/poke_capture_0531_000_mf_n_00000000_f_r.png,/content/drive/MyDrive/612 data/PokeSpriteCleaned/0531audino/audino_shiny.png
1189,0531audino,poke_capture_0531_001_mf_n_00000000_f_n.png,0531audino,audino-mega.png,/content/drive/MyDrive/612 data/ProjectPokemonCleaned/0531audino/poke_capture_0531_001_mf_n_00000000_f_n.png,/content/drive/MyDrive/612 data/PokeSpriteCleaned/0531audino/audino-mega.png
1190,0531audino,poke_capture_0531_001_mf_n_00000000_f_r.png,0531audino,audino-mega_shiny.png,/content/drive/MyDrive/612 data/ProjectPokemonCleaned/0531audino/poke_capture_0531_001_mf_n_00000000_f_r.png,/content/drive/MyDrive/612 data/PokeSpriteCleaned/0531audino/audino-mega_shiny.png
1191,0533gurdurr,poke_capture_0533_000_mf_n_00000000_f_n.png,0533gurdurr,gurdurr.png,/content/drive/MyDrive/612 data/ProjectPokemonCleaned/0533gurdurr/poke_capture_0533_000_mf_n_00000000_f_n.png,/content/drive/MyDrive/612 data/PokeSpriteCleaned/0533gurdurr/gurdurr.png
1192,0533gurdurr,poke_capture_0533_000_mf_n_00000000_f_r.png,0533gurdurr,gurdurr_shiny.png,/content/drive/MyDrive/612 data/ProjectPokemonCleaned/0533gurdurr/poke_capture_0533_000_mf_n_00000000_f_r.png,/content/drive/MyDrive/612 data/PokeSpriteCleaned/0533gurdurr/gurdurr_shiny.png
1193,0534conkeldurr,poke_capture_0534_000_mf_n_00000000_f_n.png,0534conkeldurr,conkeldurr.png,/content/drive/MyDrive/612 data/ProjectPokemonCleaned/0534conkeldurr/poke_capture_0534_000_mf_n_00000000_f_n.png,/content/drive/MyDrive/612 data/PokeSpriteCleaned/0534conkeldurr/conkeldurr.png
1194,0534conkeldurr,poke_capture_0534_000_mf_n_00000000_f_r.png,0534conkeldurr,conkeldurr_shiny.png,/content/drive/MyDrive/612 data/ProjectPokemonCleaned/0534conkeldurr/poke_capture_0534_000_mf_n_00000000_f_r.png,/content/drive/MyDrive/612 data/PokeSpriteCleaned/0534conkeldurr/conkeldurr_shiny.png
1195,0536palpitoad,poke_capture_0536_000_mf_n_00000000_f_n.png,0536palpitoad,palpitoad.png,/content/drive/MyDrive/612 data/ProjectPokemonCleaned/0536palpitoad/poke_capture_0536_000_mf_n_00000000_f_n.png,/content/drive/MyDrive/612 data/PokeSpriteCleaned/0536palpitoad/palpitoad.png
1196,0536palpitoad,poke_capture_0536_000_mf_n_00000000_f_r.png,0536palpitoad,palpitoad_shiny.png,/content/drive/MyDrive/612 data/ProjectPokemonCleaned/0536palpitoad/poke_capture_0536_000_mf_n_00000000_f_r.png,/content/drive/MyDrive/612 data/PokeSpriteCleaned/0536palpitoad/palpitoad_shiny.png
1197,0537seismitoad,poke_capture_0537_000_mf_n_00000000_f_n.png,0537seismitoad,seismitoad.png,/content/drive/MyDrive/612 data/ProjectPokemonCleaned/0537seismitoad/poke_capture_0537_000_mf_n_00000000_f_n.png,/content/drive/MyDrive/612 data/PokeSpriteCleaned/0537seismitoad/seismitoad.png
1198,0537seismitoad,poke_capture_0537_000_mf_n_00000000_f_r.png,0537seismitoad,seismitoad_shiny.png,/content/drive/MyDrive/612 data/ProjectPokemonCleaned/0537seismitoad/poke_capture_0537_000_mf_n_00000000_f_r.png,/content/drive/MyDrive/612 data/PokeSpriteCleaned/0537seismitoad/seismitoad_shiny.png
1199,0539sawk,poke_capture_0539_000_mo_n_00000000_f_n.png,0539sawk,sawk.png,/content/drive/MyDrive/612 data/ProjectPokemonCleaned/0539sawk/poke_capture_0539_000_mo_n_00000000_f_n.png,/content/drive/MyDrive/612 data/PokeSpriteCleaned/0539sawk/sawk.png
1200,0539sawk,poke_capture_0539_000_mo_n_00000000_f_r.png,0539sawk,sawk_shiny.png,/content/drive/MyDrive/612 data/ProjectPokemonCleaned/0539sawk/poke_capture_0539_000_mo_n_00000000_f_r.png,/content/drive/MyDrive/612 data/PokeSpriteCleaned/0539sawk/sawk_shiny.png
1201,0540sewaddle,poke_capture_0540_000_mf_n_00000000_f_n.png,0540sewaddle,sewaddle.png,/content/drive/MyDrive/612 data/ProjectPokemonCleaned/0540sewaddle/poke_capture_0540_000_mf_n_00000000_f_n.png,/content/drive/MyDrive/612 data/PokeSpriteCleaned/0540sewaddle/sewaddle.png
1202,0540sewaddle,poke_capture_0540_000_mf_n_00000000_f_r.png,0540sewaddle,sewaddle_shiny.png,/content/drive/MyDrive/612 data/ProjectPokemonCleaned/0540sewaddle/poke_capture_0540_000_mf_n_00000000_f_r.png,/content/drive/MyDrive/612 data/PokeSpriteCleaned/0540sewaddle/sewaddle_shiny.png
1203,0541swadloon,poke_capture_0541_000_mf_n_00000000_f_n.png,0541swadloon,swadloon.png,/content/drive/MyDrive/612 data/ProjectPokemonCleaned/0541swadloon/poke_capture_0541_000_mf_n_00000000_f_n.png,/content/drive/MyDrive/612 data/PokeSpriteCleaned/0541swadloon/swadloon.png
1204,0541swadloon,poke_capture_0541_000_mf_n_00000000_f_r.png,0541swadloon,swadloon_shiny.png,/content/drive/MyDrive/612 data/ProjectPokemonCleaned/0541swadloon/poke_capture_0541_000_mf_n_00000000_f_r.png,/content/drive/MyDrive/612 data/PokeSpriteCleaned/0541swadloon/swadloon_shiny.png
1205,0542leavanny,poke_capture_0542_000_mf_n_00000000_f_n.png,0542leavanny,leavanny.png,/content/drive/MyDrive/612 data/ProjectPokemonCleaned/0542leavanny/poke_capture_0542_000_mf_n_00000000_f_n.png,/content/drive/MyDrive/612 data/PokeSpriteCleaned/0542leavanny/leavanny.png
1206,0542leavanny,poke_capture_0542_000_mf_n_00000000_f_r.png,0542leavanny,leavanny_shiny.png,/content/drive/MyDrive/612 data/ProjectPokemonCleaned/0542leavanny/poke_capture_0542_000_mf_n_00000000_f_r.png,/content/drive/MyDrive/612 data/PokeSpriteCleaned/0542leavanny/leavanny_shiny.png
1207,0543venipede,poke_capture_0543_000_mf_n_00000000_f_n.png,0543venipede,venipede.png,/content/drive/MyDrive/612 data/ProjectPokemonCleaned/0543venipede/poke_capture_0543_000_mf_n_00000000_f_n.png,/content/drive/MyDrive/612 data/PokeSpriteCleaned/0543venipede/venipede.png
1208,0543venipede,poke_capture_0543_000_mf_n_00000000_f_r.png,0543venipede,venipede_shiny.png,/content/drive/MyDrive/612 data/ProjectPokemonCleaned/0543venipede/poke_capture_0543_000_mf_n_00000000_f_r.png,/content/drive/MyDrive/612 data/PokeSpriteCleaned/0543venipede/venipede_shiny.png
1209,0544whirlipede,poke_capture_0544_000_mf_n_00000000_f_n.png,0544whirlipede,whirlipede.png,/content/drive/MyDrive/612 data/ProjectPokemonCleaned/0544whirlipede/poke_capture_0544_000_mf_n_00000000_f_n.png,/content/drive/MyDrive/612 data/PokeSpriteCleaned/0544whirlipede/whirlipede.png
1210,0544whirlipede,poke_capture_0544_000_mf_n_00000000_f_r.png,0544whirlipede,whirlipede_shiny.png,/content/drive/MyDrive/612 data/ProjectPokemonCleaned/0544whirlipede/poke_capture_0544_000_mf_n_00000000_f_r.png,/content/drive/MyDrive/612 data/PokeSpriteCleaned/0544whirlipede/whirlipede_shiny.png
1211,0545scolipede,poke_capture_0545_000_mf_n_00000000_f_n.png,0545scolipede,scolipede.png,/content/drive/MyDrive/612 data/ProjectPokemonCleaned/0545scolipede/poke_capture_0545_000_mf_n_00000000_f_n.png,/content/drive/MyDrive/612 data/PokeSpriteCleaned/0545scolipede/scolipede.png
1212,0545scolipede,poke_capture_0545_000_mf_n_00000000_f_r.png,0545scolipede,scolipede_shiny.png,/content/drive/MyDrive/612 data/ProjectPokemonCleaned/0545scolipede/poke_capture_0545_000_mf_n_00000000_f_r.png,/content/drive/MyDrive/612 data/PokeSpriteCleaned/0545scolipede/scolipede_shiny.png
1213,0546cottonee,poke_capture_0546_000_mf_n_00000000_f_n.png,0546cottonee,cottonee.png,/content/drive/MyDrive/612 data/ProjectPokemonCleaned/0546cottonee/poke_capture_0546_000_mf_n_00000000_f_n.png,/content/drive/MyDrive/612 data/PokeSpriteCleaned/0546cottonee/cottonee.png
1214,0546cottonee,poke_capture_0546_000_mf_n_00000000_f_r.png,0546cottonee,cottonee_shiny.png,/content/drive/MyDrive/612 data/ProjectPokemonCleaned/0546cottonee/poke_capture_0546_000_mf_n_00000000_f_r.png,/content/drive/MyDrive/612 data/PokeSpriteCleaned/0546cottonee/cottonee_shiny.png
1215,0547whimsicott,poke_capture_0547_000_mf_n_00000000_f_n.png,0547whimsicott,whimsicott.png,/content/drive/MyDrive/612 data/ProjectPokemonCleaned/0547whimsicott/poke_capture_0547_000_mf_n_00000000_f_n.png,/content/drive/MyDrive/612 data/PokeSpriteCleaned/0547whimsicott/whimsicott.png
1216,0547whimsicott,poke_capture_0547_000_mf_n_00000000_f_r.png,0547whimsicott,whimsicott_shiny.png,/content/drive/MyDrive/612 data/ProjectPokemonCleaned/0547whimsicott/poke_capture_0547_000_mf_n_00000000_f_r.png,/content/drive/MyDrive/612 data/PokeSpriteCleaned/0547whimsicott/whimsicott_shiny.png
1217,0548petilil,poke_capture_0548_000_fo_n_00000000_f_n.png,0548petilil,petilil.png,/content/drive/MyDrive/612 data/ProjectPokemonCleaned/0548petilil/poke_capture_0548_000_fo_n_00000000_f_n.png,/content/drive/MyDrive/612 data/PokeSpriteCleaned/0548petilil/petilil.png
1218,0548petilil,poke_capture_0548_000_fo_n_00000000_f_r.png,0548petilil,petilil_shiny.png,/content/drive/MyDrive/612 data/ProjectPokemonCleaned/0548petilil/poke_capture_0548_000_fo_n_00000000_f_r.png,/content/drive/MyDrive/612 data/PokeSpriteCleaned/0548petilil/petilil_shiny.png
1219,0549lilligant,poke_capture_0549_000_fo_n_00000000_f_n.png,0549lilligant,lilligant.png,/content/drive/MyDrive/612 data/ProjectPokemonCleaned/0549lilligant/poke_capture_0549_000_fo_n_00000000_f_n.png,/content/drive/MyDrive/612 data/PokeSpriteCleaned/0549lilligant/lilligant.png
1220,0549lilligant,poke_capture_0549_000_fo_n_00000000_f_r.png,0549lilligant,lilligant_shiny.png,/content/drive/MyDrive/612 data/ProjectPokemonCleaned/0549lilligant/poke_capture_0549_000_fo_n_00000000_f_r.png,/content/drive/MyDrive/612 data/PokeSpriteCleaned/0549lilligant/lilligant_shiny.png
1221,0550basculin,poke_capture_0550_000_mf_n_00000000_f_n.png,0550basculin,basculin.png,/content/drive/MyDrive/612 data/ProjectPokemonCleaned/0550basculin/poke_capture_0550_000_mf_n_00000000_f_n.png,/content/drive/MyDrive/612 data/PokeSpriteCleaned/0550basculin/basculin.png
1222,0550basculin,poke_capture_0550_000_mf_n_00000000_f_r.png,0550basculin,basculin_shiny.png,/content/drive/MyDrive/612 data/ProjectPokemonCleaned/0550basculin/poke_capture_0550_000_mf_n_00000000_f_r.png,/content/drive/MyDrive/612 data/PokeSpriteCleaned/0550basculin/basculin_shiny.png
1223,0550basculin,poke_capture_0550_001_mf_n_00000000_f_n.png,0550basculin,basculin blue striped.png,/content/drive/MyDrive/612 data/ProjectPokemonCleaned/0550basculin/poke_capture_0550_001_mf_n_00000000_f_n.png,/content/drive/MyDrive/612 data/PokeSpriteCleaned/0550basculin/basculin blue striped.png
1224,0550basculin,poke_capture_0550_001_mf_n_00000000_f_r.png,0550basculin,basculin blue striped_shiny.png,/content/drive/MyDrive/612 data/ProjectPokemonCleaned/0550basculin/poke_capture_0550_001_mf_n_00000000_f_r.png,/content/drive/MyDrive/612 data/PokeSpriteCleaned/0550basculin/basculin blue striped_shiny.png
1225,0551sandile,poke_capture_0551_000_mf_n_00000000_f_n.png,0551sandile,sandile.png,/content/drive/MyDrive/612 data/ProjectPokemonCleaned/0551sandile/poke_capture_0551_000_mf_n_00000000_f_n.png,/content/drive/MyDrive/612 data/PokeSpriteCleaned/0551sandile/sandile.png
1226,0551sandile,poke_capture_0551_000_mf_n_00000000_f_r.png,0551sandile,sandile_shiny.png,/content/drive/MyDrive/612 data/ProjectPokemonCleaned/0551sandile/poke_capture_0551_000_mf_n_00000000_f_r.png,/content/drive/MyDrive/612 data/PokeSpriteCleaned/0551sandile/sandile_shiny.png
1227,0552krokorok,poke_capture_0552_000_mf_n_00000000_f_n.png,0552krokorok,krokorok.png,/content/drive/MyDrive/612 data/ProjectPokemonCleaned/0552krokorok/poke_capture_0552_000_mf_n_00000000_f_n.png,/content/drive/MyDrive/612 data/PokeSpriteCleaned/0552krokorok/krokorok.png
1228,0552krokorok,poke_capture_0552_000_mf_n_00000000_f_r.png,0552krokorok,krokorok_shiny.png,/content/drive/MyDrive/612 data/ProjectPokemonCleaned/0552krokorok/poke_capture_0552_000_mf_n_00000000_f_r.png,/content/drive/MyDrive/612 data/PokeSpriteCleaned/0552krokorok/krokorok_shiny.png
1229,0553krookodile,poke_capture_0553_000_mf_n_00000000_f_n.png,0553krookodile,krookodile.png,/content/drive/MyDrive/612 data/ProjectPokemonCleaned/0553krookodile/poke_capture_0553_000_mf_n_00000000_f_n.png,/content/drive/MyDrive/612 data/PokeSpriteCleaned/0553krookodile/krookodile.png
1230,0553krookodile,poke_capture_0553_000_mf_n_00000000_f_r.png,0553krookodile,krookodile_shiny.png,/content/drive/MyDrive/612 data/ProjectPokemonCleaned/0553krookodile/poke_capture_0553_000_mf_n_00000000_f_r.png,/content/drive/MyDrive/612 data/PokeSpriteCleaned/0553krookodile/krookodile_shiny.png
1231,0554darumaka,poke_capture_0554_000_mf_n_00000000_f_n.png,0554darumaka,darumaka.png,/content/drive/MyDrive/612 data/ProjectPokemonCleaned/0554darumaka/poke_capture_0554_000_mf_n_00000000_f_n.png,/content/drive/MyDrive/612 data/PokeSpriteCleaned/0554darumaka/darumaka.png
1232,0554darumaka,poke_capture_0554_000_mf_n_00000000_f_r.png,0554darumaka,darumaka_shiny.png,/content/drive/MyDrive/612 data/ProjectPokemonCleaned/0554darumaka/poke_capture_0554_000_mf_n_00000000_f_r.png,/content/drive/MyDrive/612 data/PokeSpriteCleaned/0554darumaka/darumaka_shiny.png
1233,0554darumaka,poke_capture_0554_001_mf_n_00000000_f_n.png,0554darumaka,darumaka galar.png,/content/drive/MyDrive/612 data/ProjectPokemonCleaned/0554darumaka/poke_capture_0554_001_mf_n_00000000_f_n.png,/content/drive/MyDrive/612 data/PokeSpriteCleaned/0554darumaka/darumaka galar.png
1234,0554darumaka,poke_capture_0554_001_mf_n_00000000_f_r.png,0554darumaka,darumaka galar_shiny.png,/content/drive/MyDrive/612 data/ProjectPokemonCleaned/0554darumaka/poke_capture_0554_001_mf_n_00000000_f_r.png,/content/drive/MyDrive/612 data/PokeSpriteCleaned/0554darumaka/darumaka galar_shiny.png
1235,0555darmanitan,poke_capture_0555_000_mf_n_00000000_f_n.png,0555darmanitan,darmanitan.png,/content/drive/MyDrive/612 data/ProjectPokemonCleaned/0555darmanitan/poke_capture_0555_000_mf_n_00000000_f_n.png,/content/drive/MyDrive/612 data/PokeSpriteCleaned/0555darmanitan/darmanitan.png
1236,0555darmanitan,poke_capture_0555_000_mf_n_00000000_f_r.png,0555darmanitan,darmanitan_shiny.png,/content/drive/MyDrive/612 data/ProjectPokemonCleaned/0555darmanitan/poke_capture_0555_000_mf_n_00000000_f_r.png,/content/drive/MyDrive/612 data/PokeSpriteCleaned/0555darmanitan/darmanitan_shiny.png
1237,0555darmanitan,poke_capture_0555_001_mf_n_00000000_f_n.png,0555darmanitan,darmanitan-zen.png,/content/drive/MyDrive/612 data/ProjectPokemonCleaned/0555darmanitan/poke_capture_0555_001_mf_n_00000000_f_n.png,/content/drive/MyDrive/612 data/PokeSpriteCleaned/0555darmanitan/darmanitan-zen.png
1238,0555darmanitan,poke_capture_0555_001_mf_n_00000000_f_r.png,0555darmanitan,darmanitan-zen_shiny.png,/content/drive/MyDrive/612 data/ProjectPokemonCleaned/0555darmanitan/poke_capture_0555_001_mf_n_00000000_f_r.png,/content/drive/MyDrive/612 data/PokeSpriteCleaned/0555darmanitan/darmanitan-zen_shiny.png
1239,0555darmanitan,poke_capture_0555_003_mf_n_00000000_f_n.png,0555darmanitan,darmanitan galar zen.png,/content/drive/MyDrive/612 data/ProjectPokemonCleaned/0555darmanitan/poke_capture_0555_003_mf_n_00000000_f_n.png,/content/drive/MyDrive/612 data/PokeSpriteCleaned/0555darmanitan/darmanitan galar zen.png
1240,0555darmanitan,poke_capture_0555_003_mf_n_00000000_f_r.png,0555darmanitan,darmanitan galar zen_shiny.png,/content/drive/MyDrive/612 data/ProjectPokemonCleaned/0555darmanitan/poke_capture_0555_003_mf_n_00000000_f_r.png,/content/drive/MyDrive/612 data/PokeSpriteCleaned/0555darmanitan/darmanitan galar zen_shiny.png
1241,0556maractus,poke_capture_0556_000_mf_n_00000000_f_n.png,0556maractus,maractus.png,/content/drive/MyDrive/612 data/ProjectPokemonCleaned/0556maractus/poke_capture_0556_000_mf_n_00000000_f_n.png,/content/drive/MyDrive/612 data/PokeSpriteCleaned/0556maractus/maractus.png
1242,0556maractus,poke_capture_0556_000_mf_n_00000000_f_r.png,0556maractus,maractus_shiny.png,/content/drive/MyDrive/612 data/ProjectPokemonCleaned/0556maractus/poke_capture_0556_000_mf_n_00000000_f_r.png,/content/drive/MyDrive/612 data/PokeSpriteCleaned/0556maractus/maractus_shiny.png
1243,0557dwebble,poke_capture_0557_000_mf_n_00000000_f_n.png,0557dwebble,dwebble.png,/content/drive/MyDrive/612 data/ProjectPokemonCleaned/0557dwebble/poke_capture_0557_000_mf_n_00000000_f_n.png,/content/drive/MyDrive/612 data/PokeSpriteCleaned/0557dwebble/dwebble.png
1244,0557dwebble,poke_capture_0557_000_mf_n_00000000_f_r.png,0557dwebble,dwebble_shiny.png,/content/drive/MyDrive/612 data/ProjectPokemonCleaned/0557dwebble/poke_capture_0557_000_mf_n_00000000_f_r.png,/content/drive/MyDrive/612 data/PokeSpriteCleaned/0557dwebble/dwebble_shiny.png
1245,0558crustle,poke_capture_0558_000_mf_n_00000000_f_n.png,0558crustle,crustle.png,/content/drive/MyDrive/612 data/ProjectPokemonCleaned/0558crustle/poke_capture_0558_000_mf_n_00000000_f_n.png,/content/drive/MyDrive/612 data/PokeSpriteCleaned/0558crustle/crustle.png
1246,0558crustle,poke_capture_0558_000_mf_n_00000000_f_r.png,0558crustle,crustle_shiny.png,/content/drive/MyDrive/612 data/ProjectPokemonCleaned/0558crustle/poke_capture_0558_000_mf_n_00000000_f_r.png,/content/drive/MyDrive/612 data/PokeSpriteCleaned/0558crustle/crustle_shiny.png
1247,0559scraggy,poke_capture_0559_000_mf_n_00000000_f_n.png,0559scraggy,scraggy.png,/content/drive/MyDrive/612 data/ProjectPokemonCleaned/0559scraggy/poke_capture_0559_000_mf_n_00000000_f_n.png,/content/drive/MyDrive/612 data/PokeSpriteCleaned/0559scraggy/scraggy.png
1248,0559scraggy,poke_capture_0559_000_mf_n_00000000_f_r.png,0559scraggy,scraggy_shiny.png,/content/drive/MyDrive/612 data/ProjectPokemonCleaned/0559scraggy/poke_capture_0559_000_mf_n_00000000_f_r.png,/content/drive/MyDrive/612 data/PokeSpriteCleaned/0559scraggy/scraggy_shiny.png
1249,0560scrafty,poke_capture_0560_000_mf_n_00000000_f_n.png,0560scrafty,scrafty.png,/content/drive/MyDrive/612 data/ProjectPokemonCleaned/0560scrafty/poke_capture_0560_000_mf_n_00000000_f_n.png,/content/drive/MyDrive/612 data/PokeSpriteCleaned/0560scrafty/scrafty.png
1250,0560scrafty,poke_capture_0560_000_mf_n_00000000_f_r.png,0560scrafty,scrafty_shiny.png,/content/drive/MyDrive/612 data/ProjectPokemonCleaned/0560scrafty/poke_capture_0560_000_mf_n_00000000_f_r.png,/content/drive/MyDrive/612 data/PokeSpriteCleaned/0560scrafty/scrafty_shiny.png
1251,0561sigilyph,poke_capture_0561_000_mf_n_00000000_f_n.png,0561sigilyph,sigilyph.png,/content/drive/MyDrive/612 data/ProjectPokemonCleaned/0561sigilyph/poke_capture_0561_000_mf_n_00000000_f_n.png,/content/drive/MyDrive/612 data/PokeSpriteCleaned/0561sigilyph/sigilyph.png
1252,0561sigilyph,poke_capture_0561_000_mf_n_00000000_f_r.png,0561sigilyph,sigilyph_shiny.png,/content/drive/MyDrive/612 data/ProjectPokemonCleaned/0561sigilyph/poke_capture_0561_000_mf_n_00000000_f_r.png,/content/drive/MyDrive/612 data/PokeSpriteCleaned/0561sigilyph/sigilyph_shiny.png
1253,0562yamask,poke_capture_0562_000_mf_n_00000000_f_n.png,0562yamask,yamask.png,/content/drive/MyDrive/612 data/ProjectPokemonCleaned/0562yamask/poke_capture_0562_000_mf_n_00000000_f_n.png,/content/drive/MyDrive/612 data/PokeSpriteCleaned/0562yamask/yamask.png
1254,0562yamask,poke_capture_0562_000_mf_n_00000000_f_r.png,0562yamask,yamask_shiny.png,/content/drive/MyDrive/612 data/ProjectPokemonCleaned/0562yamask/poke_capture_0562_000_mf_n_00000000_f_r.png,/content/drive/MyDrive/612 data/PokeSpriteCleaned/0562yamask/yamask_shiny.png
1255,0562yamask,poke_capture_0562_001_mf_n_00000000_f_n.png,0562yamask,yamask galar.png,/content/drive/MyDrive/612 data/ProjectPokemonCleaned/0562yamask/poke_capture_0562_001_mf_n_00000000_f_n.png,/content/drive/MyDrive/612 data/PokeSpriteCleaned/0562yamask/yamask galar.png
1256,0562yamask,poke_capture_0562_001_mf_n_00000000_f_r.png,0562yamask,yamask galar_shiny.png,/content/drive/MyDrive/612 data/ProjectPokemonCleaned/0562yamask/poke_capture_0562_001_mf_n_00000000_f_r.png,/content/drive/MyDrive/612 data/PokeSpriteCleaned/0562yamask/yamask galar_shiny.png
1257,0563cofagrigus,poke_capture_0563_000_mf_n_00000000_f_n.png,0563cofagrigus,cofagrigus.png,/content/drive/MyDrive/612 data/ProjectPokemonCleaned/0563cofagrigus/poke_capture_0563_000_mf_n_00000000_f_n.png,/content/drive/MyDrive/612 data/PokeSpriteCleaned/0563cofagrigus/cofagrigus.png
1258,0563cofagrigus,poke_capture_0563_000_mf_n_00000000_f_r.png,0563cofagrigus,cofagrigus_shiny.png,/content/drive/MyDrive/612 data/ProjectPokemonCleaned/0563cofagrigus/poke_capture_0563_000_mf_n_00000000_f_r.png,/content/drive/MyDrive/612 data/PokeSpriteCleaned/0563cofagrigus/cofagrigus_shiny.png
1259,0564tirtouga,poke_capture_0564_000_mf_n_00000000_f_n.png,0564tirtouga,tirtouga.png,/content/drive/MyDrive/612 data/ProjectPokemonCleaned/0564tirtouga/poke_capture_0564_000_mf_n_00000000_f_n.png,/content/drive/MyDrive/612 data/PokeSpriteCleaned/0564tirtouga/tirtouga.png
1260,0564tirtouga,poke_capture_0564_000_mf_n_00000000_f_r.png,0564tirtouga,tirtouga_shiny.png,/content/drive/MyDrive/612 data/ProjectPokemonCleaned/0564tirtouga/poke_capture_0564_000_mf_n_00000000_f_r.png,/content/drive/MyDrive/612 data/PokeSpriteCleaned/0564tirtouga/tirtouga_shiny.png
1261,0565carracosta,poke_capture_0565_000_mf_n_00000000_f_n.png,0565carracosta,carracosta.png,/content/drive/MyDrive/612 data/ProjectPokemonCleaned/0565carracosta/poke_capture_0565_000_mf_n_00000000_f_n.png,/content/drive/MyDrive/612 data/PokeSpriteCleaned/0565carracosta/carracosta.png
1262,0565carracosta,poke_capture_0565_000_mf_n_00000000_f_r.png,0565carracosta,carracosta_shiny.png,/content/drive/MyDrive/612 data/ProjectPokemonCleaned/0565carracosta/poke_capture_0565_000_mf_n_00000000_f_r.png,/content/drive/MyDrive/612 data/PokeSpriteCleaned/0565carracosta/carracosta_shiny.png
1263,0566archen,poke_capture_0566_000_mf_n_00000000_f_n.png,0566archen,archen.png,/content/drive/MyDrive/612 data/ProjectPokemonCleaned/0566archen/poke_capture_0566_000_mf_n_00000000_f_n.png,/content/drive/MyDrive/612 data/PokeSpriteCleaned/0566archen/archen.png
1264,0566archen,poke_capture_0566_000_mf_n_00000000_f_r.png,0566archen,archen_shiny.png,/content/drive/MyDrive/612 data/ProjectPokemonCleaned/0566archen/poke_capture_0566_000_mf_n_00000000_f_r.png,/content/drive/MyDrive/612 data/PokeSpriteCleaned/0566archen/archen_shiny.png
1265,0567archeops,poke_capture_0567_000_mf_n_00000000_f_n.png,0567archeops,archeops.png,/content/drive/MyDrive/612 data/ProjectPokemonCleaned/0567archeops/poke_capture_0567_000_mf_n_00000000_f_n.png,/content/drive/MyDrive/612 data/PokeSpriteCleaned/0567archeops/archeops.png
1266,0567archeops,poke_capture_0567_000_mf_n_00000000_f_r.png,0567archeops,archeops_shiny.png,/content/drive/MyDrive/612 data/ProjectPokemonCleaned/0567archeops/poke_capture_0567_000_mf_n_00000000_f_r.png,/content/drive/MyDrive/612 data/PokeSpriteCleaned/0567archeops/archeops_shiny.png
1267,0568trubbish,poke_capture_0568_000_mf_n_00000000_f_n.png,0568trubbish,trubbish.png,/content/drive/MyDrive/612 data/ProjectPokemonCleaned/0568trubbish/poke_capture_0568_000_mf_n_00000000_f_n.png,/content/drive/MyDrive/612 data/PokeSpriteCleaned/0568trubbish/trubbish.png
1268,0568trubbish,poke_capture_0568_000_mf_n_00000000_f_r.png,0568trubbish,trubbish_shiny.png,/content/drive/MyDrive/612 data/ProjectPokemonCleaned/0568trubbish/poke_capture_0568_000_mf_n_00000000_f_r.png,/content/drive/MyDrive/612 data/PokeSpriteCleaned/0568trubbish/trubbish_shiny.png
1269,0569garbodor,poke_capture_0569_000_mf_g_00000000_f_n.png,0569garbodor,garbodor-gmax.png,/content/drive/MyDrive/612 data/ProjectPokemonCleaned/0569garbodor/poke_capture_0569_000_mf_g_00000000_f_n.png,/content/drive/MyDrive/612 data/PokeSpriteCleaned/0569garbodor/garbodor-gmax.png
1270,0569garbodor,poke_capture_0569_000_mf_g_00000000_f_r.png,0569garbodor,garbodor-gmax_shiny.png,/content/drive/MyDrive/612 data/ProjectPokemonCleaned/0569garbodor/poke_capture_0569_000_mf_g_00000000_f_r.png,/content/drive/MyDrive/612 data/PokeSpriteCleaned/0569garbodor/garbodor-gmax_shiny.png
1271,0569garbodor,poke_capture_0569_000_mf_n_00000000_f_n.png,0569garbodor,garbodor.png,/content/drive/MyDrive/612 data/ProjectPokemonCleaned/0569garbodor/poke_capture_0569_000_mf_n_00000000_f_n.png,/content/drive/MyDrive/612 data/PokeSpriteCleaned/0569garbodor/garbodor.png
1272,0569garbodor,poke_capture_0569_000_mf_n_00000000_f_r.png,0569garbodor,garbodor_shiny.png,/content/drive/MyDrive/612 data/ProjectPokemonCleaned/0569garbodor/poke_capture_0569_000_mf_n_00000000_f_r.png,/content/drive/MyDrive/612 data/PokeSpriteCleaned/0569garbodor/garbodor_shiny.png
1273,0570zorua,poke_capture_0570_000_mf_n_00000000_f_n.png,0570zorua,zorua.png,/content/drive/MyDrive/612 data/ProjectPokemonCleaned/0570zorua/poke_capture_0570_000_mf_n_00000000_f_n.png,/content/drive/MyDrive/612 data/PokeSpriteCleaned/0570zorua/zorua.png
1274,0570zorua,poke_capture_0570_000_mf_n_00000000_f_r.png,0570zorua,zorua_shiny.png,/content/drive/MyDrive/612 data/ProjectPokemonCleaned/0570zorua/poke_capture_0570_000_mf_n_00000000_f_r.png,/content/drive/MyDrive/612 data/PokeSpriteCleaned/0570zorua/zorua_shiny.png
1275,0571zoroark,poke_capture_0571_000_mf_n_00000000_f_n.png,0571zoroark,zoroark.png,/content/drive/MyDrive/612 data/ProjectPokemonCleaned/0571zoroark/poke_capture_0571_000_mf_n_00000000_f_n.png,/content/drive/MyDrive/612 data/PokeSpriteCleaned/0571zoroark/zoroark.png
1276,0571zoroark,poke_capture_0571_000_mf_n_00000000_f_r.png,0571zoroark,zoroark_shiny.png,/content/drive/MyDrive/612 data/ProjectPokemonCleaned/0571zoroark/poke_capture_0571_000_mf_n_00000000_f_r.png,/content/drive/MyDrive/612 data/PokeSpriteCleaned/0571zoroark/zoroark_shiny.png
1277,0572minccino,poke_capture_0572_000_mf_n_00000000_f_n.png,0572minccino,minccino.png,/content/drive/MyDrive/612 data/ProjectPokemonCleaned/0572minccino/poke_capture_0572_000_mf_n_00000000_f_n.png,/content/drive/MyDrive/612 data/PokeSpriteCleaned/0572minccino/minccino.png
1278,0572minccino,poke_capture_0572_000_mf_n_00000000_f_r.png,0572minccino,minccino_shiny.png,/content/drive/MyDrive/612 data/ProjectPokemonCleaned/0572minccino/poke_capture_0572_000_mf_n_00000000_f_r.png,/content/drive/MyDrive/612 data/PokeSpriteCleaned/0572minccino/minccino_shiny.png
1279,0573cinccino,poke_capture_0573_000_mf_n_00000000_f_n.png,0573cinccino,cinccino.png,/content/drive/MyDrive/612 data/ProjectPokemonCleaned/0573cinccino/poke_capture_0573_000_mf_n_00000000_f_n.png,/content/drive/MyDrive/612 data/PokeSpriteCleaned/0573cinccino/cinccino.png
1280,0573cinccino,poke_capture_0573_000_mf_n_00000000_f_r.png,0573cinccino,cinccino_shiny.png,/content/drive/MyDrive/612 data/ProjectPokemonCleaned/0573cinccino/poke_capture_0573_000_mf_n_00000000_f_r.png,/content/drive/MyDrive/612 data/PokeSpriteCleaned/0573cinccino/cinccino_shiny.png
1281,0574gothita,poke_capture_0574_000_mf_n_00000000_f_n.png,0574gothita,gothita.png,/content/drive/MyDrive/612 data/ProjectPokemonCleaned/0574gothita/poke_capture_0574_000_mf_n_00000000_f_n.png,/content/drive/MyDrive/612 data/PokeSpriteCleaned/0574gothita/gothita.png
1282,0574gothita,poke_capture_0574_000_mf_n_00000000_f_r.png,0574gothita,gothita_shiny.png,/content/drive/MyDrive/612 data/ProjectPokemonCleaned/0574gothita/poke_capture_0574_000_mf_n_00000000_f_r.png,/content/drive/MyDrive/612 data/PokeSpriteCleaned/0574gothita/gothita_shiny.png
1283,0575gothorita,poke_capture_0575_000_mf_n_00000000_f_n.png,0575gothorita,gothorita.png,/content/drive/MyDrive/612 data/ProjectPokemonCleaned/0575gothorita/poke_capture_0575_000_mf_n_00000000_f_n.png,/content/drive/MyDrive/612 data/PokeSpriteCleaned/0575gothorita/gothorita.png
1284,0575gothorita,poke_capture_0575_000_mf_n_00000000_f_r.png,0575gothorita,gothorita_shiny.png,/content/drive/MyDrive/612 data/ProjectPokemonCleaned/0575gothorita/poke_capture_0575_000_mf_n_00000000_f_r.png,/content/drive/MyDrive/612 data/PokeSpriteCleaned/0575gothorita/gothorita_shiny.png
1285,0576gothitelle,poke_capture_0576_000_mf_n_00000000_f_n.png,0576gothitelle,gothitelle.png,/content/drive/MyDrive/612 data/ProjectPokemonCleaned/0576gothitelle/poke_capture_0576_000_mf_n_00000000_f_n.png,/content/drive/MyDrive/612 data/PokeSpriteCleaned/0576gothitelle/gothitelle.png
1286,0576gothitelle,poke_capture_0576_000_mf_n_00000000_f_r.png,0576gothitelle,gothitelle_shiny.png,/content/drive/MyDrive/612 data/ProjectPokemonCleaned/0576gothitelle/poke_capture_0576_000_mf_n_00000000_f_r.png,/content/drive/MyDrive/612 data/PokeSpriteCleaned/0576gothitelle/gothitelle_shiny.png
1287,0577solosis,poke_capture_0577_000_mf_n_00000000_f_n.png,0577solosis,solosis.png,/content/drive/MyDrive/612 data/ProjectPokemonCleaned/0577solosis/poke_capture_0577_000_mf_n_00000000_f_n.png,/content/drive/MyDrive/612 data/PokeSpriteCleaned/0577solosis/solosis.png
1288,0577solosis,poke_capture_0577_000_mf_n_00000000_f_r.png,0577solosis,solosis_shiny.png,/content/drive/MyDrive/612 data/ProjectPokemonCleaned/0577solosis/poke_capture_0577_000_mf_n_00000000_f_r.png,/content/drive/MyDrive/612 data/PokeSpriteCleaned/0577solosis/solosis_shiny.png
1289,0578duosion,poke_capture_0578_000_mf_n_00000000_f_n.png,0578duosion,duosion.png,/content/drive/MyDrive/612 data/ProjectPokemonCleaned/0578duosion/poke_capture_0578_000_mf_n_00000000_f_n.png,/content/drive/MyDrive/612 data/PokeSpriteCleaned/0578duosion/duosion.png
1290,0578duosion,poke_capture_0578_000_mf_n_00000000_f_r.png,0578duosion,duosion_shiny.png,/content/drive/MyDrive/612 data/ProjectPokemonCleaned/0578duosion/poke_capture_0578_000_mf_n_00000000_f_r.png,/content/drive/MyDrive/612 data/PokeSpriteCleaned/0578duosion/duosion_shiny.png
1291,0579reuniclus,poke_capture_0579_000_mf_n_00000000_f_n.png,0579reuniclus,reuniclus.png,/content/drive/MyDrive/612 data/ProjectPokemonCleaned/0579reuniclus/poke_capture_0579_000_mf_n_00000000_f_n.png,/content/drive/MyDrive/612 data/PokeSpriteCleaned/0579reuniclus/reuniclus.png
1292,0579reuniclus,poke_capture_0579_000_mf_n_00000000_f_r.png,0579reuniclus,reuniclus_shiny.png,/content/drive/MyDrive/612 data/ProjectPokemonCleaned/0579reuniclus/poke_capture_0579_000_mf_n_00000000_f_r.png,/content/drive/MyDrive/612 data/PokeSpriteCleaned/0579reuniclus/reuniclus_shiny.png
1293,0580ducklett,poke_capture_0580_000_mf_n_00000000_f_n.png,0580ducklett,ducklett.png,/content/drive/MyDrive/612 data/ProjectPokemonCleaned/0580ducklett/poke_capture_0580_000_mf_n_00000000_f_n.png,/content/drive/MyDrive/612 data/PokeSpriteCleaned/0580ducklett/ducklett.png
1294,0580ducklett,poke_capture_0580_000_mf_n_00000000_f_r.png,0580ducklett,ducklett_shiny.png,/content/drive/MyDrive/612 data/ProjectPokemonCleaned/0580ducklett/poke_capture_0580_000_mf_n_00000000_f_r.png,/content/drive/MyDrive/612 data/PokeSpriteCleaned/0580ducklett/ducklett_shiny.png
1295,0581swanna,poke_capture_0581_000_mf_n_00000000_f_n.png,0581swanna,swanna.png,/content/drive/MyDrive/612 data/ProjectPokemonCleaned/0581swanna/poke_capture_0581_000_mf_n_00000000_f_n.png,/content/drive/MyDrive/612 data/PokeSpriteCleaned/0581swanna/swanna.png
1296,0581swanna,poke_capture_0581_000_mf_n_00000000_f_r.png,0581swanna,swanna_shiny.png,/content/drive/MyDrive/612 data/ProjectPokemonCleaned/0581swanna/poke_capture_0581_000_mf_n_00000000_f_r.png,/content/drive/MyDrive/612 data/PokeSpriteCleaned/0581swanna/swanna_shiny.png
1297,0582vanillite,poke_capture_0582_000_mf_n_00000000_f_n.png,0582vanillite,vanillite.png,/content/drive/MyDrive/612 data/ProjectPokemonCleaned/0582vanillite/poke_capture_0582_000_mf_n_00000000_f_n.png,/content/drive/MyDrive/612 data/PokeSpriteCleaned/0582vanillite/vanillite.png
1298,0582vanillite,poke_capture_0582_000_mf_n_00000000_f_r.png,0582vanillite,vanillite_shiny.png,/content/drive/MyDrive/612 data/ProjectPokemonCleaned/0582vanillite/poke_capture_0582_000_mf_n_00000000_f_r.png,/content/drive/MyDrive/612 data/PokeSpriteCleaned/0582vanillite/vanillite_shiny.png
1299,0583vanillish,poke_capture_0583_000_mf_n_00000000_f_n.png,0583vanillish,vanillish.png,/content/drive/MyDrive/612 data/ProjectPokemonCleaned/0583vanillish/poke_capture_0583_000_mf_n_00000000_f_n.png,/content/drive/MyDrive/612 data/PokeSpriteCleaned/0583vanillish/vanillish.png
1300,0583vanillish,poke_capture_0583_000_mf_n_00000000_f_r.png,0583vanillish,vanillish_shiny.png,/content/drive/MyDrive/612 data/ProjectPokemonCleaned/0583vanillish/poke_capture_0583_000_mf_n_00000000_f_r.png,/content/drive/MyDrive/612 data/PokeSpriteCleaned/0583vanillish/vanillish_shiny.png
1301,0584vanilluxe,poke_capture_0584_000_mf_n_00000000_f_n.png,0584vanilluxe,vanilluxe.png,/content/drive/MyDrive/612 data/ProjectPokemonCleaned/0584vanilluxe/poke_capture_0584_000_mf_n_00000000_f_n.png,/content/drive/MyDrive/612 data/PokeSpriteCleaned/0584vanilluxe/vanilluxe.png
1302,0584vanilluxe,poke_capture_0584_000_mf_n_00000000_f_r.png,0584vanilluxe,vanilluxe_shiny.png,/content/drive/MyDrive/612 data/ProjectPokemonCleaned/0584vanilluxe/poke_capture_0584_000_mf_n_00000000_f_r.png,/content/drive/MyDrive/612 data/PokeSpriteCleaned/0584vanilluxe/vanilluxe_shiny.png
1303,0585deerling,poke_capture_0585_000_mf_n_00000000_f_n.png,0585deerling,deerling.png,/content/drive/MyDrive/612 data/ProjectPokemonCleaned/0585deerling/poke_capture_0585_000_mf_n_00000000_f_n.png,/content/drive/MyDrive/612 data/PokeSpriteCleaned/0585deerling/deerling.png
1304,0585deerling,poke_capture_0585_000_mf_n_00000000_f_r.png,0585deerling,deerling_shiny.png,/content/drive/MyDrive/612 data/ProjectPokemonCleaned/0585deerling/poke_capture_0585_000_mf_n_00000000_f_r.png,/content/drive/MyDrive/612 data/PokeSpriteCleaned/0585deerling/deerling_shiny.png
1305,0585deerling,poke_capture_0585_001_mf_n_00000000_f_n.png,0585deerling,deerling-summer.png,/content/drive/MyDrive/612 data/ProjectPokemonCleaned/0585deerling/poke_capture_0585_001_mf_n_00000000_f_n.png,/content/drive/MyDrive/612 data/PokeSpriteCleaned/0585deerling/deerling-summer.png
1306,0585deerling,poke_capture_0585_001_mf_n_00000000_f_r.png,0585deerling,deerling-summer_shiny.png,/content/drive/MyDrive/612 data/ProjectPokemonCleaned/0585deerling/poke_capture_0585_001_mf_n_00000000_f_r.png,/content/drive/MyDrive/612 data/PokeSpriteCleaned/0585deerling/deerling-summer_shiny.png
1307,0585deerling,poke_capture_0585_002_mf_n_00000000_f_n.png,0585deerling,deerling-autumn.png,/content/drive/MyDrive/612 data/ProjectPokemonCleaned/0585deerling/poke_capture_0585_002_mf_n_00000000_f_n.png,/content/drive/MyDrive/612 data/PokeSpriteCleaned/0585deerling/deerling-autumn.png
1308,0585deerling,poke_capture_0585_002_mf_n_00000000_f_r.png,0585deerling,deerling-autumn_shiny.png,/content/drive/MyDrive/612 data/ProjectPokemonCleaned/0585deerling/poke_capture_0585_002_mf_n_00000000_f_r.png,/content/drive/MyDrive/612 data/PokeSpriteCleaned/0585deerling/deerling-autumn_shiny.png
1309,0585deerling,poke_capture_0585_003_mf_n_00000000_f_n.png,0585deerling,deerling-winter.png,/content/drive/MyDrive/612 data/ProjectPokemonCleaned/0585deerling/poke_capture_0585_003_mf_n_00000000_f_n.png,/content/drive/MyDrive/612 data/PokeSpriteCleaned/0585deerling/deerling-winter.png
1310,0585deerling,poke_capture_0585_003_mf_n_00000000_f_r.png,0585deerling,deerling-winter_shiny.png,/content/drive/MyDrive/612 data/ProjectPokemonCleaned/0585deerling/poke_capture_0585_003_mf_n_00000000_f_r.png,/content/drive/MyDrive/612 data/PokeSpriteCleaned/0585deerling/deerling-winter_shiny.png
1311,0587emolga,poke_capture_0587_000_mf_n_00000000_f_n.png,0587emolga,emolga.png,/content/drive/MyDrive/612 data/ProjectPokemonCleaned/0587emolga/poke_capture_0587_000_mf_n_00000000_f_n.png,/content/drive/MyDrive/612 data/PokeSpriteCleaned/0587emolga/emolga.png
1312,0587emolga,poke_capture_0587_000_mf_n_00000000_f_r.png,0587emolga,emolga_shiny.png,/content/drive/MyDrive/612 data/ProjectPokemonCleaned/0587emolga/poke_capture_0587_000_mf_n_00000000_f_r.png,/content/drive/MyDrive/612 data/PokeSpriteCleaned/0587emolga/emolga_shiny.png
1313,0588karrablast,poke_capture_0588_000_mf_n_00000000_f_n.png,0588karrablast,karrablast.png,/content/drive/MyDrive/612 data/ProjectPokemonCleaned/0588karrablast/poke_capture_0588_000_mf_n_00000000_f_n.png,/content/drive/MyDrive/612 data/PokeSpriteCleaned/0588karrablast/karrablast.png
1314,0588karrablast,poke_capture_0588_000_mf_n_00000000_f_r.png,0588karrablast,karrablast_shiny.png,/content/drive/MyDrive/612 data/ProjectPokemonCleaned/0588karrablast/poke_capture_0588_000_mf_n_00000000_f_r.png,/content/drive/MyDrive/612 data/PokeSpriteCleaned/0588karrablast/karrablast_shiny.png
1315,0589escavalier,poke_capture_0589_000_mf_n_00000000_f_n.png,0589escavalier,escavalier.png,/content/drive/MyDrive/612 data/ProjectPokemonCleaned/0589escavalier/poke_capture_0589_000_mf_n_00000000_f_n.png,/content/drive/MyDrive/612 data/PokeSpriteCleaned/0589escavalier/escavalier.png
1316,0589escavalier,poke_capture_0589_000_mf_n_00000000_f_r.png,0589escavalier,escavalier_shiny.png,/content/drive/MyDrive/612 data/ProjectPokemonCleaned/0589escavalier/poke_capture_0589_000_mf_n_00000000_f_r.png,/content/drive/MyDrive/612 data/PokeSpriteCleaned/0589escavalier/escavalier_shiny.png
1317,0590foongus,poke_capture_0590_000_mf_n_00000000_f_n.png,0590foongus,foongus.png,/content/drive/MyDrive/612 data/ProjectPokemonCleaned/0590foongus/poke_capture_0590_000_mf_n_00000000_f_n.png,/content/drive/MyDrive/612 data/PokeSpriteCleaned/0590foongus/foongus.png
1318,0590foongus,poke_capture_0590_000_mf_n_00000000_f_r.png,0590foongus,foongus_shiny.png,/content/drive/MyDrive/612 data/ProjectPokemonCleaned/0590foongus/poke_capture_0590_000_mf_n_00000000_f_r.png,/content/drive/MyDrive/612 data/PokeSpriteCleaned/0590foongus/foongus_shiny.png
1319,0591amoonguss,poke_capture_0591_000_mf_n_00000000_f_n.png,0591amoonguss,amoonguss.png,/content/drive/MyDrive/612 data/ProjectPokemonCleaned/0591amoonguss/poke_capture_0591_000_mf_n_00000000_f_n.png,/content/drive/MyDrive/612 data/PokeSpriteCleaned/0591amoonguss/amoonguss.png
1320,0591amoonguss,poke_capture_0591_000_mf_n_00000000_f_r.png,0591amoonguss,amoonguss_shiny.png,/content/drive/MyDrive/612 data/ProjectPokemonCleaned/0591amoonguss/poke_capture_0591_000_mf_n_00000000_f_r.png,/content/drive/MyDrive/612 data/PokeSpriteCleaned/0591amoonguss/amoonguss_shiny.png
1321,0592frillish,poke_capture_0592_000_fd_n_00000000_f_n.png,0592frillish,frillish_female.png,/content/drive/MyDrive/612 data/ProjectPokemonCleaned/0592frillish/poke_capture_0592_000_fd_n_00000000_f_n.png,/content/drive/MyDrive/612 data/PokeSpriteCleaned/0592frillish/frillish_female.png
1322,0592frillish,poke_capture_0592_000_fd_n_00000000_f_r.png,0592frillish,frillish_shiny_female.png,/content/drive/MyDrive/612 data/ProjectPokemonCleaned/0592frillish/poke_capture_0592_000_fd_n_00000000_f_r.png,/content/drive/MyDrive/612 data/PokeSpriteCleaned/0592frillish/frillish_shiny_female.png
1323,0592frillish,poke_capture_0592_000_md_n_00000000_f_n.png,0592frillish,frillish.png,/content/drive/MyDrive/612 data/ProjectPokemonCleaned/0592frillish/poke_capture_0592_000_md_n_00000000_f_n.png,/content/drive/MyDrive/612 data/PokeSpriteCleaned/0592frillish/frillish.png
1324,0592frillish,poke_capture_0592_000_md_n_00000000_f_r.png,0592frillish,frillish_shiny.png,/content/drive/MyDrive/612 data/ProjectPokemonCleaned/0592frillish/poke_capture_0592_000_md_n_00000000_f_r.png,/content/drive/MyDrive/612 data/PokeSpriteCleaned/0592frillish/frillish_shiny.png
1325,0593jellicent,poke_capture_0593_000_fd_n_00000000_f_n.png,0593jellicent,jellicent_female.png,/content/drive/MyDrive/612 data/ProjectPokemonCleaned/0593jellicent/poke_capture_0593_000_fd_n_00000000_f_n.png,/content/drive/MyDrive/612 data/PokeSpriteCleaned/0593jellicent/jellicent_female.png
1326,0593jellicent,poke_capture_0593_000_fd_n_00000000_f_r.png,0593jellicent,jellicent_shiny_female.png,/content/drive/MyDrive/612 data/ProjectPokemonCleaned/0593jellicent/poke_capture_0593_000_fd_n_00000000_f_r.png,/content/drive/MyDrive/612 data/PokeSpriteCleaned/0593jellicent/jellicent_shiny_female.png
1327,0593jellicent,poke_capture_0593_000_md_n_00000000_f_n.png,0593jellicent,jellicent.png,/content/drive/MyDrive/612 data/ProjectPokemonCleaned/0593jellicent/poke_capture_0593_000_md_n_00000000_f_n.png,/content/drive/MyDrive/612 data/PokeSpriteCleaned/0593jellicent/jellicent.png
1328,0593jellicent,poke_capture_0593_000_md_n_00000000_f_r.png,0593jellicent,jellicent_shiny.png,/content/drive/MyDrive/612 data/ProjectPokemonCleaned/0593jellicent/poke_capture_0593_000_md_n_00000000_f_r.png,/content/drive/MyDrive/612 data/PokeSpriteCleaned/0593jellicent/jellicent_shiny.png
1329,0594alomomola,poke_capture_0594_000_mf_n_00000000_f_n.png,0594alomomola,alomomola.png,/content/drive/MyDrive/612 data/ProjectPokemonCleaned/0594alomomola/poke_capture_0594_000_mf_n_00000000_f_n.png,/content/drive/MyDrive/612 data/PokeSpriteCleaned/0594alomomola/alomomola.png
1330,0594alomomola,poke_capture_0594_000_mf_n_00000000_f_r.png,0594alomomola,alomomola_shiny.png,/content/drive/MyDrive/612 data/ProjectPokemonCleaned/0594alomomola/poke_capture_0594_000_mf_n_00000000_f_r.png,/content/drive/MyDrive/612 data/PokeSpriteCleaned/0594alomomola/alomomola_shiny.png
1331,0595joltik,poke_capture_0595_000_mf_n_00000000_f_n.png,0595joltik,joltik.png,/content/drive/MyDrive/612 data/ProjectPokemonCleaned/0595joltik/poke_capture_0595_000_mf_n_00000000_f_n.png,/content/drive/MyDrive/612 data/PokeSpriteCleaned/0595joltik/joltik.png
1332,0595joltik,poke_capture_0595_000_mf_n_00000000_f_r.png,0595joltik,joltik_shiny.png,/content/drive/MyDrive/612 data/ProjectPokemonCleaned/0595joltik/poke_capture_0595_000_mf_n_00000000_f_r.png,/content/drive/MyDrive/612 data/PokeSpriteCleaned/0595joltik/joltik_shiny.png
1333,0596galvantula,poke_capture_0596_000_mf_n_00000000_f_n.png,0596galvantula,galvantula.png,/content/drive/MyDrive/612 data/ProjectPokemonCleaned/0596galvantula/poke_capture_0596_000_mf_n_00000000_f_n.png,/content/drive/MyDrive/612 data/PokeSpriteCleaned/0596galvantula/galvantula.png
1334,0596galvantula,poke_capture_0596_000_mf_n_00000000_f_r.png,0596galvantula,galvantula_shiny.png,/content/drive/MyDrive/612 data/ProjectPokemonCleaned/0596galvantula/poke_capture_0596_000_mf_n_00000000_f_r.png,/content/drive/MyDrive/612 data/PokeSpriteCleaned/0596galvantula/galvantula_shiny.png
1335,0597ferroseed,poke_capture_0597_000_mf_n_00000000_f_n.png,0597ferroseed,ferroseed.png,/content/drive/MyDrive/612 data/ProjectPokemonCleaned/0597ferroseed/poke_capture_0597_000_mf_n_00000000_f_n.png,/content/drive/MyDrive/612 data/PokeSpriteCleaned/0597ferroseed/ferroseed.png
1336,0597ferroseed,poke_capture_0597_000_mf_n_00000000_f_r.png,0597ferroseed,ferroseed_shiny.png,/content/drive/MyDrive/612 data/ProjectPokemonCleaned/0597ferroseed/poke_capture_0597_000_mf_n_00000000_f_r.png,/content/drive/MyDrive/612 data/PokeSpriteCleaned/0597ferroseed/ferroseed_shiny.png
1337,0598ferrothorn,poke_capture_0598_000_mf_n_00000000_f_n.png,0598ferrothorn,ferrothorn.png,/content/drive/MyDrive/612 data/ProjectPokemonCleaned/0598ferrothorn/poke_capture_0598_000_mf_n_00000000_f_n.png,/content/drive/MyDrive/612 data/PokeSpriteCleaned/0598ferrothorn/ferrothorn.png
1338,0598ferrothorn,poke_capture_0598_000_mf_n_00000000_f_r.png,0598ferrothorn,ferrothorn_shiny.png,/content/drive/MyDrive/612 data/ProjectPokemonCleaned/0598ferrothorn/poke_capture_0598_000_mf_n_00000000_f_r.png,/content/drive/MyDrive/612 data/PokeSpriteCleaned/0598ferrothorn/ferrothorn_shiny.png
1339,0599klink,poke_capture_0599_000_uk_n_00000000_f_n.png,0599klink,klink.png,/content/drive/MyDrive/612 data/ProjectPokemonCleaned/0599klink/poke_capture_0599_000_uk_n_00000000_f_n.png,/content/drive/MyDrive/612 data/PokeSpriteCleaned/0599klink/klink.png
1340,0599klink,poke_capture_0599_000_uk_n_00000000_f_r.png,0599klink,klink_shiny.png,/content/drive/MyDrive/612 data/ProjectPokemonCleaned/0599klink/poke_capture_0599_000_uk_n_00000000_f_r.png,/content/drive/MyDrive/612 data/PokeSpriteCleaned/0599klink/klink_shiny.png
1341,0600klang,poke_capture_0600_000_uk_n_00000000_f_n.png,0600klang,klang.png,/content/drive/MyDrive/612 data/ProjectPokemonCleaned/0600klang/poke_capture_0600_000_uk_n_00000000_f_n.png,/content/drive/MyDrive/612 data/PokeSpriteCleaned/0600klang/klang.png
1342,0600klang,poke_capture_0600_000_uk_n_00000000_f_r.png,0600klang,klang_shiny.png,/content/drive/MyDrive/612 data/ProjectPokemonCleaned/0600klang/poke_capture_0600_000_uk_n_00000000_f_r.png,/content/drive/MyDrive/612 data/PokeSpriteCleaned/0600klang/klang_shiny.png
1343,0601klinklang,poke_capture_0601_000_uk_n_00000000_f_n.png,0601klinklang,klinklang.png,/content/drive/MyDrive/612 data/ProjectPokemonCleaned/0601klinklang/poke_capture_0601_000_uk_n_00000000_f_n.png,/content/drive/MyDrive/612 data/PokeSpriteCleaned/0601klinklang/klinklang.png
1344,0601klinklang,poke_capture_0601_000_uk_n_00000000_f_r.png,0601klinklang,klinklang_shiny.png,/content/drive/MyDrive/612 data/ProjectPokemonCleaned/0601klinklang/poke_capture_0601_000_uk_n_00000000_f_r.png,/content/drive/MyDrive/612 data/PokeSpriteCleaned/0601klinklang/klinklang_shiny.png
1345,0603eelektrik,poke_capture_0603_000_mf_n_00000000_f_n.png,0603eelektrik,eelektrik.png,/content/drive/MyDrive/612 data/ProjectPokemonCleaned/0603eelektrik/poke_capture_0603_000_mf_n_00000000_f_n.png,/content/drive/MyDrive/612 data/PokeSpriteCleaned/0603eelektrik/eelektrik.png
1346,0603eelektrik,poke_capture_0603_000_mf_n_00000000_f_r.png,0603eelektrik,eelektrik_shiny.png,/content/drive/MyDrive/612 data/ProjectPokemonCleaned/0603eelektrik/poke_capture_0603_000_mf_n_00000000_f_r.png,/content/drive/MyDrive/612 data/PokeSpriteCleaned/0603eelektrik/eelektrik_shiny.png
1347,0604eelektross,poke_capture_0604_000_mf_n_00000000_f_n.png,0604eelektross,eelektross.png,/content/drive/MyDrive/612 data/ProjectPokemonCleaned/0604eelektross/poke_capture_0604_000_mf_n_00000000_f_n.png,/content/drive/MyDrive/612 data/PokeSpriteCleaned/0604eelektross/eelektross.png
1348,0604eelektross,poke_capture_0604_000_mf_n_00000000_f_r.png,0604eelektross,eelektross_shiny.png,/content/drive/MyDrive/612 data/ProjectPokemonCleaned/0604eelektross/poke_capture_0604_000_mf_n_00000000_f_r.png,/content/drive/MyDrive/612 data/PokeSpriteCleaned/0604eelektross/eelektross_shiny.png
1349,0606beheeyem,poke_capture_0606_000_mf_n_00000000_f_n.png,0606beheeyem,beheeyem.png,/content/drive/MyDrive/612 data/ProjectPokemonCleaned/0606beheeyem/poke_capture_0606_000_mf_n_00000000_f_n.png,/content/drive/MyDrive/612 data/PokeSpriteCleaned/0606beheeyem/beheeyem.png
1350,0606beheeyem,poke_capture_0606_000_mf_n_00000000_f_r.png,0606beheeyem,beheeyem_shiny.png,/content/drive/MyDrive/612 data/ProjectPokemonCleaned/0606beheeyem/poke_capture_0606_000_mf_n_00000000_f_r.png,/content/drive/MyDrive/612 data/PokeSpriteCleaned/0606beheeyem/beheeyem_shiny.png
1351,0607litwick,poke_capture_0607_000_mf_n_00000000_f_n.png,0607litwick,litwick.png,/content/drive/MyDrive/612 data/ProjectPokemonCleaned/0607litwick/poke_capture_0607_000_mf_n_00000000_f_n.png,/content/drive/MyDrive/612 data/PokeSpriteCleaned/0607litwick/litwick.png
1352,0607litwick,poke_capture_0607_000_mf_n_00000000_f_r.png,0607litwick,litwick_shiny.png,/content/drive/MyDrive/612 data/ProjectPokemonCleaned/0607litwick/poke_capture_0607_000_mf_n_00000000_f_r.png,/content/drive/MyDrive/612 data/PokeSpriteCleaned/0607litwick/litwick_shiny.png
1353,0609chandelure,poke_capture_0609_000_mf_n_00000000_f_n.png,0609chandelure,chandelure.png,/content/drive/MyDrive/612 data/ProjectPokemonCleaned/0609chandelure/poke_capture_0609_000_mf_n_00000000_f_n.png,/content/drive/MyDrive/612 data/PokeSpriteCleaned/0609chandelure/chandelure.png
1354,0609chandelure,poke_capture_0609_000_mf_n_00000000_f_r.png,0609chandelure,chandelure_shiny.png,/content/drive/MyDrive/612 data/ProjectPokemonCleaned/0609chandelure/poke_capture_0609_000_mf_n_00000000_f_r.png,/content/drive/MyDrive/612 data/PokeSpriteCleaned/0609chandelure/chandelure_shiny.png
1355,0610axew,poke_capture_0610_000_mf_n_00000000_f_n.png,0610axew,axew.png,/content/drive/MyDrive/612 data/ProjectPokemonCleaned/0610axew/poke_capture_0610_000_mf_n_00000000_f_n.png,/content/drive/MyDrive/612 data/PokeSpriteCleaned/0610axew/axew.png
1356,0610axew,poke_capture_0610_000_mf_n_00000000_f_r.png,0610axew,axew_shiny.png,/content/drive/MyDrive/612 data/ProjectPokemonCleaned/0610axew/poke_capture_0610_000_mf_n_00000000_f_r.png,/content/drive/MyDrive/612 data/PokeSpriteCleaned/0610axew/axew_shiny.png
1357,0611fraxure,poke_capture_0611_000_mf_n_00000000_f_n.png,0611fraxure,fraxure.png,/content/drive/MyDrive/612 data/ProjectPokemonCleaned/0611fraxure/poke_capture_0611_000_mf_n_00000000_f_n.png,/content/drive/MyDrive/612 data/PokeSpriteCleaned/0611fraxure/fraxure.png
1358,0611fraxure,poke_capture_0611_000_mf_n_00000000_f_r.png,0611fraxure,fraxure_shiny.png,/content/drive/MyDrive/612 data/ProjectPokemonCleaned/0611fraxure/poke_capture_0611_000_mf_n_00000000_f_r.png,/content/drive/MyDrive/612 data/PokeSpriteCleaned/0611fraxure/fraxure_shiny.png
1359,0612haxorus,poke_capture_0612_000_mf_n_00000000_f_n.png,0612haxorus,haxorus.png,/content/drive/MyDrive/612 data/ProjectPokemonCleaned/0612haxorus/poke_capture_0612_000_mf_n_00000000_f_n.png,/content/drive/MyDrive/612 data/PokeSpriteCleaned/0612haxorus/haxorus.png
1360,0612haxorus,poke_capture_0612_000_mf_n_00000000_f_r.png,0612haxorus,haxorus_shiny.png,/content/drive/MyDrive/612 data/ProjectPokemonCleaned/0612haxorus/poke_capture_0612_000_mf_n_00000000_f_r.png,/content/drive/MyDrive/612 data/PokeSpriteCleaned/0612haxorus/haxorus_shiny.png
1361,0613cubchoo,poke_capture_0613_000_mf_n_00000000_f_n.png,0613cubchoo,cubchoo.png,/content/drive/MyDrive/612 data/ProjectPokemonCleaned/0613cubchoo/poke_capture_0613_000_mf_n_00000000_f_n.png,/content/drive/MyDrive/612 data/PokeSpriteCleaned/0613cubchoo/cubchoo.png
1362,0613cubchoo,poke_capture_0613_000_mf_n_00000000_f_r.png,0613cubchoo,cubchoo_shiny.png,/content/drive/MyDrive/612 data/ProjectPokemonCleaned/0613cubchoo/poke_capture_0613_000_mf_n_00000000_f_r.png,/content/drive/MyDrive/612 data/PokeSpriteCleaned/0613cubchoo/cubchoo_shiny.png
1363,0614beartic,poke_capture_0614_000_mf_n_00000000_f_n.png,0614beartic,beartic.png,/content/drive/MyDrive/612 data/ProjectPokemonCleaned/0614beartic/poke_capture_0614_000_mf_n_00000000_f_n.png,/content/drive/MyDrive/612 data/PokeSpriteCleaned/0614beartic/beartic.png
1364,0614beartic,poke_capture_0614_000_mf_n_00000000_f_r.png,0614beartic,beartic_shiny.png,/content/drive/MyDrive/612 data/ProjectPokemonCleaned/0614beartic/poke_capture_0614_000_mf_n_00000000_f_r.png,/content/drive/MyDrive/612 data/PokeSpriteCleaned/0614beartic/beartic_shiny.png
1365,0615cryogonal,poke_capture_0615_000_uk_n_00000000_f_n.png,0615cryogonal,cryogonal.png,/content/drive/MyDrive/612 data/ProjectPokemonCleaned/0615cryogonal/poke_capture_0615_000_uk_n_00000000_f_n.png,/content/drive/MyDrive/612 data/PokeSpriteCleaned/0615cryogonal/cryogonal.png
1366,0615cryogonal,poke_capture_0615_000_uk_n_00000000_f_r.png,0615cryogonal,cryogonal_shiny.png,/content/drive/MyDrive/612 data/ProjectPokemonCleaned/0615cryogonal/poke_capture_0615_000_uk_n_00000000_f_r.png,/content/drive/MyDrive/612 data/PokeSpriteCleaned/0615cryogonal/cryogonal_shiny.png
1367,0616shelmet,poke_capture_0616_000_mf_n_00000000_f_n.png,0616shelmet,shelmet.png,/content/drive/MyDrive/612 data/ProjectPokemonCleaned/0616shelmet/poke_capture_0616_000_mf_n_00000000_f_n.png,/content/drive/MyDrive/612 data/PokeSpriteCleaned/0616shelmet/shelmet.png
1368,0616shelmet,poke_capture_0616_000_mf_n_00000000_f_r.png,0616shelmet,shelmet_shiny.png,/content/drive/MyDrive/612 data/ProjectPokemonCleaned/0616shelmet/poke_capture_0616_000_mf_n_00000000_f_r.png,/content/drive/MyDrive/612 data/PokeSpriteCleaned/0616shelmet/shelmet_shiny.png
1369,0618stunfisk,poke_capture_0618_000_mf_n_00000000_f_n.png,0618stunfisk,stunfisk.png,/content/drive/MyDrive/612 data/ProjectPokemonCleaned/0618stunfisk/poke_capture_0618_000_mf_n_00000000_f_n.png,/content/drive/MyDrive/612 data/PokeSpriteCleaned/0618stunfisk/stunfisk.png
1370,0618stunfisk,poke_capture_0618_000_mf_n_00000000_f_r.png,0618stunfisk,stunfisk_shiny.png,/content/drive/MyDrive/612 data/ProjectPokemonCleaned/0618stunfisk/poke_capture_0618_000_mf_n_00000000_f_r.png,/content/drive/MyDrive/612 data/PokeSpriteCleaned/0618stunfisk/stunfisk_shiny.png
1371,0618stunfisk,poke_capture_0618_001_mf_n_00000000_f_n.png,0618stunfisk,stunfisk galar.png,/content/drive/MyDrive/612 data/ProjectPokemonCleaned/0618stunfisk/poke_capture_0618_001_mf_n_00000000_f_n.png,/content/drive/MyDrive/612 data/PokeSpriteCleaned/0618stunfisk/stunfisk galar.png
1372,0618stunfisk,poke_capture_0618_001_mf_n_00000000_f_r.png,0618stunfisk,stunfisk galar_shiny.png,/content/drive/MyDrive/612 data/ProjectPokemonCleaned/0618stunfisk/poke_capture_0618_001_mf_n_00000000_f_r.png,/content/drive/MyDrive/612 data/PokeSpriteCleaned/0618stunfisk/stunfisk galar_shiny.png
1373,0619mienfoo,poke_capture_0619_000_mf_n_00000000_f_n.png,0619mienfoo,mienfoo.png,/content/drive/MyDrive/612 data/ProjectPokemonCleaned/0619mienfoo/poke_capture_0619_000_mf_n_00000000_f_n.png,/content/drive/MyDrive/612 data/PokeSpriteCleaned/0619mienfoo/mienfoo.png
1374,0619mienfoo,poke_capture_0619_000_mf_n_00000000_f_r.png,0619mienfoo,mienfoo_shiny.png,/content/drive/MyDrive/612 data/ProjectPokemonCleaned/0619mienfoo/poke_capture_0619_000_mf_n_00000000_f_r.png,/content/drive/MyDrive/612 data/PokeSpriteCleaned/0619mienfoo/mienfoo_shiny.png
1375,0620mienshao,poke_capture_0620_000_mf_n_00000000_f_n.png,0620mienshao,mienshao.png,/content/drive/MyDrive/612 data/ProjectPokemonCleaned/0620mienshao/poke_capture_0620_000_mf_n_00000000_f_n.png,/content/drive/MyDrive/612 data/PokeSpriteCleaned/0620mienshao/mienshao.png
1376,0620mienshao,poke_capture_0620_000_mf_n_00000000_f_r.png,0620mienshao,mienshao_shiny.png,/content/drive/MyDrive/612 data/ProjectPokemonCleaned/0620mienshao/poke_capture_0620_000_mf_n_00000000_f_r.png,/content/drive/MyDrive/612 data/PokeSpriteCleaned/0620mienshao/mienshao_shiny.png
1377,0621druddigon,poke_capture_0621_000_mf_n_00000000_f_n.png,0621druddigon,druddigon.png,/content/drive/MyDrive/612 data/ProjectPokemonCleaned/0621druddigon/poke_capture_0621_000_mf_n_00000000_f_n.png,/content/drive/MyDrive/612 data/PokeSpriteCleaned/0621druddigon/druddigon.png
1378,0621druddigon,poke_capture_0621_000_mf_n_00000000_f_r.png,0621druddigon,druddigon_shiny.png,/content/drive/MyDrive/612 data/ProjectPokemonCleaned/0621druddigon/poke_capture_0621_000_mf_n_00000000_f_r.png,/content/drive/MyDrive/612 data/PokeSpriteCleaned/0621druddigon/druddigon_shiny.png
1379,0622golett,poke_capture_0622_000_uk_n_00000000_f_n.png,0622golett,golett.png,/content/drive/MyDrive/612 data/ProjectPokemonCleaned/0622golett/poke_capture_0622_000_uk_n_00000000_f_n.png,/content/drive/MyDrive/612 data/PokeSpriteCleaned/0622golett/golett.png
1380,0622golett,poke_capture_0622_000_uk_n_00000000_f_r.png,0622golett,golett_shiny.png,/content/drive/MyDrive/612 data/ProjectPokemonCleaned/0622golett/poke_capture_0622_000_uk_n_00000000_f_r.png,/content/drive/MyDrive/612 data/PokeSpriteCleaned/0622golett/golett_shiny.png
1381,0623golurk,poke_capture_0623_000_uk_n_00000000_f_n.png,0623golurk,golurk.png,/content/drive/MyDrive/612 data/ProjectPokemonCleaned/0623golurk/poke_capture_0623_000_uk_n_00000000_f_n.png,/content/drive/MyDrive/612 data/PokeSpriteCleaned/0623golurk/golurk.png
1382,0623golurk,poke_capture_0623_000_uk_n_00000000_f_r.png,0623golurk,golurk_shiny.png,/content/drive/MyDrive/612 data/ProjectPokemonCleaned/0623golurk/poke_capture_0623_000_uk_n_00000000_f_r.png,/content/drive/MyDrive/612 data/PokeSpriteCleaned/0623golurk/golurk_shiny.png
1383,0625bisharp,poke_capture_0625_000_mf_n_00000000_f_n.png,0625bisharp,bisharp.png,/content/drive/MyDrive/612 data/ProjectPokemonCleaned/0625bisharp/poke_capture_0625_000_mf_n_00000000_f_n.png,/content/drive/MyDrive/612 data/PokeSpriteCleaned/0625bisharp/bisharp.png
1384,0625bisharp,poke_capture_0625_000_mf_n_00000000_f_r.png,0625bisharp,bisharp_shiny.png,/content/drive/MyDrive/612 data/ProjectPokemonCleaned/0625bisharp/poke_capture_0625_000_mf_n_00000000_f_r.png,/content/drive/MyDrive/612 data/PokeSpriteCleaned/0625bisharp/bisharp_shiny.png
1385,0626bouffalant,poke_capture_0626_000_mf_n_00000000_f_n.png,0626bouffalant,bouffalant.png,/content/drive/MyDrive/612 data/ProjectPokemonCleaned/0626bouffalant/poke_capture_0626_000_mf_n_00000000_f_n.png,/content/drive/MyDrive/612 data/PokeSpriteCleaned/0626bouffalant/bouffalant.png
1386,0626bouffalant,poke_capture_0626_000_mf_n_00000000_f_r.png,0626bouffalant,bouffalant_shiny.png,/content/drive/MyDrive/612 data/ProjectPokemonCleaned/0626bouffalant/poke_capture_0626_000_mf_n_00000000_f_r.png,/content/drive/MyDrive/612 data/PokeSpriteCleaned/0626bouffalant/bouffalant_shiny.png
1387,0627rufflet,poke_capture_0627_000_mo_n_00000000_f_n.png,0627rufflet,rufflet.png,/content/drive/MyDrive/612 data/ProjectPokemonCleaned/0627rufflet/poke_capture_0627_000_mo_n_00000000_f_n.png,/content/drive/MyDrive/612 data/PokeSpriteCleaned/0627rufflet/rufflet.png
1388,0627rufflet,poke_capture_0627_000_mo_n_00000000_f_r.png,0627rufflet,rufflet_shiny.png,/content/drive/MyDrive/612 data/ProjectPokemonCleaned/0627rufflet/poke_capture_0627_000_mo_n_00000000_f_r.png,/content/drive/MyDrive/612 data/PokeSpriteCleaned/0627rufflet/rufflet_shiny.png
1389,0628braviary,poke_capture_0628_000_mo_n_00000000_f_n.png,0628braviary,braviary.png,/content/drive/MyDrive/612 data/ProjectPokemonCleaned/0628braviary/poke_capture_0628_000_mo_n_00000000_f_n.png,/content/drive/MyDrive/612 data/PokeSpriteCleaned/0628braviary/braviary.png
1390,0628braviary,poke_capture_0628_000_mo_n_00000000_f_r.png,0628braviary,braviary_shiny.png,/content/drive/MyDrive/612 data/ProjectPokemonCleaned/0628braviary/poke_capture_0628_000_mo_n_00000000_f_r.png,/content/drive/MyDrive/612 data/PokeSpriteCleaned/0628braviary/braviary_shiny.png
1391,0629vullaby,poke_capture_0629_000_fo_n_00000000_f_n.png,0629vullaby,vullaby.png,/content/drive/MyDrive/612 data/ProjectPokemonCleaned/0629vullaby/poke_capture_0629_000_fo_n_00000000_f_n.png,/content/drive/MyDrive/612 data/PokeSpriteCleaned/0629vullaby/vullaby.png
1392,0629vullaby,poke_capture_0629_000_fo_n_00000000_f_r.png,0629vullaby,vullaby_shiny.png,/content/drive/MyDrive/612 data/ProjectPokemonCleaned/0629vullaby/poke_capture_0629_000_fo_n_00000000_f_r.png,/content/drive/MyDrive/612 data/PokeSpriteCleaned/0629vullaby/vullaby_shiny.png
1393,0631heatmor,poke_capture_0631_000_mf_n_00000000_f_n.png,0631heatmor,heatmor.png,/content/drive/MyDrive/612 data/ProjectPokemonCleaned/0631heatmor/poke_capture_0631_000_mf_n_00000000_f_n.png,/content/drive/MyDrive/612 data/PokeSpriteCleaned/0631heatmor/heatmor.png
1394,0631heatmor,poke_capture_0631_000_mf_n_00000000_f_r.png,0631heatmor,heatmor_shiny.png,/content/drive/MyDrive/612 data/ProjectPokemonCleaned/0631heatmor/poke_capture_0631_000_mf_n_00000000_f_r.png,/content/drive/MyDrive/612 data/PokeSpriteCleaned/0631heatmor/heatmor_shiny.png
1395,0632durant,poke_capture_0632_000_mf_n_00000000_f_n.png,0632durant,durant.png,/content/drive/MyDrive/612 data/ProjectPokemonCleaned/0632durant/poke_capture_0632_000_mf_n_00000000_f_n.png,/content/drive/MyDrive/612 data/PokeSpriteCleaned/0632durant/durant.png
1396,0632durant,poke_capture_0632_000_mf_n_00000000_f_r.png,0632durant,durant_shiny.png,/content/drive/MyDrive/612 data/ProjectPokemonCleaned/0632durant/poke_capture_0632_000_mf_n_00000000_f_r.png,/content/drive/MyDrive/612 data/PokeSpriteCleaned/0632durant/durant_shiny.png
1397,0633deino,poke_capture_0633_000_mf_n_00000000_f_n.png,0633deino,deino.png,/content/drive/MyDrive/612 data/ProjectPokemonCleaned/0633deino/poke_capture_0633_000_mf_n_00000000_f_n.png,/content/drive/MyDrive/612 data/PokeSpriteCleaned/0633deino/deino.png
1398,0633deino,poke_capture_0633_000_mf_n_00000000_f_r.png,0633deino,deino_shiny.png,/content/drive/MyDrive/612 data/ProjectPokemonCleaned/0633deino/poke_capture_0633_000_mf_n_00000000_f_r.png,/content/drive/MyDrive/612 data/PokeSpriteCleaned/0633deino/deino_shiny.png
1399,0634zweilous,poke_capture_0634_000_mf_n_00000000_f_n.png,0634zweilous,zweilous.png,/content/drive/MyDrive/612 data/ProjectPokemonCleaned/0634zweilous/poke_capture_0634_000_mf_n_00000000_f_n.png,/content/drive/MyDrive/612 data/PokeSpriteCleaned/0634zweilous/zweilous.png
1400,0634zweilous,poke_capture_0634_000_mf_n_00000000_f_r.png,0634zweilous,zweilous_shiny.png,/content/drive/MyDrive/612 data/ProjectPokemonCleaned/0634zweilous/poke_capture_0634_000_mf_n_00000000_f_r.png,/content/drive/MyDrive/612 data/PokeSpriteCleaned/0634zweilous/zweilous_shiny.png
1401,0635hydreigon,poke_capture_0635_000_mf_n_00000000_f_n.png,0635hydreigon,hydreigon.png,/content/drive/MyDrive/612 data/ProjectPokemonCleaned/0635hydreigon/poke_capture_0635_000_mf_n_00000000_f_n.png,/content/drive/MyDrive/612 data/PokeSpriteCleaned/0635hydreigon/hydreigon.png
1402,0635hydreigon,poke_capture_0635_000_mf_n_00000000_f_r.png,0635hydreigon,hydreigon_shiny.png,/content/drive/MyDrive/612 data/ProjectPokemonCleaned/0635hydreigon/poke_capture_0635_000_mf_n_00000000_f_r.png,/content/drive/MyDrive/612 data/PokeSpriteCleaned/0635hydreigon/hydreigon_shiny.png
1403,0636larvesta,poke_capture_0636_000_mf_n_00000000_f_n.png,0636larvesta,larvesta.png,/content/drive/MyDrive/612 data/ProjectPokemonCleaned/0636larvesta/poke_capture_0636_000_mf_n_00000000_f_n.png,/content/drive/MyDrive/612 data/PokeSpriteCleaned/0636larvesta/larvesta.png
1404,0636larvesta,poke_capture_0636_000_mf_n_00000000_f_r.png,0636larvesta,larvesta_shiny.png,/content/drive/MyDrive/612 data/ProjectPokemonCleaned/0636larvesta/poke_capture_0636_000_mf_n_00000000_f_r.png,/content/drive/MyDrive/612 data/PokeSpriteCleaned/0636larvesta/larvesta_shiny.png
1405,0637volcarona,poke_capture_0637_000_mf_n_00000000_f_n.png,0637volcarona,volcarona.png,/content/drive/MyDrive/612 data/ProjectPokemonCleaned/0637volcarona/poke_capture_0637_000_mf_n_00000000_f_n.png,/content/drive/MyDrive/612 data/PokeSpriteCleaned/0637volcarona/volcarona.png
1406,0637volcarona,poke_capture_0637_000_mf_n_00000000_f_r.png,0637volcarona,volcarona_shiny.png,/content/drive/MyDrive/612 data/ProjectPokemonCleaned/0637volcarona/poke_capture_0637_000_mf_n_00000000_f_r.png,/content/drive/MyDrive/612 data/PokeSpriteCleaned/0637volcarona/volcarona_shiny.png
1407,0638cobalion,poke_capture_0638_000_uk_n_00000000_f_n.png,0638cobalion,cobalion.png,/content/drive/MyDrive/612 data/ProjectPokemonCleaned/0638cobalion/poke_capture_0638_000_uk_n_00000000_f_n.png,/content/drive/MyDrive/612 data/PokeSpriteCleaned/0638cobalion/cobalion.png
1408,0638cobalion,poke_capture_0638_000_uk_n_00000000_f_r.png,0638cobalion,cobalion_shiny.png,/content/drive/MyDrive/612 data/ProjectPokemonCleaned/0638cobalion/poke_capture_0638_000_uk_n_00000000_f_r.png,/content/drive/MyDrive/612 data/PokeSpriteCleaned/0638cobalion/cobalion_shiny.png
1409,0639terrakion,poke_capture_0639_000_uk_n_00000000_f_n.png,0639terrakion,terrakion.png,/content/drive/MyDrive/612 data/ProjectPokemonCleaned/0639terrakion/poke_capture_0639_000_uk_n_00000000_f_n.png,/content/drive/MyDrive/612 data/PokeSpriteCleaned/0639terrakion/terrakion.png
1410,0639terrakion,poke_capture_0639_000_uk_n_00000000_f_r.png,0639terrakion,terrakion_shiny.png,/content/drive/MyDrive/612 data/ProjectPokemonCleaned/0639terrakion/poke_capture_0639_000_uk_n_00000000_f_r.png,/content/drive/MyDrive/612 data/PokeSpriteCleaned/0639terrakion/terrakion_shiny.png
1411,0641tornadus,poke_capture_0641_000_mo_n_00000000_f_n.png,0641tornadus,tornadus.png,/content/drive/MyDrive/612 data/ProjectPokemonCleaned/0641tornadus/poke_capture_0641_000_mo_n_00000000_f_n.png,/content/drive/MyDrive/612 data/PokeSpriteCleaned/0641tornadus/tornadus.png
1412,0641tornadus,poke_capture_0641_000_mo_n_00000000_f_r.png,0641tornadus,tornadus_shiny.png,/content/drive/MyDrive/612 data/ProjectPokemonCleaned/0641tornadus/poke_capture_0641_000_mo_n_00000000_f_r.png,/content/drive/MyDrive/612 data/PokeSpriteCleaned/0641tornadus/tornadus_shiny.png
1413,0641tornadus,poke_capture_0641_001_mo_n_00000000_f_n.png,0641tornadus,tornadus-therian.png,/content/drive/MyDrive/612 data/ProjectPokemonCleaned/0641tornadus/poke_capture_0641_001_mo_n_00000000_f_n.png,/content/drive/MyDrive/612 data/PokeSpriteCleaned/0641tornadus/tornadus-therian.png
1414,0641tornadus,poke_capture_0641_001_mo_n_00000000_f_r.png,0641tornadus,tornadus-therian_shiny.png,/content/drive/MyDrive/612 data/ProjectPokemonCleaned/0641tornadus/poke_capture_0641_001_mo_n_00000000_f_r.png,/content/drive/MyDrive/612 data/PokeSpriteCleaned/0641tornadus/tornadus-therian_shiny.png
1415,0644zekrom,poke_capture_0644_000_uk_n_00000000_f_n.png,0644zekrom,zekrom.png,/content/drive/MyDrive/612 data/ProjectPokemonCleaned/0644zekrom/poke_capture_0644_000_uk_n_00000000_f_n.png,/content/drive/MyDrive/612 data/PokeSpriteCleaned/0644zekrom/zekrom.png
1416,0644zekrom,poke_capture_0644_000_uk_n_00000000_f_r.png,0644zekrom,zekrom_shiny.png,/content/drive/MyDrive/612 data/ProjectPokemonCleaned/0644zekrom/poke_capture_0644_000_uk_n_00000000_f_r.png,/content/drive/MyDrive/612 data/PokeSpriteCleaned/0644zekrom/zekrom_shiny.png
1417,0645landorus,poke_capture_0645_000_mo_n_00000000_f_n.png,0645landorus,landorus.png,/content/drive/MyDrive/612 data/ProjectPokemonCleaned/0645landorus/poke_capture_0645_000_mo_n_00000000_f_n.png,/content/drive/MyDrive/612 data/PokeSpriteCleaned/0645landorus/landorus.png
1418,0645landorus,poke_capture_0645_000_mo_n_00000000_f_r.png,0645landorus,landorus_shiny.png,/content/drive/MyDrive/612 data/ProjectPokemonCleaned/0645landorus/poke_capture_0645_000_mo_n_00000000_f_r.png,/content/drive/MyDrive/612 data/PokeSpriteCleaned/0645landorus/landorus_shiny.png
1419,0645landorus,poke_capture_0645_001_mo_n_00000000_f_n.png,0645landorus,landorus-therian.png,/content/drive/MyDrive/612 data/ProjectPokemonCleaned/0645landorus/poke_capture_0645_001_mo_n_00000000_f_n.png,/content/drive/MyDrive/612 data/PokeSpriteCleaned/0645landorus/landorus-therian.png
1420,0645landorus,poke_capture_0645_001_mo_n_00000000_f_r.png,0645landorus,landorus-therian_shiny.png,/content/drive/MyDrive/612 data/ProjectPokemonCleaned/0645landorus/poke_capture_0645_001_mo_n_00000000_f_r.png,/content/drive/MyDrive/612 data/PokeSpriteCleaned/0645landorus/landorus-therian_shiny.png
1421,0646kyurem,poke_capture_0646_000_uk_n_00000000_f_n.png,0646kyurem,kyurem.png,/content/drive/MyDrive/612 data/ProjectPokemonCleaned/0646kyurem/poke_capture_0646_000_uk_n_00000000_f_n.png,/content/drive/MyDrive/612 data/PokeSpriteCleaned/0646kyurem/kyurem.png
1422,0646kyurem,poke_capture_0646_000_uk_n_00000000_f_r.png,0646kyurem,kyurem_shiny.png,/content/drive/MyDrive/612 data/ProjectPokemonCleaned/0646kyurem/poke_capture_0646_000_uk_n_00000000_f_r.png,/content/drive/MyDrive/612 data/PokeSpriteCleaned/0646kyurem/kyurem_shiny.png
1423,0646kyurem,poke_capture_0646_001_uk_n_00000000_f_n.png,0646kyurem,kyurem-white.png,/content/drive/MyDrive/612 data/ProjectPokemonCleaned/0646kyurem/poke_capture_0646_001_uk_n_00000000_f_n.png,/content/drive/MyDrive/612 data/PokeSpriteCleaned/0646kyurem/kyurem-white.png
1424,0646kyurem,poke_capture_0646_001_uk_n_00000000_f_r.png,0646kyurem,kyurem-white_shiny.png,/content/drive/MyDrive/612 data/ProjectPokemonCleaned/0646kyurem/poke_capture_0646_001_uk_n_00000000_f_r.png,/content/drive/MyDrive/612 data/PokeSpriteCleaned/0646kyurem/kyurem-white_shiny.png
1425,0647keldeo,poke_capture_0647_000_uk_n_00000000_f_n.png,0647keldeo,keldeo.png,/content/drive/MyDrive/612 data/ProjectPokemonCleaned/0647keldeo/poke_capture_0647_000_uk_n_00000000_f_n.png,/content/drive/MyDrive/612 data/PokeSpriteCleaned/0647keldeo/keldeo.png
1426,0647keldeo,poke_capture_0647_000_uk_n_00000000_f_r.png,0647keldeo,keldeo_shiny.png,/content/drive/MyDrive/612 data/ProjectPokemonCleaned/0647keldeo/poke_capture_0647_000_uk_n_00000000_f_r.png,/content/drive/MyDrive/612 data/PokeSpriteCleaned/0647keldeo/keldeo_shiny.png
1427,0648meloetta,poke_capture_0648_000_uk_n_00000000_f_n.png,0648meloetta,meloetta.png,/content/drive/MyDrive/612 data/ProjectPokemonCleaned/0648meloetta/poke_capture_0648_000_uk_n_00000000_f_n.png,/content/drive/MyDrive/612 data/PokeSpriteCleaned/0648meloetta/meloetta.png
1428,0648meloetta,poke_capture_0648_000_uk_n_00000000_f_r.png,0648meloetta,meloetta_shiny.png,/content/drive/MyDrive/612 data/ProjectPokemonCleaned/0648meloetta/poke_capture_0648_000_uk_n_00000000_f_r.png,/content/drive/MyDrive/612 data/PokeSpriteCleaned/0648meloetta/meloetta_shiny.png
1429,0648meloetta,poke_capture_0648_001_uk_n_00000000_f_n.png,0648meloetta,meloetta-pirouette.png,/content/drive/MyDrive/612 data/ProjectPokemonCleaned/0648meloetta/poke_capture_0648_001_uk_n_00000000_f_n.png,/content/drive/MyDrive/612 data/PokeSpriteCleaned/0648meloetta/meloetta-pirouette.png
1430,0648meloetta,poke_capture_0648_001_uk_n_00000000_f_r.png,0648meloetta,meloetta-pirouette_shiny.png,/content/drive/MyDrive/612 data/ProjectPokemonCleaned/0648meloetta/poke_capture_0648_001_uk_n_00000000_f_r.png,/content/drive/MyDrive/612 data/PokeSpriteCleaned/0648meloetta/meloetta-pirouette_shiny.png
1431,0649genesect,poke_capture_0649_000_uk_n_00000000_f_n.png,0649genesect,genesect.png,/content/drive/MyDrive/612 data/ProjectPokemonCleaned/0649genesect/poke_capture_0649_000_uk_n_00000000_f_n.png,/content/drive/MyDrive/612 data/PokeSpriteCleaned/0649genesect/genesect.png
1432,0649genesect,poke_capture_0649_000_uk_n_00000000_f_r.png,0649genesect,genesect_shiny.png,/content/drive/MyDrive/612 data/ProjectPokemonCleaned/0649genesect/poke_capture_0649_000_uk_n_00000000_f_r.png,/content/drive/MyDrive/612 data/PokeSpriteCleaned/0649genesect/genesect_shiny.png
1433,0649genesect,poke_capture_0649_001_uk_n_00000000_f_n.png,0649genesect,genesect-douse.png,/content/drive/MyDrive/612 data/ProjectPokemonCleaned/0649genesect/poke_capture_0649_001_uk_n_00000000_f_n.png,/content/drive/MyDrive/612 data/PokeSpriteCleaned/0649genesect/genesect-douse.png
1434,0649genesect,poke_capture_0649_001_uk_n_00000000_f_r.png,0649genesect,genesect-douse_shiny.png,/content/drive/MyDrive/612 data/ProjectPokemonCleaned/0649genesect/poke_capture_0649_001_uk_n_00000000_f_r.png,/content/drive/MyDrive/612 data/PokeSpriteCleaned/0649genesect/genesect-douse_shiny.png
1435,0649genesect,poke_capture_0649_002_uk_n_00000000_f_n.png,0649genesect,genesect-shock.png,/content/drive/MyDrive/612 data/ProjectPokemonCleaned/0649genesect/poke_capture_0649_002_uk_n_00000000_f_n.png,/content/drive/MyDrive/612 data/PokeSpriteCleaned/0649genesect/genesect-shock.png
1436,0649genesect,poke_capture_0649_002_uk_n_00000000_f_r.png,0649genesect,genesect-shock_shiny.png,/content/drive/MyDrive/612 data/ProjectPokemonCleaned/0649genesect/poke_capture_0649_002_uk_n_00000000_f_r.png,/content/drive/MyDrive/612 data/PokeSpriteCleaned/0649genesect/genesect-shock_shiny.png
1437,0649genesect,poke_capture_0649_003_uk_n_00000000_f_n.png,0649genesect,genesect-burn.png,/content/drive/MyDrive/612 data/ProjectPokemonCleaned/0649genesect/poke_capture_0649_003_uk_n_00000000_f_n.png,/content/drive/MyDrive/612 data/PokeSpriteCleaned/0649genesect/genesect-burn.png
1438,0649genesect,poke_capture_0649_003_uk_n_00000000_f_r.png,0649genesect,genesect-burn_shiny.png,/content/drive/MyDrive/612 data/ProjectPokemonCleaned/0649genesect/poke_capture_0649_003_uk_n_00000000_f_r.png,/content/drive/MyDrive/612 data/PokeSpriteCleaned/0649genesect/genesect-burn_shiny.png
1439,0649genesect,poke_capture_0649_004_uk_n_00000000_f_n.png,0649genesect,genesect-chill.png,/content/drive/MyDrive/612 data/ProjectPokemonCleaned/0649genesect/poke_capture_0649_004_uk_n_00000000_f_n.png,/content/drive/MyDrive/612 data/PokeSpriteCleaned/0649genesect/genesect-chill.png
1440,0649genesect,poke_capture_0649_004_uk_n_00000000_f_r.png,0649genesect,genesect-chill_shiny.png,/content/drive/MyDrive/612 data/ProjectPokemonCleaned/0649genesect/poke_capture_0649_004_uk_n_00000000_f_r.png,/content/drive/MyDrive/612 data/PokeSpriteCleaned/0649genesect/genesect-chill_shiny.png
1441,0650chespin,poke_capture_0650_000_mf_n_00000000_f_n.png,0650chespin,chespin.png,/content/drive/MyDrive/612 data/ProjectPokemonCleaned/0650chespin/poke_capture_0650_000_mf_n_00000000_f_n.png,/content/drive/MyDrive/612 data/PokeSpriteCleaned/0650chespin/chespin.png
1442,0650chespin,poke_capture_0650_000_mf_n_00000000_f_r.png,0650chespin,chespin_shiny.png,/content/drive/MyDrive/612 data/ProjectPokemonCleaned/0650chespin/poke_capture_0650_000_mf_n_00000000_f_r.png,/content/drive/MyDrive/612 data/PokeSpriteCleaned/0650chespin/chespin_shiny.png
1443,0651quilladin,poke_capture_0651_000_mf_n_00000000_f_n.png,0651quilladin,quilladin.png,/content/drive/MyDrive/612 data/ProjectPokemonCleaned/0651quilladin/poke_capture_0651_000_mf_n_00000000_f_n.png,/content/drive/MyDrive/612 data/PokeSpriteCleaned/0651quilladin/quilladin.png
1444,0651quilladin,poke_capture_0651_000_mf_n_00000000_f_r.png,0651quilladin,quilladin_shiny.png,/content/drive/MyDrive/612 data/ProjectPokemonCleaned/0651quilladin/poke_capture_0651_000_mf_n_00000000_f_r.png,/content/drive/MyDrive/612 data/PokeSpriteCleaned/0651quilladin/quilladin_shiny.png
1445,0652chesnaught,poke_capture_0652_000_mf_n_00000000_f_n.png,0652chesnaught,chesnaught.png,/content/drive/MyDrive/612 data/ProjectPokemonCleaned/0652chesnaught/poke_capture_0652_000_mf_n_00000000_f_n.png,/content/drive/MyDrive/612 data/PokeSpriteCleaned/0652chesnaught/chesnaught.png
1446,0652chesnaught,poke_capture_0652_000_mf_n_00000000_f_r.png,0652chesnaught,chesnaught_shiny.png,/content/drive/MyDrive/612 data/ProjectPokemonCleaned/0652chesnaught/poke_capture_0652_000_mf_n_00000000_f_r.png,/content/drive/MyDrive/612 data/PokeSpriteCleaned/0652chesnaught/chesnaught_shiny.png
1447,0654braixen,poke_capture_0654_000_mf_n_00000000_f_n.png,0654braixen,braixen.png,/content/drive/MyDrive/612 data/ProjectPokemonCleaned/0654braixen/poke_capture_0654_000_mf_n_00000000_f_n.png,/content/drive/MyDrive/612 data/PokeSpriteCleaned/0654braixen/braixen.png
1448,0654braixen,poke_capture_0654_000_mf_n_00000000_f_r.png,0654braixen,braixen_shiny.png,/content/drive/MyDrive/612 data/ProjectPokemonCleaned/0654braixen/poke_capture_0654_000_mf_n_00000000_f_r.png,/content/drive/MyDrive/612 data/PokeSpriteCleaned/0654braixen/braixen_shiny.png
1449,0655delphox,poke_capture_0655_000_mf_n_00000000_f_n.png,0655delphox,delphox.png,/content/drive/MyDrive/612 data/ProjectPokemonCleaned/0655delphox/poke_capture_0655_000_mf_n_00000000_f_n.png,/content/drive/MyDrive/612 data/PokeSpriteCleaned/0655delphox/delphox.png
1450,0655delphox,poke_capture_0655_000_mf_n_00000000_f_r.png,0655delphox,delphox_shiny.png,/content/drive/MyDrive/612 data/ProjectPokemonCleaned/0655delphox/poke_capture_0655_000_mf_n_00000000_f_r.png,/content/drive/MyDrive/612 data/PokeSpriteCleaned/0655delphox/delphox_shiny.png
1451,0657frogadier,poke_capture_0657_000_mf_n_00000000_f_n.png,0657frogadier,frogadier.png,/content/drive/MyDrive/612 data/ProjectPokemonCleaned/0657frogadier/poke_capture_0657_000_mf_n_00000000_f_n.png,/content/drive/MyDrive/612 data/PokeSpriteCleaned/0657frogadier/frogadier.png
1452,0657frogadier,poke_capture_0657_000_mf_n_00000000_f_r.png,0657frogadier,frogadier_shiny.png,/content/drive/MyDrive/612 data/ProjectPokemonCleaned/0657frogadier/poke_capture_0657_000_mf_n_00000000_f_r.png,/content/drive/MyDrive/612 data/PokeSpriteCleaned/0657frogadier/frogadier_shiny.png
1453,0658greninja,poke_capture_0658_002_mo_n_00000000_f_n.png,0658greninja,greninja-ash.png,/content/drive/MyDrive/612 data/ProjectPokemonCleaned/0658greninja/poke_capture_0658_002_mo_n_00000000_f_n.png,/content/drive/MyDrive/612 data/PokeSpriteCleaned/0658greninja/greninja-ash.png
1454,0658greninja,poke_capture_0658_002_mo_n_00000000_f_r.png,0658greninja,greninja-ash_shiny.png,/content/drive/MyDrive/612 data/ProjectPokemonCleaned/0658greninja/poke_capture_0658_002_mo_n_00000000_f_r.png,/content/drive/MyDrive/612 data/PokeSpriteCleaned/0658greninja/greninja-ash_shiny.png
1455,0659bunnelby,poke_capture_0659_000_mf_n_00000000_f_n.png,0659bunnelby,bunnelby.png,/content/drive/MyDrive/612 data/ProjectPokemonCleaned/0659bunnelby/poke_capture_0659_000_mf_n_00000000_f_n.png,/content/drive/MyDrive/612 data/PokeSpriteCleaned/0659bunnelby/bunnelby.png
1456,0659bunnelby,poke_capture_0659_000_mf_n_00000000_f_r.png,0659bunnelby,bunnelby_shiny.png,/content/drive/MyDrive/612 data/ProjectPokemonCleaned/0659bunnelby/poke_capture_0659_000_mf_n_00000000_f_r.png,/content/drive/MyDrive/612 data/PokeSpriteCleaned/0659bunnelby/bunnelby_shiny.png
1457,0660diggersby,poke_capture_0660_000_mf_n_00000000_f_n.png,0660diggersby,diggersby.png,/content/drive/MyDrive/612 data/ProjectPokemonCleaned/0660diggersby/poke_capture_0660_000_mf_n_00000000_f_n.png,/content/drive/MyDrive/612 data/PokeSpriteCleaned/0660diggersby/diggersby.png
1458,0660diggersby,poke_capture_0660_000_mf_n_00000000_f_r.png,0660diggersby,diggersby_shiny.png,/content/drive/MyDrive/612 data/ProjectPokemonCleaned/0660diggersby/poke_capture_0660_000_mf_n_00000000_f_r.png,/content/drive/MyDrive/612 data/PokeSpriteCleaned/0660diggersby/diggersby_shiny.png
1459,0661fletchling,poke_capture_0661_000_mf_n_00000000_f_n.png,0661fletchling,fletchling.png,/content/drive/MyDrive/612 data/ProjectPokemonCleaned/0661fletchling/poke_capture_0661_000_mf_n_00000000_f_n.png,/content/drive/MyDrive/612 data/PokeSpriteCleaned/0661fletchling/fletchling.png
1460,0661fletchling,poke_capture_0661_000_mf_n_00000000_f_r.png,0661fletchling,fletchling_shiny.png,/content/drive/MyDrive/612 data/ProjectPokemonCleaned/0661fletchling/poke_capture_0661_000_mf_n_00000000_f_r.png,/content/drive/MyDrive/612 data/PokeSpriteCleaned/0661fletchling/fletchling_shiny.png
1461,0662fletchinder,poke_capture_0662_000_mf_n_00000000_f_n.png,0662fletchinder,fletchinder.png,/content/drive/MyDrive/612 data/ProjectPokemonCleaned/0662fletchinder/poke_capture_0662_000_mf_n_00000000_f_n.png,/content/drive/MyDrive/612 data/PokeSpriteCleaned/0662fletchinder/fletchinder.png
1462,0662fletchinder,poke_capture_0662_000_mf_n_00000000_f_r.png,0662fletchinder,fletchinder_shiny.png,/content/drive/MyDrive/612 data/ProjectPokemonCleaned/0662fletchinder/poke_capture_0662_000_mf_n_00000000_f_r.png,/content/drive/MyDrive/612 data/PokeSpriteCleaned/0662fletchinder/fletchinder_shiny.png
1463,0663talonflame,poke_capture_0663_000_mf_n_00000000_f_n.png,0663talonflame,talonflame.png,/content/drive/MyDrive/612 data/ProjectPokemonCleaned/0663talonflame/poke_capture_0663_000_mf_n_00000000_f_n.png,/content/drive/MyDrive/612 data/PokeSpriteCleaned/0663talonflame/talonflame.png
1464,0663talonflame,poke_capture_0663_000_mf_n_00000000_f_r.png,0663talonflame,talonflame_shiny.png,/content/drive/MyDrive/612 data/ProjectPokemonCleaned/0663talonflame/poke_capture_0663_000_mf_n_00000000_f_r.png,/content/drive/MyDrive/612 data/PokeSpriteCleaned/0663talonflame/talonflame_shiny.png
1465,0664scatterbug,poke_capture_0664_000_mf_n_00000000_f_n.png,0664scatterbug,scatterbug.png,/content/drive/MyDrive/612 data/ProjectPokemonCleaned/0664scatterbug/poke_capture_0664_000_mf_n_00000000_f_n.png,/content/drive/MyDrive/612 data/PokeSpriteCleaned/0664scatterbug/scatterbug.png
1466,0664scatterbug,poke_capture_0664_000_mf_n_00000000_f_r.png,0664scatterbug,scatterbug_shiny.png,/content/drive/MyDrive/612 data/ProjectPokemonCleaned/0664scatterbug/poke_capture_0664_000_mf_n_00000000_f_r.png,/content/drive/MyDrive/612 data/PokeSpriteCleaned/0664scatterbug/scatterbug_shiny.png
1467,0665spewpa,poke_capture_0665_000_mf_n_00000000_f_n.png,0665spewpa,spewpa.png,/content/drive/MyDrive/612 data/ProjectPokemonCleaned/0665spewpa/poke_capture_0665_000_mf_n_00000000_f_n.png,/content/drive/MyDrive/612 data/PokeSpriteCleaned/0665spewpa/spewpa.png
1468,0665spewpa,poke_capture_0665_000_mf_n_00000000_f_r.png,0665spewpa,spewpa_shiny.png,/content/drive/MyDrive/612 data/ProjectPokemonCleaned/0665spewpa/poke_capture_0665_000_mf_n_00000000_f_r.png,/content/drive/MyDrive/612 data/PokeSpriteCleaned/0665spewpa/spewpa_shiny.png
1469,0666vivillon,poke_capture_0666_000_mf_n_00000000_f_n.png,0666vivillon,vivillon-icy-snow.png,/content/drive/MyDrive/612 data/ProjectPokemonCleaned/0666vivillon/poke_capture_0666_000_mf_n_00000000_f_n.png,/content/drive/MyDrive/612 data/PokeSpriteCleaned/0666vivillon/vivillon-icy-snow.png
1470,0666vivillon,poke_capture_0666_000_mf_n_00000000_f_r.png,0666vivillon,vivillon-icy-snow_shiny.png,/content/drive/MyDrive/612 data/ProjectPokemonCleaned/0666vivillon/poke_capture_0666_000_mf_n_00000000_f_r.png,/content/drive/MyDrive/612 data/PokeSpriteCleaned/0666vivillon/vivillon-icy-snow_shiny.png
1471,0666vivillon,poke_capture_0666_001_mf_n_00000000_f_n.png,0666vivillon,vivillon-polar.png,/content/drive/MyDrive/612 data/ProjectPokemonCleaned/0666vivillon/poke_capture_0666_001_mf_n_00000000_f_n.png,/content/drive/MyDrive/612 data/PokeSpriteCleaned/0666vivillon/vivillon-polar.png
1472,0666vivillon,poke_capture_0666_001_mf_n_00000000_f_r.png,0666vivillon,vivillon-polar_shiny.png,/content/drive/MyDrive/612 data/ProjectPokemonCleaned/0666vivillon/poke_capture_0666_001_mf_n_00000000_f_r.png,/content/drive/MyDrive/612 data/PokeSpriteCleaned/0666vivillon/vivillon-polar_shiny.png
1473,0666vivillon,poke_capture_0666_002_mf_n_00000000_f_n.png,0666vivillon,vivillon-tundra.png,/content/drive/MyDrive/612 data/ProjectPokemonCleaned/0666vivillon/poke_capture_0666_002_mf_n_00000000_f_n.png,/content/drive/MyDrive/612 data/PokeSpriteCleaned/0666vivillon/vivillon-tundra.png
1474,0666vivillon,poke_capture_0666_002_mf_n_00000000_f_r.png,0666vivillon,vivillon-tundra_shiny.png,/content/drive/MyDrive/612 data/ProjectPokemonCleaned/0666vivillon/poke_capture_0666_002_mf_n_00000000_f_r.png,/content/drive/MyDrive/612 data/PokeSpriteCleaned/0666vivillon/vivillon-tundra_shiny.png
1475,0666vivillon,poke_capture_0666_003_mf_n_00000000_f_n.png,0666vivillon,vivillon-continental.png,/content/drive/MyDrive/612 data/ProjectPokemonCleaned/0666vivillon/poke_capture_0666_003_mf_n_00000000_f_n.png,/content/drive/MyDrive/612 data/PokeSpriteCleaned/0666vivillon/vivillon-continental.png
1476,0666vivillon,poke_capture_0666_003_mf_n_00000000_f_r.png,0666vivillon,vivillon-continental_shiny.png,/content/drive/MyDrive/612 data/ProjectPokemonCleaned/0666vivillon/poke_capture_0666_003_mf_n_00000000_f_r.png,/content/drive/MyDrive/612 data/PokeSpriteCleaned/0666vivillon/vivillon-continental_shiny.png
1477,0666vivillon,poke_capture_0666_004_mf_n_00000000_f_n.png,0666vivillon,vivillon-garden.png,/content/drive/MyDrive/612 data/ProjectPokemonCleaned/0666vivillon/poke_capture_0666_004_mf_n_00000000_f_n.png,/content/drive/MyDrive/612 data/PokeSpriteCleaned/0666vivillon/vivillon-garden.png
1478,0666vivillon,poke_capture_0666_004_mf_n_00000000_f_r.png,0666vivillon,vivillon-garden_shiny.png,/content/drive/MyDrive/612 data/ProjectPokemonCleaned/0666vivillon/poke_capture_0666_004_mf_n_00000000_f_r.png,/content/drive/MyDrive/612 data/PokeSpriteCleaned/0666vivillon/vivillon-garden_shiny.png
1479,0666vivillon,poke_capture_0666_005_mf_n_00000000_f_n.png,0666vivillon,vivillon-elegant.png,/content/drive/MyDrive/612 data/ProjectPokemonCleaned/0666vivillon/poke_capture_0666_005_mf_n_00000000_f_n.png,/content/drive/MyDrive/612 data/PokeSpriteCleaned/0666vivillon/vivillon-elegant.png
1480,0666vivillon,poke_capture_0666_005_mf_n_00000000_f_r.png,0666vivillon,vivillon-elegant_shiny.png,/content/drive/MyDrive/612 data/ProjectPokemonCleaned/0666vivillon/poke_capture_0666_005_mf_n_00000000_f_r.png,/content/drive/MyDrive/612 data/PokeSpriteCleaned/0666vivillon/vivillon-elegant_shiny.png
1481,0666vivillon,poke_capture_0666_006_mf_n_00000000_f_n.png,0666vivillon,vivillon.png,/content/drive/MyDrive/612 data/ProjectPokemonCleaned/0666vivillon/poke_capture_0666_006_mf_n_00000000_f_n.png,/content/drive/MyDrive/612 data/PokeSpriteCleaned/0666vivillon/vivillon.png
1482,0666vivillon,poke_capture_0666_006_mf_n_00000000_f_r.png,0666vivillon,vivillon_shiny.png,/content/drive/MyDrive/612 data/ProjectPokemonCleaned/0666vivillon/poke_capture_0666_006_mf_n_00000000_f_r.png,/content/drive/MyDrive/612 data/PokeSpriteCleaned/0666vivillon/vivillon_shiny.png
1483,0666vivillon,poke_capture_0666_007_mf_n_00000000_f_n.png,0666vivillon,vivillon-modern.png,/content/drive/MyDrive/612 data/ProjectPokemonCleaned/0666vivillon/poke_capture_0666_007_mf_n_00000000_f_n.png,/content/drive/MyDrive/612 data/PokeSpriteCleaned/0666vivillon/vivillon-modern.png
1484,0666vivillon,poke_capture_0666_007_mf_n_00000000_f_r.png,0666vivillon,vivillon-modern_shiny.png,/content/drive/MyDrive/612 data/ProjectPokemonCleaned/0666vivillon/poke_capture_0666_007_mf_n_00000000_f_r.png,/content/drive/MyDrive/612 data/PokeSpriteCleaned/0666vivillon/vivillon-modern_shiny.png
1485,0666vivillon,poke_capture_0666_008_mf_n_00000000_f_n.png,0666vivillon,vivillon-marine.png,/content/drive/MyDrive/612 data/ProjectPokemonCleaned/0666vivillon/poke_capture_0666_008_mf_n_00000000_f_n.png,/content/drive/MyDrive/612 data/PokeSpriteCleaned/0666vivillon/vivillon-marine.png
1486,0666vivillon,poke_capture_0666_008_mf_n_00000000_f_r.png,0666vivillon,vivillon-marine_shiny.png,/content/drive/MyDrive/612 data/ProjectPokemonCleaned/0666vivillon/poke_capture_0666_008_mf_n_00000000_f_r.png,/content/drive/MyDrive/612 data/PokeSpriteCleaned/0666vivillon/vivillon-marine_shiny.png
1487,0666vivillon,poke_capture_0666_009_mf_n_00000000_f_n.png,0666vivillon,vivillon-archipelago.png,/content/drive/MyDrive/612 data/ProjectPokemonCleaned/0666vivillon/poke_capture_0666_009_mf_n_00000000_f_n.png,/content/drive/MyDrive/612 data/PokeSpriteCleaned/0666vivillon/vivillon-archipelago.png
1488,0666vivillon,poke_capture_0666_009_mf_n_00000000_f_r.png,0666vivillon,vivillon-archipelago_shiny.png,/content/drive/MyDrive/612 data/ProjectPokemonCleaned/0666vivillon/poke_capture_0666_009_mf_n_00000000_f_r.png,/content/drive/MyDrive/612 data/PokeSpriteCleaned/0666vivillon/vivillon-archipelago_shiny.png
1489,0666vivillon,poke_capture_0666_010_mf_n_00000000_f_n.png,0666vivillon,vivillon-high-plains.png,/content/drive/MyDrive/612 data/ProjectPokemonCleaned/0666vivillon/poke_capture_0666_010_mf_n_00000000_f_n.png,/content/drive/MyDrive/612 data/PokeSpriteCleaned/0666vivillon/vivillon-high-plains.png
1490,0666vivillon,poke_capture_0666_010_mf_n_00000000_f_r.png,0666vivillon,vivillon-high-plains_shiny.png,/content/drive/MyDrive/612 data/ProjectPokemonCleaned/0666vivillon/poke_capture_0666_010_mf_n_00000000_f_r.png,/content/drive/MyDrive/612 data/PokeSpriteCleaned/0666vivillon/vivillon-high-plains_shiny.png
1491,0666vivillon,poke_capture_0666_011_mf_n_00000000_f_n.png,0666vivillon,vivillon-sandstorm.png,/content/drive/MyDrive/612 data/ProjectPokemonCleaned/0666vivillon/poke_capture_0666_011_mf_n_00000000_f_n.png,/content/drive/MyDrive/612 data/PokeSpriteCleaned/0666vivillon/vivillon-sandstorm.png
1492,0666vivillon,poke_capture_0666_011_mf_n_00000000_f_r.png,0666vivillon,vivillon-sandstorm_shiny.png,/content/drive/MyDrive/612 data/ProjectPokemonCleaned/0666vivillon/poke_capture_0666_011_mf_n_00000000_f_r.png,/content/drive/MyDrive/612 data/PokeSpriteCleaned/0666vivillon/vivillon-sandstorm_shiny.png
1493,0666vivillon,poke_capture_0666_012_mf_n_00000000_f_n.png,0666vivillon,vivillon-river.png,/content/drive/MyDrive/612 data/ProjectPokemonCleaned/0666vivillon/poke_capture_0666_012_mf_n_00000000_f_n.png,/content/drive/MyDrive/612 data/PokeSpriteCleaned/0666vivillon/vivillon-river.png
1494,0666vivillon,poke_capture_0666_012_mf_n_00000000_f_r.png,0666vivillon,vivillon-river_shiny.png,/content/drive/MyDrive/612 data/ProjectPokemonCleaned/0666vivillon/poke_capture_0666_012_mf_n_00000000_f_r.png,/content/drive/MyDrive/612 data/PokeSpriteCleaned/0666vivillon/vivillon-river_shiny.png
1495,0666vivillon,poke_capture_0666_013_mf_n_00000000_f_n.png,0666vivillon,vivillon-monsoon.png,/content/drive/MyDrive/612 data/ProjectPokemonCleaned/0666vivillon/poke_capture_0666_013_mf_n_00000000_f_n.png,/content/drive/MyDrive/612 data/PokeSpriteCleaned/0666vivillon/vivillon-monsoon.png
1496,0666vivillon,poke_capture_0666_013_mf_n_00000000_f_r.png,0666vivillon,vivillon-monsoon_shiny.png,/content/drive/MyDrive/612 data/ProjectPokemonCleaned/0666vivillon/poke_capture_0666_013_mf_n_00000000_f_r.png,/content/drive/MyDrive/612 data/PokeSpriteCleaned/0666vivillon/vivillon-monsoon_shiny.png
1497,0666vivillon,poke_capture_0666_014_mf_n_00000000_f_n.png,0666vivillon,vivillon-savanna.png,/content/drive/MyDrive/612 data/ProjectPokemonCleaned/0666vivillon/poke_capture_0666_014_mf_n_00000000_f_n.png,/content/drive/MyDrive/612 data/PokeSpriteCleaned/0666vivillon/vivillon-savanna.png
1498,0666vivillon,poke_capture_0666_014_mf_n_00000000_f_r.png,0666vivillon,vivillon-savanna_shiny.png,/content/drive/MyDrive/612 data/ProjectPokemonCleaned/0666vivillon/poke_capture_0666_014_mf_n_00000000_f_r.png,/content/drive/MyDrive/612 data/PokeSpriteCleaned/0666vivillon/vivillon-savanna_shiny.png
1499,0666vivillon,poke_capture_0666_015_mf_n_00000000_f_n.png,0666vivillon,vivillon-sun.png,/content/drive/MyDrive/612 data/ProjectPokemonCleaned/0666vivillon/poke_capture_0666_015_mf_n_00000000_f_n.png,/content/drive/MyDrive/612 data/PokeSpriteCleaned/0666vivillon/vivillon-sun.png
1500,0666vivillon,poke_capture_0666_015_mf_n_00000000_f_r.png,0666vivillon,vivillon-sun_shiny.png,/content/drive/MyDrive/612 data/ProjectPokemonCleaned/0666vivillon/poke_capture_0666_015_mf_n_00000000_f_r.png,/content/drive/MyDrive/612 data/PokeSpriteCleaned/0666vivillon/vivillon-sun_shiny.png
1501,0666vivillon,poke_capture_0666_016_mf_n_00000000_f_n.png,0666vivillon,vivillon-ocean.png,/content/drive/MyDrive/612 data/ProjectPokemonCleaned/0666vivillon/poke_capture_0666_016_mf_n_00000000_f_n.png,/content/drive/MyDrive/612 data/PokeSpriteCleaned/0666vivillon/vivillon-ocean.png
1502,0666vivillon,poke_capture_0666_016_mf_n_00000000_f_r.png,0666vivillon,vivillon-ocean_shiny.png,/content/drive/MyDrive/612 data/ProjectPokemonCleaned/0666vivillon/poke_capture_0666_016_mf_n_00000000_f_r.png,/content/drive/MyDrive/612 data/PokeSpriteCleaned/0666vivillon/vivillon-ocean_shiny.png
1503,0666vivillon,poke_capture_0666_017_mf_n_00000000_f_n.png,0666vivillon,vivillon-jungle.png,/content/drive/MyDrive/612 data/ProjectPokemonCleaned/0666vivillon/poke_capture_0666_017_mf_n_00000000_f_n.png,/content/drive/MyDrive/612 data/PokeSpriteCleaned/0666vivillon/vivillon-jungle.png
1504,0666vivillon,poke_capture_0666_017_mf_n_00000000_f_r.png,0666vivillon,vivillon-jungle_shiny.png,/content/drive/MyDrive/612 data/ProjectPokemonCleaned/0666vivillon/poke_capture_0666_017_mf_n_00000000_f_r.png,/content/drive/MyDrive/612 data/PokeSpriteCleaned/0666vivillon/vivillon-jungle_shiny.png
1505,0666vivillon,poke_capture_0666_018_mf_n_00000000_f_n.png,0666vivillon,vivillon-fancy.png,/content/drive/MyDrive/612 data/ProjectPokemonCleaned/0666vivillon/poke_capture_0666_018_mf_n_00000000_f_n.png,/content/drive/MyDrive/612 data/PokeSpriteCleaned/0666vivillon/vivillon-fancy.png
1506,0666vivillon,poke_capture_0666_018_mf_n_00000000_f_r.png,0666vivillon,vivillon-fancy_shiny.png,/content/drive/MyDrive/612 data/ProjectPokemonCleaned/0666vivillon/poke_capture_0666_018_mf_n_00000000_f_r.png,/content/drive/MyDrive/612 data/PokeSpriteCleaned/0666vivillon/vivillon-fancy_shiny.png
1507,0666vivillon,poke_capture_0666_019_mf_n_00000000_f_n.png,0666vivillon,vivillon-poke-ball.png,/content/drive/MyDrive/612 data/ProjectPokemonCleaned/0666vivillon/poke_capture_0666_019_mf_n_00000000_f_n.png,/content/drive/MyDrive/612 data/PokeSpriteCleaned/0666vivillon/vivillon-poke-ball.png
1508,0666vivillon,poke_capture_0666_019_mf_n_00000000_f_r.png,0666vivillon,vivillon-poke-ball_shiny.png,/content/drive/MyDrive/612 data/ProjectPokemonCleaned/0666vivillon/poke_capture_0666_019_mf_n_00000000_f_r.png,/content/drive/MyDrive/612 data/PokeSpriteCleaned/0666vivillon/vivillon-poke-ball_shiny.png
1509,0667litleo,poke_capture_0667_000_mf_n_00000000_f_n.png,0667litleo,litleo.png,/content/drive/MyDrive/612 data/ProjectPokemonCleaned/0667litleo/poke_capture_0667_000_mf_n_00000000_f_n.png,/content/drive/MyDrive/612 data/PokeSpriteCleaned/0667litleo/litleo.png
1510,0667litleo,poke_capture_0667_000_mf_n_00000000_f_r.png,0667litleo,litleo_shiny.png,/content/drive/MyDrive/612 data/ProjectPokemonCleaned/0667litleo/poke_capture_0667_000_mf_n_00000000_f_r.png,/content/drive/MyDrive/612 data/PokeSpriteCleaned/0667litleo/litleo_shiny.png
1511,0668pyroar,poke_capture_0668_000_fd_n_00000000_f_n.png,0668pyroar,pyroar_female.png,/content/drive/MyDrive/612 data/ProjectPokemonCleaned/0668pyroar/poke_capture_0668_000_fd_n_00000000_f_n.png,/content/drive/MyDrive/612 data/PokeSpriteCleaned/0668pyroar/pyroar_female.png
1512,0668pyroar,poke_capture_0668_000_fd_n_00000000_f_r.png,0668pyroar,pyroar_shiny_female.png,/content/drive/MyDrive/612 data/ProjectPokemonCleaned/0668pyroar/poke_capture_0668_000_fd_n_00000000_f_r.png,/content/drive/MyDrive/612 data/PokeSpriteCleaned/0668pyroar/pyroar_shiny_female.png
1513,0669flabebe,poke_capture_0669_000_fo_n_00000000_f_n.png,0669flabebe,flabebe.png,/content/drive/MyDrive/612 data/ProjectPokemonCleaned/0669flabebe/poke_capture_0669_000_fo_n_00000000_f_n.png,/content/drive/MyDrive/612 data/PokeSpriteCleaned/0669flabebe/flabebe.png
1514,0669flabebe,poke_capture_0669_000_fo_n_00000000_f_r.png,0669flabebe,flabebe_shiny.png,/content/drive/MyDrive/612 data/ProjectPokemonCleaned/0669flabebe/poke_capture_0669_000_fo_n_00000000_f_r.png,/content/drive/MyDrive/612 data/PokeSpriteCleaned/0669flabebe/flabebe_shiny.png
1515,0669flabebe,poke_capture_0669_001_fo_n_00000000_f_n.png,0669flabebe,flabebe-yellow.png,/content/drive/MyDrive/612 data/ProjectPokemonCleaned/0669flabebe/poke_capture_0669_001_fo_n_00000000_f_n.png,/content/drive/MyDrive/612 data/PokeSpriteCleaned/0669flabebe/flabebe-yellow.png
1516,0669flabebe,poke_capture_0669_001_fo_n_00000000_f_r.png,0669flabebe,flabebe-yellow_shiny.png,/content/drive/MyDrive/612 data/ProjectPokemonCleaned/0669flabebe/poke_capture_0669_001_fo_n_00000000_f_r.png,/content/drive/MyDrive/612 data/PokeSpriteCleaned/0669flabebe/flabebe-yellow_shiny.png
1517,0669flabebe,poke_capture_0669_002_fo_n_00000000_f_n.png,0669flabebe,flabebe-orange.png,/content/drive/MyDrive/612 data/ProjectPokemonCleaned/0669flabebe/poke_capture_0669_002_fo_n_00000000_f_n.png,/content/drive/MyDrive/612 data/PokeSpriteCleaned/0669flabebe/flabebe-orange.png
1518,0669flabebe,poke_capture_0669_002_fo_n_00000000_f_r.png,0669flabebe,flabebe-orange_shiny.png,/content/drive/MyDrive/612 data/ProjectPokemonCleaned/0669flabebe/poke_capture_0669_002_fo_n_00000000_f_r.png,/content/drive/MyDrive/612 data/PokeSpriteCleaned/0669flabebe/flabebe-orange_shiny.png
1519,0669flabebe,poke_capture_0669_003_fo_n_00000000_f_n.png,0669flabebe,flabebe-blue.png,/content/drive/MyDrive/612 data/ProjectPokemonCleaned/0669flabebe/poke_capture_0669_003_fo_n_00000000_f_n.png,/content/drive/MyDrive/612 data/PokeSpriteCleaned/0669flabebe/flabebe-blue.png
1520,0669flabebe,poke_capture_0669_003_fo_n_00000000_f_r.png,0669flabebe,flabebe-blue_shiny.png,/content/drive/MyDrive/612 data/ProjectPokemonCleaned/0669flabebe/poke_capture_0669_003_fo_n_00000000_f_r.png,/content/drive/MyDrive/612 data/PokeSpriteCleaned/0669flabebe/flabebe-blue_shiny.png
1521,0669flabebe,poke_capture_0669_004_fo_n_00000000_f_n.png,0669flabebe,flabebe-white.png,/content/drive/MyDrive/612 data/ProjectPokemonCleaned/0669flabebe/poke_capture_0669_004_fo_n_00000000_f_n.png,/content/drive/MyDrive/612 data/PokeSpriteCleaned/0669flabebe/flabebe-white.png
1522,0669flabebe,poke_capture_0669_004_fo_n_00000000_f_r.png,0669flabebe,flabebe-white_shiny.png,/content/drive/MyDrive/612 data/ProjectPokemonCleaned/0669flabebe/poke_capture_0669_004_fo_n_00000000_f_r.png,/content/drive/MyDrive/612 data/PokeSpriteCleaned/0669flabebe/flabebe-white_shiny.png
1523,0671florges,poke_capture_0671_000_fo_n_00000000_f_n.png,0671florges,florges.png,/content/drive/MyDrive/612 data/ProjectPokemonCleaned/0671florges/poke_capture_0671_000_fo_n_00000000_f_n.png,/content/drive/MyDrive/612 data/PokeSpriteCleaned/0671florges/florges.png
1524,0671florges,poke_capture_0671_000_fo_n_00000000_f_r.png,0671florges,florges_shiny.png,/content/drive/MyDrive/612 data/ProjectPokemonCleaned/0671florges/poke_capture_0671_000_fo_n_00000000_f_r.png,/content/drive/MyDrive/612 data/PokeSpriteCleaned/0671florges/florges_shiny.png
1525,0671florges,poke_capture_0671_001_fo_n_00000000_f_n.png,0671florges,florges-yellow.png,/content/drive/MyDrive/612 data/ProjectPokemonCleaned/0671florges/poke_capture_0671_001_fo_n_00000000_f_n.png,/content/drive/MyDrive/612 data/PokeSpriteCleaned/0671florges/florges-yellow.png
1526,0671florges,poke_capture_0671_001_fo_n_00000000_f_r.png,0671florges,florges-yellow_shiny.png,/content/drive/MyDrive/612 data/ProjectPokemonCleaned/0671florges/poke_capture_0671_001_fo_n_00000000_f_r.png,/content/drive/MyDrive/612 data/PokeSpriteCleaned/0671florges/florges-yellow_shiny.png
1527,0671florges,poke_capture_0671_002_fo_n_00000000_f_n.png,0671florges,florges-orange.png,/content/drive/MyDrive/612 data/ProjectPokemonCleaned/0671florges/poke_capture_0671_002_fo_n_00000000_f_n.png,/content/drive/MyDrive/612 data/PokeSpriteCleaned/0671florges/florges-orange.png
1528,0671florges,poke_capture_0671_002_fo_n_00000000_f_r.png,0671florges,florges-orange_shiny.png,/content/drive/MyDrive/612 data/ProjectPokemonCleaned/0671florges/poke_capture_0671_002_fo_n_00000000_f_r.png,/content/drive/MyDrive/612 data/PokeSpriteCleaned/0671florges/florges-orange_shiny.png
1529,0671florges,poke_capture_0671_003_fo_n_00000000_f_n.png,0671florges,florges-blue.png,/content/drive/MyDrive/612 data/ProjectPokemonCleaned/0671florges/poke_capture_0671_003_fo_n_00000000_f_n.png,/content/drive/MyDrive/612 data/PokeSpriteCleaned/0671florges/florges-blue.png
1530,0671florges,poke_capture_0671_003_fo_n_00000000_f_r.png,0671florges,florges-blue_shiny.png,/content/drive/MyDrive/612 data/ProjectPokemonCleaned/0671florges/poke_capture_0671_003_fo_n_00000000_f_r.png,/content/drive/MyDrive/612 data/PokeSpriteCleaned/0671florges/florges-blue_shiny.png
1531,0671florges,poke_capture_0671_004_fo_n_00000000_f_n.png,0671florges,florges-white.png,/content/drive/MyDrive/612 data/ProjectPokemonCleaned/0671florges/poke_capture_0671_004_fo_n_00000000_f_n.png,/content/drive/MyDrive/612 data/PokeSpriteCleaned/0671florges/florges-white.png
1532,0671florges,poke_capture_0671_004_fo_n_00000000_f_r.png,0671florges,florges-white_shiny.png,/content/drive/MyDrive/612 data/ProjectPokemonCleaned/0671florges/poke_capture_0671_004_fo_n_00000000_f_r.png,/content/drive/MyDrive/612 data/PokeSpriteCleaned/0671florges/florges-white_shiny.png
1533,0672skiddo,poke_capture_0672_000_mf_n_00000000_f_n.png,0672skiddo,skiddo.png,/content/drive/MyDrive/612 data/ProjectPokemonCleaned/0672skiddo/poke_capture_0672_000_mf_n_00000000_f_n.png,/content/drive/MyDrive/612 data/PokeSpriteCleaned/0672skiddo/skiddo.png
1534,0672skiddo,poke_capture_0672_000_mf_n_00000000_f_r.png,0672skiddo,skiddo_shiny.png,/content/drive/MyDrive/612 data/ProjectPokemonCleaned/0672skiddo/poke_capture_0672_000_mf_n_00000000_f_r.png,/content/drive/MyDrive/612 data/PokeSpriteCleaned/0672skiddo/skiddo_shiny.png
1535,0673gogoat,poke_capture_0673_000_mf_n_00000000_f_n.png,0673gogoat,gogoat.png,/content/drive/MyDrive/612 data/ProjectPokemonCleaned/0673gogoat/poke_capture_0673_000_mf_n_00000000_f_n.png,/content/drive/MyDrive/612 data/PokeSpriteCleaned/0673gogoat/gogoat.png
1536,0673gogoat,poke_capture_0673_000_mf_n_00000000_f_r.png,0673gogoat,gogoat_shiny.png,/content/drive/MyDrive/612 data/ProjectPokemonCleaned/0673gogoat/poke_capture_0673_000_mf_n_00000000_f_r.png,/content/drive/MyDrive/612 data/PokeSpriteCleaned/0673gogoat/gogoat_shiny.png
1537,0674pancham,poke_capture_0674_000_mf_n_00000000_f_n.png,0674pancham,pancham.png,/content/drive/MyDrive/612 data/ProjectPokemonCleaned/0674pancham/poke_capture_0674_000_mf_n_00000000_f_n.png,/content/drive/MyDrive/612 data/PokeSpriteCleaned/0674pancham/pancham.png
1538,0674pancham,poke_capture_0674_000_mf_n_00000000_f_r.png,0674pancham,pancham_shiny.png,/content/drive/MyDrive/612 data/ProjectPokemonCleaned/0674pancham/poke_capture_0674_000_mf_n_00000000_f_r.png,/content/drive/MyDrive/612 data/PokeSpriteCleaned/0674pancham/pancham_shiny.png
1539,0675pangoro,poke_capture_0675_000_mf_n_00000000_f_n.png,0675pangoro,pangoro.png,/content/drive/MyDrive/612 data/ProjectPokemonCleaned/0675pangoro/poke_capture_0675_000_mf_n_00000000_f_n.png,/content/drive/MyDrive/612 data/PokeSpriteCleaned/0675pangoro/pangoro.png
1540,0675pangoro,poke_capture_0675_000_mf_n_00000000_f_r.png,0675pangoro,pangoro_shiny.png,/content/drive/MyDrive/612 data/ProjectPokemonCleaned/0675pangoro/poke_capture_0675_000_mf_n_00000000_f_r.png,/content/drive/MyDrive/612 data/PokeSpriteCleaned/0675pangoro/pangoro_shiny.png
1541,0676furfrou,poke_capture_0676_000_mf_n_00000000_f_n.png,0676furfrou,furfrou.png,/content/drive/MyDrive/612 data/ProjectPokemonCleaned/0676furfrou/poke_capture_0676_000_mf_n_00000000_f_n.png,/content/drive/MyDrive/612 data/PokeSpriteCleaned/0676furfrou/furfrou.png
1542,0676furfrou,poke_capture_0676_000_mf_n_00000000_f_r.png,0676furfrou,furfrou_shiny.png,/content/drive/MyDrive/612 data/ProjectPokemonCleaned/0676furfrou/poke_capture_0676_000_mf_n_00000000_f_r.png,/content/drive/MyDrive/612 data/PokeSpriteCleaned/0676furfrou/furfrou_shiny.png
1543,0676furfrou,poke_capture_0676_001_mf_n_00000000_f_n.png,0676furfrou,furfrou-heart.png,/content/drive/MyDrive/612 data/ProjectPokemonCleaned/0676furfrou/poke_capture_0676_001_mf_n_00000000_f_n.png,/content/drive/MyDrive/612 data/PokeSpriteCleaned/0676furfrou/furfrou-heart.png
1544,0676furfrou,poke_capture_0676_001_mf_n_00000000_f_r.png,0676furfrou,furfrou-heart_shiny.png,/content/drive/MyDrive/612 data/ProjectPokemonCleaned/0676furfrou/poke_capture_0676_001_mf_n_00000000_f_r.png,/content/drive/MyDrive/612 data/PokeSpriteCleaned/0676furfrou/furfrou-heart_shiny.png
1545,0676furfrou,poke_capture_0676_002_mf_n_00000000_f_n.png,0676furfrou,furfrou-star.png,/content/drive/MyDrive/612 data/ProjectPokemonCleaned/0676furfrou/poke_capture_0676_002_mf_n_00000000_f_n.png,/content/drive/MyDrive/612 data/PokeSpriteCleaned/0676furfrou/furfrou-star.png
1546,0676furfrou,poke_capture_0676_002_mf_n_00000000_f_r.png,0676furfrou,furfrou-star_shiny.png,/content/drive/MyDrive/612 data/ProjectPokemonCleaned/0676furfrou/poke_capture_0676_002_mf_n_00000000_f_r.png,/content/drive/MyDrive/612 data/PokeSpriteCleaned/0676furfrou/furfrou-star_shiny.png
1547,0676furfrou,poke_capture_0676_003_mf_n_00000000_f_n.png,0676furfrou,furfrou-diamond.png,/content/drive/MyDrive/612 data/ProjectPokemonCleaned/0676furfrou/poke_capture_0676_003_mf_n_00000000_f_n.png,/content/drive/MyDrive/612 data/PokeSpriteCleaned/0676furfrou/furfrou-diamond.png
1548,0676furfrou,poke_capture_0676_003_mf_n_00000000_f_r.png,0676furfrou,furfrou-diamond_shiny.png,/content/drive/MyDrive/612 data/ProjectPokemonCleaned/0676furfrou/poke_capture_0676_003_mf_n_00000000_f_r.png,/content/drive/MyDrive/612 data/PokeSpriteCleaned/0676furfrou/furfrou-diamond_shiny.png
1549,0676furfrou,poke_capture_0676_004_mf_n_00000000_f_n.png,0676furfrou,furfrou-debutante.png,/content/drive/MyDrive/612 data/ProjectPokemonCleaned/0676furfrou/poke_capture_0676_004_mf_n_00000000_f_n.png,/content/drive/MyDrive/612 data/PokeSpriteCleaned/0676furfrou/furfrou-debutante.png
1550,0676furfrou,poke_capture_0676_004_mf_n_00000000_f_r.png,0676furfrou,furfrou-debutante_shiny.png,/content/drive/MyDrive/612 data/ProjectPokemonCleaned/0676furfrou/poke_capture_0676_004_mf_n_00000000_f_r.png,/content/drive/MyDrive/612 data/PokeSpriteCleaned/0676furfrou/furfrou-debutante_shiny.png
1551,0676furfrou,poke_capture_0676_005_mf_n_00000000_f_n.png,0676furfrou,furfrou-matron.png,/content/drive/MyDrive/612 data/ProjectPokemonCleaned/0676furfrou/poke_capture_0676_005_mf_n_00000000_f_n.png,/content/drive/MyDrive/612 data/PokeSpriteCleaned/0676furfrou/furfrou-matron.png
1552,0676furfrou,poke_capture_0676_005_mf_n_00000000_f_r.png,0676furfrou,furfrou-matron_shiny.png,/content/drive/MyDrive/612 data/ProjectPokemonCleaned/0676furfrou/poke_capture_0676_005_mf_n_00000000_f_r.png,/content/drive/MyDrive/612 data/PokeSpriteCleaned/0676furfrou/furfrou-matron_shiny.png
1553,0676furfrou,poke_capture_0676_006_mf_n_00000000_f_n.png,0676furfrou,furfrou-dandy.png,/content/drive/MyDrive/612 data/ProjectPokemonCleaned/0676furfrou/poke_capture_0676_006_mf_n_00000000_f_n.png,/content/drive/MyDrive/612 data/PokeSpriteCleaned/0676furfrou/furfrou-dandy.png
1554,0676furfrou,poke_capture_0676_006_mf_n_00000000_f_r.png,0676furfrou,furfrou-dandy_shiny.png,/content/drive/MyDrive/612 data/ProjectPokemonCleaned/0676furfrou/poke_capture_0676_006_mf_n_00000000_f_r.png,/content/drive/MyDrive/612 data/PokeSpriteCleaned/0676furfrou/furfrou-dandy_shiny.png
1555,0676furfrou,poke_capture_0676_007_mf_n_00000000_f_n.png,0676furfrou,furfrou-la-reine.png,/content/drive/MyDrive/612 data/ProjectPokemonCleaned/0676furfrou/poke_capture_0676_007_mf_n_00000000_f_n.png,/content/drive/MyDrive/612 data/PokeSpriteCleaned/0676furfrou/furfrou-la-reine.png
1556,0676furfrou,poke_capture_0676_007_mf_n_00000000_f_r.png,0676furfrou,furfrou-la-reine_shiny.png,/content/drive/MyDrive/612 data/ProjectPokemonCleaned/0676furfrou/poke_capture_0676_007_mf_n_00000000_f_r.png,/content/drive/MyDrive/612 data/PokeSpriteCleaned/0676furfrou/furfrou-la-reine_shiny.png
1557,0676furfrou,poke_capture_0676_008_mf_n_00000000_f_n.png,0676furfrou,furfrou-kabuki.png,/content/drive/MyDrive/612 data/ProjectPokemonCleaned/0676furfrou/poke_capture_0676_008_mf_n_00000000_f_n.png,/content/drive/MyDrive/612 data/PokeSpriteCleaned/0676furfrou/furfrou-kabuki.png
1558,0676furfrou,poke_capture_0676_008_mf_n_00000000_f_r.png,0676furfrou,furfrou-kabuki_shiny.png,/content/drive/MyDrive/612 data/ProjectPokemonCleaned/0676furfrou/poke_capture_0676_008_mf_n_00000000_f_r.png,/content/drive/MyDrive/612 data/PokeSpriteCleaned/0676furfrou/furfrou-kabuki_shiny.png
1559,0676furfrou,poke_capture_0676_009_mf_n_00000000_f_n.png,0676furfrou,furfrou-pharaoh.png,/content/drive/MyDrive/612 data/ProjectPokemonCleaned/0676furfrou/poke_capture_0676_009_mf_n_00000000_f_n.png,/content/drive/MyDrive/612 data/PokeSpriteCleaned/0676furfrou/furfrou-pharaoh.png
1560,0676furfrou,poke_capture_0676_009_mf_n_00000000_f_r.png,0676furfrou,furfrou-pharaoh_shiny.png,/content/drive/MyDrive/612 data/ProjectPokemonCleaned/0676furfrou/poke_capture_0676_009_mf_n_00000000_f_r.png,/content/drive/MyDrive/612 data/PokeSpriteCleaned/0676furfrou/furfrou-pharaoh_shiny.png
1561,0677espurr,poke_capture_0677_000_mf_n_00000000_f_n.png,0677espurr,espurr.png,/content/drive/MyDrive/612 data/ProjectPokemonCleaned/0677espurr/poke_capture_0677_000_mf_n_00000000_f_n.png,/content/drive/MyDrive/612 data/PokeSpriteCleaned/0677espurr/espurr.png
1562,0677espurr,poke_capture_0677_000_mf_n_00000000_f_r.png,0677espurr,espurr_shiny.png,/content/drive/MyDrive/612 data/ProjectPokemonCleaned/0677espurr/poke_capture_0677_000_mf_n_00000000_f_r.png,/content/drive/MyDrive/612 data/PokeSpriteCleaned/0677espurr/espurr_shiny.png
1563,0678meowstic,poke_capture_0678_001_fo_n_00000000_f_n.png,0678meowstic,meowstic_female.png,/content/drive/MyDrive/612 data/ProjectPokemonCleaned/0678meowstic/poke_capture_0678_001_fo_n_00000000_f_n.png,/content/drive/MyDrive/612 data/PokeSpriteCleaned/0678meowstic/meowstic_female.png
1564,0678meowstic,poke_capture_0678_001_fo_n_00000000_f_r.png,0678meowstic,meowstic_shiny_female.png,/content/drive/MyDrive/612 data/ProjectPokemonCleaned/0678meowstic/poke_capture_0678_001_fo_n_00000000_f_r.png,/content/drive/MyDrive/612 data/PokeSpriteCleaned/0678meowstic/meowstic_shiny_female.png
1565,0679honedge,poke_capture_0679_000_mf_n_00000000_f_n.png,0679honedge,honedge.png,/content/drive/MyDrive/612 data/ProjectPokemonCleaned/0679honedge/poke_capture_0679_000_mf_n_00000000_f_n.png,/content/drive/MyDrive/612 data/PokeSpriteCleaned/0679honedge/honedge.png
1566,0679honedge,poke_capture_0679_000_mf_n_00000000_f_r.png,0679honedge,honedge_shiny.png,/content/drive/MyDrive/612 data/ProjectPokemonCleaned/0679honedge/poke_capture_0679_000_mf_n_00000000_f_r.png,/content/drive/MyDrive/612 data/PokeSpriteCleaned/0679honedge/honedge_shiny.png
1567,0680doublade,poke_capture_0680_000_mf_n_00000000_f_n.png,0680doublade,doublade.png,/content/drive/MyDrive/612 data/ProjectPokemonCleaned/0680doublade/poke_capture_0680_000_mf_n_00000000_f_n.png,/content/drive/MyDrive/612 data/PokeSpriteCleaned/0680doublade/doublade.png
1568,0680doublade,poke_capture_0680_000_mf_n_00000000_f_r.png,0680doublade,doublade_shiny.png,/content/drive/MyDrive/612 data/ProjectPokemonCleaned/0680doublade/poke_capture_0680_000_mf_n_00000000_f_r.png,/content/drive/MyDrive/612 data/PokeSpriteCleaned/0680doublade/doublade_shiny.png
1569,0681aegislash,poke_capture_0681_000_mf_n_00000000_f_n.png,0681aegislash,aegislash.png,/content/drive/MyDrive/612 data/ProjectPokemonCleaned/0681aegislash/poke_capture_0681_000_mf_n_00000000_f_n.png,/content/drive/MyDrive/612 data/PokeSpriteCleaned/0681aegislash/aegislash.png
1570,0681aegislash,poke_capture_0681_000_mf_n_00000000_f_r.png,0681aegislash,aegislash_shiny.png,/content/drive/MyDrive/612 data/ProjectPokemonCleaned/0681aegislash/poke_capture_0681_000_mf_n_00000000_f_r.png,/content/drive/MyDrive/612 data/PokeSpriteCleaned/0681aegislash/aegislash_shiny.png
1571,0681aegislash,poke_capture_0681_001_mf_n_00000000_f_n.png,0681aegislash,aegislash-blade.png,/content/drive/MyDrive/612 data/ProjectPokemonCleaned/0681aegislash/poke_capture_0681_001_mf_n_00000000_f_n.png,/content/drive/MyDrive/612 data/PokeSpriteCleaned/0681aegislash/aegislash-blade.png
1572,0681aegislash,poke_capture_0681_001_mf_n_00000000_f_r.png,0681aegislash,aegislash-blade_shiny.png,/content/drive/MyDrive/612 data/ProjectPokemonCleaned/0681aegislash/poke_capture_0681_001_mf_n_00000000_f_r.png,/content/drive/MyDrive/612 data/PokeSpriteCleaned/0681aegislash/aegislash-blade_shiny.png
1573,0682spritzee,poke_capture_0682_000_mf_n_00000000_f_n.png,0682spritzee,spritzee.png,/content/drive/MyDrive/612 data/ProjectPokemonCleaned/0682spritzee/poke_capture_0682_000_mf_n_00000000_f_n.png,/content/drive/MyDrive/612 data/PokeSpriteCleaned/0682spritzee/spritzee.png
1574,0682spritzee,poke_capture_0682_000_mf_n_00000000_f_r.png,0682spritzee,spritzee_shiny.png,/content/drive/MyDrive/612 data/ProjectPokemonCleaned/0682spritzee/poke_capture_0682_000_mf_n_00000000_f_r.png,/content/drive/MyDrive/612 data/PokeSpriteCleaned/0682spritzee/spritzee_shiny.png
1575,0684swirlix,poke_capture_0684_000_mf_n_00000000_f_n.png,0684swirlix,swirlix.png,/content/drive/MyDrive/612 data/ProjectPokemonCleaned/0684swirlix/poke_capture_0684_000_mf_n_00000000_f_n.png,/content/drive/MyDrive/612 data/PokeSpriteCleaned/0684swirlix/swirlix.png
1576,0684swirlix,poke_capture_0684_000_mf_n_00000000_f_r.png,0684swirlix,swirlix_shiny.png,/content/drive/MyDrive/612 data/ProjectPokemonCleaned/0684swirlix/poke_capture_0684_000_mf_n_00000000_f_r.png,/content/drive/MyDrive/612 data/PokeSpriteCleaned/0684swirlix/swirlix_shiny.png
1577,0685slurpuff,poke_capture_0685_000_mf_n_00000000_f_n.png,0685slurpuff,slurpuff.png,/content/drive/MyDrive/612 data/ProjectPokemonCleaned/0685slurpuff/poke_capture_0685_000_mf_n_00000000_f_n.png,/content/drive/MyDrive/612 data/PokeSpriteCleaned/0685slurpuff/slurpuff.png
1578,0685slurpuff,poke_capture_0685_000_mf_n_00000000_f_r.png,0685slurpuff,slurpuff_shiny.png,/content/drive/MyDrive/612 data/ProjectPokemonCleaned/0685slurpuff/poke_capture_0685_000_mf_n_00000000_f_r.png,/content/drive/MyDrive/612 data/PokeSpriteCleaned/0685slurpuff/slurpuff_shiny.png
1579,0687malamar,poke_capture_0687_000_mf_n_00000000_f_n.png,0687malamar,malamar.png,/content/drive/MyDrive/612 data/ProjectPokemonCleaned/0687malamar/poke_capture_0687_000_mf_n_00000000_f_n.png,/content/drive/MyDrive/612 data/PokeSpriteCleaned/0687malamar/malamar.png
1580,0687malamar,poke_capture_0687_000_mf_n_00000000_f_r.png,0687malamar,malamar_shiny.png,/content/drive/MyDrive/612 data/ProjectPokemonCleaned/0687malamar/poke_capture_0687_000_mf_n_00000000_f_r.png,/content/drive/MyDrive/612 data/PokeSpriteCleaned/0687malamar/malamar_shiny.png
1581,0688binacle,poke_capture_0688_000_mf_n_00000000_f_n.png,0688binacle,binacle.png,/content/drive/MyDrive/612 data/ProjectPokemonCleaned/0688binacle/poke_capture_0688_000_mf_n_00000000_f_n.png,/content/drive/MyDrive/612 data/PokeSpriteCleaned/0688binacle/binacle.png
1582,0688binacle,poke_capture_0688_000_mf_n_00000000_f_r.png,0688binacle,binacle_shiny.png,/content/drive/MyDrive/612 data/ProjectPokemonCleaned/0688binacle/poke_capture_0688_000_mf_n_00000000_f_r.png,/content/drive/MyDrive/612 data/PokeSpriteCleaned/0688binacle/binacle_shiny.png
1583,0689barbaracle,poke_capture_0689_000_mf_n_00000000_f_n.png,0689barbaracle,barbaracle.png,/content/drive/MyDrive/612 data/ProjectPokemonCleaned/0689barbaracle/poke_capture_0689_000_mf_n_00000000_f_n.png,/content/drive/MyDrive/612 data/PokeSpriteCleaned/0689barbaracle/barbaracle.png
1584,0689barbaracle,poke_capture_0689_000_mf_n_00000000_f_r.png,0689barbaracle,barbaracle_shiny.png,/content/drive/MyDrive/612 data/ProjectPokemonCleaned/0689barbaracle/poke_capture_0689_000_mf_n_00000000_f_r.png,/content/drive/MyDrive/612 data/PokeSpriteCleaned/0689barbaracle/barbaracle_shiny.png
1585,0690skrelp,poke_capture_0690_000_mf_n_00000000_f_n.png,0690skrelp,skrelp.png,/content/drive/MyDrive/612 data/ProjectPokemonCleaned/0690skrelp/poke_capture_0690_000_mf_n_00000000_f_n.png,/content/drive/MyDrive/612 data/PokeSpriteCleaned/0690skrelp/skrelp.png
1586,0690skrelp,poke_capture_0690_000_mf_n_00000000_f_r.png,0690skrelp,skrelp_shiny.png,/content/drive/MyDrive/612 data/ProjectPokemonCleaned/0690skrelp/poke_capture_0690_000_mf_n_00000000_f_r.png,/content/drive/MyDrive/612 data/PokeSpriteCleaned/0690skrelp/skrelp_shiny.png
1587,0691dragalge,poke_capture_0691_000_mf_n_00000000_f_n.png,0691dragalge,dragalge.png,/content/drive/MyDrive/612 data/ProjectPokemonCleaned/0691dragalge/poke_capture_0691_000_mf_n_00000000_f_n.png,/content/drive/MyDrive/612 data/PokeSpriteCleaned/0691dragalge/dragalge.png
1588,0691dragalge,poke_capture_0691_000_mf_n_00000000_f_r.png,0691dragalge,dragalge_shiny.png,/content/drive/MyDrive/612 data/ProjectPokemonCleaned/0691dragalge/poke_capture_0691_000_mf_n_00000000_f_r.png,/content/drive/MyDrive/612 data/PokeSpriteCleaned/0691dragalge/dragalge_shiny.png
1589,0692clauncher,poke_capture_0692_000_mf_n_00000000_f_n.png,0692clauncher,clauncher.png,/content/drive/MyDrive/612 data/ProjectPokemonCleaned/0692clauncher/poke_capture_0692_000_mf_n_00000000_f_n.png,/content/drive/MyDrive/612 data/PokeSpriteCleaned/0692clauncher/clauncher.png
1590,0692clauncher,poke_capture_0692_000_mf_n_00000000_f_r.png,0692clauncher,clauncher_shiny.png,/content/drive/MyDrive/612 data/ProjectPokemonCleaned/0692clauncher/poke_capture_0692_000_mf_n_00000000_f_r.png,/content/drive/MyDrive/612 data/PokeSpriteCleaned/0692clauncher/clauncher_shiny.png
1591,0693clawitzer,poke_capture_0693_000_mf_n_00000000_f_n.png,0693clawitzer,clawitzer.png,/content/drive/MyDrive/612 data/ProjectPokemonCleaned/0693clawitzer/poke_capture_0693_000_mf_n_00000000_f_n.png,/content/drive/MyDrive/612 data/PokeSpriteCleaned/0693clawitzer/clawitzer.png
1592,0693clawitzer,poke_capture_0693_000_mf_n_00000000_f_r.png,0693clawitzer,clawitzer_shiny.png,/content/drive/MyDrive/612 data/ProjectPokemonCleaned/0693clawitzer/poke_capture_0693_000_mf_n_00000000_f_r.png,/content/drive/MyDrive/612 data/PokeSpriteCleaned/0693clawitzer/clawitzer_shiny.png
1593,0695heliolisk,poke_capture_0695_000_mf_n_00000000_f_n.png,0695heliolisk,heliolisk.png,/content/drive/MyDrive/612 data/ProjectPokemonCleaned/0695heliolisk/poke_capture_0695_000_mf_n_00000000_f_n.png,/content/drive/MyDrive/612 data/PokeSpriteCleaned/0695heliolisk/heliolisk.png
1594,0695heliolisk,poke_capture_0695_000_mf_n_00000000_f_r.png,0695heliolisk,heliolisk_shiny.png,/content/drive/MyDrive/612 data/ProjectPokemonCleaned/0695heliolisk/poke_capture_0695_000_mf_n_00000000_f_r.png,/content/drive/MyDrive/612 data/PokeSpriteCleaned/0695heliolisk/heliolisk_shiny.png
1595,0696tyrunt,poke_capture_0696_000_mf_n_00000000_f_n.png,0696tyrunt,tyrunt.png,/content/drive/MyDrive/612 data/ProjectPokemonCleaned/0696tyrunt/poke_capture_0696_000_mf_n_00000000_f_n.png,/content/drive/MyDrive/612 data/PokeSpriteCleaned/0696tyrunt/tyrunt.png
1596,0696tyrunt,poke_capture_0696_000_mf_n_00000000_f_r.png,0696tyrunt,tyrunt_shiny.png,/content/drive/MyDrive/612 data/ProjectPokemonCleaned/0696tyrunt/poke_capture_0696_000_mf_n_00000000_f_r.png,/content/drive/MyDrive/612 data/PokeSpriteCleaned/0696tyrunt/tyrunt_shiny.png
1597,0697tyrantrum,poke_capture_0697_000_mf_n_00000000_f_n.png,0697tyrantrum,tyrantrum.png,/content/drive/MyDrive/612 data/ProjectPokemonCleaned/0697tyrantrum/poke_capture_0697_000_mf_n_00000000_f_n.png,/content/drive/MyDrive/612 data/PokeSpriteCleaned/0697tyrantrum/tyrantrum.png
1598,0697tyrantrum,poke_capture_0697_000_mf_n_00000000_f_r.png,0697tyrantrum,tyrantrum_shiny.png,/content/drive/MyDrive/612 data/ProjectPokemonCleaned/0697tyrantrum/poke_capture_0697_000_mf_n_00000000_f_r.png,/content/drive/MyDrive/612 data/PokeSpriteCleaned/0697tyrantrum/tyrantrum_shiny.png
1599,0698amaura,poke_capture_0698_000_mf_n_00000000_f_n.png,0698amaura,amaura.png,/content/drive/MyDrive/612 data/ProjectPokemonCleaned/0698amaura/poke_capture_0698_000_mf_n_00000000_f_n.png,/content/drive/MyDrive/612 data/PokeSpriteCleaned/0698amaura/amaura.png
1600,0698amaura,poke_capture_0698_000_mf_n_00000000_f_r.png,0698amaura,amaura_shiny.png,/content/drive/MyDrive/612 data/ProjectPokemonCleaned/0698amaura/poke_capture_0698_000_mf_n_00000000_f_r.png,/content/drive/MyDrive/612 data/PokeSpriteCleaned/0698amaura/amaura_shiny.png
1601,0699aurorus,poke_capture_0699_000_mf_n_00000000_f_n.png,0699aurorus,aurorus.png,/content/drive/MyDrive/612 data/ProjectPokemonCleaned/0699aurorus/poke_capture_0699_000_mf_n_00000000_f_n.png,/content/drive/MyDrive/612 data/PokeSpriteCleaned/0699aurorus/aurorus.png
1602,0699aurorus,poke_capture_0699_000_mf_n_00000000_f_r.png,0699aurorus,aurorus_shiny.png,/content/drive/MyDrive/612 data/ProjectPokemonCleaned/0699aurorus/poke_capture_0699_000_mf_n_00000000_f_r.png,/content/drive/MyDrive/612 data/PokeSpriteCleaned/0699aurorus/aurorus_shiny.png
1603,0700sylveon,poke_capture_0700_000_mf_n_00000000_f_n.png,0700sylveon,sylveon.png,/content/drive/MyDrive/612 data/ProjectPokemonCleaned/0700sylveon/poke_capture_0700_000_mf_n_00000000_f_n.png,/content/drive/MyDrive/612 data/PokeSpriteCleaned/0700sylveon/sylveon.png
1604,0700sylveon,poke_capture_0700_000_mf_n_00000000_f_r.png,0700sylveon,sylveon_shiny.png,/content/drive/MyDrive/612 data/ProjectPokemonCleaned/0700sylveon/poke_capture_0700_000_mf_n_00000000_f_r.png,/content/drive/MyDrive/612 data/PokeSpriteCleaned/0700sylveon/sylveon_shiny.png
1605,0701hawlucha,poke_capture_0701_000_mf_n_00000000_f_n.png,0701hawlucha,hawlucha.png,/content/drive/MyDrive/612 data/ProjectPokemonCleaned/0701hawlucha/poke_capture_0701_000_mf_n_00000000_f_n.png,/content/drive/MyDrive/612 data/PokeSpriteCleaned/0701hawlucha/hawlucha.png
1606,0701hawlucha,poke_capture_0701_000_mf_n_00000000_f_r.png,0701hawlucha,hawlucha_shiny.png,/content/drive/MyDrive/612 data/ProjectPokemonCleaned/0701hawlucha/poke_capture_0701_000_mf_n_00000000_f_r.png,/content/drive/MyDrive/612 data/PokeSpriteCleaned/0701hawlucha/hawlucha_shiny.png
1607,0702dedenne,poke_capture_0702_000_mf_n_00000000_f_n.png,0702dedenne,dedenne.png,/content/drive/MyDrive/612 data/ProjectPokemonCleaned/0702dedenne/poke_capture_0702_000_mf_n_00000000_f_n.png,/content/drive/MyDrive/612 data/PokeSpriteCleaned/0702dedenne/dedenne.png
1608,0702dedenne,poke_capture_0702_000_mf_n_00000000_f_r.png,0702dedenne,dedenne_shiny.png,/content/drive/MyDrive/612 data/ProjectPokemonCleaned/0702dedenne/poke_capture_0702_000_mf_n_00000000_f_r.png,/content/drive/MyDrive/612 data/PokeSpriteCleaned/0702dedenne/dedenne_shiny.png
1609,0703carbink,poke_capture_0703_000_uk_n_00000000_f_n.png,0703carbink,carbink.png,/content/drive/MyDrive/612 data/ProjectPokemonCleaned/0703carbink/poke_capture_0703_000_uk_n_00000000_f_n.png,/content/drive/MyDrive/612 data/PokeSpriteCleaned/0703carbink/carbink.png
1610,0703carbink,poke_capture_0703_000_uk_n_00000000_f_r.png,0703carbink,carbink_shiny.png,/content/drive/MyDrive/612 data/ProjectPokemonCleaned/0703carbink/poke_capture_0703_000_uk_n_00000000_f_r.png,/content/drive/MyDrive/612 data/PokeSpriteCleaned/0703carbink/carbink_shiny.png
1611,0704goomy,poke_capture_0704_000_mf_n_00000000_f_n.png,0704goomy,goomy.png,/content/drive/MyDrive/612 data/ProjectPokemonCleaned/0704goomy/poke_capture_0704_000_mf_n_00000000_f_n.png,/content/drive/MyDrive/612 data/PokeSpriteCleaned/0704goomy/goomy.png
1612,0704goomy,poke_capture_0704_000_mf_n_00000000_f_r.png,0704goomy,goomy_shiny.png,/content/drive/MyDrive/612 data/ProjectPokemonCleaned/0704goomy/poke_capture_0704_000_mf_n_00000000_f_r.png,/content/drive/MyDrive/612 data/PokeSpriteCleaned/0704goomy/goomy_shiny.png
1613,0707klefki,poke_capture_0707_000_mf_n_00000000_f_n.png,0707klefki,klefki.png,/content/drive/MyDrive/612 data/ProjectPokemonCleaned/0707klefki/poke_capture_0707_000_mf_n_00000000_f_n.png,/content/drive/MyDrive/612 data/PokeSpriteCleaned/0707klefki/klefki.png
1614,0707klefki,poke_capture_0707_000_mf_n_00000000_f_r.png,0707klefki,klefki_shiny.png,/content/drive/MyDrive/612 data/ProjectPokemonCleaned/0707klefki/poke_capture_0707_000_mf_n_00000000_f_r.png,/content/drive/MyDrive/612 data/PokeSpriteCleaned/0707klefki/klefki_shiny.png
1615,0708phantump,poke_capture_0708_000_mf_n_00000000_f_n.png,0708phantump,phantump.png,/content/drive/MyDrive/612 data/ProjectPokemonCleaned/0708phantump/poke_capture_0708_000_mf_n_00000000_f_n.png,/content/drive/MyDrive/612 data/PokeSpriteCleaned/0708phantump/phantump.png
1616,0708phantump,poke_capture_0708_000_mf_n_00000000_f_r.png,0708phantump,phantump_shiny.png,/content/drive/MyDrive/612 data/ProjectPokemonCleaned/0708phantump/poke_capture_0708_000_mf_n_00000000_f_r.png,/content/drive/MyDrive/612 data/PokeSpriteCleaned/0708phantump/phantump_shiny.png
1617,0709trevenant,poke_capture_0709_000_mf_n_00000000_f_n.png,0709trevenant,trevenant.png,/content/drive/MyDrive/612 data/ProjectPokemonCleaned/0709trevenant/poke_capture_0709_000_mf_n_00000000_f_n.png,/content/drive/MyDrive/612 data/PokeSpriteCleaned/0709trevenant/trevenant.png
1618,0709trevenant,poke_capture_0709_000_mf_n_00000000_f_r.png,0709trevenant,trevenant_shiny.png,/content/drive/MyDrive/612 data/ProjectPokemonCleaned/0709trevenant/poke_capture_0709_000_mf_n_00000000_f_r.png,/content/drive/MyDrive/612 data/PokeSpriteCleaned/0709trevenant/trevenant_shiny.png
1619,0710pumpkaboo,poke_capture_0710_000_mf_n_00000000_f_n.png,0710pumpkaboo,pumpkaboo.png,/content/drive/MyDrive/612 data/ProjectPokemonCleaned/0710pumpkaboo/poke_capture_0710_000_mf_n_00000000_f_n.png,/content/drive/MyDrive/612 data/PokeSpriteCleaned/0710pumpkaboo/pumpkaboo.png
1620,0710pumpkaboo,poke_capture_0710_000_mf_n_00000000_f_r.png,0710pumpkaboo,pumpkaboo_shiny.png,/content/drive/MyDrive/612 data/ProjectPokemonCleaned/0710pumpkaboo/poke_capture_0710_000_mf_n_00000000_f_r.png,/content/drive/MyDrive/612 data/PokeSpriteCleaned/0710pumpkaboo/pumpkaboo_shiny.png
1621,0710pumpkaboo,poke_capture_0710_001_mf_n_00000000_f_n.png,0710pumpkaboo,pumpkaboo-small.png,/content/drive/MyDrive/612 data/ProjectPokemonCleaned/0710pumpkaboo/poke_capture_0710_001_mf_n_00000000_f_n.png,/content/drive/MyDrive/612 data/PokeSpriteCleaned/0710pumpkaboo/pumpkaboo-small.png
1622,0710pumpkaboo,poke_capture_0710_001_mf_n_00000000_f_r.png,0710pumpkaboo,pumpkaboo-small_shiny.png,/content/drive/MyDrive/612 data/ProjectPokemonCleaned/0710pumpkaboo/poke_capture_0710_001_mf_n_00000000_f_r.png,/content/drive/MyDrive/612 data/PokeSpriteCleaned/0710pumpkaboo/pumpkaboo-small_shiny.png
1623,0710pumpkaboo,poke_capture_0710_002_mf_n_00000000_f_n.png,0710pumpkaboo,pumpkaboo-large.png,/content/drive/MyDrive/612 data/ProjectPokemonCleaned/0710pumpkaboo/poke_capture_0710_002_mf_n_00000000_f_n.png,/content/drive/MyDrive/612 data/PokeSpriteCleaned/0710pumpkaboo/pumpkaboo-large.png
1624,0710pumpkaboo,poke_capture_0710_002_mf_n_00000000_f_r.png,0710pumpkaboo,pumpkaboo-large_shiny.png,/content/drive/MyDrive/612 data/ProjectPokemonCleaned/0710pumpkaboo/poke_capture_0710_002_mf_n_00000000_f_r.png,/content/drive/MyDrive/612 data/PokeSpriteCleaned/0710pumpkaboo/pumpkaboo-large_shiny.png
1625,0710pumpkaboo,poke_capture_0710_003_mf_n_00000000_f_n.png,0710pumpkaboo,pumpkaboo-super.png,/content/drive/MyDrive/612 data/ProjectPokemonCleaned/0710pumpkaboo/poke_capture_0710_003_mf_n_00000000_f_n.png,/content/drive/MyDrive/612 data/PokeSpriteCleaned/0710pumpkaboo/pumpkaboo-super.png
1626,0710pumpkaboo,poke_capture_0710_003_mf_n_00000000_f_r.png,0710pumpkaboo,pumpkaboo-super_shiny.png,/content/drive/MyDrive/612 data/ProjectPokemonCleaned/0710pumpkaboo/poke_capture_0710_003_mf_n_00000000_f_r.png,/content/drive/MyDrive/612 data/PokeSpriteCleaned/0710pumpkaboo/pumpkaboo-super_shiny.png
1627,0711gourgeist,poke_capture_0711_000_mf_n_00000000_f_n.png,0711gourgeist,gourgeist.png,/content/drive/MyDrive/612 data/ProjectPokemonCleaned/0711gourgeist/poke_capture_0711_000_mf_n_00000000_f_n.png,/content/drive/MyDrive/612 data/PokeSpriteCleaned/0711gourgeist/gourgeist.png
1628,0711gourgeist,poke_capture_0711_000_mf_n_00000000_f_r.png,0711gourgeist,gourgeist_shiny.png,/content/drive/MyDrive/612 data/ProjectPokemonCleaned/0711gourgeist/poke_capture_0711_000_mf_n_00000000_f_r.png,/content/drive/MyDrive/612 data/PokeSpriteCleaned/0711gourgeist/gourgeist_shiny.png
1629,0712bergmite,poke_capture_0712_000_mf_n_00000000_f_n.png,0712bergmite,bergmite.png,/content/drive/MyDrive/612 data/ProjectPokemonCleaned/0712bergmite/poke_capture_0712_000_mf_n_00000000_f_n.png,/content/drive/MyDrive/612 data/PokeSpriteCleaned/0712bergmite/bergmite.png
1630,0712bergmite,poke_capture_0712_000_mf_n_00000000_f_r.png,0712bergmite,bergmite_shiny.png,/content/drive/MyDrive/612 data/ProjectPokemonCleaned/0712bergmite/poke_capture_0712_000_mf_n_00000000_f_r.png,/content/drive/MyDrive/612 data/PokeSpriteCleaned/0712bergmite/bergmite_shiny.png
1631,0713avalugg,poke_capture_0713_000_mf_n_00000000_f_n.png,0713avalugg,avalugg.png,/content/drive/MyDrive/612 data/ProjectPokemonCleaned/0713avalugg/poke_capture_0713_000_mf_n_00000000_f_n.png,/content/drive/MyDrive/612 data/PokeSpriteCleaned/0713avalugg/avalugg.png
1632,0713avalugg,poke_capture_0713_000_mf_n_00000000_f_r.png,0713avalugg,avalugg_shiny.png,/content/drive/MyDrive/612 data/ProjectPokemonCleaned/0713avalugg/poke_capture_0713_000_mf_n_00000000_f_r.png,/content/drive/MyDrive/612 data/PokeSpriteCleaned/0713avalugg/avalugg_shiny.png
1633,0714noibat,poke_capture_0714_000_mf_n_00000000_f_n.png,0714noibat,noibat.png,/content/drive/MyDrive/612 data/ProjectPokemonCleaned/0714noibat/poke_capture_0714_000_mf_n_00000000_f_n.png,/content/drive/MyDrive/612 data/PokeSpriteCleaned/0714noibat/noibat.png
1634,0714noibat,poke_capture_0714_000_mf_n_00000000_f_r.png,0714noibat,noibat_shiny.png,/content/drive/MyDrive/612 data/ProjectPokemonCleaned/0714noibat/poke_capture_0714_000_mf_n_00000000_f_r.png,/content/drive/MyDrive/612 data/PokeSpriteCleaned/0714noibat/noibat_shiny.png
1635,0715noivern,poke_capture_0715_000_mf_n_00000000_f_n.png,0715noivern,noivern.png,/content/drive/MyDrive/612 data/ProjectPokemonCleaned/0715noivern/poke_capture_0715_000_mf_n_00000000_f_n.png,/content/drive/MyDrive/612 data/PokeSpriteCleaned/0715noivern/noivern.png
1636,0715noivern,poke_capture_0715_000_mf_n_00000000_f_r.png,0715noivern,noivern_shiny.png,/content/drive/MyDrive/612 data/ProjectPokemonCleaned/0715noivern/poke_capture_0715_000_mf_n_00000000_f_r.png,/content/drive/MyDrive/612 data/PokeSpriteCleaned/0715noivern/noivern_shiny.png
1637,0717yveltal,poke_capture_0717_000_uk_n_00000000_f_n.png,0717yveltal,yveltal.png,/content/drive/MyDrive/612 data/ProjectPokemonCleaned/0717yveltal/poke_capture_0717_000_uk_n_00000000_f_n.png,/content/drive/MyDrive/612 data/PokeSpriteCleaned/0717yveltal/yveltal.png
1638,0717yveltal,poke_capture_0717_000_uk_n_00000000_f_r.png,0717yveltal,yveltal_shiny.png,/content/drive/MyDrive/612 data/ProjectPokemonCleaned/0717yveltal/poke_capture_0717_000_uk_n_00000000_f_r.png,/content/drive/MyDrive/612 data/PokeSpriteCleaned/0717yveltal/yveltal_shiny.png
1639,0718zygarde,poke_capture_0718_000_uk_n_00000000_f_n.png,0718zygarde,zygarde.png,/content/drive/MyDrive/612 data/ProjectPokemonCleaned/0718zygarde/poke_capture_0718_000_uk_n_00000000_f_n.png,/content/drive/MyDrive/612 data/PokeSpriteCleaned/0718zygarde/zygarde.png
1640,0718zygarde,poke_capture_0718_000_uk_n_00000000_f_r.png,0718zygarde,zygarde_shiny.png,/content/drive/MyDrive/612 data/ProjectPokemonCleaned/0718zygarde/poke_capture_0718_000_uk_n_00000000_f_r.png,/content/drive/MyDrive/612 data/PokeSpriteCleaned/0718zygarde/zygarde_shiny.png
1641,0718zygarde,poke_capture_0718_001_uk_n_00000000_f_n.png,0718zygarde,zygarde-10.png,/content/drive/MyDrive/612 data/ProjectPokemonCleaned/0718zygarde/poke_capture_0718_001_uk_n_00000000_f_n.png,/content/drive/MyDrive/612 data/PokeSpriteCleaned/0718zygarde/zygarde-10.png
1642,0718zygarde,poke_capture_0718_001_uk_n_00000000_f_r.png,0718zygarde,zygarde-10_shiny.png,/content/drive/MyDrive/612 data/ProjectPokemonCleaned/0718zygarde/poke_capture_0718_001_uk_n_00000000_f_r.png,/content/drive/MyDrive/612 data/PokeSpriteCleaned/0718zygarde/zygarde-10_shiny.png
1643,0718zygarde,poke_capture_0718_004_uk_n_00000000_f_n.png,0718zygarde,zygarde-complete.png,/content/drive/MyDrive/612 data/ProjectPokemonCleaned/0718zygarde/poke_capture_0718_004_uk_n_00000000_f_n.png,/content/drive/MyDrive/612 data/PokeSpriteCleaned/0718zygarde/zygarde-complete.png
1644,0718zygarde,poke_capture_0718_004_uk_n_00000000_f_r.png,0718zygarde,zygarde-complete_shiny.png,/content/drive/MyDrive/612 data/ProjectPokemonCleaned/0718zygarde/poke_capture_0718_004_uk_n_00000000_f_r.png,/content/drive/MyDrive/612 data/PokeSpriteCleaned/0718zygarde/zygarde-complete_shiny.png
1645,0719diancie,poke_capture_0719_000_uk_n_00000000_f_n.png,0719diancie,diancie.png,/content/drive/MyDrive/612 data/ProjectPokemonCleaned/0719diancie/poke_capture_0719_000_uk_n_00000000_f_n.png,/content/drive/MyDrive/612 data/PokeSpriteCleaned/0719diancie/diancie.png
1646,0719diancie,poke_capture_0719_000_uk_n_00000000_f_r.png,0719diancie,diancie_shiny.png,/content/drive/MyDrive/612 data/ProjectPokemonCleaned/0719diancie/poke_capture_0719_000_uk_n_00000000_f_r.png,/content/drive/MyDrive/612 data/PokeSpriteCleaned/0719diancie/diancie_shiny.png
1647,0719diancie,poke_capture_0719_001_uk_n_00000000_f_n.png,0719diancie,diancie-mega.png,/content/drive/MyDrive/612 data/ProjectPokemonCleaned/0719diancie/poke_capture_0719_001_uk_n_00000000_f_n.png,/content/drive/MyDrive/612 data/PokeSpriteCleaned/0719diancie/diancie-mega.png
1648,0719diancie,poke_capture_0719_001_uk_n_00000000_f_r.png,0719diancie,diancie-mega_shiny.png,/content/drive/MyDrive/612 data/ProjectPokemonCleaned/0719diancie/poke_capture_0719_001_uk_n_00000000_f_r.png,/content/drive/MyDrive/612 data/PokeSpriteCleaned/0719diancie/diancie-mega_shiny.png
1649,0720hoopa,poke_capture_0720_000_uk_n_00000000_f_n.png,0720hoopa,hoopa.png,/content/drive/MyDrive/612 data/ProjectPokemonCleaned/0720hoopa/poke_capture_0720_000_uk_n_00000000_f_n.png,/content/drive/MyDrive/612 data/PokeSpriteCleaned/0720hoopa/hoopa.png
1650,0720hoopa,poke_capture_0720_000_uk_n_00000000_f_r.png,0720hoopa,hoopa_shiny.png,/content/drive/MyDrive/612 data/ProjectPokemonCleaned/0720hoopa/poke_capture_0720_000_uk_n_00000000_f_r.png,/content/drive/MyDrive/612 data/PokeSpriteCleaned/0720hoopa/hoopa_shiny.png
1651,0720hoopa,poke_capture_0720_001_uk_n_00000000_f_n.png,0720hoopa,hoopa-unbound.png,/content/drive/MyDrive/612 data/ProjectPokemonCleaned/0720hoopa/poke_capture_0720_001_uk_n_00000000_f_n.png,/content/drive/MyDrive/612 data/PokeSpriteCleaned/0720hoopa/hoopa-unbound.png
1652,0720hoopa,poke_capture_0720_001_uk_n_00000000_f_r.png,0720hoopa,hoopa-unbound_shiny.png,/content/drive/MyDrive/612 data/ProjectPokemonCleaned/0720hoopa/poke_capture_0720_001_uk_n_00000000_f_r.png,/content/drive/MyDrive/612 data/PokeSpriteCleaned/0720hoopa/hoopa-unbound_shiny.png
1653,0721volcanion,poke_capture_0721_000_uk_n_00000000_f_n.png,0721volcanion,volcanion.png,/content/drive/MyDrive/612 data/ProjectPokemonCleaned/0721volcanion/poke_capture_0721_000_uk_n_00000000_f_n.png,/content/drive/MyDrive/612 data/PokeSpriteCleaned/0721volcanion/volcanion.png
1654,0721volcanion,poke_capture_0721_000_uk_n_00000000_f_r.png,0721volcanion,volcanion_shiny.png,/content/drive/MyDrive/612 data/ProjectPokemonCleaned/0721volcanion/poke_capture_0721_000_uk_n_00000000_f_r.png,/content/drive/MyDrive/612 data/PokeSpriteCleaned/0721volcanion/volcanion_shiny.png
1655,0722rowlet,poke_capture_0722_000_mf_n_00000000_f_n.png,0722rowlet,rowlet.png,/content/drive/MyDrive/612 data/ProjectPokemonCleaned/0722rowlet/poke_capture_0722_000_mf_n_00000000_f_n.png,/content/drive/MyDrive/612 data/PokeSpriteCleaned/0722rowlet/rowlet.png
1656,0722rowlet,poke_capture_0722_000_mf_n_00000000_f_r.png,0722rowlet,rowlet_shiny.png,/content/drive/MyDrive/612 data/ProjectPokemonCleaned/0722rowlet/poke_capture_0722_000_mf_n_00000000_f_r.png,/content/drive/MyDrive/612 data/PokeSpriteCleaned/0722rowlet/rowlet_shiny.png
1657,0724decidueye,poke_capture_0724_000_mf_n_00000000_f_n.png,0724decidueye,decidueye.png,/content/drive/MyDrive/612 data/ProjectPokemonCleaned/0724decidueye/poke_capture_0724_000_mf_n_00000000_f_n.png,/content/drive/MyDrive/612 data/PokeSpriteCleaned/0724decidueye/decidueye.png
1658,0724decidueye,poke_capture_0724_000_mf_n_00000000_f_r.png,0724decidueye,decidueye_shiny.png,/content/drive/MyDrive/612 data/ProjectPokemonCleaned/0724decidueye/poke_capture_0724_000_mf_n_00000000_f_r.png,/content/drive/MyDrive/612 data/PokeSpriteCleaned/0724decidueye/decidueye_shiny.png
1659,0725litten,poke_capture_0725_000_mf_n_00000000_f_n.png,0725litten,litten.png,/content/drive/MyDrive/612 data/ProjectPokemonCleaned/0725litten/poke_capture_0725_000_mf_n_00000000_f_n.png,/content/drive/MyDrive/612 data/PokeSpriteCleaned/0725litten/litten.png
1660,0725litten,poke_capture_0725_000_mf_n_00000000_f_r.png,0725litten,litten_shiny.png,/content/drive/MyDrive/612 data/ProjectPokemonCleaned/0725litten/poke_capture_0725_000_mf_n_00000000_f_r.png,/content/drive/MyDrive/612 data/PokeSpriteCleaned/0725litten/litten_shiny.png
1661,0726torracat,poke_capture_0726_000_mf_n_00000000_f_n.png,0726torracat,torracat.png,/content/drive/MyDrive/612 data/ProjectPokemonCleaned/0726torracat/poke_capture_0726_000_mf_n_00000000_f_n.png,/content/drive/MyDrive/612 data/PokeSpriteCleaned/0726torracat/torracat.png
1662,0726torracat,poke_capture_0726_000_mf_n_00000000_f_r.png,0726torracat,torracat_shiny.png,/content/drive/MyDrive/612 data/ProjectPokemonCleaned/0726torracat/poke_capture_0726_000_mf_n_00000000_f_r.png,/content/drive/MyDrive/612 data/PokeSpriteCleaned/0726torracat/torracat_shiny.png
1663,0727incineroar,poke_capture_0727_000_mf_n_00000000_f_n.png,0727incineroar,incineroar.png,/content/drive/MyDrive/612 data/ProjectPokemonCleaned/0727incineroar/poke_capture_0727_000_mf_n_00000000_f_n.png,/content/drive/MyDrive/612 data/PokeSpriteCleaned/0727incineroar/incineroar.png
1664,0727incineroar,poke_capture_0727_000_mf_n_00000000_f_r.png,0727incineroar,incineroar_shiny.png,/content/drive/MyDrive/612 data/ProjectPokemonCleaned/0727incineroar/poke_capture_0727_000_mf_n_00000000_f_r.png,/content/drive/MyDrive/612 data/PokeSpriteCleaned/0727incineroar/incineroar_shiny.png
1665,0730primarina,poke_capture_0730_000_mf_n_00000000_f_n.png,0730primarina,primarina.png,/content/drive/MyDrive/612 data/ProjectPokemonCleaned/0730primarina/poke_capture_0730_000_mf_n_00000000_f_n.png,/content/drive/MyDrive/612 data/PokeSpriteCleaned/0730primarina/primarina.png
1666,0730primarina,poke_capture_0730_000_mf_n_00000000_f_r.png,0730primarina,primarina_shiny.png,/content/drive/MyDrive/612 data/ProjectPokemonCleaned/0730primarina/poke_capture_0730_000_mf_n_00000000_f_r.png,/content/drive/MyDrive/612 data/PokeSpriteCleaned/0730primarina/primarina_shiny.png
1667,0731pikipek,poke_capture_0731_000_mf_n_00000000_f_n.png,0731pikipek,pikipek.png,/content/drive/MyDrive/612 data/ProjectPokemonCleaned/0731pikipek/poke_capture_0731_000_mf_n_00000000_f_n.png,/content/drive/MyDrive/612 data/PokeSpriteCleaned/0731pikipek/pikipek.png
1668,0731pikipek,poke_capture_0731_000_mf_n_00000000_f_r.png,0731pikipek,pikipek_shiny.png,/content/drive/MyDrive/612 data/ProjectPokemonCleaned/0731pikipek/poke_capture_0731_000_mf_n_00000000_f_r.png,/content/drive/MyDrive/612 data/PokeSpriteCleaned/0731pikipek/pikipek_shiny.png
1669,0732trumbeak,poke_capture_0732_000_mf_n_00000000_f_n.png,0732trumbeak,trumbeak.png,/content/drive/MyDrive/612 data/ProjectPokemonCleaned/0732trumbeak/poke_capture_0732_000_mf_n_00000000_f_n.png,/content/drive/MyDrive/612 data/PokeSpriteCleaned/0732trumbeak/trumbeak.png
1670,0732trumbeak,poke_capture_0732_000_mf_n_00000000_f_r.png,0732trumbeak,trumbeak_shiny.png,/content/drive/MyDrive/612 data/ProjectPokemonCleaned/0732trumbeak/poke_capture_0732_000_mf_n_00000000_f_r.png,/content/drive/MyDrive/612 data/PokeSpriteCleaned/0732trumbeak/trumbeak_shiny.png
1671,0733toucannon,poke_capture_0733_000_mf_n_00000000_f_n.png,0733toucannon,toucannon.png,/content/drive/MyDrive/612 data/ProjectPokemonCleaned/0733toucannon/poke_capture_0733_000_mf_n_00000000_f_n.png,/content/drive/MyDrive/612 data/PokeSpriteCleaned/0733toucannon/toucannon.png
1672,0733toucannon,poke_capture_0733_000_mf_n_00000000_f_r.png,0733toucannon,toucannon_shiny.png,/content/drive/MyDrive/612 data/ProjectPokemonCleaned/0733toucannon/poke_capture_0733_000_mf_n_00000000_f_r.png,/content/drive/MyDrive/612 data/PokeSpriteCleaned/0733toucannon/toucannon_shiny.png
1673,0734yungoos,poke_capture_0734_000_mf_n_00000000_f_n.png,0734yungoos,yungoos.png,/content/drive/MyDrive/612 data/ProjectPokemonCleaned/0734yungoos/poke_capture_0734_000_mf_n_00000000_f_n.png,/content/drive/MyDrive/612 data/PokeSpriteCleaned/0734yungoos/yungoos.png
1674,0734yungoos,poke_capture_0734_000_mf_n_00000000_f_r.png,0734yungoos,yungoos_shiny.png,/content/drive/MyDrive/612 data/ProjectPokemonCleaned/0734yungoos/poke_capture_0734_000_mf_n_00000000_f_r.png,/content/drive/MyDrive/612 data/PokeSpriteCleaned/0734yungoos/yungoos_shiny.png
1675,0736grubbin,poke_capture_0736_000_mf_n_00000000_f_n.png,0736grubbin,grubbin.png,/content/drive/MyDrive/612 data/ProjectPokemonCleaned/0736grubbin/poke_capture_0736_000_mf_n_00000000_f_n.png,/content/drive/MyDrive/612 data/PokeSpriteCleaned/0736grubbin/grubbin.png
1676,0736grubbin,poke_capture_0736_000_mf_n_00000000_f_r.png,0736grubbin,grubbin_shiny.png,/content/drive/MyDrive/612 data/ProjectPokemonCleaned/0736grubbin/poke_capture_0736_000_mf_n_00000000_f_r.png,/content/drive/MyDrive/612 data/PokeSpriteCleaned/0736grubbin/grubbin_shiny.png
1677,0737charjabug,poke_capture_0737_000_mf_n_00000000_f_n.png,0737charjabug,charjabug.png,/content/drive/MyDrive/612 data/ProjectPokemonCleaned/0737charjabug/poke_capture_0737_000_mf_n_00000000_f_n.png,/content/drive/MyDrive/612 data/PokeSpriteCleaned/0737charjabug/charjabug.png
1678,0737charjabug,poke_capture_0737_000_mf_n_00000000_f_r.png,0737charjabug,charjabug_shiny.png,/content/drive/MyDrive/612 data/ProjectPokemonCleaned/0737charjabug/poke_capture_0737_000_mf_n_00000000_f_r.png,/content/drive/MyDrive/612 data/PokeSpriteCleaned/0737charjabug/charjabug_shiny.png
1679,0738vikavolt,poke_capture_0738_000_mf_n_00000000_f_n.png,0738vikavolt,vikavolt.png,/content/drive/MyDrive/612 data/ProjectPokemonCleaned/0738vikavolt/poke_capture_0738_000_mf_n_00000000_f_n.png,/content/drive/MyDrive/612 data/PokeSpriteCleaned/0738vikavolt/vikavolt.png
1680,0738vikavolt,poke_capture_0738_000_mf_n_00000000_f_r.png,0738vikavolt,vikavolt_shiny.png,/content/drive/MyDrive/612 data/ProjectPokemonCleaned/0738vikavolt/poke_capture_0738_000_mf_n_00000000_f_r.png,/content/drive/MyDrive/612 data/PokeSpriteCleaned/0738vikavolt/vikavolt_shiny.png
1681,0739crabrawler,poke_capture_0739_000_mf_n_00000000_f_n.png,0739crabrawler,crabrawler.png,/content/drive/MyDrive/612 data/ProjectPokemonCleaned/0739crabrawler/poke_capture_0739_000_mf_n_00000000_f_n.png,/content/drive/MyDrive/612 data/PokeSpriteCleaned/0739crabrawler/crabrawler.png
1682,0739crabrawler,poke_capture_0739_000_mf_n_00000000_f_r.png,0739crabrawler,crabrawler_shiny.png,/content/drive/MyDrive/612 data/ProjectPokemonCleaned/0739crabrawler/poke_capture_0739_000_mf_n_00000000_f_r.png,/content/drive/MyDrive/612 data/PokeSpriteCleaned/0739crabrawler/crabrawler_shiny.png
1683,0740crabominable,poke_capture_0740_000_mf_n_00000000_f_n.png,0740crabominable,crabominable.png,/content/drive/MyDrive/612 data/ProjectPokemonCleaned/0740crabominable/poke_capture_0740_000_mf_n_00000000_f_n.png,/content/drive/MyDrive/612 data/PokeSpriteCleaned/0740crabominable/crabominable.png
1684,0740crabominable,poke_capture_0740_000_mf_n_00000000_f_r.png,0740crabominable,crabominable_shiny.png,/content/drive/MyDrive/612 data/ProjectPokemonCleaned/0740crabominable/poke_capture_0740_000_mf_n_00000000_f_r.png,/content/drive/MyDrive/612 data/PokeSpriteCleaned/0740crabominable/crabominable_shiny.png
1685,0741oricorio,poke_capture_0741_000_mf_n_00000000_f_n.png,0741oricorio,oricorio.png,/content/drive/MyDrive/612 data/ProjectPokemonCleaned/0741oricorio/poke_capture_0741_000_mf_n_00000000_f_n.png,/content/drive/MyDrive/612 data/PokeSpriteCleaned/0741oricorio/oricorio.png
1686,0741oricorio,poke_capture_0741_000_mf_n_00000000_f_r.png,0741oricorio,oricorio_shiny.png,/content/drive/MyDrive/612 data/ProjectPokemonCleaned/0741oricorio/poke_capture_0741_000_mf_n_00000000_f_r.png,/content/drive/MyDrive/612 data/PokeSpriteCleaned/0741oricorio/oricorio_shiny.png
1687,0741oricorio,poke_capture_0741_001_mf_n_00000000_f_n.png,0741oricorio,oricorio-pom-pom.png,/content/drive/MyDrive/612 data/ProjectPokemonCleaned/0741oricorio/poke_capture_0741_001_mf_n_00000000_f_n.png,/content/drive/MyDrive/612 data/PokeSpriteCleaned/0741oricorio/oricorio-pom-pom.png
1688,0741oricorio,poke_capture_0741_001_mf_n_00000000_f_r.png,0741oricorio,oricorio-pom-pom_shiny.png,/content/drive/MyDrive/612 data/ProjectPokemonCleaned/0741oricorio/poke_capture_0741_001_mf_n_00000000_f_r.png,/content/drive/MyDrive/612 data/PokeSpriteCleaned/0741oricorio/oricorio-pom-pom_shiny.png
1689,0741oricorio,poke_capture_0741_002_mf_n_00000000_f_n.png,0741oricorio,oricorio-pau.png,/content/drive/MyDrive/612 data/ProjectPokemonCleaned/0741oricorio/poke_capture_0741_002_mf_n_00000000_f_n.png,/content/drive/MyDrive/612 data/PokeSpriteCleaned/0741oricorio/oricorio-pau.png
1690,0741oricorio,poke_capture_0741_002_mf_n_00000000_f_r.png,0741oricorio,oricorio-pau_shiny.png,/content/drive/MyDrive/612 data/ProjectPokemonCleaned/0741oricorio/poke_capture_0741_002_mf_n_00000000_f_r.png,/content/drive/MyDrive/612 data/PokeSpriteCleaned/0741oricorio/oricorio-pau_shiny.png
1691,0741oricorio,poke_capture_0741_003_mf_n_00000000_f_n.png,0741oricorio,oricorio-sensu.png,/content/drive/MyDrive/612 data/ProjectPokemonCleaned/0741oricorio/poke_capture_0741_003_mf_n_00000000_f_n.png,/content/drive/MyDrive/612 data/PokeSpriteCleaned/0741oricorio/oricorio-sensu.png
1692,0741oricorio,poke_capture_0741_003_mf_n_00000000_f_r.png,0741oricorio,oricorio-sensu_shiny.png,/content/drive/MyDrive/612 data/ProjectPokemonCleaned/0741oricorio/poke_capture_0741_003_mf_n_00000000_f_r.png,/content/drive/MyDrive/612 data/PokeSpriteCleaned/0741oricorio/oricorio-sensu_shiny.png
1693,0742cutiefly,poke_capture_0742_000_mf_n_00000000_f_n.png,0742cutiefly,cutiefly.png,/content/drive/MyDrive/612 data/ProjectPokemonCleaned/0742cutiefly/poke_capture_0742_000_mf_n_00000000_f_n.png,/content/drive/MyDrive/612 data/PokeSpriteCleaned/0742cutiefly/cutiefly.png
1694,0742cutiefly,poke_capture_0742_000_mf_n_00000000_f_r.png,0742cutiefly,cutiefly_shiny.png,/content/drive/MyDrive/612 data/ProjectPokemonCleaned/0742cutiefly/poke_capture_0742_000_mf_n_00000000_f_r.png,/content/drive/MyDrive/612 data/PokeSpriteCleaned/0742cutiefly/cutiefly_shiny.png
1695,0743ribombee,poke_capture_0743_000_mf_n_00000000_f_n.png,0743ribombee,ribombee.png,/content/drive/MyDrive/612 data/ProjectPokemonCleaned/0743ribombee/poke_capture_0743_000_mf_n_00000000_f_n.png,/content/drive/MyDrive/612 data/PokeSpriteCleaned/0743ribombee/ribombee.png
1696,0743ribombee,poke_capture_0743_000_mf_n_00000000_f_r.png,0743ribombee,ribombee_shiny.png,/content/drive/MyDrive/612 data/ProjectPokemonCleaned/0743ribombee/poke_capture_0743_000_mf_n_00000000_f_r.png,/content/drive/MyDrive/612 data/PokeSpriteCleaned/0743ribombee/ribombee_shiny.png
1697,0744rockruff,poke_capture_0744_000_mf_n_00000000_f_n.png,0744rockruff,rockruff.png,/content/drive/MyDrive/612 data/ProjectPokemonCleaned/0744rockruff/poke_capture_0744_000_mf_n_00000000_f_n.png,/content/drive/MyDrive/612 data/PokeSpriteCleaned/0744rockruff/rockruff.png
1698,0744rockruff,poke_capture_0744_000_mf_n_00000000_f_r.png,0744rockruff,rockruff_shiny.png,/content/drive/MyDrive/612 data/ProjectPokemonCleaned/0744rockruff/poke_capture_0744_000_mf_n_00000000_f_r.png,/content/drive/MyDrive/612 data/PokeSpriteCleaned/0744rockruff/rockruff_shiny.png
1699,0745lycanroc,poke_capture_0745_000_mf_n_00000000_f_n.png,0745lycanroc,lycanroc.png,/content/drive/MyDrive/612 data/ProjectPokemonCleaned/0745lycanroc/poke_capture_0745_000_mf_n_00000000_f_n.png,/content/drive/MyDrive/612 data/PokeSpriteCleaned/0745lycanroc/lycanroc.png
1700,0745lycanroc,poke_capture_0745_000_mf_n_00000000_f_r.png,0745lycanroc,lycanroc_shiny.png,/content/drive/MyDrive/612 data/ProjectPokemonCleaned/0745lycanroc/poke_capture_0745_000_mf_n_00000000_f_r.png,/content/drive/MyDrive/612 data/PokeSpriteCleaned/0745lycanroc/lycanroc_shiny.png
1701,0745lycanroc,poke_capture_0745_002_mf_n_00000000_f_n.png,0745lycanroc,lycanroc-dusk.png,/content/drive/MyDrive/612 data/ProjectPokemonCleaned/0745lycanroc/poke_capture_0745_002_mf_n_00000000_f_n.png,/content/drive/MyDrive/612 data/PokeSpriteCleaned/0745lycanroc/lycanroc-dusk.png
1702,0745lycanroc,poke_capture_0745_002_mf_n_00000000_f_r.png,0745lycanroc,lycanroc-dusk_shiny.png,/content/drive/MyDrive/612 data/ProjectPokemonCleaned/0745lycanroc/poke_capture_0745_002_mf_n_00000000_f_r.png,/content/drive/MyDrive/612 data/PokeSpriteCleaned/0745lycanroc/lycanroc-dusk_shiny.png
1703,0746wishiwashi,poke_capture_0746_000_mf_n_00000000_f_n.png,0746wishiwashi,wishiwashi.png,/content/drive/MyDrive/612 data/ProjectPokemonCleaned/0746wishiwashi/poke_capture_0746_000_mf_n_00000000_f_n.png,/content/drive/MyDrive/612 data/PokeSpriteCleaned/0746wishiwashi/wishiwashi.png
1704,0746wishiwashi,poke_capture_0746_000_mf_n_00000000_f_r.png,0746wishiwashi,wishiwashi_shiny.png,/content/drive/MyDrive/612 data/ProjectPokemonCleaned/0746wishiwashi/poke_capture_0746_000_mf_n_00000000_f_r.png,/content/drive/MyDrive/612 data/PokeSpriteCleaned/0746wishiwashi/wishiwashi_shiny.png
1705,0746wishiwashi,poke_capture_0746_001_mf_n_00000000_f_n.png,0746wishiwashi,wishiwashi-school.png,/content/drive/MyDrive/612 data/ProjectPokemonCleaned/0746wishiwashi/poke_capture_0746_001_mf_n_00000000_f_n.png,/content/drive/MyDrive/612 data/PokeSpriteCleaned/0746wishiwashi/wishiwashi-school.png
1706,0746wishiwashi,poke_capture_0746_001_mf_n_00000000_f_r.png,0746wishiwashi,wishiwashi-school_shiny.png,/content/drive/MyDrive/612 data/ProjectPokemonCleaned/0746wishiwashi/poke_capture_0746_001_mf_n_00000000_f_r.png,/content/drive/MyDrive/612 data/PokeSpriteCleaned/0746wishiwashi/wishiwashi-school_shiny.png
1707,0747mareanie,poke_capture_0747_000_mf_n_00000000_f_n.png,0747mareanie,mareanie.png,/content/drive/MyDrive/612 data/ProjectPokemonCleaned/0747mareanie/poke_capture_0747_000_mf_n_00000000_f_n.png,/content/drive/MyDrive/612 data/PokeSpriteCleaned/0747mareanie/mareanie.png
1708,0747mareanie,poke_capture_0747_000_mf_n_00000000_f_r.png,0747mareanie,mareanie_shiny.png,/content/drive/MyDrive/612 data/ProjectPokemonCleaned/0747mareanie/poke_capture_0747_000_mf_n_00000000_f_r.png,/content/drive/MyDrive/612 data/PokeSpriteCleaned/0747mareanie/mareanie_shiny.png
1709,0748toxapex,poke_capture_0748_000_mf_n_00000000_f_n.png,0748toxapex,toxapex.png,/content/drive/MyDrive/612 data/ProjectPokemonCleaned/0748toxapex/poke_capture_0748_000_mf_n_00000000_f_n.png,/content/drive/MyDrive/612 data/PokeSpriteCleaned/0748toxapex/toxapex.png
1710,0748toxapex,poke_capture_0748_000_mf_n_00000000_f_r.png,0748toxapex,toxapex_shiny.png,/content/drive/MyDrive/612 data/ProjectPokemonCleaned/0748toxapex/poke_capture_0748_000_mf_n_00000000_f_r.png,/content/drive/MyDrive/612 data/PokeSpriteCleaned/0748toxapex/toxapex_shiny.png
1711,0749mudbray,poke_capture_0749_000_mf_n_00000000_f_n.png,0749mudbray,mudbray.png,/content/drive/MyDrive/612 data/ProjectPokemonCleaned/0749mudbray/poke_capture_0749_000_mf_n_00000000_f_n.png,/content/drive/MyDrive/612 data/PokeSpriteCleaned/0749mudbray/mudbray.png
1712,0749mudbray,poke_capture_0749_000_mf_n_00000000_f_r.png,0749mudbray,mudbray_shiny.png,/content/drive/MyDrive/612 data/ProjectPokemonCleaned/0749mudbray/poke_capture_0749_000_mf_n_00000000_f_r.png,/content/drive/MyDrive/612 data/PokeSpriteCleaned/0749mudbray/mudbray_shiny.png
1713,0751dewpider,poke_capture_0751_000_mf_n_00000000_f_n.png,0751dewpider,dewpider.png,/content/drive/MyDrive/612 data/ProjectPokemonCleaned/0751dewpider/poke_capture_0751_000_mf_n_00000000_f_n.png,/content/drive/MyDrive/612 data/PokeSpriteCleaned/0751dewpider/dewpider.png
1714,0751dewpider,poke_capture_0751_000_mf_n_00000000_f_r.png,0751dewpider,dewpider_shiny.png,/content/drive/MyDrive/612 data/ProjectPokemonCleaned/0751dewpider/poke_capture_0751_000_mf_n_00000000_f_r.png,/content/drive/MyDrive/612 data/PokeSpriteCleaned/0751dewpider/dewpider_shiny.png
1715,0753fomantis,poke_capture_0753_000_mf_n_00000000_f_n.png,0753fomantis,fomantis.png,/content/drive/MyDrive/612 data/ProjectPokemonCleaned/0753fomantis/poke_capture_0753_000_mf_n_00000000_f_n.png,/content/drive/MyDrive/612 data/PokeSpriteCleaned/0753fomantis/fomantis.png
1716,0753fomantis,poke_capture_0753_000_mf_n_00000000_f_r.png,0753fomantis,fomantis_shiny.png,/content/drive/MyDrive/612 data/ProjectPokemonCleaned/0753fomantis/poke_capture_0753_000_mf_n_00000000_f_r.png,/content/drive/MyDrive/612 data/PokeSpriteCleaned/0753fomantis/fomantis_shiny.png
1717,0754lurantis,poke_capture_0754_000_mf_n_00000000_f_n.png,0754lurantis,lurantis.png,/content/drive/MyDrive/612 data/ProjectPokemonCleaned/0754lurantis/poke_capture_0754_000_mf_n_00000000_f_n.png,/content/drive/MyDrive/612 data/PokeSpriteCleaned/0754lurantis/lurantis.png
1718,0754lurantis,poke_capture_0754_000_mf_n_00000000_f_r.png,0754lurantis,lurantis_shiny.png,/content/drive/MyDrive/612 data/ProjectPokemonCleaned/0754lurantis/poke_capture_0754_000_mf_n_00000000_f_r.png,/content/drive/MyDrive/612 data/PokeSpriteCleaned/0754lurantis/lurantis_shiny.png
1719,0755morelull,poke_capture_0755_000_mf_n_00000000_f_n.png,0755morelull,morelull.png,/content/drive/MyDrive/612 data/ProjectPokemonCleaned/0755morelull/poke_capture_0755_000_mf_n_00000000_f_n.png,/content/drive/MyDrive/612 data/PokeSpriteCleaned/0755morelull/morelull.png
1720,0755morelull,poke_capture_0755_000_mf_n_00000000_f_r.png,0755morelull,morelull_shiny.png,/content/drive/MyDrive/612 data/ProjectPokemonCleaned/0755morelull/poke_capture_0755_000_mf_n_00000000_f_r.png,/content/drive/MyDrive/612 data/PokeSpriteCleaned/0755morelull/morelull_shiny.png
1721,0756shiinotic,poke_capture_0756_000_mf_n_00000000_f_n.png,0756shiinotic,shiinotic.png,/content/drive/MyDrive/612 data/ProjectPokemonCleaned/0756shiinotic/poke_capture_0756_000_mf_n_00000000_f_n.png,/content/drive/MyDrive/612 data/PokeSpriteCleaned/0756shiinotic/shiinotic.png
1722,0756shiinotic,poke_capture_0756_000_mf_n_00000000_f_r.png,0756shiinotic,shiinotic_shiny.png,/content/drive/MyDrive/612 data/ProjectPokemonCleaned/0756shiinotic/poke_capture_0756_000_mf_n_00000000_f_r.png,/content/drive/MyDrive/612 data/PokeSpriteCleaned/0756shiinotic/shiinotic_shiny.png
1723,0757salandit,poke_capture_0757_000_mf_n_00000000_f_n.png,0757salandit,salandit.png,/content/drive/MyDrive/612 data/ProjectPokemonCleaned/0757salandit/poke_capture_0757_000_mf_n_00000000_f_n.png,/content/drive/MyDrive/612 data/PokeSpriteCleaned/0757salandit/salandit.png
1724,0757salandit,poke_capture_0757_000_mf_n_00000000_f_r.png,0757salandit,salandit_shiny.png,/content/drive/MyDrive/612 data/ProjectPokemonCleaned/0757salandit/poke_capture_0757_000_mf_n_00000000_f_r.png,/content/drive/MyDrive/612 data/PokeSpriteCleaned/0757salandit/salandit_shiny.png
1725,0759stufful,poke_capture_0759_000_mf_n_00000000_f_n.png,0759stufful,stufful.png,/content/drive/MyDrive/612 data/ProjectPokemonCleaned/0759stufful/poke_capture_0759_000_mf_n_00000000_f_n.png,/content/drive/MyDrive/612 data/PokeSpriteCleaned/0759stufful/stufful.png
1726,0759stufful,poke_capture_0759_000_mf_n_00000000_f_r.png,0759stufful,stufful_shiny.png,/content/drive/MyDrive/612 data/ProjectPokemonCleaned/0759stufful/poke_capture_0759_000_mf_n_00000000_f_r.png,/content/drive/MyDrive/612 data/PokeSpriteCleaned/0759stufful/stufful_shiny.png
1727,0760bewear,poke_capture_0760_000_mf_n_00000000_f_n.png,0760bewear,bewear.png,/content/drive/MyDrive/612 data/ProjectPokemonCleaned/0760bewear/poke_capture_0760_000_mf_n_00000000_f_n.png,/content/drive/MyDrive/612 data/PokeSpriteCleaned/0760bewear/bewear.png
1728,0760bewear,poke_capture_0760_000_mf_n_00000000_f_r.png,0760bewear,bewear_shiny.png,/content/drive/MyDrive/612 data/ProjectPokemonCleaned/0760bewear/poke_capture_0760_000_mf_n_00000000_f_r.png,/content/drive/MyDrive/612 data/PokeSpriteCleaned/0760bewear/bewear_shiny.png
1729,0761bounsweet,poke_capture_0761_000_fo_n_00000000_f_n.png,0761bounsweet,bounsweet.png,/content/drive/MyDrive/612 data/ProjectPokemonCleaned/0761bounsweet/poke_capture_0761_000_fo_n_00000000_f_n.png,/content/drive/MyDrive/612 data/PokeSpriteCleaned/0761bounsweet/bounsweet.png
1730,0761bounsweet,poke_capture_0761_000_fo_n_00000000_f_r.png,0761bounsweet,bounsweet_shiny.png,/content/drive/MyDrive/612 data/ProjectPokemonCleaned/0761bounsweet/poke_capture_0761_000_fo_n_00000000_f_r.png,/content/drive/MyDrive/612 data/PokeSpriteCleaned/0761bounsweet/bounsweet_shiny.png
1731,0762steenee,poke_capture_0762_000_fo_n_00000000_f_n.png,0762steenee,steenee.png,/content/drive/MyDrive/612 data/ProjectPokemonCleaned/0762steenee/poke_capture_0762_000_fo_n_00000000_f_n.png,/content/drive/MyDrive/612 data/PokeSpriteCleaned/0762steenee/steenee.png
1732,0762steenee,poke_capture_0762_000_fo_n_00000000_f_r.png,0762steenee,steenee_shiny.png,/content/drive/MyDrive/612 data/ProjectPokemonCleaned/0762steenee/poke_capture_0762_000_fo_n_00000000_f_r.png,/content/drive/MyDrive/612 data/PokeSpriteCleaned/0762steenee/steenee_shiny.png
1733,0763tsareena,poke_capture_0763_000_fo_n_00000000_f_n.png,0763tsareena,tsareena.png,/content/drive/MyDrive/612 data/ProjectPokemonCleaned/0763tsareena/poke_capture_0763_000_fo_n_00000000_f_n.png,/content/drive/MyDrive/612 data/PokeSpriteCleaned/0763tsareena/tsareena.png
1734,0763tsareena,poke_capture_0763_000_fo_n_00000000_f_r.png,0763tsareena,tsareena_shiny.png,/content/drive/MyDrive/612 data/ProjectPokemonCleaned/0763tsareena/poke_capture_0763_000_fo_n_00000000_f_r.png,/content/drive/MyDrive/612 data/PokeSpriteCleaned/0763tsareena/tsareena_shiny.png
1735,0764comfey,poke_capture_0764_000_mf_n_00000000_f_n.png,0764comfey,comfey.png,/content/drive/MyDrive/612 data/ProjectPokemonCleaned/0764comfey/poke_capture_0764_000_mf_n_00000000_f_n.png,/content/drive/MyDrive/612 data/PokeSpriteCleaned/0764comfey/comfey.png
1736,0764comfey,poke_capture_0764_000_mf_n_00000000_f_r.png,0764comfey,comfey_shiny.png,/content/drive/MyDrive/612 data/ProjectPokemonCleaned/0764comfey/poke_capture_0764_000_mf_n_00000000_f_r.png,/content/drive/MyDrive/612 data/PokeSpriteCleaned/0764comfey/comfey_shiny.png
1737,0765oranguru,poke_capture_0765_000_mf_n_00000000_f_n.png,0765oranguru,oranguru.png,/content/drive/MyDrive/612 data/ProjectPokemonCleaned/0765oranguru/poke_capture_0765_000_mf_n_00000000_f_n.png,/content/drive/MyDrive/612 data/PokeSpriteCleaned/0765oranguru/oranguru.png
1738,0765oranguru,poke_capture_0765_000_mf_n_00000000_f_r.png,0765oranguru,oranguru_shiny.png,/content/drive/MyDrive/612 data/ProjectPokemonCleaned/0765oranguru/poke_capture_0765_000_mf_n_00000000_f_r.png,/content/drive/MyDrive/612 data/PokeSpriteCleaned/0765oranguru/oranguru_shiny.png
1739,0766passimian,poke_capture_0766_000_mf_n_00000000_f_n.png,0766passimian,passimian.png,/content/drive/MyDrive/612 data/ProjectPokemonCleaned/0766passimian/poke_capture_0766_000_mf_n_00000000_f_n.png,/content/drive/MyDrive/612 data/PokeSpriteCleaned/0766passimian/passimian.png
1740,0766passimian,poke_capture_0766_000_mf_n_00000000_f_r.png,0766passimian,passimian_shiny.png,/content/drive/MyDrive/612 data/ProjectPokemonCleaned/0766passimian/poke_capture_0766_000_mf_n_00000000_f_r.png,/content/drive/MyDrive/612 data/PokeSpriteCleaned/0766passimian/passimian_shiny.png
1741,0768golisopod,poke_capture_0768_000_mf_n_00000000_f_n.png,0768golisopod,golisopod.png,/content/drive/MyDrive/612 data/ProjectPokemonCleaned/0768golisopod/poke_capture_0768_000_mf_n_00000000_f_n.png,/content/drive/MyDrive/612 data/PokeSpriteCleaned/0768golisopod/golisopod.png
1742,0768golisopod,poke_capture_0768_000_mf_n_00000000_f_r.png,0768golisopod,golisopod_shiny.png,/content/drive/MyDrive/612 data/ProjectPokemonCleaned/0768golisopod/poke_capture_0768_000_mf_n_00000000_f_r.png,/content/drive/MyDrive/612 data/PokeSpriteCleaned/0768golisopod/golisopod_shiny.png
1743,0769sandygast,poke_capture_0769_000_mf_n_00000000_f_n.png,0769sandygast,sandygast.png,/content/drive/MyDrive/612 data/ProjectPokemonCleaned/0769sandygast/poke_capture_0769_000_mf_n_00000000_f_n.png,/content/drive/MyDrive/612 data/PokeSpriteCleaned/0769sandygast/sandygast.png
1744,0769sandygast,poke_capture_0769_000_mf_n_00000000_f_r.png,0769sandygast,sandygast_shiny.png,/content/drive/MyDrive/612 data/ProjectPokemonCleaned/0769sandygast/poke_capture_0769_000_mf_n_00000000_f_r.png,/content/drive/MyDrive/612 data/PokeSpriteCleaned/0769sandygast/sandygast_shiny.png
1745,0770palossand,poke_capture_0770_000_mf_n_00000000_f_n.png,0770palossand,palossand.png,/content/drive/MyDrive/612 data/ProjectPokemonCleaned/0770palossand/poke_capture_0770_000_mf_n_00000000_f_n.png,/content/drive/MyDrive/612 data/PokeSpriteCleaned/0770palossand/palossand.png
1746,0770palossand,poke_capture_0770_000_mf_n_00000000_f_r.png,0770palossand,palossand_shiny.png,/content/drive/MyDrive/612 data/ProjectPokemonCleaned/0770palossand/poke_capture_0770_000_mf_n_00000000_f_r.png,/content/drive/MyDrive/612 data/PokeSpriteCleaned/0770palossand/palossand_shiny.png
1747,0771pyukumuku,poke_capture_0771_000_mf_n_00000000_f_n.png,0771pyukumuku,pyukumuku.png,/content/drive/MyDrive/612 data/ProjectPokemonCleaned/0771pyukumuku/poke_capture_0771_000_mf_n_00000000_f_n.png,/content/drive/MyDrive/612 data/PokeSpriteCleaned/0771pyukumuku/pyukumuku.png
1748,0771pyukumuku,poke_capture_0771_000_mf_n_00000000_f_r.png,0771pyukumuku,pyukumuku_shiny.png,/content/drive/MyDrive/612 data/ProjectPokemonCleaned/0771pyukumuku/poke_capture_0771_000_mf_n_00000000_f_r.png,/content/drive/MyDrive/612 data/PokeSpriteCleaned/0771pyukumuku/pyukumuku_shiny.png
1749,0773silvally,poke_capture_0773_000_uk_n_00000000_f_n.png,0773silvally,silvally.png,/content/drive/MyDrive/612 data/ProjectPokemonCleaned/0773silvally/poke_capture_0773_000_uk_n_00000000_f_n.png,/content/drive/MyDrive/612 data/PokeSpriteCleaned/0773silvally/silvally.png
1750,0773silvally,poke_capture_0773_000_uk_n_00000000_f_r.png,0773silvally,silvally_shiny.png,/content/drive/MyDrive/612 data/ProjectPokemonCleaned/0773silvally/poke_capture_0773_000_uk_n_00000000_f_r.png,/content/drive/MyDrive/612 data/PokeSpriteCleaned/0773silvally/silvally_shiny.png
1751,0773silvally,poke_capture_0773_001_uk_n_00000000_f_n.png,0773silvally,silvally-fighting.png,/content/drive/MyDrive/612 data/ProjectPokemonCleaned/0773silvally/poke_capture_0773_001_uk_n_00000000_f_n.png,/content/drive/MyDrive/612 data/PokeSpriteCleaned/0773silvally/silvally-fighting.png
1752,0773silvally,poke_capture_0773_001_uk_n_00000000_f_r.png,0773silvally,silvally-fighting_shiny.png,/content/drive/MyDrive/612 data/ProjectPokemonCleaned/0773silvally/poke_capture_0773_001_uk_n_00000000_f_r.png,/content/drive/MyDrive/612 data/PokeSpriteCleaned/0773silvally/silvally-fighting_shiny.png
1753,0773silvally,poke_capture_0773_002_uk_n_00000000_f_n.png,0773silvally,silvally-flying.png,/content/drive/MyDrive/612 data/ProjectPokemonCleaned/0773silvally/poke_capture_0773_002_uk_n_00000000_f_n.png,/content/drive/MyDrive/612 data/PokeSpriteCleaned/0773silvally/silvally-flying.png
1754,0773silvally,poke_capture_0773_002_uk_n_00000000_f_r.png,0773silvally,silvally-flying_shiny.png,/content/drive/MyDrive/612 data/ProjectPokemonCleaned/0773silvally/poke_capture_0773_002_uk_n_00000000_f_r.png,/content/drive/MyDrive/612 data/PokeSpriteCleaned/0773silvally/silvally-flying_shiny.png
1755,0773silvally,poke_capture_0773_003_uk_n_00000000_f_n.png,0773silvally,silvally-poison.png,/content/drive/MyDrive/612 data/ProjectPokemonCleaned/0773silvally/poke_capture_0773_003_uk_n_00000000_f_n.png,/content/drive/MyDrive/612 data/PokeSpriteCleaned/0773silvally/silvally-poison.png
1756,0773silvally,poke_capture_0773_003_uk_n_00000000_f_r.png,0773silvally,silvally-poison_shiny.png,/content/drive/MyDrive/612 data/ProjectPokemonCleaned/0773silvally/poke_capture_0773_003_uk_n_00000000_f_r.png,/content/drive/MyDrive/612 data/PokeSpriteCleaned/0773silvally/silvally-poison_shiny.png
1757,0773silvally,poke_capture_0773_004_uk_n_00000000_f_n.png,0773silvally,silvally-ground.png,/content/drive/MyDrive/612 data/ProjectPokemonCleaned/0773silvally/poke_capture_0773_004_uk_n_00000000_f_n.png,/content/drive/MyDrive/612 data/PokeSpriteCleaned/0773silvally/silvally-ground.png
1758,0773silvally,poke_capture_0773_004_uk_n_00000000_f_r.png,0773silvally,silvally-ground_shiny.png,/content/drive/MyDrive/612 data/ProjectPokemonCleaned/0773silvally/poke_capture_0773_004_uk_n_00000000_f_r.png,/content/drive/MyDrive/612 data/PokeSpriteCleaned/0773silvally/silvally-ground_shiny.png
1759,0773silvally,poke_capture_0773_005_uk_n_00000000_f_n.png,0773silvally,silvally-rock.png,/content/drive/MyDrive/612 data/ProjectPokemonCleaned/0773silvally/poke_capture_0773_005_uk_n_00000000_f_n.png,/content/drive/MyDrive/612 data/PokeSpriteCleaned/0773silvally/silvally-rock.png
1760,0773silvally,poke_capture_0773_005_uk_n_00000000_f_r.png,0773silvally,silvally-rock_shiny.png,/content/drive/MyDrive/612 data/ProjectPokemonCleaned/0773silvally/poke_capture_0773_005_uk_n_00000000_f_r.png,/content/drive/MyDrive/612 data/PokeSpriteCleaned/0773silvally/silvally-rock_shiny.png
1761,0773silvally,poke_capture_0773_006_uk_n_00000000_f_n.png,0773silvally,silvally-bug.png,/content/drive/MyDrive/612 data/ProjectPokemonCleaned/0773silvally/poke_capture_0773_006_uk_n_00000000_f_n.png,/content/drive/MyDrive/612 data/PokeSpriteCleaned/0773silvally/silvally-bug.png
1762,0773silvally,poke_capture_0773_006_uk_n_00000000_f_r.png,0773silvally,silvally-bug_shiny.png,/content/drive/MyDrive/612 data/ProjectPokemonCleaned/0773silvally/poke_capture_0773_006_uk_n_00000000_f_r.png,/content/drive/MyDrive/612 data/PokeSpriteCleaned/0773silvally/silvally-bug_shiny.png
1763,0773silvally,poke_capture_0773_007_uk_n_00000000_f_n.png,0773silvally,silvally-ghost.png,/content/drive/MyDrive/612 data/ProjectPokemonCleaned/0773silvally/poke_capture_0773_007_uk_n_00000000_f_n.png,/content/drive/MyDrive/612 data/PokeSpriteCleaned/0773silvally/silvally-ghost.png
1764,0773silvally,poke_capture_0773_007_uk_n_00000000_f_r.png,0773silvally,silvally-ghost_shiny.png,/content/drive/MyDrive/612 data/ProjectPokemonCleaned/0773silvally/poke_capture_0773_007_uk_n_00000000_f_r.png,/content/drive/MyDrive/612 data/PokeSpriteCleaned/0773silvally/silvally-ghost_shiny.png
1765,0773silvally,poke_capture_0773_008_uk_n_00000000_f_n.png,0773silvally,silvally-steel.png,/content/drive/MyDrive/612 data/ProjectPokemonCleaned/0773silvally/poke_capture_0773_008_uk_n_00000000_f_n.png,/content/drive/MyDrive/612 data/PokeSpriteCleaned/0773silvally/silvally-steel.png
1766,0773silvally,poke_capture_0773_008_uk_n_00000000_f_r.png,0773silvally,silvally-steel_shiny.png,/content/drive/MyDrive/612 data/ProjectPokemonCleaned/0773silvally/poke_capture_0773_008_uk_n_00000000_f_r.png,/content/drive/MyDrive/612 data/PokeSpriteCleaned/0773silvally/silvally-steel_shiny.png
1767,0773silvally,poke_capture_0773_009_uk_n_00000000_f_n.png,0773silvally,silvally-fire.png,/content/drive/MyDrive/612 data/ProjectPokemonCleaned/0773silvally/poke_capture_0773_009_uk_n_00000000_f_n.png,/content/drive/MyDrive/612 data/PokeSpriteCleaned/0773silvally/silvally-fire.png
1768,0773silvally,poke_capture_0773_009_uk_n_00000000_f_r.png,0773silvally,silvally-fire_shiny.png,/content/drive/MyDrive/612 data/ProjectPokemonCleaned/0773silvally/poke_capture_0773_009_uk_n_00000000_f_r.png,/content/drive/MyDrive/612 data/PokeSpriteCleaned/0773silvally/silvally-fire_shiny.png
1769,0773silvally,poke_capture_0773_010_uk_n_00000000_f_n.png,0773silvally,silvally-water.png,/content/drive/MyDrive/612 data/ProjectPokemonCleaned/0773silvally/poke_capture_0773_010_uk_n_00000000_f_n.png,/content/drive/MyDrive/612 data/PokeSpriteCleaned/0773silvally/silvally-water.png
1770,0773silvally,poke_capture_0773_010_uk_n_00000000_f_r.png,0773silvally,silvally-water_shiny.png,/content/drive/MyDrive/612 data/ProjectPokemonCleaned/0773silvally/poke_capture_0773_010_uk_n_00000000_f_r.png,/content/drive/MyDrive/612 data/PokeSpriteCleaned/0773silvally/silvally-water_shiny.png
1771,0773silvally,poke_capture_0773_011_uk_n_00000000_f_n.png,0773silvally,silvally-grass.png,/content/drive/MyDrive/612 data/ProjectPokemonCleaned/0773silvally/poke_capture_0773_011_uk_n_00000000_f_n.png,/content/drive/MyDrive/612 data/PokeSpriteCleaned/0773silvally/silvally-grass.png
1772,0773silvally,poke_capture_0773_011_uk_n_00000000_f_r.png,0773silvally,silvally-grass_shiny.png,/content/drive/MyDrive/612 data/ProjectPokemonCleaned/0773silvally/poke_capture_0773_011_uk_n_00000000_f_r.png,/content/drive/MyDrive/612 data/PokeSpriteCleaned/0773silvally/silvally-grass_shiny.png
1773,0773silvally,poke_capture_0773_012_uk_n_00000000_f_n.png,0773silvally,silvally-electric.png,/content/drive/MyDrive/612 data/ProjectPokemonCleaned/0773silvally/poke_capture_0773_012_uk_n_00000000_f_n.png,/content/drive/MyDrive/612 data/PokeSpriteCleaned/0773silvally/silvally-electric.png
1774,0773silvally,poke_capture_0773_012_uk_n_00000000_f_r.png,0773silvally,silvally-electric_shiny.png,/content/drive/MyDrive/612 data/ProjectPokemonCleaned/0773silvally/poke_capture_0773_012_uk_n_00000000_f_r.png,/content/drive/MyDrive/612 data/PokeSpriteCleaned/0773silvally/silvally-electric_shiny.png
1775,0773silvally,poke_capture_0773_013_uk_n_00000000_f_n.png,0773silvally,silvally-psychic.png,/content/drive/MyDrive/612 data/ProjectPokemonCleaned/0773silvally/poke_capture_0773_013_uk_n_00000000_f_n.png,/content/drive/MyDrive/612 data/PokeSpriteCleaned/0773silvally/silvally-psychic.png
1776,0773silvally,poke_capture_0773_013_uk_n_00000000_f_r.png,0773silvally,silvally-psychic_shiny.png,/content/drive/MyDrive/612 data/ProjectPokemonCleaned/0773silvally/poke_capture_0773_013_uk_n_00000000_f_r.png,/content/drive/MyDrive/612 data/PokeSpriteCleaned/0773silvally/silvally-psychic_shiny.png
1777,0773silvally,poke_capture_0773_014_uk_n_00000000_f_n.png,0773silvally,silvally-ice.png,/content/drive/MyDrive/612 data/ProjectPokemonCleaned/0773silvally/poke_capture_0773_014_uk_n_00000000_f_n.png,/content/drive/MyDrive/612 data/PokeSpriteCleaned/0773silvally/silvally-ice.png
1778,0773silvally,poke_capture_0773_014_uk_n_00000000_f_r.png,0773silvally,silvally-ice_shiny.png,/content/drive/MyDrive/612 data/ProjectPokemonCleaned/0773silvally/poke_capture_0773_014_uk_n_00000000_f_r.png,/content/drive/MyDrive/612 data/PokeSpriteCleaned/0773silvally/silvally-ice_shiny.png
1779,0773silvally,poke_capture_0773_015_uk_n_00000000_f_n.png,0773silvally,silvally-dragon.png,/content/drive/MyDrive/612 data/ProjectPokemonCleaned/0773silvally/poke_capture_0773_015_uk_n_00000000_f_n.png,/content/drive/MyDrive/612 data/PokeSpriteCleaned/0773silvally/silvally-dragon.png
1780,0773silvally,poke_capture_0773_015_uk_n_00000000_f_r.png,0773silvally,silvally-dragon_shiny.png,/content/drive/MyDrive/612 data/ProjectPokemonCleaned/0773silvally/poke_capture_0773_015_uk_n_00000000_f_r.png,/content/drive/MyDrive/612 data/PokeSpriteCleaned/0773silvally/silvally-dragon_shiny.png
1781,0773silvally,poke_capture_0773_016_uk_n_00000000_f_n.png,0773silvally,silvally-dark.png,/content/drive/MyDrive/612 data/ProjectPokemonCleaned/0773silvally/poke_capture_0773_016_uk_n_00000000_f_n.png,/content/drive/MyDrive/612 data/PokeSpriteCleaned/0773silvally/silvally-dark.png
1782,0773silvally,poke_capture_0773_016_uk_n_00000000_f_r.png,0773silvally,silvally-dark_shiny.png,/content/drive/MyDrive/612 data/ProjectPokemonCleaned/0773silvally/poke_capture_0773_016_uk_n_00000000_f_r.png,/content/drive/MyDrive/612 data/PokeSpriteCleaned/0773silvally/silvally-dark_shiny.png
1783,0773silvally,poke_capture_0773_017_uk_n_00000000_f_n.png,0773silvally,silvally-fairy.png,/content/drive/MyDrive/612 data/ProjectPokemonCleaned/0773silvally/poke_capture_0773_017_uk_n_00000000_f_n.png,/content/drive/MyDrive/612 data/PokeSpriteCleaned/0773silvally/silvally-fairy.png
1784,0773silvally,poke_capture_0773_017_uk_n_00000000_f_r.png,0773silvally,silvally-fairy_shiny.png,/content/drive/MyDrive/612 data/ProjectPokemonCleaned/0773silvally/poke_capture_0773_017_uk_n_00000000_f_r.png,/content/drive/MyDrive/612 data/PokeSpriteCleaned/0773silvally/silvally-fairy_shiny.png
1785,0774minior,poke_capture_0774_000_uk_n_00000000_f_n.png,0774minior,minior.png,/content/drive/MyDrive/612 data/ProjectPokemonCleaned/0774minior/poke_capture_0774_000_uk_n_00000000_f_n.png,/content/drive/MyDrive/612 data/PokeSpriteCleaned/0774minior/minior.png
1786,0774minior,poke_capture_0774_007_uk_n_00000000_f_n.png,0774minior,minior-red.png,/content/drive/MyDrive/612 data/ProjectPokemonCleaned/0774minior/poke_capture_0774_007_uk_n_00000000_f_n.png,/content/drive/MyDrive/612 data/PokeSpriteCleaned/0774minior/minior-red.png
1787,0774minior,poke_capture_0774_007_uk_n_00000000_f_r.png,0774minior,minior-blue-gen7_shiny.png,/content/drive/MyDrive/612 data/ProjectPokemonCleaned/0774minior/poke_capture_0774_007_uk_n_00000000_f_r.png,/content/drive/MyDrive/612 data/PokeSpriteCleaned/0774minior/minior-blue-gen7_shiny.png
1788,0774minior,poke_capture_0774_008_uk_n_00000000_f_n.png,0774minior,minior-orange.png,/content/drive/MyDrive/612 data/ProjectPokemonCleaned/0774minior/poke_capture_0774_008_uk_n_00000000_f_n.png,/content/drive/MyDrive/612 data/PokeSpriteCleaned/0774minior/minior-orange.png
1789,0774minior,poke_capture_0774_009_uk_n_00000000_f_n.png,0774minior,minior-yellow.png,/content/drive/MyDrive/612 data/ProjectPokemonCleaned/0774minior/poke_capture_0774_009_uk_n_00000000_f_n.png,/content/drive/MyDrive/612 data/PokeSpriteCleaned/0774minior/minior-yellow.png
1790,0774minior,poke_capture_0774_010_uk_n_00000000_f_n.png,0774minior,minior-green.png,/content/drive/MyDrive/612 data/ProjectPokemonCleaned/0774minior/poke_capture_0774_010_uk_n_00000000_f_n.png,/content/drive/MyDrive/612 data/PokeSpriteCleaned/0774minior/minior-green.png
1791,0774minior,poke_capture_0774_011_uk_n_00000000_f_n.png,0774minior,minior-blue.png,/content/drive/MyDrive/612 data/ProjectPokemonCleaned/0774minior/poke_capture_0774_011_uk_n_00000000_f_n.png,/content/drive/MyDrive/612 data/PokeSpriteCleaned/0774minior/minior-blue.png
1792,0774minior,poke_capture_0774_012_uk_n_00000000_f_n.png,0774minior,minior-indigo.png,/content/drive/MyDrive/612 data/ProjectPokemonCleaned/0774minior/poke_capture_0774_012_uk_n_00000000_f_n.png,/content/drive/MyDrive/612 data/PokeSpriteCleaned/0774minior/minior-indigo.png
1793,0774minior,poke_capture_0774_013_uk_n_00000000_f_n.png,0774minior,minior-violet.png,/content/drive/MyDrive/612 data/ProjectPokemonCleaned/0774minior/poke_capture_0774_013_uk_n_00000000_f_n.png,/content/drive/MyDrive/612 data/PokeSpriteCleaned/0774minior/minior-violet.png
1794,0775komala,poke_capture_0775_000_mf_n_00000000_f_n.png,0775komala,komala.png,/content/drive/MyDrive/612 data/ProjectPokemonCleaned/0775komala/poke_capture_0775_000_mf_n_00000000_f_n.png,/content/drive/MyDrive/612 data/PokeSpriteCleaned/0775komala/komala.png
1795,0775komala,poke_capture_0775_000_mf_n_00000000_f_r.png,0775komala,komala_shiny.png,/content/drive/MyDrive/612 data/ProjectPokemonCleaned/0775komala/poke_capture_0775_000_mf_n_00000000_f_r.png,/content/drive/MyDrive/612 data/PokeSpriteCleaned/0775komala/komala_shiny.png
1796,0776turtonator,poke_capture_0776_000_mf_n_00000000_f_n.png,0776turtonator,turtonator.png,/content/drive/MyDrive/612 data/ProjectPokemonCleaned/0776turtonator/poke_capture_0776_000_mf_n_00000000_f_n.png,/content/drive/MyDrive/612 data/PokeSpriteCleaned/0776turtonator/turtonator.png
1797,0776turtonator,poke_capture_0776_000_mf_n_00000000_f_r.png,0776turtonator,turtonator_shiny.png,/content/drive/MyDrive/612 data/ProjectPokemonCleaned/0776turtonator/poke_capture_0776_000_mf_n_00000000_f_r.png,/content/drive/MyDrive/612 data/PokeSpriteCleaned/0776turtonator/turtonator_shiny.png
1798,0777togedemaru,poke_capture_0777_000_mf_n_00000000_f_n.png,0777togedemaru,togedemaru.png,/content/drive/MyDrive/612 data/ProjectPokemonCleaned/0777togedemaru/poke_capture_0777_000_mf_n_00000000_f_n.png,/content/drive/MyDrive/612 data/PokeSpriteCleaned/0777togedemaru/togedemaru.png
1799,0777togedemaru,poke_capture_0777_000_mf_n_00000000_f_r.png,0777togedemaru,togedemaru_shiny.png,/content/drive/MyDrive/612 data/ProjectPokemonCleaned/0777togedemaru/poke_capture_0777_000_mf_n_00000000_f_r.png,/content/drive/MyDrive/612 data/PokeSpriteCleaned/0777togedemaru/togedemaru_shiny.png
1800,0778mimikyu,poke_capture_0778_000_mf_n_00000000_f_n.png,0778mimikyu,mimikyu.png,/content/drive/MyDrive/612 data/ProjectPokemonCleaned/0778mimikyu/poke_capture_0778_000_mf_n_00000000_f_n.png,/content/drive/MyDrive/612 data/PokeSpriteCleaned/0778mimikyu/mimikyu.png
1801,0778mimikyu,poke_capture_0778_000_mf_n_00000000_f_r.png,0778mimikyu,mimikyu_shiny.png,/content/drive/MyDrive/612 data/ProjectPokemonCleaned/0778mimikyu/poke_capture_0778_000_mf_n_00000000_f_r.png,/content/drive/MyDrive/612 data/PokeSpriteCleaned/0778mimikyu/mimikyu_shiny.png
1802,0778mimikyu,poke_capture_0778_001_mf_n_00000000_f_n.png,0778mimikyu,mimikyu.png,/content/drive/MyDrive/612 data/ProjectPokemonCleaned/0778mimikyu/poke_capture_0778_001_mf_n_00000000_f_n.png,/content/drive/MyDrive/612 data/PokeSpriteCleaned/0778mimikyu/mimikyu.png
1803,0778mimikyu,poke_capture_0778_001_mf_n_00000000_f_r.png,0778mimikyu,mimikyu_shiny.png,/content/drive/MyDrive/612 data/ProjectPokemonCleaned/0778mimikyu/poke_capture_0778_001_mf_n_00000000_f_r.png,/content/drive/MyDrive/612 data/PokeSpriteCleaned/0778mimikyu/mimikyu_shiny.png
1804,0779bruxish,poke_capture_0779_000_mf_n_00000000_f_n.png,0779bruxish,bruxish.png,/content/drive/MyDrive/612 data/ProjectPokemonCleaned/0779bruxish/poke_capture_0779_000_mf_n_00000000_f_n.png,/content/drive/MyDrive/612 data/PokeSpriteCleaned/0779bruxish/bruxish.png
1805,0779bruxish,poke_capture_0779_000_mf_n_00000000_f_r.png,0779bruxish,bruxish_shiny.png,/content/drive/MyDrive/612 data/ProjectPokemonCleaned/0779bruxish/poke_capture_0779_000_mf_n_00000000_f_r.png,/content/drive/MyDrive/612 data/PokeSpriteCleaned/0779bruxish/bruxish_shiny.png
1806,0780drampa,poke_capture_0780_000_mf_n_00000000_f_n.png,0780drampa,drampa.png,/content/drive/MyDrive/612 data/ProjectPokemonCleaned/0780drampa/poke_capture_0780_000_mf_n_00000000_f_n.png,/content/drive/MyDrive/612 data/PokeSpriteCleaned/0780drampa/drampa.png
1807,0780drampa,poke_capture_0780_000_mf_n_00000000_f_r.png,0780drampa,drampa_shiny.png,/content/drive/MyDrive/612 data/ProjectPokemonCleaned/0780drampa/poke_capture_0780_000_mf_n_00000000_f_r.png,/content/drive/MyDrive/612 data/PokeSpriteCleaned/0780drampa/drampa_shiny.png
1808,0781dhelmise,poke_capture_0781_000_uk_n_00000000_f_n.png,0781dhelmise,dhelmise.png,/content/drive/MyDrive/612 data/ProjectPokemonCleaned/0781dhelmise/poke_capture_0781_000_uk_n_00000000_f_n.png,/content/drive/MyDrive/612 data/PokeSpriteCleaned/0781dhelmise/dhelmise.png
1809,0781dhelmise,poke_capture_0781_000_uk_n_00000000_f_r.png,0781dhelmise,dhelmise_shiny.png,/content/drive/MyDrive/612 data/ProjectPokemonCleaned/0781dhelmise/poke_capture_0781_000_uk_n_00000000_f_r.png,/content/drive/MyDrive/612 data/PokeSpriteCleaned/0781dhelmise/dhelmise_shiny.png
1810,0782jangmo-o,poke_capture_0782_000_mf_n_00000000_f_n.png,0782jangmo-o,jangmo-o.png,/content/drive/MyDrive/612 data/ProjectPokemonCleaned/0782jangmo-o/poke_capture_0782_000_mf_n_00000000_f_n.png,/content/drive/MyDrive/612 data/PokeSpriteCleaned/0782jangmo-o/jangmo-o.png
1811,0782jangmo-o,poke_capture_0782_000_mf_n_00000000_f_r.png,0782jangmo-o,jangmo-o_shiny.png,/content/drive/MyDrive/612 data/ProjectPokemonCleaned/0782jangmo-o/poke_capture_0782_000_mf_n_00000000_f_r.png,/content/drive/MyDrive/612 data/PokeSpriteCleaned/0782jangmo-o/jangmo-o_shiny.png
1812,0784kommo-o,poke_capture_0784_000_mf_n_00000000_f_n.png,0784kommo-o,kommo-o.png,/content/drive/MyDrive/612 data/ProjectPokemonCleaned/0784kommo-o/poke_capture_0784_000_mf_n_00000000_f_n.png,/content/drive/MyDrive/612 data/PokeSpriteCleaned/0784kommo-o/kommo-o.png
1813,0784kommo-o,poke_capture_0784_000_mf_n_00000000_f_r.png,0784kommo-o,kommo-o_shiny.png,/content/drive/MyDrive/612 data/ProjectPokemonCleaned/0784kommo-o/poke_capture_0784_000_mf_n_00000000_f_r.png,/content/drive/MyDrive/612 data/PokeSpriteCleaned/0784kommo-o/kommo-o_shiny.png
1814,0785tapu koko,poke_capture_0785_000_uk_n_00000000_f_n.png,0785tapu koko,tapu koko.png,/content/drive/MyDrive/612 data/ProjectPokemonCleaned/0785tapu koko/poke_capture_0785_000_uk_n_00000000_f_n.png,/content/drive/MyDrive/612 data/PokeSpriteCleaned/0785tapu koko/tapu koko.png
1815,0785tapu koko,poke_capture_0785_000_uk_n_00000000_f_r.png,0785tapu koko,tapu koko_shiny.png,/content/drive/MyDrive/612 data/ProjectPokemonCleaned/0785tapu koko/poke_capture_0785_000_uk_n_00000000_f_r.png,/content/drive/MyDrive/612 data/PokeSpriteCleaned/0785tapu koko/tapu koko_shiny.png
1816,0786tapu lele,poke_capture_0786_000_uk_n_00000000_f_n.png,0786tapu lele,tapu lele.png,/content/drive/MyDrive/612 data/ProjectPokemonCleaned/0786tapu lele/poke_capture_0786_000_uk_n_00000000_f_n.png,/content/drive/MyDrive/612 data/PokeSpriteCleaned/0786tapu lele/tapu lele.png
1817,0786tapu lele,poke_capture_0786_000_uk_n_00000000_f_r.png,0786tapu lele,tapu lele_shiny.png,/content/drive/MyDrive/612 data/ProjectPokemonCleaned/0786tapu lele/poke_capture_0786_000_uk_n_00000000_f_r.png,/content/drive/MyDrive/612 data/PokeSpriteCleaned/0786tapu lele/tapu lele_shiny.png
1818,0787tapu bulu,poke_capture_0787_000_uk_n_00000000_f_n.png,0787tapu bulu,tapu bulu.png,/content/drive/MyDrive/612 data/ProjectPokemonCleaned/0787tapu bulu/poke_capture_0787_000_uk_n_00000000_f_n.png,/content/drive/MyDrive/612 data/PokeSpriteCleaned/0787tapu bulu/tapu bulu.png
1819,0787tapu bulu,poke_capture_0787_000_uk_n_00000000_f_r.png,0787tapu bulu,tapu bulu_shiny.png,/content/drive/MyDrive/612 data/ProjectPokemonCleaned/0787tapu bulu/poke_capture_0787_000_uk_n_00000000_f_r.png,/content/drive/MyDrive/612 data/PokeSpriteCleaned/0787tapu bulu/tapu bulu_shiny.png
1820,0788tapu fini,poke_capture_0788_000_uk_n_00000000_f_n.png,0788tapu fini,tapu fini.png,/content/drive/MyDrive/612 data/ProjectPokemonCleaned/0788tapu fini/poke_capture_0788_000_uk_n_00000000_f_n.png,/content/drive/MyDrive/612 data/PokeSpriteCleaned/0788tapu fini/tapu fini.png
1821,0788tapu fini,poke_capture_0788_000_uk_n_00000000_f_r.png,0788tapu fini,tapu fini_shiny.png,/content/drive/MyDrive/612 data/ProjectPokemonCleaned/0788tapu fini/poke_capture_0788_000_uk_n_00000000_f_r.png,/content/drive/MyDrive/612 data/PokeSpriteCleaned/0788tapu fini/tapu fini_shiny.png
1822,0789cosmog,poke_capture_0789_000_uk_n_00000000_f_n.png,0789cosmog,cosmog.png,/content/drive/MyDrive/612 data/ProjectPokemonCleaned/0789cosmog/poke_capture_0789_000_uk_n_00000000_f_n.png,/content/drive/MyDrive/612 data/PokeSpriteCleaned/0789cosmog/cosmog.png
1823,0789cosmog,poke_capture_0789_000_uk_n_00000000_f_r.png,0789cosmog,cosmog_shiny.png,/content/drive/MyDrive/612 data/ProjectPokemonCleaned/0789cosmog/poke_capture_0789_000_uk_n_00000000_f_r.png,/content/drive/MyDrive/612 data/PokeSpriteCleaned/0789cosmog/cosmog_shiny.png
1824,0790cosmoem,poke_capture_0790_000_uk_n_00000000_f_n.png,0790cosmoem,cosmoem.png,/content/drive/MyDrive/612 data/ProjectPokemonCleaned/0790cosmoem/poke_capture_0790_000_uk_n_00000000_f_n.png,/content/drive/MyDrive/612 data/PokeSpriteCleaned/0790cosmoem/cosmoem.png
1825,0790cosmoem,poke_capture_0790_000_uk_n_00000000_f_r.png,0790cosmoem,cosmoem_shiny.png,/content/drive/MyDrive/612 data/ProjectPokemonCleaned/0790cosmoem/poke_capture_0790_000_uk_n_00000000_f_r.png,/content/drive/MyDrive/612 data/PokeSpriteCleaned/0790cosmoem/cosmoem_shiny.png
1826,0792lunala,poke_capture_0792_000_uk_n_00000000_f_n.png,0792lunala,lunala.png,/content/drive/MyDrive/612 data/ProjectPokemonCleaned/0792lunala/poke_capture_0792_000_uk_n_00000000_f_n.png,/content/drive/MyDrive/612 data/PokeSpriteCleaned/0792lunala/lunala.png
1827,0792lunala,poke_capture_0792_000_uk_n_00000000_f_r.png,0792lunala,lunala_shiny.png,/content/drive/MyDrive/612 data/ProjectPokemonCleaned/0792lunala/poke_capture_0792_000_uk_n_00000000_f_r.png,/content/drive/MyDrive/612 data/PokeSpriteCleaned/0792lunala/lunala_shiny.png
1828,0793nihilego,poke_capture_0793_000_uk_n_00000000_f_n.png,0793nihilego,nihilego.png,/content/drive/MyDrive/612 data/ProjectPokemonCleaned/0793nihilego/poke_capture_0793_000_uk_n_00000000_f_n.png,/content/drive/MyDrive/612 data/PokeSpriteCleaned/0793nihilego/nihilego.png
1829,0793nihilego,poke_capture_0793_000_uk_n_00000000_f_r.png,0793nihilego,nihilego_shiny.png,/content/drive/MyDrive/612 data/ProjectPokemonCleaned/0793nihilego/poke_capture_0793_000_uk_n_00000000_f_r.png,/content/drive/MyDrive/612 data/PokeSpriteCleaned/0793nihilego/nihilego_shiny.png
1830,0794buzzwole,poke_capture_0794_000_uk_n_00000000_f_n.png,0794buzzwole,buzzwole.png,/content/drive/MyDrive/612 data/ProjectPokemonCleaned/0794buzzwole/poke_capture_0794_000_uk_n_00000000_f_n.png,/content/drive/MyDrive/612 data/PokeSpriteCleaned/0794buzzwole/buzzwole.png
1831,0794buzzwole,poke_capture_0794_000_uk_n_00000000_f_r.png,0794buzzwole,buzzwole_shiny.png,/content/drive/MyDrive/612 data/ProjectPokemonCleaned/0794buzzwole/poke_capture_0794_000_uk_n_00000000_f_r.png,/content/drive/MyDrive/612 data/PokeSpriteCleaned/0794buzzwole/buzzwole_shiny.png
1832,0795pheromosa,poke_capture_0795_000_uk_n_00000000_f_n.png,0795pheromosa,pheromosa.png,/content/drive/MyDrive/612 data/ProjectPokemonCleaned/0795pheromosa/poke_capture_0795_000_uk_n_00000000_f_n.png,/content/drive/MyDrive/612 data/PokeSpriteCleaned/0795pheromosa/pheromosa.png
1833,0795pheromosa,poke_capture_0795_000_uk_n_00000000_f_r.png,0795pheromosa,pheromosa_shiny.png,/content/drive/MyDrive/612 data/ProjectPokemonCleaned/0795pheromosa/poke_capture_0795_000_uk_n_00000000_f_r.png,/content/drive/MyDrive/612 data/PokeSpriteCleaned/0795pheromosa/pheromosa_shiny.png
1834,0796xurkitree,poke_capture_0796_000_uk_n_00000000_f_n.png,0796xurkitree,xurkitree.png,/content/drive/MyDrive/612 data/ProjectPokemonCleaned/0796xurkitree/poke_capture_0796_000_uk_n_00000000_f_n.png,/content/drive/MyDrive/612 data/PokeSpriteCleaned/0796xurkitree/xurkitree.png
1835,0796xurkitree,poke_capture_0796_000_uk_n_00000000_f_r.png,0796xurkitree,xurkitree_shiny.png,/content/drive/MyDrive/612 data/ProjectPokemonCleaned/0796xurkitree/poke_capture_0796_000_uk_n_00000000_f_r.png,/content/drive/MyDrive/612 data/PokeSpriteCleaned/0796xurkitree/xurkitree_shiny.png
1836,0797celesteela,poke_capture_0797_000_uk_n_00000000_f_n.png,0797celesteela,celesteela.png,/content/drive/MyDrive/612 data/ProjectPokemonCleaned/0797celesteela/poke_capture_0797_000_uk_n_00000000_f_n.png,/content/drive/MyDrive/612 data/PokeSpriteCleaned/0797celesteela/celesteela.png
1837,0797celesteela,poke_capture_0797_000_uk_n_00000000_f_r.png,0797celesteela,celesteela_shiny.png,/content/drive/MyDrive/612 data/ProjectPokemonCleaned/0797celesteela/poke_capture_0797_000_uk_n_00000000_f_r.png,/content/drive/MyDrive/612 data/PokeSpriteCleaned/0797celesteela/celesteela_shiny.png
1838,0798kartana,poke_capture_0798_000_uk_n_00000000_f_n.png,0798kartana,kartana.png,/content/drive/MyDrive/612 data/ProjectPokemonCleaned/0798kartana/poke_capture_0798_000_uk_n_00000000_f_n.png,/content/drive/MyDrive/612 data/PokeSpriteCleaned/0798kartana/kartana.png
1839,0798kartana,poke_capture_0798_000_uk_n_00000000_f_r.png,0798kartana,kartana_shiny.png,/content/drive/MyDrive/612 data/ProjectPokemonCleaned/0798kartana/poke_capture_0798_000_uk_n_00000000_f_r.png,/content/drive/MyDrive/612 data/PokeSpriteCleaned/0798kartana/kartana_shiny.png
1840,0799guzzlord,poke_capture_0799_000_uk_n_00000000_f_n.png,0799guzzlord,guzzlord.png,/content/drive/MyDrive/612 data/ProjectPokemonCleaned/0799guzzlord/poke_capture_0799_000_uk_n_00000000_f_n.png,/content/drive/MyDrive/612 data/PokeSpriteCleaned/0799guzzlord/guzzlord.png
1841,0799guzzlord,poke_capture_0799_000_uk_n_00000000_f_r.png,0799guzzlord,guzzlord_shiny.png,/content/drive/MyDrive/612 data/ProjectPokemonCleaned/0799guzzlord/poke_capture_0799_000_uk_n_00000000_f_r.png,/content/drive/MyDrive/612 data/PokeSpriteCleaned/0799guzzlord/guzzlord_shiny.png
1842,0800necrozma,poke_capture_0800_000_uk_n_00000000_f_n.png,0800necrozma,necrozma.png,/content/drive/MyDrive/612 data/ProjectPokemonCleaned/0800necrozma/poke_capture_0800_000_uk_n_00000000_f_n.png,/content/drive/MyDrive/612 data/PokeSpriteCleaned/0800necrozma/necrozma.png
1843,0800necrozma,poke_capture_0800_000_uk_n_00000000_f_r.png,0800necrozma,necrozma_shiny.png,/content/drive/MyDrive/612 data/ProjectPokemonCleaned/0800necrozma/poke_capture_0800_000_uk_n_00000000_f_r.png,/content/drive/MyDrive/612 data/PokeSpriteCleaned/0800necrozma/necrozma_shiny.png
1844,0800necrozma,poke_capture_0800_001_uk_n_00000000_f_n.png,0800necrozma,necrozma-dusk.png,/content/drive/MyDrive/612 data/ProjectPokemonCleaned/0800necrozma/poke_capture_0800_001_uk_n_00000000_f_n.png,/content/drive/MyDrive/612 data/PokeSpriteCleaned/0800necrozma/necrozma-dusk.png
1845,0800necrozma,poke_capture_0800_001_uk_n_00000000_f_r.png,0800necrozma,necrozma-dusk_shiny.png,/content/drive/MyDrive/612 data/ProjectPokemonCleaned/0800necrozma/poke_capture_0800_001_uk_n_00000000_f_r.png,/content/drive/MyDrive/612 data/PokeSpriteCleaned/0800necrozma/necrozma-dusk_shiny.png
1846,0800necrozma,poke_capture_0800_002_uk_n_00000000_f_n.png,0800necrozma,necrozma-dawn_right.png,/content/drive/MyDrive/612 data/ProjectPokemonCleaned/0800necrozma/poke_capture_0800_002_uk_n_00000000_f_n.png,/content/drive/MyDrive/612 data/PokeSpriteCleaned/0800necrozma/necrozma-dawn_right.png
1847,0800necrozma,poke_capture_0800_002_uk_n_00000000_f_r.png,0800necrozma,necrozma-dawn_shiny_right.png,/content/drive/MyDrive/612 data/ProjectPokemonCleaned/0800necrozma/poke_capture_0800_002_uk_n_00000000_f_r.png,/content/drive/MyDrive/612 data/PokeSpriteCleaned/0800necrozma/necrozma-dawn_shiny_right.png
1848,0800necrozma,poke_capture_0800_003_uk_n_00000000_f_n.png,0800necrozma,necrozma-ultra_right.png,/content/drive/MyDrive/612 data/ProjectPokemonCleaned/0800necrozma/poke_capture_0800_003_uk_n_00000000_f_n.png,/content/drive/MyDrive/612 data/PokeSpriteCleaned/0800necrozma/necrozma-ultra_right.png
1849,0800necrozma,poke_capture_0800_003_uk_n_00000000_f_r.png,0800necrozma,necrozma-ultra_shiny_right.png,/content/drive/MyDrive/612 data/ProjectPokemonCleaned/0800necrozma/poke_capture_0800_003_uk_n_00000000_f_r.png,/content/drive/MyDrive/612 data/PokeSpriteCleaned/0800necrozma/necrozma-ultra_shiny_right.png
1850,0801magearna,poke_capture_0801_000_uk_n_00000000_f_n.png,0801magearna,magearna.png,/content/drive/MyDrive/612 data/ProjectPokemonCleaned/0801magearna/poke_capture_0801_000_uk_n_00000000_f_n.png,/content/drive/MyDrive/612 data/PokeSpriteCleaned/0801magearna/magearna.png
1851,0801magearna,poke_capture_0801_000_uk_n_00000000_f_r.png,0801magearna,magearna_shiny.png,/content/drive/MyDrive/612 data/ProjectPokemonCleaned/0801magearna/poke_capture_0801_000_uk_n_00000000_f_r.png,/content/drive/MyDrive/612 data/PokeSpriteCleaned/0801magearna/magearna_shiny.png
1852,0801magearna,poke_capture_0801_001_uk_n_00000000_f_n.png,0801magearna,magearna-original.png,/content/drive/MyDrive/612 data/ProjectPokemonCleaned/0801magearna/poke_capture_0801_001_uk_n_00000000_f_n.png,/content/drive/MyDrive/612 data/PokeSpriteCleaned/0801magearna/magearna-original.png
1853,0801magearna,poke_capture_0801_001_uk_n_00000000_f_r.png,0801magearna,magearna-original_shiny.png,/content/drive/MyDrive/612 data/ProjectPokemonCleaned/0801magearna/poke_capture_0801_001_uk_n_00000000_f_r.png,/content/drive/MyDrive/612 data/PokeSpriteCleaned/0801magearna/magearna-original_shiny.png
1854,0802marshadow,poke_capture_0802_000_uk_n_00000000_f_n.png,0802marshadow,marshadow.png,/content/drive/MyDrive/612 data/ProjectPokemonCleaned/0802marshadow/poke_capture_0802_000_uk_n_00000000_f_n.png,/content/drive/MyDrive/612 data/PokeSpriteCleaned/0802marshadow/marshadow.png
1855,0802marshadow,poke_capture_0802_000_uk_n_00000000_f_r.png,0802marshadow,marshadow_shiny.png,/content/drive/MyDrive/612 data/ProjectPokemonCleaned/0802marshadow/poke_capture_0802_000_uk_n_00000000_f_r.png,/content/drive/MyDrive/612 data/PokeSpriteCleaned/0802marshadow/marshadow_shiny.png
1856,0803poipole,poke_capture_0803_000_uk_n_00000000_f_n.png,0803poipole,poipole.png,/content/drive/MyDrive/612 data/ProjectPokemonCleaned/0803poipole/poke_capture_0803_000_uk_n_00000000_f_n.png,/content/drive/MyDrive/612 data/PokeSpriteCleaned/0803poipole/poipole.png
1857,0803poipole,poke_capture_0803_000_uk_n_00000000_f_r.png,0803poipole,poipole_shiny.png,/content/drive/MyDrive/612 data/ProjectPokemonCleaned/0803poipole/poke_capture_0803_000_uk_n_00000000_f_r.png,/content/drive/MyDrive/612 data/PokeSpriteCleaned/0803poipole/poipole_shiny.png
1858,0805stakataka,poke_capture_0805_000_uk_n_00000000_f_n.png,0805stakataka,stakataka.png,/content/drive/MyDrive/612 data/ProjectPokemonCleaned/0805stakataka/poke_capture_0805_000_uk_n_00000000_f_n.png,/content/drive/MyDrive/612 data/PokeSpriteCleaned/0805stakataka/stakataka.png
1859,0805stakataka,poke_capture_0805_000_uk_n_00000000_f_r.png,0805stakataka,stakataka_shiny.png,/content/drive/MyDrive/612 data/ProjectPokemonCleaned/0805stakataka/poke_capture_0805_000_uk_n_00000000_f_r.png,/content/drive/MyDrive/612 data/PokeSpriteCleaned/0805stakataka/stakataka_shiny.png
1860,0806blacephalon,poke_capture_0806_000_uk_n_00000000_f_n.png,0806blacephalon,blacephalon.png,/content/drive/MyDrive/612 data/ProjectPokemonCleaned/0806blacephalon/poke_capture_0806_000_uk_n_00000000_f_n.png,/content/drive/MyDrive/612 data/PokeSpriteCleaned/0806blacephalon/blacephalon.png
1861,0806blacephalon,poke_capture_0806_000_uk_n_00000000_f_r.png,0806blacephalon,blacephalon_shiny.png,/content/drive/MyDrive/612 data/ProjectPokemonCleaned/0806blacephalon/poke_capture_0806_000_uk_n_00000000_f_r.png,/content/drive/MyDrive/612 data/PokeSpriteCleaned/0806blacephalon/blacephalon_shiny.png
1862,0807zeraora,poke_capture_0807_000_uk_n_00000000_f_n.png,0807zeraora,zeraora.png,/content/drive/MyDrive/612 data/ProjectPokemonCleaned/0807zeraora/poke_capture_0807_000_uk_n_00000000_f_n.png,/content/drive/MyDrive/612 data/PokeSpriteCleaned/0807zeraora/zeraora.png
1863,0807zeraora,poke_capture_0807_000_uk_n_00000000_f_r.png,0807zeraora,zeraora_shiny.png,/content/drive/MyDrive/612 data/ProjectPokemonCleaned/0807zeraora/poke_capture_0807_000_uk_n_00000000_f_r.png,/content/drive/MyDrive/612 data/PokeSpriteCleaned/0807zeraora/zeraora_shiny.png
1864,0808meltan,poke_capture_0808_000_uk_n_00000000_f_n.png,0808meltan,meltan.png,/content/drive/MyDrive/612 data/ProjectPokemonCleaned/0808meltan/poke_capture_0808_000_uk_n_00000000_f_n.png,/content/drive/MyDrive/612 data/PokeSpriteCleaned/0808meltan/meltan.png
1865,0808meltan,poke_capture_0808_000_uk_n_00000000_f_r.png,0808meltan,meltan_shiny.png,/content/drive/MyDrive/612 data/ProjectPokemonCleaned/0808meltan/poke_capture_0808_000_uk_n_00000000_f_r.png,/content/drive/MyDrive/612 data/PokeSpriteCleaned/0808meltan/meltan_shiny.png
1866,0809melmetal,poke_capture_0809_000_uk_n_00000000_f_n.png,0809melmetal,melmetal.png,/content/drive/MyDrive/612 data/ProjectPokemonCleaned/0809melmetal/poke_capture_0809_000_uk_n_00000000_f_n.png,/content/drive/MyDrive/612 data/PokeSpriteCleaned/0809melmetal/melmetal.png
1867,0809melmetal,poke_capture_0809_000_uk_n_00000000_f_r.png,0809melmetal,melmetal_shiny.png,/content/drive/MyDrive/612 data/ProjectPokemonCleaned/0809melmetal/poke_capture_0809_000_uk_n_00000000_f_r.png,/content/drive/MyDrive/612 data/PokeSpriteCleaned/0809melmetal/melmetal_shiny.png
1868,0811thwackey,poke_capture_0811_000_mf_n_00000000_f_n.png,0811thwackey,thwackey.png,/content/drive/MyDrive/612 data/ProjectPokemonCleaned/0811thwackey/poke_capture_0811_000_mf_n_00000000_f_n.png,/content/drive/MyDrive/612 data/PokeSpriteCleaned/0811thwackey/thwackey.png
1869,0811thwackey,poke_capture_0811_000_mf_n_00000000_f_r.png,0811thwackey,thwackey_shiny.png,/content/drive/MyDrive/612 data/ProjectPokemonCleaned/0811thwackey/poke_capture_0811_000_mf_n_00000000_f_r.png,/content/drive/MyDrive/612 data/PokeSpriteCleaned/0811thwackey/thwackey_shiny.png
1870,0812rillaboom,poke_capture_0812_000_mf_g_00000000_f_n.png,0812rillaboom,rillaboom-gmax.png,/content/drive/MyDrive/612 data/ProjectPokemonCleaned/0812rillaboom/poke_capture_0812_000_mf_g_00000000_f_n.png,/content/drive/MyDrive/612 data/PokeSpriteCleaned/0812rillaboom/rillaboom-gmax.png
1871,0812rillaboom,poke_capture_0812_000_mf_g_00000000_f_r.png,0812rillaboom,rillaboom-gmax_shiny.png,/content/drive/MyDrive/612 data/ProjectPokemonCleaned/0812rillaboom/poke_capture_0812_000_mf_g_00000000_f_r.png,/content/drive/MyDrive/612 data/PokeSpriteCleaned/0812rillaboom/rillaboom-gmax_shiny.png
1872,0812rillaboom,poke_capture_0812_000_mf_n_00000000_f_n.png,0812rillaboom,rillaboom.png,/content/drive/MyDrive/612 data/ProjectPokemonCleaned/0812rillaboom/poke_capture_0812_000_mf_n_00000000_f_n.png,/content/drive/MyDrive/612 data/PokeSpriteCleaned/0812rillaboom/rillaboom.png
1873,0812rillaboom,poke_capture_0812_000_mf_n_00000000_f_r.png,0812rillaboom,rillaboom_shiny.png,/content/drive/MyDrive/612 data/ProjectPokemonCleaned/0812rillaboom/poke_capture_0812_000_mf_n_00000000_f_r.png,/content/drive/MyDrive/612 data/PokeSpriteCleaned/0812rillaboom/rillaboom_shiny.png
1874,0813scorbunny,poke_capture_0813_000_mf_n_00000000_f_n.png,0813scorbunny,scorbunny.png,/content/drive/MyDrive/612 data/ProjectPokemonCleaned/0813scorbunny/poke_capture_0813_000_mf_n_00000000_f_n.png,/content/drive/MyDrive/612 data/PokeSpriteCleaned/0813scorbunny/scorbunny.png
1875,0813scorbunny,poke_capture_0813_000_mf_n_00000000_f_r.png,0813scorbunny,scorbunny_shiny.png,/content/drive/MyDrive/612 data/ProjectPokemonCleaned/0813scorbunny/poke_capture_0813_000_mf_n_00000000_f_r.png,/content/drive/MyDrive/612 data/PokeSpriteCleaned/0813scorbunny/scorbunny_shiny.png
1876,0815cinderace,poke_capture_0815_000_mf_g_00000000_f_n.png,0815cinderace,cinderace-gmax.png,/content/drive/MyDrive/612 data/ProjectPokemonCleaned/0815cinderace/poke_capture_0815_000_mf_g_00000000_f_n.png,/content/drive/MyDrive/612 data/PokeSpriteCleaned/0815cinderace/cinderace-gmax.png
1877,0815cinderace,poke_capture_0815_000_mf_g_00000000_f_r.png,0815cinderace,cinderace-gmax_shiny.png,/content/drive/MyDrive/612 data/ProjectPokemonCleaned/0815cinderace/poke_capture_0815_000_mf_g_00000000_f_r.png,/content/drive/MyDrive/612 data/PokeSpriteCleaned/0815cinderace/cinderace-gmax_shiny.png
1878,0816sobble,poke_capture_0816_000_mf_n_00000000_f_n.png,0816sobble,sobble.png,/content/drive/MyDrive/612 data/ProjectPokemonCleaned/0816sobble/poke_capture_0816_000_mf_n_00000000_f_n.png,/content/drive/MyDrive/612 data/PokeSpriteCleaned/0816sobble/sobble.png
1879,0816sobble,poke_capture_0816_000_mf_n_00000000_f_r.png,0816sobble,sobble_shiny.png,/content/drive/MyDrive/612 data/ProjectPokemonCleaned/0816sobble/poke_capture_0816_000_mf_n_00000000_f_r.png,/content/drive/MyDrive/612 data/PokeSpriteCleaned/0816sobble/sobble_shiny.png
1880,0817drizzile,poke_capture_0817_000_mf_n_00000000_f_n.png,0817drizzile,drizzile.png,/content/drive/MyDrive/612 data/ProjectPokemonCleaned/0817drizzile/poke_capture_0817_000_mf_n_00000000_f_n.png,/content/drive/MyDrive/612 data/PokeSpriteCleaned/0817drizzile/drizzile.png
1881,0817drizzile,poke_capture_0817_000_mf_n_00000000_f_r.png,0817drizzile,drizzile_shiny.png,/content/drive/MyDrive/612 data/ProjectPokemonCleaned/0817drizzile/poke_capture_0817_000_mf_n_00000000_f_r.png,/content/drive/MyDrive/612 data/PokeSpriteCleaned/0817drizzile/drizzile_shiny.png
1882,0818inteleon,poke_capture_0818_000_mf_g_00000000_f_n.png,0818inteleon,inteleon-gmax.png,/content/drive/MyDrive/612 data/ProjectPokemonCleaned/0818inteleon/poke_capture_0818_000_mf_g_00000000_f_n.png,/content/drive/MyDrive/612 data/PokeSpriteCleaned/0818inteleon/inteleon-gmax.png
1883,0818inteleon,poke_capture_0818_000_mf_g_00000000_f_r.png,0818inteleon,inteleon-gmax_shiny.png,/content/drive/MyDrive/612 data/ProjectPokemonCleaned/0818inteleon/poke_capture_0818_000_mf_g_00000000_f_r.png,/content/drive/MyDrive/612 data/PokeSpriteCleaned/0818inteleon/inteleon-gmax_shiny.png
1884,0818inteleon,poke_capture_0818_000_mf_n_00000000_f_n.png,0818inteleon,inteleon.png,/content/drive/MyDrive/612 data/ProjectPokemonCleaned/0818inteleon/poke_capture_0818_000_mf_n_00000000_f_n.png,/content/drive/MyDrive/612 data/PokeSpriteCleaned/0818inteleon/inteleon.png
1885,0818inteleon,poke_capture_0818_000_mf_n_00000000_f_r.png,0818inteleon,inteleon_shiny.png,/content/drive/MyDrive/612 data/ProjectPokemonCleaned/0818inteleon/poke_capture_0818_000_mf_n_00000000_f_r.png,/content/drive/MyDrive/612 data/PokeSpriteCleaned/0818inteleon/inteleon_shiny.png
1886,0822corvisquire,poke_capture_0822_000_mf_n_00000000_f_n.png,0822corvisquire,corvisquire.png,/content/drive/MyDrive/612 data/ProjectPokemonCleaned/0822corvisquire/poke_capture_0822_000_mf_n_00000000_f_n.png,/content/drive/MyDrive/612 data/PokeSpriteCleaned/0822corvisquire/corvisquire.png
1887,0822corvisquire,poke_capture_0822_000_mf_n_00000000_f_r.png,0822corvisquire,corvisquire_shiny.png,/content/drive/MyDrive/612 data/ProjectPokemonCleaned/0822corvisquire/poke_capture_0822_000_mf_n_00000000_f_r.png,/content/drive/MyDrive/612 data/PokeSpriteCleaned/0822corvisquire/corvisquire_shiny.png
1888,0823corviknight,poke_capture_0823_000_mf_g_00000000_f_n.png,0823corviknight,corviknight-gmax.png,/content/drive/MyDrive/612 data/ProjectPokemonCleaned/0823corviknight/poke_capture_0823_000_mf_g_00000000_f_n.png,/content/drive/MyDrive/612 data/PokeSpriteCleaned/0823corviknight/corviknight-gmax.png
1889,0823corviknight,poke_capture_0823_000_mf_g_00000000_f_r.png,0823corviknight,corviknight-gmax_shiny.png,/content/drive/MyDrive/612 data/ProjectPokemonCleaned/0823corviknight/poke_capture_0823_000_mf_g_00000000_f_r.png,/content/drive/MyDrive/612 data/PokeSpriteCleaned/0823corviknight/corviknight-gmax_shiny.png
1890,0824blipbug,poke_capture_0824_000_mf_n_00000000_f_n.png,0824blipbug,blipbug.png,/content/drive/MyDrive/612 data/ProjectPokemonCleaned/0824blipbug/poke_capture_0824_000_mf_n_00000000_f_n.png,/content/drive/MyDrive/612 data/PokeSpriteCleaned/0824blipbug/blipbug.png
1891,0824blipbug,poke_capture_0824_000_mf_n_00000000_f_r.png,0824blipbug,blipbug_shiny.png,/content/drive/MyDrive/612 data/ProjectPokemonCleaned/0824blipbug/poke_capture_0824_000_mf_n_00000000_f_r.png,/content/drive/MyDrive/612 data/PokeSpriteCleaned/0824blipbug/blipbug_shiny.png
1892,0826orbeetle,poke_capture_0826_000_mf_g_00000000_f_n.png,0826orbeetle,orbeetle-gmax.png,/content/drive/MyDrive/612 data/ProjectPokemonCleaned/0826orbeetle/poke_capture_0826_000_mf_g_00000000_f_n.png,/content/drive/MyDrive/612 data/PokeSpriteCleaned/0826orbeetle/orbeetle-gmax.png
1893,0826orbeetle,poke_capture_0826_000_mf_g_00000000_f_r.png,0826orbeetle,orbeetle-gmax_shiny.png,/content/drive/MyDrive/612 data/ProjectPokemonCleaned/0826orbeetle/poke_capture_0826_000_mf_g_00000000_f_r.png,/content/drive/MyDrive/612 data/PokeSpriteCleaned/0826orbeetle/orbeetle-gmax_shiny.png
1894,0826orbeetle,poke_capture_0826_000_mf_n_00000000_f_n.png,0826orbeetle,orbeetle.png,/content/drive/MyDrive/612 data/ProjectPokemonCleaned/0826orbeetle/poke_capture_0826_000_mf_n_00000000_f_n.png,/content/drive/MyDrive/612 data/PokeSpriteCleaned/0826orbeetle/orbeetle.png
1895,0826orbeetle,poke_capture_0826_000_mf_n_00000000_f_r.png,0826orbeetle,orbeetle_shiny.png,/content/drive/MyDrive/612 data/ProjectPokemonCleaned/0826orbeetle/poke_capture_0826_000_mf_n_00000000_f_r.png,/content/drive/MyDrive/612 data/PokeSpriteCleaned/0826orbeetle/orbeetle_shiny.png
1896,0828thievul,poke_capture_0828_000_mf_n_00000000_f_n.png,0828thievul,thievul.png,/content/drive/MyDrive/612 data/ProjectPokemonCleaned/0828thievul/poke_capture_0828_000_mf_n_00000000_f_n.png,/content/drive/MyDrive/612 data/PokeSpriteCleaned/0828thievul/thievul.png
1897,0828thievul,poke_capture_0828_000_mf_n_00000000_f_r.png,0828thievul,thievul_shiny.png,/content/drive/MyDrive/612 data/ProjectPokemonCleaned/0828thievul/poke_capture_0828_000_mf_n_00000000_f_r.png,/content/drive/MyDrive/612 data/PokeSpriteCleaned/0828thievul/thievul_shiny.png
1898,0829gossifleur,poke_capture_0829_000_mf_n_00000000_f_n.png,0829gossifleur,gossifleur.png,/content/drive/MyDrive/612 data/ProjectPokemonCleaned/0829gossifleur/poke_capture_0829_000_mf_n_00000000_f_n.png,/content/drive/MyDrive/612 data/PokeSpriteCleaned/0829gossifleur/gossifleur.png
1899,0829gossifleur,poke_capture_0829_000_mf_n_00000000_f_r.png,0829gossifleur,gossifleur_shiny.png,/content/drive/MyDrive/612 data/ProjectPokemonCleaned/0829gossifleur/poke_capture_0829_000_mf_n_00000000_f_r.png,/content/drive/MyDrive/612 data/PokeSpriteCleaned/0829gossifleur/gossifleur_shiny.png
1900,0830eldegoss,poke_capture_0830_000_mf_n_00000000_f_n.png,0830eldegoss,eldegoss.png,/content/drive/MyDrive/612 data/ProjectPokemonCleaned/0830eldegoss/poke_capture_0830_000_mf_n_00000000_f_n.png,/content/drive/MyDrive/612 data/PokeSpriteCleaned/0830eldegoss/eldegoss.png
1901,0830eldegoss,poke_capture_0830_000_mf_n_00000000_f_r.png,0830eldegoss,eldegoss_shiny.png,/content/drive/MyDrive/612 data/ProjectPokemonCleaned/0830eldegoss/poke_capture_0830_000_mf_n_00000000_f_r.png,/content/drive/MyDrive/612 data/PokeSpriteCleaned/0830eldegoss/eldegoss_shiny.png
1902,0833chewtle,poke_capture_0833_000_mf_n_00000000_f_n.png,0833chewtle,chewtle.png,/content/drive/MyDrive/612 data/ProjectPokemonCleaned/0833chewtle/poke_capture_0833_000_mf_n_00000000_f_n.png,/content/drive/MyDrive/612 data/PokeSpriteCleaned/0833chewtle/chewtle.png
1903,0833chewtle,poke_capture_0833_000_mf_n_00000000_f_r.png,0833chewtle,chewtle_shiny.png,/content/drive/MyDrive/612 data/ProjectPokemonCleaned/0833chewtle/poke_capture_0833_000_mf_n_00000000_f_r.png,/content/drive/MyDrive/612 data/PokeSpriteCleaned/0833chewtle/chewtle_shiny.png
1904,0834drednaw,poke_capture_0834_000_mf_g_00000000_f_n.png,0834drednaw,drednaw-gmax.png,/content/drive/MyDrive/612 data/ProjectPokemonCleaned/0834drednaw/poke_capture_0834_000_mf_g_00000000_f_n.png,/content/drive/MyDrive/612 data/PokeSpriteCleaned/0834drednaw/drednaw-gmax.png
1905,0834drednaw,poke_capture_0834_000_mf_g_00000000_f_r.png,0834drednaw,drednaw-gmax_shiny.png,/content/drive/MyDrive/612 data/ProjectPokemonCleaned/0834drednaw/poke_capture_0834_000_mf_g_00000000_f_r.png,/content/drive/MyDrive/612 data/PokeSpriteCleaned/0834drednaw/drednaw-gmax_shiny.png
1906,0834drednaw,poke_capture_0834_000_mf_n_00000000_f_n.png,0834drednaw,drednaw.png,/content/drive/MyDrive/612 data/ProjectPokemonCleaned/0834drednaw/poke_capture_0834_000_mf_n_00000000_f_n.png,/content/drive/MyDrive/612 data/PokeSpriteCleaned/0834drednaw/drednaw.png
1907,0834drednaw,poke_capture_0834_000_mf_n_00000000_f_r.png,0834drednaw,drednaw_shiny.png,/content/drive/MyDrive/612 data/ProjectPokemonCleaned/0834drednaw/poke_capture_0834_000_mf_n_00000000_f_r.png,/content/drive/MyDrive/612 data/PokeSpriteCleaned/0834drednaw/drednaw_shiny.png
1908,0836boltund,poke_capture_0836_000_mf_n_00000000_f_n.png,0836boltund,boltund.png,/content/drive/MyDrive/612 data/ProjectPokemonCleaned/0836boltund/poke_capture_0836_000_mf_n_00000000_f_n.png,/content/drive/MyDrive/612 data/PokeSpriteCleaned/0836boltund/boltund.png
1909,0836boltund,poke_capture_0836_000_mf_n_00000000_f_r.png,0836boltund,boltund_shiny.png,/content/drive/MyDrive/612 data/ProjectPokemonCleaned/0836boltund/poke_capture_0836_000_mf_n_00000000_f_r.png,/content/drive/MyDrive/612 data/PokeSpriteCleaned/0836boltund/boltund_shiny.png
1910,0837rolycoly,poke_capture_0837_000_mf_n_00000000_f_n.png,0837rolycoly,rolycoly.png,/content/drive/MyDrive/612 data/ProjectPokemonCleaned/0837rolycoly/poke_capture_0837_000_mf_n_00000000_f_n.png,/content/drive/MyDrive/612 data/PokeSpriteCleaned/0837rolycoly/rolycoly.png
1911,0837rolycoly,poke_capture_0837_000_mf_n_00000000_f_r.png,0837rolycoly,rolycoly_shiny.png,/content/drive/MyDrive/612 data/ProjectPokemonCleaned/0837rolycoly/poke_capture_0837_000_mf_n_00000000_f_r.png,/content/drive/MyDrive/612 data/PokeSpriteCleaned/0837rolycoly/rolycoly_shiny.png
1912,0839coalossal,poke_capture_0839_000_mf_g_00000000_f_n.png,0839coalossal,coalossal-gmax.png,/content/drive/MyDrive/612 data/ProjectPokemonCleaned/0839coalossal/poke_capture_0839_000_mf_g_00000000_f_n.png,/content/drive/MyDrive/612 data/PokeSpriteCleaned/0839coalossal/coalossal-gmax.png
1913,0839coalossal,poke_capture_0839_000_mf_g_00000000_f_r.png,0839coalossal,coalossal-gmax_shiny.png,/content/drive/MyDrive/612 data/ProjectPokemonCleaned/0839coalossal/poke_capture_0839_000_mf_g_00000000_f_r.png,/content/drive/MyDrive/612 data/PokeSpriteCleaned/0839coalossal/coalossal-gmax_shiny.png
1914,0839coalossal,poke_capture_0839_000_mf_n_00000000_f_n.png,0839coalossal,coalossal.png,/content/drive/MyDrive/612 data/ProjectPokemonCleaned/0839coalossal/poke_capture_0839_000_mf_n_00000000_f_n.png,/content/drive/MyDrive/612 data/PokeSpriteCleaned/0839coalossal/coalossal.png
1915,0839coalossal,poke_capture_0839_000_mf_n_00000000_f_r.png,0839coalossal,coalossal_shiny.png,/content/drive/MyDrive/612 data/ProjectPokemonCleaned/0839coalossal/poke_capture_0839_000_mf_n_00000000_f_r.png,/content/drive/MyDrive/612 data/PokeSpriteCleaned/0839coalossal/coalossal_shiny.png
1916,0840applin,poke_capture_0840_000_mf_n_00000000_f_n.png,0840applin,applin.png,/content/drive/MyDrive/612 data/ProjectPokemonCleaned/0840applin/poke_capture_0840_000_mf_n_00000000_f_n.png,/content/drive/MyDrive/612 data/PokeSpriteCleaned/0840applin/applin.png
1917,0840applin,poke_capture_0840_000_mf_n_00000000_f_r.png,0840applin,applin_shiny.png,/content/drive/MyDrive/612 data/ProjectPokemonCleaned/0840applin/poke_capture_0840_000_mf_n_00000000_f_r.png,/content/drive/MyDrive/612 data/PokeSpriteCleaned/0840applin/applin_shiny.png
1918,0841flapple,poke_capture_0841_000_mf_g_00000000_f_n.png,0841flapple,flapple-gmax.png,/content/drive/MyDrive/612 data/ProjectPokemonCleaned/0841flapple/poke_capture_0841_000_mf_g_00000000_f_n.png,/content/drive/MyDrive/612 data/PokeSpriteCleaned/0841flapple/flapple-gmax.png
1919,0841flapple,poke_capture_0841_000_mf_g_00000000_f_r.png,0841flapple,flapple-gmax_shiny.png,/content/drive/MyDrive/612 data/ProjectPokemonCleaned/0841flapple/poke_capture_0841_000_mf_g_00000000_f_r.png,/content/drive/MyDrive/612 data/PokeSpriteCleaned/0841flapple/flapple-gmax_shiny.png
1920,0841flapple,poke_capture_0841_000_mf_n_00000000_f_n.png,0841flapple,flapple.png,/content/drive/MyDrive/612 data/ProjectPokemonCleaned/0841flapple/poke_capture_0841_000_mf_n_00000000_f_n.png,/content/drive/MyDrive/612 data/PokeSpriteCleaned/0841flapple/flapple.png
1921,0841flapple,poke_capture_0841_000_mf_n_00000000_f_r.png,0841flapple,flapple_shiny.png,/content/drive/MyDrive/612 data/ProjectPokemonCleaned/0841flapple/poke_capture_0841_000_mf_n_00000000_f_r.png,/content/drive/MyDrive/612 data/PokeSpriteCleaned/0841flapple/flapple_shiny.png
1922,0842appletun,poke_capture_0842_000_mf_n_00000000_f_n.png,0842appletun,appletun.png,/content/drive/MyDrive/612 data/ProjectPokemonCleaned/0842appletun/poke_capture_0842_000_mf_n_00000000_f_n.png,/content/drive/MyDrive/612 data/PokeSpriteCleaned/0842appletun/appletun.png
1923,0842appletun,poke_capture_0842_000_mf_n_00000000_f_r.png,0842appletun,appletun_shiny.png,/content/drive/MyDrive/612 data/ProjectPokemonCleaned/0842appletun/poke_capture_0842_000_mf_n_00000000_f_r.png,/content/drive/MyDrive/612 data/PokeSpriteCleaned/0842appletun/appletun_shiny.png
1924,0843silicobra,poke_capture_0843_000_mf_n_00000000_f_n.png,0843silicobra,silicobra.png,/content/drive/MyDrive/612 data/ProjectPokemonCleaned/0843silicobra/poke_capture_0843_000_mf_n_00000000_f_n.png,/content/drive/MyDrive/612 data/PokeSpriteCleaned/0843silicobra/silicobra.png
1925,0843silicobra,poke_capture_0843_000_mf_n_00000000_f_r.png,0843silicobra,silicobra_shiny.png,/content/drive/MyDrive/612 data/ProjectPokemonCleaned/0843silicobra/poke_capture_0843_000_mf_n_00000000_f_r.png,/content/drive/MyDrive/612 data/PokeSpriteCleaned/0843silicobra/silicobra_shiny.png
1926,0845cramorant,poke_capture_0845_001_mf_n_00000000_f_n.png,0845cramorant,cramorant-gulping.png,/content/drive/MyDrive/612 data/ProjectPokemonCleaned/0845cramorant/poke_capture_0845_001_mf_n_00000000_f_n.png,/content/drive/MyDrive/612 data/PokeSpriteCleaned/0845cramorant/cramorant-gulping.png
1927,0845cramorant,poke_capture_0845_001_mf_n_00000000_f_r.png,0845cramorant,cramorant-gulping_shiny.png,/content/drive/MyDrive/612 data/ProjectPokemonCleaned/0845cramorant/poke_capture_0845_001_mf_n_00000000_f_r.png,/content/drive/MyDrive/612 data/PokeSpriteCleaned/0845cramorant/cramorant-gulping_shiny.png
1928,0845cramorant,poke_capture_0845_002_mf_n_00000000_f_n.png,0845cramorant,cramorant-gorging.png,/content/drive/MyDrive/612 data/ProjectPokemonCleaned/0845cramorant/poke_capture_0845_002_mf_n_00000000_f_n.png,/content/drive/MyDrive/612 data/PokeSpriteCleaned/0845cramorant/cramorant-gorging.png
1929,0845cramorant,poke_capture_0845_002_mf_n_00000000_f_r.png,0845cramorant,cramorant-gorging_shiny.png,/content/drive/MyDrive/612 data/ProjectPokemonCleaned/0845cramorant/poke_capture_0845_002_mf_n_00000000_f_r.png,/content/drive/MyDrive/612 data/PokeSpriteCleaned/0845cramorant/cramorant-gorging_shiny.png
1930,0846arrokuda,poke_capture_0846_000_mf_n_00000000_f_n.png,0846arrokuda,arrokuda.png,/content/drive/MyDrive/612 data/ProjectPokemonCleaned/0846arrokuda/poke_capture_0846_000_mf_n_00000000_f_n.png,/content/drive/MyDrive/612 data/PokeSpriteCleaned/0846arrokuda/arrokuda.png
1931,0846arrokuda,poke_capture_0846_000_mf_n_00000000_f_r.png,0846arrokuda,arrokuda_shiny.png,/content/drive/MyDrive/612 data/ProjectPokemonCleaned/0846arrokuda/poke_capture_0846_000_mf_n_00000000_f_r.png,/content/drive/MyDrive/612 data/PokeSpriteCleaned/0846arrokuda/arrokuda_shiny.png
1932,0847barraskewda,poke_capture_0847_000_mf_n_00000000_f_n.png,0847barraskewda,barraskewda.png,/content/drive/MyDrive/612 data/ProjectPokemonCleaned/0847barraskewda/poke_capture_0847_000_mf_n_00000000_f_n.png,/content/drive/MyDrive/612 data/PokeSpriteCleaned/0847barraskewda/barraskewda.png
1933,0847barraskewda,poke_capture_0847_000_mf_n_00000000_f_r.png,0847barraskewda,barraskewda_shiny.png,/content/drive/MyDrive/612 data/ProjectPokemonCleaned/0847barraskewda/poke_capture_0847_000_mf_n_00000000_f_r.png,/content/drive/MyDrive/612 data/PokeSpriteCleaned/0847barraskewda/barraskewda_shiny.png
1934,0848toxel,poke_capture_0848_000_mf_n_00000000_f_n.png,0848toxel,toxel.png,/content/drive/MyDrive/612 data/ProjectPokemonCleaned/0848toxel/poke_capture_0848_000_mf_n_00000000_f_n.png,/content/drive/MyDrive/612 data/PokeSpriteCleaned/0848toxel/toxel.png
1935,0848toxel,poke_capture_0848_000_mf_n_00000000_f_r.png,0848toxel,toxel_shiny.png,/content/drive/MyDrive/612 data/ProjectPokemonCleaned/0848toxel/poke_capture_0848_000_mf_n_00000000_f_r.png,/content/drive/MyDrive/612 data/PokeSpriteCleaned/0848toxel/toxel_shiny.png
1936,0849toxtricity,poke_capture_0849_000_mf_g_00000000_f_n.png,0849toxtricity,toxtricity-gmax.png,/content/drive/MyDrive/612 data/ProjectPokemonCleaned/0849toxtricity/poke_capture_0849_000_mf_g_00000000_f_n.png,/content/drive/MyDrive/612 data/PokeSpriteCleaned/0849toxtricity/toxtricity-gmax.png
1937,0849toxtricity,poke_capture_0849_000_mf_g_00000000_f_r.png,0849toxtricity,toxtricity-gmax_shiny.png,/content/drive/MyDrive/612 data/ProjectPokemonCleaned/0849toxtricity/poke_capture_0849_000_mf_g_00000000_f_r.png,/content/drive/MyDrive/612 data/PokeSpriteCleaned/0849toxtricity/toxtricity-gmax_shiny.png
1938,0849toxtricity,poke_capture_0849_000_mf_n_00000000_f_n.png,0849toxtricity,toxtricity.png,/content/drive/MyDrive/612 data/ProjectPokemonCleaned/0849toxtricity/poke_capture_0849_000_mf_n_00000000_f_n.png,/content/drive/MyDrive/612 data/PokeSpriteCleaned/0849toxtricity/toxtricity.png
1939,0849toxtricity,poke_capture_0849_000_mf_n_00000000_f_r.png,0849toxtricity,toxtricity_shiny.png,/content/drive/MyDrive/612 data/ProjectPokemonCleaned/0849toxtricity/poke_capture_0849_000_mf_n_00000000_f_r.png,/content/drive/MyDrive/612 data/PokeSpriteCleaned/0849toxtricity/toxtricity_shiny.png
1940,0851centiskorch,poke_capture_0851_000_mf_g_00000000_f_n.png,0851centiskorch,centiskorch-gmax.png,/content/drive/MyDrive/612 data/ProjectPokemonCleaned/0851centiskorch/poke_capture_0851_000_mf_g_00000000_f_n.png,/content/drive/MyDrive/612 data/PokeSpriteCleaned/0851centiskorch/centiskorch-gmax.png
1941,0851centiskorch,poke_capture_0851_000_mf_g_00000000_f_r.png,0851centiskorch,centiskorch-gmax_shiny.png,/content/drive/MyDrive/612 data/ProjectPokemonCleaned/0851centiskorch/poke_capture_0851_000_mf_g_00000000_f_r.png,/content/drive/MyDrive/612 data/PokeSpriteCleaned/0851centiskorch/centiskorch-gmax_shiny.png
1942,0851centiskorch,poke_capture_0851_000_mf_n_00000000_f_n.png,0851centiskorch,centiskorch.png,/content/drive/MyDrive/612 data/ProjectPokemonCleaned/0851centiskorch/poke_capture_0851_000_mf_n_00000000_f_n.png,/content/drive/MyDrive/612 data/PokeSpriteCleaned/0851centiskorch/centiskorch.png
1943,0851centiskorch,poke_capture_0851_000_mf_n_00000000_f_r.png,0851centiskorch,centiskorch_shiny.png,/content/drive/MyDrive/612 data/ProjectPokemonCleaned/0851centiskorch/poke_capture_0851_000_mf_n_00000000_f_r.png,/content/drive/MyDrive/612 data/PokeSpriteCleaned/0851centiskorch/centiskorch_shiny.png
1944,0852clobbopus,poke_capture_0852_000_mf_n_00000000_f_n.png,0852clobbopus,clobbopus.png,/content/drive/MyDrive/612 data/ProjectPokemonCleaned/0852clobbopus/poke_capture_0852_000_mf_n_00000000_f_n.png,/content/drive/MyDrive/612 data/PokeSpriteCleaned/0852clobbopus/clobbopus.png
1945,0852clobbopus,poke_capture_0852_000_mf_n_00000000_f_r.png,0852clobbopus,clobbopus_shiny.png,/content/drive/MyDrive/612 data/ProjectPokemonCleaned/0852clobbopus/poke_capture_0852_000_mf_n_00000000_f_r.png,/content/drive/MyDrive/612 data/PokeSpriteCleaned/0852clobbopus/clobbopus_shiny.png
1946,0853grapploct,poke_capture_0853_000_mf_n_00000000_f_n.png,0853grapploct,grapploct.png,/content/drive/MyDrive/612 data/ProjectPokemonCleaned/0853grapploct/poke_capture_0853_000_mf_n_00000000_f_n.png,/content/drive/MyDrive/612 data/PokeSpriteCleaned/0853grapploct/grapploct.png
1947,0853grapploct,poke_capture_0853_000_mf_n_00000000_f_r.png,0853grapploct,grapploct_shiny.png,/content/drive/MyDrive/612 data/ProjectPokemonCleaned/0853grapploct/poke_capture_0853_000_mf_n_00000000_f_r.png,/content/drive/MyDrive/612 data/PokeSpriteCleaned/0853grapploct/grapploct_shiny.png
1948,0854sinistea,poke_capture_0854_000_uk_n_00000000_f_n.png,0854sinistea,sinistea.png,/content/drive/MyDrive/612 data/ProjectPokemonCleaned/0854sinistea/poke_capture_0854_000_uk_n_00000000_f_n.png,/content/drive/MyDrive/612 data/PokeSpriteCleaned/0854sinistea/sinistea.png
1949,0854sinistea,poke_capture_0854_000_uk_n_00000000_f_r.png,0854sinistea,sinistea_shiny.png,/content/drive/MyDrive/612 data/ProjectPokemonCleaned/0854sinistea/poke_capture_0854_000_uk_n_00000000_f_r.png,/content/drive/MyDrive/612 data/PokeSpriteCleaned/0854sinistea/sinistea_shiny.png
1950,0855polteageist,poke_capture_0855_000_uk_n_00000000_f_n.png,0855polteageist,polteageist.png,/content/drive/MyDrive/612 data/ProjectPokemonCleaned/0855polteageist/poke_capture_0855_000_uk_n_00000000_f_n.png,/content/drive/MyDrive/612 data/PokeSpriteCleaned/0855polteageist/polteageist.png
1951,0855polteageist,poke_capture_0855_000_uk_n_00000000_f_r.png,0855polteageist,polteageist_shiny.png,/content/drive/MyDrive/612 data/ProjectPokemonCleaned/0855polteageist/poke_capture_0855_000_uk_n_00000000_f_r.png,/content/drive/MyDrive/612 data/PokeSpriteCleaned/0855polteageist/polteageist_shiny.png
1952,0856hatenna,poke_capture_0856_000_fo_n_00000000_f_n.png,0856hatenna,hatenna.png,/content/drive/MyDrive/612 data/ProjectPokemonCleaned/0856hatenna/poke_capture_0856_000_fo_n_00000000_f_n.png,/content/drive/MyDrive/612 data/PokeSpriteCleaned/0856hatenna/hatenna.png
1953,0856hatenna,poke_capture_0856_000_fo_n_00000000_f_r.png,0856hatenna,hatenna_shiny.png,/content/drive/MyDrive/612 data/ProjectPokemonCleaned/0856hatenna/poke_capture_0856_000_fo_n_00000000_f_r.png,/content/drive/MyDrive/612 data/PokeSpriteCleaned/0856hatenna/hatenna_shiny.png
1954,0857hattrem,poke_capture_0857_000_fo_n_00000000_f_n.png,0857hattrem,hattrem.png,/content/drive/MyDrive/612 data/ProjectPokemonCleaned/0857hattrem/poke_capture_0857_000_fo_n_00000000_f_n.png,/content/drive/MyDrive/612 data/PokeSpriteCleaned/0857hattrem/hattrem.png
1955,0857hattrem,poke_capture_0857_000_fo_n_00000000_f_r.png,0857hattrem,hattrem_shiny.png,/content/drive/MyDrive/612 data/ProjectPokemonCleaned/0857hattrem/poke_capture_0857_000_fo_n_00000000_f_r.png,/content/drive/MyDrive/612 data/PokeSpriteCleaned/0857hattrem/hattrem_shiny.png
1956,0859impidimp,poke_capture_0859_000_mo_n_00000000_f_n.png,0859impidimp,impidimp.png,/content/drive/MyDrive/612 data/ProjectPokemonCleaned/0859impidimp/poke_capture_0859_000_mo_n_00000000_f_n.png,/content/drive/MyDrive/612 data/PokeSpriteCleaned/0859impidimp/impidimp.png
1957,0859impidimp,poke_capture_0859_000_mo_n_00000000_f_r.png,0859impidimp,impidimp_shiny.png,/content/drive/MyDrive/612 data/ProjectPokemonCleaned/0859impidimp/poke_capture_0859_000_mo_n_00000000_f_r.png,/content/drive/MyDrive/612 data/PokeSpriteCleaned/0859impidimp/impidimp_shiny.png
1958,0860morgrem,poke_capture_0860_000_mo_n_00000000_f_n.png,0860morgrem,morgrem.png,/content/drive/MyDrive/612 data/ProjectPokemonCleaned/0860morgrem/poke_capture_0860_000_mo_n_00000000_f_n.png,/content/drive/MyDrive/612 data/PokeSpriteCleaned/0860morgrem/morgrem.png
1959,0860morgrem,poke_capture_0860_000_mo_n_00000000_f_r.png,0860morgrem,morgrem_shiny.png,/content/drive/MyDrive/612 data/ProjectPokemonCleaned/0860morgrem/poke_capture_0860_000_mo_n_00000000_f_r.png,/content/drive/MyDrive/612 data/PokeSpriteCleaned/0860morgrem/morgrem_shiny.png
1960,0861grimmsnarl,poke_capture_0861_000_mo_g_00000000_f_n.png,0861grimmsnarl,grimmsnarl-gmax.png,/content/drive/MyDrive/612 data/ProjectPokemonCleaned/0861grimmsnarl/poke_capture_0861_000_mo_g_00000000_f_n.png,/content/drive/MyDrive/612 data/PokeSpriteCleaned/0861grimmsnarl/grimmsnarl-gmax.png
1961,0861grimmsnarl,poke_capture_0861_000_mo_g_00000000_f_r.png,0861grimmsnarl,grimmsnarl-gmax_shiny.png,/content/drive/MyDrive/612 data/ProjectPokemonCleaned/0861grimmsnarl/poke_capture_0861_000_mo_g_00000000_f_r.png,/content/drive/MyDrive/612 data/PokeSpriteCleaned/0861grimmsnarl/grimmsnarl-gmax_shiny.png
1962,0861grimmsnarl,poke_capture_0861_000_mo_n_00000000_f_n.png,0861grimmsnarl,grimmsnarl.png,/content/drive/MyDrive/612 data/ProjectPokemonCleaned/0861grimmsnarl/poke_capture_0861_000_mo_n_00000000_f_n.png,/content/drive/MyDrive/612 data/PokeSpriteCleaned/0861grimmsnarl/grimmsnarl.png
1963,0861grimmsnarl,poke_capture_0861_000_mo_n_00000000_f_r.png,0861grimmsnarl,grimmsnarl_shiny.png,/content/drive/MyDrive/612 data/ProjectPokemonCleaned/0861grimmsnarl/poke_capture_0861_000_mo_n_00000000_f_r.png,/content/drive/MyDrive/612 data/PokeSpriteCleaned/0861grimmsnarl/grimmsnarl_shiny.png
1964,0865sirfetch'd,poke_capture_0865_000_mf_n_00000000_f_n.png,0865sirfetch'd,sirfetch_d.png,/content/drive/MyDrive/612 data/ProjectPokemonCleaned/0865sirfetch'd/poke_capture_0865_000_mf_n_00000000_f_n.png,/content/drive/MyDrive/612 data/PokeSpriteCleaned/0865sirfetch'd/sirfetch_d.png
1965,0865sirfetch'd,poke_capture_0865_000_mf_n_00000000_f_r.png,0865sirfetch'd,sirfetch_d_shiny.png,/content/drive/MyDrive/612 data/ProjectPokemonCleaned/0865sirfetch'd/poke_capture_0865_000_mf_n_00000000_f_r.png,/content/drive/MyDrive/612 data/PokeSpriteCleaned/0865sirfetch'd/sirfetch_d_shiny.png
1966,0866mr. rime,poke_capture_0866_000_mf_n_00000000_f_n.png,0866mr. rime,mr. rime.png,/content/drive/MyDrive/612 data/ProjectPokemonCleaned/0866mr. rime/poke_capture_0866_000_mf_n_00000000_f_n.png,/content/drive/MyDrive/612 data/PokeSpriteCleaned/0866mr. rime/mr. rime.png
1967,0866mr. rime,poke_capture_0866_000_mf_n_00000000_f_r.png,0866mr. rime,mr. rime_shiny.png,/content/drive/MyDrive/612 data/ProjectPokemonCleaned/0866mr. rime/poke_capture_0866_000_mf_n_00000000_f_r.png,/content/drive/MyDrive/612 data/PokeSpriteCleaned/0866mr. rime/mr. rime_shiny.png
1968,0867runerigus,poke_capture_0867_000_mf_n_00000000_f_n.png,0867runerigus,runerigus.png,/content/drive/MyDrive/612 data/ProjectPokemonCleaned/0867runerigus/poke_capture_0867_000_mf_n_00000000_f_n.png,/content/drive/MyDrive/612 data/PokeSpriteCleaned/0867runerigus/runerigus.png
1969,0867runerigus,poke_capture_0867_000_mf_n_00000000_f_r.png,0867runerigus,runerigus_shiny.png,/content/drive/MyDrive/612 data/ProjectPokemonCleaned/0867runerigus/poke_capture_0867_000_mf_n_00000000_f_r.png,/content/drive/MyDrive/612 data/PokeSpriteCleaned/0867runerigus/runerigus_shiny.png
1970,0868milcery,poke_capture_0868_000_fo_n_00000000_f_n.png,0868milcery,milcery.png,/content/drive/MyDrive/612 data/ProjectPokemonCleaned/0868milcery/poke_capture_0868_000_fo_n_00000000_f_n.png,/content/drive/MyDrive/612 data/PokeSpriteCleaned/0868milcery/milcery.png
1971,0868milcery,poke_capture_0868_000_fo_n_00000000_f_r.png,0868milcery,milcery_shiny.png,/content/drive/MyDrive/612 data/ProjectPokemonCleaned/0868milcery/poke_capture_0868_000_fo_n_00000000_f_r.png,/content/drive/MyDrive/612 data/PokeSpriteCleaned/0868milcery/milcery_shiny.png
1972,0869alcremie,poke_capture_0869_000_fo_g_00000000_f_n.png,0869alcremie,alcremie-gmax.png,/content/drive/MyDrive/612 data/ProjectPokemonCleaned/0869alcremie/poke_capture_0869_000_fo_g_00000000_f_n.png,/content/drive/MyDrive/612 data/PokeSpriteCleaned/0869alcremie/alcremie-gmax.png
1973,0869alcremie,poke_capture_0869_000_fo_g_00000000_f_r.png,0869alcremie,alcremie-gmax_shiny.png,/content/drive/MyDrive/612 data/ProjectPokemonCleaned/0869alcremie/poke_capture_0869_000_fo_g_00000000_f_r.png,/content/drive/MyDrive/612 data/PokeSpriteCleaned/0869alcremie/alcremie-gmax_shiny.png
1974,0869alcremie,poke_capture_0869_000_fo_n_00000000_f_n.png,0869alcremie,alcremie-vanilla-cream-strawberry.png,/content/drive/MyDrive/612 data/ProjectPokemonCleaned/0869alcremie/poke_capture_0869_000_fo_n_00000000_f_n.png,/content/drive/MyDrive/612 data/PokeSpriteCleaned/0869alcremie/alcremie-vanilla-cream-strawberry.png
1975,0869alcremie,poke_capture_0869_000_fo_n_00000000_f_r.png,0869alcremie,alcremie-vanilla-cream-strawberry_shiny.png,/content/drive/MyDrive/612 data/ProjectPokemonCleaned/0869alcremie/poke_capture_0869_000_fo_n_00000000_f_r.png,/content/drive/MyDrive/612 data/PokeSpriteCleaned/0869alcremie/alcremie-vanilla-cream-strawberry_shiny.png
1976,0869alcremie,poke_capture_0869_000_fo_n_00000001_f_n.png,0869alcremie,alcremie-vanilla-cream-berry.png,/content/drive/MyDrive/612 data/ProjectPokemonCleaned/0869alcremie/poke_capture_0869_000_fo_n_00000001_f_n.png,/content/drive/MyDrive/612 data/PokeSpriteCleaned/0869alcremie/alcremie-vanilla-cream-berry.png
1977,0869alcremie,poke_capture_0869_000_fo_n_00000001_f_r.png,0869alcremie,alcremie-vanilla-cream-berry_shiny.png,/content/drive/MyDrive/612 data/ProjectPokemonCleaned/0869alcremie/poke_capture_0869_000_fo_n_00000001_f_r.png,/content/drive/MyDrive/612 data/PokeSpriteCleaned/0869alcremie/alcremie-vanilla-cream-berry_shiny.png
1978,0869alcremie,poke_capture_0869_000_fo_n_00000002_f_n.png,0869alcremie,alcremie-vanilla-cream-love.png,/content/drive/MyDrive/612 data/ProjectPokemonCleaned/0869alcremie/poke_capture_0869_000_fo_n_00000002_f_n.png,/content/drive/MyDrive/612 data/PokeSpriteCleaned/0869alcremie/alcremie-vanilla-cream-love.png
1979,0869alcremie,poke_capture_0869_000_fo_n_00000002_f_r.png,0869alcremie,alcremie-vanilla-cream-love_shiny.png,/content/drive/MyDrive/612 data/ProjectPokemonCleaned/0869alcremie/poke_capture_0869_000_fo_n_00000002_f_r.png,/content/drive/MyDrive/612 data/PokeSpriteCleaned/0869alcremie/alcremie-vanilla-cream-love_shiny.png
1980,0869alcremie,poke_capture_0869_000_fo_n_00000003_f_n.png,0869alcremie,alcremie-vanilla-cream-star.png,/content/drive/MyDrive/612 data/ProjectPokemonCleaned/0869alcremie/poke_capture_0869_000_fo_n_00000003_f_n.png,/content/drive/MyDrive/612 data/PokeSpriteCleaned/0869alcremie/alcremie-vanilla-cream-star.png
1981,0869alcremie,poke_capture_0869_000_fo_n_00000003_f_r.png,0869alcremie,alcremie-vanilla-cream-star_shiny.png,/content/drive/MyDrive/612 data/ProjectPokemonCleaned/0869alcremie/poke_capture_0869_000_fo_n_00000003_f_r.png,/content/drive/MyDrive/612 data/PokeSpriteCleaned/0869alcremie/alcremie-vanilla-cream-star_shiny.png
1982,0869alcremie,poke_capture_0869_000_fo_n_00000004_f_n.png,0869alcremie,alcremie-vanilla-cream-clover.png,/content/drive/MyDrive/612 data/ProjectPokemonCleaned/0869alcremie/poke_capture_0869_000_fo_n_00000004_f_n.png,/content/drive/MyDrive/612 data/PokeSpriteCleaned/0869alcremie/alcremie-vanilla-cream-clover.png
1983,0869alcremie,poke_capture_0869_000_fo_n_00000004_f_r.png,0869alcremie,alcremie-vanilla-cream-clover_shiny.png,/content/drive/MyDrive/612 data/ProjectPokemonCleaned/0869alcremie/poke_capture_0869_000_fo_n_00000004_f_r.png,/content/drive/MyDrive/612 data/PokeSpriteCleaned/0869alcremie/alcremie-vanilla-cream-clover_shiny.png
1984,0869alcremie,poke_capture_0869_000_fo_n_00000005_f_n.png,0869alcremie,alcremie-vanilla-cream-flower.png,/content/drive/MyDrive/612 data/ProjectPokemonCleaned/0869alcremie/poke_capture_0869_000_fo_n_00000005_f_n.png,/content/drive/MyDrive/612 data/PokeSpriteCleaned/0869alcremie/alcremie-vanilla-cream-flower.png
1985,0869alcremie,poke_capture_0869_000_fo_n_00000005_f_r.png,0869alcremie,alcremie-vanilla-cream-flower_shiny.png,/content/drive/MyDrive/612 data/ProjectPokemonCleaned/0869alcremie/poke_capture_0869_000_fo_n_00000005_f_r.png,/content/drive/MyDrive/612 data/PokeSpriteCleaned/0869alcremie/alcremie-vanilla-cream-flower_shiny.png
1986,0869alcremie,poke_capture_0869_000_fo_n_00000006_f_n.png,0869alcremie,alcremie-vanilla-cream-ribbon.png,/content/drive/MyDrive/612 data/ProjectPokemonCleaned/0869alcremie/poke_capture_0869_000_fo_n_00000006_f_n.png,/content/drive/MyDrive/612 data/PokeSpriteCleaned/0869alcremie/alcremie-vanilla-cream-ribbon.png
1987,0869alcremie,poke_capture_0869_000_fo_n_00000006_f_r.png,0869alcremie,alcremie-vanilla-cream-ribbon_shiny.png,/content/drive/MyDrive/612 data/ProjectPokemonCleaned/0869alcremie/poke_capture_0869_000_fo_n_00000006_f_r.png,/content/drive/MyDrive/612 data/PokeSpriteCleaned/0869alcremie/alcremie-vanilla-cream-ribbon_shiny.png
1988,0869alcremie,poke_capture_0869_001_fo_n_00000000_f_n.png,0869alcremie,alcremie-ruby-cream-strawberry.png,/content/drive/MyDrive/612 data/ProjectPokemonCleaned/0869alcremie/poke_capture_0869_001_fo_n_00000000_f_n.png,/content/drive/MyDrive/612 data/PokeSpriteCleaned/0869alcremie/alcremie-ruby-cream-strawberry.png
1989,0869alcremie,poke_capture_0869_001_fo_n_00000001_f_n.png,0869alcremie,alcremie-ruby-cream-berry.png,/content/drive/MyDrive/612 data/ProjectPokemonCleaned/0869alcremie/poke_capture_0869_001_fo_n_00000001_f_n.png,/content/drive/MyDrive/612 data/PokeSpriteCleaned/0869alcremie/alcremie-ruby-cream-berry.png
1990,0869alcremie,poke_capture_0869_001_fo_n_00000002_f_n.png,0869alcremie,alcremie-ruby-cream-love.png,/content/drive/MyDrive/612 data/ProjectPokemonCleaned/0869alcremie/poke_capture_0869_001_fo_n_00000002_f_n.png,/content/drive/MyDrive/612 data/PokeSpriteCleaned/0869alcremie/alcremie-ruby-cream-love.png
1991,0869alcremie,poke_capture_0869_001_fo_n_00000003_f_n.png,0869alcremie,alcremie-ruby-cream-star.png,/content/drive/MyDrive/612 data/ProjectPokemonCleaned/0869alcremie/poke_capture_0869_001_fo_n_00000003_f_n.png,/content/drive/MyDrive/612 data/PokeSpriteCleaned/0869alcremie/alcremie-ruby-cream-star.png
1992,0869alcremie,poke_capture_0869_001_fo_n_00000004_f_n.png,0869alcremie,alcremie-ruby-cream-clover.png,/content/drive/MyDrive/612 data/ProjectPokemonCleaned/0869alcremie/poke_capture_0869_001_fo_n_00000004_f_n.png,/content/drive/MyDrive/612 data/PokeSpriteCleaned/0869alcremie/alcremie-ruby-cream-clover.png
1993,0869alcremie,poke_capture_0869_001_fo_n_00000005_f_n.png,0869alcremie,alcremie-ruby-cream-flower.png,/content/drive/MyDrive/612 data/ProjectPokemonCleaned/0869alcremie/poke_capture_0869_001_fo_n_00000005_f_n.png,/content/drive/MyDrive/612 data/PokeSpriteCleaned/0869alcremie/alcremie-ruby-cream-flower.png
1994,0869alcremie,poke_capture_0869_001_fo_n_00000006_f_n.png,0869alcremie,alcremie-ruby-cream-ribbon.png,/content/drive/MyDrive/612 data/ProjectPokemonCleaned/0869alcremie/poke_capture_0869_001_fo_n_00000006_f_n.png,/content/drive/MyDrive/612 data/PokeSpriteCleaned/0869alcremie/alcremie-ruby-cream-ribbon.png
1995,0869alcremie,poke_capture_0869_002_fo_n_00000000_f_n.png,0869alcremie,alcremie-matcha-cream-strawberry.png,/content/drive/MyDrive/612 data/ProjectPokemonCleaned/0869alcremie/poke_capture_0869_002_fo_n_00000000_f_n.png,/content/drive/MyDrive/612 data/PokeSpriteCleaned/0869alcremie/alcremie-matcha-cream-strawberry.png
1996,0869alcremie,poke_capture_0869_002_fo_n_00000001_f_n.png,0869alcremie,alcremie-matcha-cream-berry.png,/content/drive/MyDrive/612 data/ProjectPokemonCleaned/0869alcremie/poke_capture_0869_002_fo_n_00000001_f_n.png,/content/drive/MyDrive/612 data/PokeSpriteCleaned/0869alcremie/alcremie-matcha-cream-berry.png
1997,0869alcremie,poke_capture_0869_002_fo_n_00000002_f_n.png,0869alcremie,alcremie-matcha-cream-love.png,/content/drive/MyDrive/612 data/ProjectPokemonCleaned/0869alcremie/poke_capture_0869_002_fo_n_00000002_f_n.png,/content/drive/MyDrive/612 data/PokeSpriteCleaned/0869alcremie/alcremie-matcha-cream-love.png
1998,0869alcremie,poke_capture_0869_002_fo_n_00000003_f_n.png,0869alcremie,alcremie-matcha-cream-star.png,/content/drive/MyDrive/612 data/ProjectPokemonCleaned/0869alcremie/poke_capture_0869_002_fo_n_00000003_f_n.png,/content/drive/MyDrive/612 data/PokeSpriteCleaned/0869alcremie/alcremie-matcha-cream-star.png
1999,0869alcremie,poke_capture_0869_002_fo_n_00000004_f_n.png,0869alcremie,alcremie-matcha-cream-clover.png,/content/drive/MyDrive/612 data/ProjectPokemonCleaned/0869alcremie/poke_capture_0869_002_fo_n_00000004_f_n.png,/content/drive/MyDrive/612 data/PokeSpriteCleaned/0869alcremie/alcremie-matcha-cream-clover.png
2000,0869alcremie,poke_capture_0869_002_fo_n_00000005_f_n.png,0869alcremie,alcremie-matcha-cream-flower.png,/content/drive/MyDrive/612 data/ProjectPokemonCleaned/0869alcremie/poke_capture_0869_002_fo_n_00000005_f_n.png,/content/drive/MyDrive/612 data/PokeSpriteCleaned/0869alcremie/alcremie-matcha-cream-flower.png
2001,0869alcremie,poke_capture_0869_002_fo_n_00000006_f_n.png,0869alcremie,alcremie-matcha-cream-ribbon.png,/content/drive/MyDrive/612 data/ProjectPokemonCleaned/0869alcremie/poke_capture_0869_002_fo_n_00000006_f_n.png,/content/drive/MyDrive/612 data/PokeSpriteCleaned/0869alcremie/alcremie-matcha-cream-ribbon.png
2002,0869alcremie,poke_capture_0869_003_fo_n_00000000_f_n.png,0869alcremie,alcremie-mint-cream-strawberry.png,/content/drive/MyDrive/612 data/ProjectPokemonCleaned/0869alcremie/poke_capture_0869_003_fo_n_00000000_f_n.png,/content/drive/MyDrive/612 data/PokeSpriteCleaned/0869alcremie/alcremie-mint-cream-strawberry.png
2003,0869alcremie,poke_capture_0869_003_fo_n_00000001_f_n.png,0869alcremie,alcremie-mint-cream-berry.png,/content/drive/MyDrive/612 data/ProjectPokemonCleaned/0869alcremie/poke_capture_0869_003_fo_n_00000001_f_n.png,/content/drive/MyDrive/612 data/PokeSpriteCleaned/0869alcremie/alcremie-mint-cream-berry.png
2004,0869alcremie,poke_capture_0869_003_fo_n_00000002_f_n.png,0869alcremie,alcremie-mint-cream-love.png,/content/drive/MyDrive/612 data/ProjectPokemonCleaned/0869alcremie/poke_capture_0869_003_fo_n_00000002_f_n.png,/content/drive/MyDrive/612 data/PokeSpriteCleaned/0869alcremie/alcremie-mint-cream-love.png
2005,0869alcremie,poke_capture_0869_003_fo_n_00000003_f_n.png,0869alcremie,alcremie-mint-cream-star.png,/content/drive/MyDrive/612 data/ProjectPokemonCleaned/0869alcremie/poke_capture_0869_003_fo_n_00000003_f_n.png,/content/drive/MyDrive/612 data/PokeSpriteCleaned/0869alcremie/alcremie-mint-cream-star.png
2006,0869alcremie,poke_capture_0869_003_fo_n_00000004_f_n.png,0869alcremie,alcremie-mint-cream-clover.png,/content/drive/MyDrive/612 data/ProjectPokemonCleaned/0869alcremie/poke_capture_0869_003_fo_n_00000004_f_n.png,/content/drive/MyDrive/612 data/PokeSpriteCleaned/0869alcremie/alcremie-mint-cream-clover.png
2007,0869alcremie,poke_capture_0869_003_fo_n_00000005_f_n.png,0869alcremie,alcremie-mint-cream-flower.png,/content/drive/MyDrive/612 data/ProjectPokemonCleaned/0869alcremie/poke_capture_0869_003_fo_n_00000005_f_n.png,/content/drive/MyDrive/612 data/PokeSpriteCleaned/0869alcremie/alcremie-mint-cream-flower.png
2008,0869alcremie,poke_capture_0869_003_fo_n_00000006_f_n.png,0869alcremie,alcremie-mint-cream-ribbon.png,/content/drive/MyDrive/612 data/ProjectPokemonCleaned/0869alcremie/poke_capture_0869_003_fo_n_00000006_f_n.png,/content/drive/MyDrive/612 data/PokeSpriteCleaned/0869alcremie/alcremie-mint-cream-ribbon.png
2009,0869alcremie,poke_capture_0869_004_fo_n_00000000_f_n.png,0869alcremie,alcremie-lemon-cream-strawberry.png,/content/drive/MyDrive/612 data/ProjectPokemonCleaned/0869alcremie/poke_capture_0869_004_fo_n_00000000_f_n.png,/content/drive/MyDrive/612 data/PokeSpriteCleaned/0869alcremie/alcremie-lemon-cream-strawberry.png
2010,0869alcremie,poke_capture_0869_004_fo_n_00000001_f_n.png,0869alcremie,alcremie-lemon-cream-berry.png,/content/drive/MyDrive/612 data/ProjectPokemonCleaned/0869alcremie/poke_capture_0869_004_fo_n_00000001_f_n.png,/content/drive/MyDrive/612 data/PokeSpriteCleaned/0869alcremie/alcremie-lemon-cream-berry.png
2011,0869alcremie,poke_capture_0869_004_fo_n_00000002_f_n.png,0869alcremie,alcremie-lemon-cream-love.png,/content/drive/MyDrive/612 data/ProjectPokemonCleaned/0869alcremie/poke_capture_0869_004_fo_n_00000002_f_n.png,/content/drive/MyDrive/612 data/PokeSpriteCleaned/0869alcremie/alcremie-lemon-cream-love.png
2012,0869alcremie,poke_capture_0869_004_fo_n_00000003_f_n.png,0869alcremie,alcremie-lemon-cream-star.png,/content/drive/MyDrive/612 data/ProjectPokemonCleaned/0869alcremie/poke_capture_0869_004_fo_n_00000003_f_n.png,/content/drive/MyDrive/612 data/PokeSpriteCleaned/0869alcremie/alcremie-lemon-cream-star.png
2013,0869alcremie,poke_capture_0869_004_fo_n_00000004_f_n.png,0869alcremie,alcremie-lemon-cream-clover.png,/content/drive/MyDrive/612 data/ProjectPokemonCleaned/0869alcremie/poke_capture_0869_004_fo_n_00000004_f_n.png,/content/drive/MyDrive/612 data/PokeSpriteCleaned/0869alcremie/alcremie-lemon-cream-clover.png
2014,0869alcremie,poke_capture_0869_004_fo_n_00000005_f_n.png,0869alcremie,alcremie-lemon-cream-flower.png,/content/drive/MyDrive/612 data/ProjectPokemonCleaned/0869alcremie/poke_capture_0869_004_fo_n_00000005_f_n.png,/content/drive/MyDrive/612 data/PokeSpriteCleaned/0869alcremie/alcremie-lemon-cream-flower.png
2015,0869alcremie,poke_capture_0869_004_fo_n_00000006_f_n.png,0869alcremie,alcremie-lemon-cream-ribbon.png,/content/drive/MyDrive/612 data/ProjectPokemonCleaned/0869alcremie/poke_capture_0869_004_fo_n_00000006_f_n.png,/content/drive/MyDrive/612 data/PokeSpriteCleaned/0869alcremie/alcremie-lemon-cream-ribbon.png
2016,0869alcremie,poke_capture_0869_005_fo_n_00000000_f_n.png,0869alcremie,alcremie-salted-cream-strawberry.png,/content/drive/MyDrive/612 data/ProjectPokemonCleaned/0869alcremie/poke_capture_0869_005_fo_n_00000000_f_n.png,/content/drive/MyDrive/612 data/PokeSpriteCleaned/0869alcremie/alcremie-salted-cream-strawberry.png
2017,0869alcremie,poke_capture_0869_005_fo_n_00000001_f_n.png,0869alcremie,alcremie-salted-cream-berry.png,/content/drive/MyDrive/612 data/ProjectPokemonCleaned/0869alcremie/poke_capture_0869_005_fo_n_00000001_f_n.png,/content/drive/MyDrive/612 data/PokeSpriteCleaned/0869alcremie/alcremie-salted-cream-berry.png
2018,0869alcremie,poke_capture_0869_005_fo_n_00000002_f_n.png,0869alcremie,alcremie-salted-cream-love.png,/content/drive/MyDrive/612 data/ProjectPokemonCleaned/0869alcremie/poke_capture_0869_005_fo_n_00000002_f_n.png,/content/drive/MyDrive/612 data/PokeSpriteCleaned/0869alcremie/alcremie-salted-cream-love.png
2019,0869alcremie,poke_capture_0869_005_fo_n_00000003_f_n.png,0869alcremie,alcremie-salted-cream-star.png,/content/drive/MyDrive/612 data/ProjectPokemonCleaned/0869alcremie/poke_capture_0869_005_fo_n_00000003_f_n.png,/content/drive/MyDrive/612 data/PokeSpriteCleaned/0869alcremie/alcremie-salted-cream-star.png
2020,0869alcremie,poke_capture_0869_005_fo_n_00000004_f_n.png,0869alcremie,alcremie-salted-cream-clover.png,/content/drive/MyDrive/612 data/ProjectPokemonCleaned/0869alcremie/poke_capture_0869_005_fo_n_00000004_f_n.png,/content/drive/MyDrive/612 data/PokeSpriteCleaned/0869alcremie/alcremie-salted-cream-clover.png
2021,0869alcremie,poke_capture_0869_005_fo_n_00000005_f_n.png,0869alcremie,alcremie-salted-cream-flower.png,/content/drive/MyDrive/612 data/ProjectPokemonCleaned/0869alcremie/poke_capture_0869_005_fo_n_00000005_f_n.png,/content/drive/MyDrive/612 data/PokeSpriteCleaned/0869alcremie/alcremie-salted-cream-flower.png
2022,0869alcremie,poke_capture_0869_005_fo_n_00000006_f_n.png,0869alcremie,alcremie-salted-cream-ribbon.png,/content/drive/MyDrive/612 data/ProjectPokemonCleaned/0869alcremie/poke_capture_0869_005_fo_n_00000006_f_n.png,/content/drive/MyDrive/612 data/PokeSpriteCleaned/0869alcremie/alcremie-salted-cream-ribbon.png
2023,0869alcremie,poke_capture_0869_006_fo_n_00000000_f_n.png,0869alcremie,alcremie-ruby-swirl-strawberry.png,/content/drive/MyDrive/612 data/ProjectPokemonCleaned/0869alcremie/poke_capture_0869_006_fo_n_00000000_f_n.png,/content/drive/MyDrive/612 data/PokeSpriteCleaned/0869alcremie/alcremie-ruby-swirl-strawberry.png
2024,0869alcremie,poke_capture_0869_006_fo_n_00000001_f_n.png,0869alcremie,alcremie-ruby-swirl-berry.png,/content/drive/MyDrive/612 data/ProjectPokemonCleaned/0869alcremie/poke_capture_0869_006_fo_n_00000001_f_n.png,/content/drive/MyDrive/612 data/PokeSpriteCleaned/0869alcremie/alcremie-ruby-swirl-berry.png
2025,0869alcremie,poke_capture_0869_006_fo_n_00000002_f_n.png,0869alcremie,alcremie-ruby-swirl-love.png,/content/drive/MyDrive/612 data/ProjectPokemonCleaned/0869alcremie/poke_capture_0869_006_fo_n_00000002_f_n.png,/content/drive/MyDrive/612 data/PokeSpriteCleaned/0869alcremie/alcremie-ruby-swirl-love.png
2026,0869alcremie,poke_capture_0869_006_fo_n_00000003_f_n.png,0869alcremie,alcremie-ruby-swirl-star.png,/content/drive/MyDrive/612 data/ProjectPokemonCleaned/0869alcremie/poke_capture_0869_006_fo_n_00000003_f_n.png,/content/drive/MyDrive/612 data/PokeSpriteCleaned/0869alcremie/alcremie-ruby-swirl-star.png
2027,0869alcremie,poke_capture_0869_006_fo_n_00000004_f_n.png,0869alcremie,alcremie-ruby-swirl-clover.png,/content/drive/MyDrive/612 data/ProjectPokemonCleaned/0869alcremie/poke_capture_0869_006_fo_n_00000004_f_n.png,/content/drive/MyDrive/612 data/PokeSpriteCleaned/0869alcremie/alcremie-ruby-swirl-clover.png
2028,0869alcremie,poke_capture_0869_006_fo_n_00000005_f_n.png,0869alcremie,alcremie-ruby-swirl-flower.png,/content/drive/MyDrive/612 data/ProjectPokemonCleaned/0869alcremie/poke_capture_0869_006_fo_n_00000005_f_n.png,/content/drive/MyDrive/612 data/PokeSpriteCleaned/0869alcremie/alcremie-ruby-swirl-flower.png
2029,0869alcremie,poke_capture_0869_006_fo_n_00000006_f_n.png,0869alcremie,alcremie-ruby-swirl-ribbon.png,/content/drive/MyDrive/612 data/ProjectPokemonCleaned/0869alcremie/poke_capture_0869_006_fo_n_00000006_f_n.png,/content/drive/MyDrive/612 data/PokeSpriteCleaned/0869alcremie/alcremie-ruby-swirl-ribbon.png
2030,0869alcremie,poke_capture_0869_007_fo_n_00000000_f_n.png,0869alcremie,alcremie-caramel-swirl-strawberry.png,/content/drive/MyDrive/612 data/ProjectPokemonCleaned/0869alcremie/poke_capture_0869_007_fo_n_00000000_f_n.png,/content/drive/MyDrive/612 data/PokeSpriteCleaned/0869alcremie/alcremie-caramel-swirl-strawberry.png
2031,0869alcremie,poke_capture_0869_007_fo_n_00000001_f_n.png,0869alcremie,alcremie-caramel-swirl-berry.png,/content/drive/MyDrive/612 data/ProjectPokemonCleaned/0869alcremie/poke_capture_0869_007_fo_n_00000001_f_n.png,/content/drive/MyDrive/612 data/PokeSpriteCleaned/0869alcremie/alcremie-caramel-swirl-berry.png
2032,0869alcremie,poke_capture_0869_007_fo_n_00000002_f_n.png,0869alcremie,alcremie-caramel-swirl-love.png,/content/drive/MyDrive/612 data/ProjectPokemonCleaned/0869alcremie/poke_capture_0869_007_fo_n_00000002_f_n.png,/content/drive/MyDrive/612 data/PokeSpriteCleaned/0869alcremie/alcremie-caramel-swirl-love.png
2033,0869alcremie,poke_capture_0869_007_fo_n_00000003_f_n.png,0869alcremie,alcremie-caramel-swirl-star.png,/content/drive/MyDrive/612 data/ProjectPokemonCleaned/0869alcremie/poke_capture_0869_007_fo_n_00000003_f_n.png,/content/drive/MyDrive/612 data/PokeSpriteCleaned/0869alcremie/alcremie-caramel-swirl-star.png
2034,0869alcremie,poke_capture_0869_007_fo_n_00000004_f_n.png,0869alcremie,alcremie-caramel-swirl-clover.png,/content/drive/MyDrive/612 data/ProjectPokemonCleaned/0869alcremie/poke_capture_0869_007_fo_n_00000004_f_n.png,/content/drive/MyDrive/612 data/PokeSpriteCleaned/0869alcremie/alcremie-caramel-swirl-clover.png
2035,0869alcremie,poke_capture_0869_007_fo_n_00000005_f_n.png,0869alcremie,alcremie-caramel-swirl-flower.png,/content/drive/MyDrive/612 data/ProjectPokemonCleaned/0869alcremie/poke_capture_0869_007_fo_n_00000005_f_n.png,/content/drive/MyDrive/612 data/PokeSpriteCleaned/0869alcremie/alcremie-caramel-swirl-flower.png
2036,0869alcremie,poke_capture_0869_007_fo_n_00000006_f_n.png,0869alcremie,alcremie-caramel-swirl-ribbon.png,/content/drive/MyDrive/612 data/ProjectPokemonCleaned/0869alcremie/poke_capture_0869_007_fo_n_00000006_f_n.png,/content/drive/MyDrive/612 data/PokeSpriteCleaned/0869alcremie/alcremie-caramel-swirl-ribbon.png
2037,0869alcremie,poke_capture_0869_008_fo_n_00000000_f_n.png,0869alcremie,alcremie-rainbow-swirl-strawberry.png,/content/drive/MyDrive/612 data/ProjectPokemonCleaned/0869alcremie/poke_capture_0869_008_fo_n_00000000_f_n.png,/content/drive/MyDrive/612 data/PokeSpriteCleaned/0869alcremie/alcremie-rainbow-swirl-strawberry.png
2038,0869alcremie,poke_capture_0869_008_fo_n_00000001_f_n.png,0869alcremie,alcremie-rainbow-swirl-berry.png,/content/drive/MyDrive/612 data/ProjectPokemonCleaned/0869alcremie/poke_capture_0869_008_fo_n_00000001_f_n.png,/content/drive/MyDrive/612 data/PokeSpriteCleaned/0869alcremie/alcremie-rainbow-swirl-berry.png
2039,0869alcremie,poke_capture_0869_008_fo_n_00000002_f_n.png,0869alcremie,alcremie-rainbow-swirl-love.png,/content/drive/MyDrive/612 data/ProjectPokemonCleaned/0869alcremie/poke_capture_0869_008_fo_n_00000002_f_n.png,/content/drive/MyDrive/612 data/PokeSpriteCleaned/0869alcremie/alcremie-rainbow-swirl-love.png
2040,0869alcremie,poke_capture_0869_008_fo_n_00000003_f_n.png,0869alcremie,alcremie-rainbow-swirl-star.png,/content/drive/MyDrive/612 data/ProjectPokemonCleaned/0869alcremie/poke_capture_0869_008_fo_n_00000003_f_n.png,/content/drive/MyDrive/612 data/PokeSpriteCleaned/0869alcremie/alcremie-rainbow-swirl-star.png
2041,0869alcremie,poke_capture_0869_008_fo_n_00000004_f_n.png,0869alcremie,alcremie-rainbow-swirl-clover.png,/content/drive/MyDrive/612 data/ProjectPokemonCleaned/0869alcremie/poke_capture_0869_008_fo_n_00000004_f_n.png,/content/drive/MyDrive/612 data/PokeSpriteCleaned/0869alcremie/alcremie-rainbow-swirl-clover.png
2042,0869alcremie,poke_capture_0869_008_fo_n_00000005_f_n.png,0869alcremie,alcremie-rainbow-swirl-flower.png,/content/drive/MyDrive/612 data/ProjectPokemonCleaned/0869alcremie/poke_capture_0869_008_fo_n_00000005_f_n.png,/content/drive/MyDrive/612 data/PokeSpriteCleaned/0869alcremie/alcremie-rainbow-swirl-flower.png
2043,0869alcremie,poke_capture_0869_008_fo_n_00000006_f_n.png,0869alcremie,alcremie-rainbow-swirl-ribbon.png,/content/drive/MyDrive/612 data/ProjectPokemonCleaned/0869alcremie/poke_capture_0869_008_fo_n_00000006_f_n.png,/content/drive/MyDrive/612 data/PokeSpriteCleaned/0869alcremie/alcremie-rainbow-swirl-ribbon.png
2044,0870falinks,poke_capture_0870_000_uk_n_00000000_f_n.png,0870falinks,falinks.png,/content/drive/MyDrive/612 data/ProjectPokemonCleaned/0870falinks/poke_capture_0870_000_uk_n_00000000_f_n.png,/content/drive/MyDrive/612 data/PokeSpriteCleaned/0870falinks/falinks.png
2045,0870falinks,poke_capture_0870_000_uk_n_00000000_f_r.png,0870falinks,falinks_shiny.png,/content/drive/MyDrive/612 data/ProjectPokemonCleaned/0870falinks/poke_capture_0870_000_uk_n_00000000_f_r.png,/content/drive/MyDrive/612 data/PokeSpriteCleaned/0870falinks/falinks_shiny.png
2046,0871pincurchin,poke_capture_0871_000_mf_n_00000000_f_n.png,0871pincurchin,pincurchin.png,/content/drive/MyDrive/612 data/ProjectPokemonCleaned/0871pincurchin/poke_capture_0871_000_mf_n_00000000_f_n.png,/content/drive/MyDrive/612 data/PokeSpriteCleaned/0871pincurchin/pincurchin.png
2047,0871pincurchin,poke_capture_0871_000_mf_n_00000000_f_r.png,0871pincurchin,pincurchin_shiny.png,/content/drive/MyDrive/612 data/ProjectPokemonCleaned/0871pincurchin/poke_capture_0871_000_mf_n_00000000_f_r.png,/content/drive/MyDrive/612 data/PokeSpriteCleaned/0871pincurchin/pincurchin_shiny.png
2048,0874stonjourner,poke_capture_0874_000_mf_n_00000000_f_n.png,0874stonjourner,stonjourner.png,/content/drive/MyDrive/612 data/ProjectPokemonCleaned/0874stonjourner/poke_capture_0874_000_mf_n_00000000_f_n.png,/content/drive/MyDrive/612 data/PokeSpriteCleaned/0874stonjourner/stonjourner.png
2049,0874stonjourner,poke_capture_0874_000_mf_n_00000000_f_r.png,0874stonjourner,stonjourner_shiny.png,/content/drive/MyDrive/612 data/ProjectPokemonCleaned/0874stonjourner/poke_capture_0874_000_mf_n_00000000_f_r.png,/content/drive/MyDrive/612 data/PokeSpriteCleaned/0874stonjourner/stonjourner_shiny.png
2050,0875eiscue,poke_capture_0875_000_mf_n_00000000_f_n.png,0875eiscue,eiscue.png,/content/drive/MyDrive/612 data/ProjectPokemonCleaned/0875eiscue/poke_capture_0875_000_mf_n_00000000_f_n.png,/content/drive/MyDrive/612 data/PokeSpriteCleaned/0875eiscue/eiscue.png
2051,0875eiscue,poke_capture_0875_000_mf_n_00000000_f_r.png,0875eiscue,eiscue_shiny.png,/content/drive/MyDrive/612 data/ProjectPokemonCleaned/0875eiscue/poke_capture_0875_000_mf_n_00000000_f_r.png,/content/drive/MyDrive/612 data/PokeSpriteCleaned/0875eiscue/eiscue_shiny.png
2052,0875eiscue,poke_capture_0875_001_mf_n_00000000_f_n.png,0875eiscue,eiscue-noice.png,/content/drive/MyDrive/612 data/ProjectPokemonCleaned/0875eiscue/poke_capture_0875_001_mf_n_00000000_f_n.png,/content/drive/MyDrive/612 data/PokeSpriteCleaned/0875eiscue/eiscue-noice.png
2053,0875eiscue,poke_capture_0875_001_mf_n_00000000_f_r.png,0875eiscue,eiscue-noice_shiny.png,/content/drive/MyDrive/612 data/ProjectPokemonCleaned/0875eiscue/poke_capture_0875_001_mf_n_00000000_f_r.png,/content/drive/MyDrive/612 data/PokeSpriteCleaned/0875eiscue/eiscue-noice_shiny.png
2054,0876indeedee,poke_capture_0876_001_fo_n_00000000_f_n.png,0876indeedee,indeedee_female.png,/content/drive/MyDrive/612 data/ProjectPokemonCleaned/0876indeedee/poke_capture_0876_001_fo_n_00000000_f_n.png,/content/drive/MyDrive/612 data/PokeSpriteCleaned/0876indeedee/indeedee_female.png
2055,0876indeedee,poke_capture_0876_001_fo_n_00000000_f_r.png,0876indeedee,indeedee_shiny_female.png,/content/drive/MyDrive/612 data/ProjectPokemonCleaned/0876indeedee/poke_capture_0876_001_fo_n_00000000_f_r.png,/content/drive/MyDrive/612 data/PokeSpriteCleaned/0876indeedee/indeedee_shiny_female.png
2056,0877morpeko,poke_capture_0877_000_mf_n_00000000_f_n.png,0877morpeko,morpeko.png,/content/drive/MyDrive/612 data/ProjectPokemonCleaned/0877morpeko/poke_capture_0877_000_mf_n_00000000_f_n.png,/content/drive/MyDrive/612 data/PokeSpriteCleaned/0877morpeko/morpeko.png
2057,0877morpeko,poke_capture_0877_000_mf_n_00000000_f_r.png,0877morpeko,morpeko_shiny.png,/content/drive/MyDrive/612 data/ProjectPokemonCleaned/0877morpeko/poke_capture_0877_000_mf_n_00000000_f_r.png,/content/drive/MyDrive/612 data/PokeSpriteCleaned/0877morpeko/morpeko_shiny.png
2058,0877morpeko,poke_capture_0877_001_mf_n_00000000_f_n.png,0877morpeko,morpeko-hangry.png,/content/drive/MyDrive/612 data/ProjectPokemonCleaned/0877morpeko/poke_capture_0877_001_mf_n_00000000_f_n.png,/content/drive/MyDrive/612 data/PokeSpriteCleaned/0877morpeko/morpeko-hangry.png
2059,0877morpeko,poke_capture_0877_001_mf_n_00000000_f_r.png,0877morpeko,morpeko-hangry_shiny.png,/content/drive/MyDrive/612 data/ProjectPokemonCleaned/0877morpeko/poke_capture_0877_001_mf_n_00000000_f_r.png,/content/drive/MyDrive/612 data/PokeSpriteCleaned/0877morpeko/morpeko-hangry_shiny.png
2060,0879copperajah,poke_capture_0879_000_mf_g_00000000_f_n.png,0879copperajah,copperajah-gmax.png,/content/drive/MyDrive/612 data/ProjectPokemonCleaned/0879copperajah/poke_capture_0879_000_mf_g_00000000_f_n.png,/content/drive/MyDrive/612 data/PokeSpriteCleaned/0879copperajah/copperajah-gmax.png
2061,0879copperajah,poke_capture_0879_000_mf_g_00000000_f_r.png,0879copperajah,copperajah-gmax_shiny.png,/content/drive/MyDrive/612 data/ProjectPokemonCleaned/0879copperajah/poke_capture_0879_000_mf_g_00000000_f_r.png,/content/drive/MyDrive/612 data/PokeSpriteCleaned/0879copperajah/copperajah-gmax_shiny.png
2062,0879copperajah,poke_capture_0879_000_mf_n_00000000_f_n.png,0879copperajah,copperajah.png,/content/drive/MyDrive/612 data/ProjectPokemonCleaned/0879copperajah/poke_capture_0879_000_mf_n_00000000_f_n.png,/content/drive/MyDrive/612 data/PokeSpriteCleaned/0879copperajah/copperajah.png
2063,0879copperajah,poke_capture_0879_000_mf_n_00000000_f_r.png,0879copperajah,copperajah_shiny.png,/content/drive/MyDrive/612 data/ProjectPokemonCleaned/0879copperajah/poke_capture_0879_000_mf_n_00000000_f_r.png,/content/drive/MyDrive/612 data/PokeSpriteCleaned/0879copperajah/copperajah_shiny.png
2064,0880dracozolt,poke_capture_0880_000_uk_n_00000000_f_n.png,0880dracozolt,dracozolt.png,/content/drive/MyDrive/612 data/ProjectPokemonCleaned/0880dracozolt/poke_capture_0880_000_uk_n_00000000_f_n.png,/content/drive/MyDrive/612 data/PokeSpriteCleaned/0880dracozolt/dracozolt.png
2065,0880dracozolt,poke_capture_0880_000_uk_n_00000000_f_r.png,0880dracozolt,dracozolt_shiny.png,/content/drive/MyDrive/612 data/ProjectPokemonCleaned/0880dracozolt/poke_capture_0880_000_uk_n_00000000_f_r.png,/content/drive/MyDrive/612 data/PokeSpriteCleaned/0880dracozolt/dracozolt_shiny.png
2066,0881arctozolt,poke_capture_0881_000_uk_n_00000000_f_n.png,0881arctozolt,arctozolt.png,/content/drive/MyDrive/612 data/ProjectPokemonCleaned/0881arctozolt/poke_capture_0881_000_uk_n_00000000_f_n.png,/content/drive/MyDrive/612 data/PokeSpriteCleaned/0881arctozolt/arctozolt.png
2067,0881arctozolt,poke_capture_0881_000_uk_n_00000000_f_r.png,0881arctozolt,arctozolt_shiny.png,/content/drive/MyDrive/612 data/ProjectPokemonCleaned/0881arctozolt/poke_capture_0881_000_uk_n_00000000_f_r.png,/content/drive/MyDrive/612 data/PokeSpriteCleaned/0881arctozolt/arctozolt_shiny.png
2068,0882dracovish,poke_capture_0882_000_uk_n_00000000_f_n.png,0882dracovish,dracovish.png,/content/drive/MyDrive/612 data/ProjectPokemonCleaned/0882dracovish/poke_capture_0882_000_uk_n_00000000_f_n.png,/content/drive/MyDrive/612 data/PokeSpriteCleaned/0882dracovish/dracovish.png
2069,0882dracovish,poke_capture_0882_000_uk_n_00000000_f_r.png,0882dracovish,dracovish_shiny.png,/content/drive/MyDrive/612 data/ProjectPokemonCleaned/0882dracovish/poke_capture_0882_000_uk_n_00000000_f_r.png,/content/drive/MyDrive/612 data/PokeSpriteCleaned/0882dracovish/dracovish_shiny.png
2070,0883arctovish,poke_capture_0883_000_uk_n_00000000_f_n.png,0883arctovish,arctovish.png,/content/drive/MyDrive/612 data/ProjectPokemonCleaned/0883arctovish/poke_capture_0883_000_uk_n_00000000_f_n.png,/content/drive/MyDrive/612 data/PokeSpriteCleaned/0883arctovish/arctovish.png
2071,0883arctovish,poke_capture_0883_000_uk_n_00000000_f_r.png,0883arctovish,arctovish_shiny.png,/content/drive/MyDrive/612 data/ProjectPokemonCleaned/0883arctovish/poke_capture_0883_000_uk_n_00000000_f_r.png,/content/drive/MyDrive/612 data/PokeSpriteCleaned/0883arctovish/arctovish_shiny.png
2072,0884duraludon,poke_capture_0884_000_mf_n_00000000_f_n.png,0884duraludon,duraludon.png,/content/drive/MyDrive/612 data/ProjectPokemonCleaned/0884duraludon/poke_capture_0884_000_mf_n_00000000_f_n.png,/content/drive/MyDrive/612 data/PokeSpriteCleaned/0884duraludon/duraludon.png
2073,0884duraludon,poke_capture_0884_000_mf_n_00000000_f_r.png,0884duraludon,duraludon_shiny.png,/content/drive/MyDrive/612 data/ProjectPokemonCleaned/0884duraludon/poke_capture_0884_000_mf_n_00000000_f_r.png,/content/drive/MyDrive/612 data/PokeSpriteCleaned/0884duraludon/duraludon_shiny.png
2074,0885dreepy,poke_capture_0885_000_mf_n_00000000_f_n.png,0885dreepy,dreepy.png,/content/drive/MyDrive/612 data/ProjectPokemonCleaned/0885dreepy/poke_capture_0885_000_mf_n_00000000_f_n.png,/content/drive/MyDrive/612 data/PokeSpriteCleaned/0885dreepy/dreepy.png
2075,0885dreepy,poke_capture_0885_000_mf_n_00000000_f_r.png,0885dreepy,dreepy_shiny.png,/content/drive/MyDrive/612 data/ProjectPokemonCleaned/0885dreepy/poke_capture_0885_000_mf_n_00000000_f_r.png,/content/drive/MyDrive/612 data/PokeSpriteCleaned/0885dreepy/dreepy_shiny.png
2076,0886drakloak,poke_capture_0886_000_mf_n_00000000_f_n.png,0886drakloak,drakloak.png,/content/drive/MyDrive/612 data/ProjectPokemonCleaned/0886drakloak/poke_capture_0886_000_mf_n_00000000_f_n.png,/content/drive/MyDrive/612 data/PokeSpriteCleaned/0886drakloak/drakloak.png
2077,0886drakloak,poke_capture_0886_000_mf_n_00000000_f_r.png,0886drakloak,drakloak_shiny.png,/content/drive/MyDrive/612 data/ProjectPokemonCleaned/0886drakloak/poke_capture_0886_000_mf_n_00000000_f_r.png,/content/drive/MyDrive/612 data/PokeSpriteCleaned/0886drakloak/drakloak_shiny.png
2078,0887dragapult,poke_capture_0887_000_mf_n_00000000_f_n.png,0887dragapult,dragapult.png,/content/drive/MyDrive/612 data/ProjectPokemonCleaned/0887dragapult/poke_capture_0887_000_mf_n_00000000_f_n.png,/content/drive/MyDrive/612 data/PokeSpriteCleaned/0887dragapult/dragapult.png
2079,0887dragapult,poke_capture_0887_000_mf_n_00000000_f_r.png,0887dragapult,dragapult_shiny.png,/content/drive/MyDrive/612 data/ProjectPokemonCleaned/0887dragapult/poke_capture_0887_000_mf_n_00000000_f_r.png,/content/drive/MyDrive/612 data/PokeSpriteCleaned/0887dragapult/dragapult_shiny.png
2080,0889zamazenta,poke_capture_0889_000_uk_n_00000000_f_n.png,0889zamazenta,zamazenta.png,/content/drive/MyDrive/612 data/ProjectPokemonCleaned/0889zamazenta/poke_capture_0889_000_uk_n_00000000_f_n.png,/content/drive/MyDrive/612 data/PokeSpriteCleaned/0889zamazenta/zamazenta.png
2081,0889zamazenta,poke_capture_0889_000_uk_n_00000000_f_r.png,0889zamazenta,zamazenta_shiny.png,/content/drive/MyDrive/612 data/ProjectPokemonCleaned/0889zamazenta/poke_capture_0889_000_uk_n_00000000_f_r.png,/content/drive/MyDrive/612 data/PokeSpriteCleaned/0889zamazenta/zamazenta_shiny.png
2082,0889zamazenta,poke_capture_0889_001_uk_n_00000000_f_n.png,0889zamazenta,zamazenta-crowned.png,/content/drive/MyDrive/612 data/ProjectPokemonCleaned/0889zamazenta/poke_capture_0889_001_uk_n_00000000_f_n.png,/content/drive/MyDrive/612 data/PokeSpriteCleaned/0889zamazenta/zamazenta-crowned.png
2083,0889zamazenta,poke_capture_0889_001_uk_n_00000000_f_r.png,0889zamazenta,zamazenta-crowned_shiny.png,/content/drive/MyDrive/612 data/ProjectPokemonCleaned/0889zamazenta/poke_capture_0889_001_uk_n_00000000_f_r.png,/content/drive/MyDrive/612 data/PokeSpriteCleaned/0889zamazenta/zamazenta-crowned_shiny.png
2084,0890eternatus,poke_capture_0890_000_uk_n_00000000_f_n.png,0890eternatus,eternatus.png,/content/drive/MyDrive/612 data/ProjectPokemonCleaned/0890eternatus/poke_capture_0890_000_uk_n_00000000_f_n.png,/content/drive/MyDrive/612 data/PokeSpriteCleaned/0890eternatus/eternatus.png
2085,0890eternatus,poke_capture_0890_000_uk_n_00000000_f_r.png,0890eternatus,eternatus_shiny.png,/content/drive/MyDrive/612 data/ProjectPokemonCleaned/0890eternatus/poke_capture_0890_000_uk_n_00000000_f_r.png,/content/drive/MyDrive/612 data/PokeSpriteCleaned/0890eternatus/eternatus_shiny.png
2086,0890eternatus,poke_capture_0890_001_uk_n_00000000_f_n.png,0890eternatus,eternatus-eternamax.png,/content/drive/MyDrive/612 data/ProjectPokemonCleaned/0890eternatus/poke_capture_0890_001_uk_n_00000000_f_n.png,/content/drive/MyDrive/612 data/PokeSpriteCleaned/0890eternatus/eternatus-eternamax.png
2087,0890eternatus,poke_capture_0890_001_uk_n_00000000_f_r.png,0890eternatus,eternatus-eternamax_shiny.png,/content/drive/MyDrive/612 data/ProjectPokemonCleaned/0890eternatus/poke_capture_0890_001_uk_n_00000000_f_r.png,/content/drive/MyDrive/612 data/PokeSpriteCleaned/0890eternatus/eternatus-eternamax_shiny.png
2088,0891kubfu,poke_capture_0891_000_mf_n_00000000_f_n.png,0891kubfu,kubfu.png,/content/drive/MyDrive/612 data/ProjectPokemonCleaned/0891kubfu/poke_capture_0891_000_mf_n_00000000_f_n.png,/content/drive/MyDrive/612 data/PokeSpriteCleaned/0891kubfu/kubfu.png
2089,0891kubfu,poke_capture_0891_000_mf_n_00000000_f_r.png,0891kubfu,kubfu_shiny.png,/content/drive/MyDrive/612 data/ProjectPokemonCleaned/0891kubfu/poke_capture_0891_000_mf_n_00000000_f_r.png,/content/drive/MyDrive/612 data/PokeSpriteCleaned/0891kubfu/kubfu_shiny.png
2090,0892urshifu,poke_capture_0892_000_mf_g_00000000_f_n.png,0892urshifu,urshifu-gmax.png,/content/drive/MyDrive/612 data/ProjectPokemonCleaned/0892urshifu/poke_capture_0892_000_mf_g_00000000_f_n.png,/content/drive/MyDrive/612 data/PokeSpriteCleaned/0892urshifu/urshifu-gmax.png
2091,0892urshifu,poke_capture_0892_000_mf_g_00000000_f_r.png,0892urshifu,urshifu-gmax_shiny.png,/content/drive/MyDrive/612 data/ProjectPokemonCleaned/0892urshifu/poke_capture_0892_000_mf_g_00000000_f_r.png,/content/drive/MyDrive/612 data/PokeSpriteCleaned/0892urshifu/urshifu-gmax_shiny.png
2092,0892urshifu,poke_capture_0892_000_mf_n_00000000_f_n.png,0892urshifu,urshifu.png,/content/drive/MyDrive/612 data/ProjectPokemonCleaned/0892urshifu/poke_capture_0892_000_mf_n_00000000_f_n.png,/content/drive/MyDrive/612 data/PokeSpriteCleaned/0892urshifu/urshifu.png
2093,0892urshifu,poke_capture_0892_000_mf_n_00000000_f_r.png,0892urshifu,urshifu_shiny.png,/content/drive/MyDrive/612 data/ProjectPokemonCleaned/0892urshifu/poke_capture_0892_000_mf_n_00000000_f_r.png,/content/drive/MyDrive/612 data/PokeSpriteCleaned/0892urshifu/urshifu_shiny.png
2094,0892urshifu,poke_capture_0892_001_mf_g_00000000_f_n.png,0892urshifu,urshifu-rapid-strike-gmax.png,/content/drive/MyDrive/612 data/ProjectPokemonCleaned/0892urshifu/poke_capture_0892_001_mf_g_00000000_f_n.png,/content/drive/MyDrive/612 data/PokeSpriteCleaned/0892urshifu/urshifu-rapid-strike-gmax.png
2095,0892urshifu,poke_capture_0892_001_mf_g_00000000_f_r.png,0892urshifu,urshifu-rapid-strike-gmax_shiny.png,/content/drive/MyDrive/612 data/ProjectPokemonCleaned/0892urshifu/poke_capture_0892_001_mf_g_00000000_f_r.png,/content/drive/MyDrive/612 data/PokeSpriteCleaned/0892urshifu/urshifu-rapid-strike-gmax_shiny.png
2096,0894regieleki,poke_capture_0894_000_uk_n_00000000_f_n.png,0894regieleki,regieleki.png,/content/drive/MyDrive/612 data/ProjectPokemonCleaned/0894regieleki/poke_capture_0894_000_uk_n_00000000_f_n.png,/content/drive/MyDrive/612 data/PokeSpriteCleaned/0894regieleki/regieleki.png
2097,0894regieleki,poke_capture_0894_000_uk_n_00000000_f_r.png,0894regieleki,regieleki_shiny.png,/content/drive/MyDrive/612 data/ProjectPokemonCleaned/0894regieleki/poke_capture_0894_000_uk_n_00000000_f_r.png,/content/drive/MyDrive/612 data/PokeSpriteCleaned/0894regieleki/regieleki_shiny.png
2098,0896glastrier,poke_capture_0896_000_uk_n_00000000_f_n.png,0896glastrier,glastrier.png,/content/drive/MyDrive/612 data/ProjectPokemonCleaned/0896glastrier/poke_capture_0896_000_uk_n_00000000_f_n.png,/content/drive/MyDrive/612 data/PokeSpriteCleaned/0896glastrier/glastrier.png
2099,0896glastrier,poke_capture_0896_000_uk_n_00000000_f_r.png,0896glastrier,glastrier_shiny.png,/content/drive/MyDrive/612 data/ProjectPokemonCleaned/0896glastrier/poke_capture_0896_000_uk_n_00000000_f_r.png,/content/drive/MyDrive/612 data/PokeSpriteCleaned/0896glastrier/glastrier_shiny.png
2100,0897spectrier,poke_capture_0897_000_uk_n_00000000_f_n.png,0897spectrier,spectrier.png,/content/drive/MyDrive/612 data/ProjectPokemonCleaned/0897spectrier/poke_capture_0897_000_uk_n_00000000_f_n.png,/content/drive/MyDrive/612 data/PokeSpriteCleaned/0897spectrier/spectrier.png
2101,0897spectrier,poke_capture_0897_000_uk_n_00000000_f_r.png,0897spectrier,spectrier_shiny.png,/content/drive/MyDrive/612 data/ProjectPokemonCleaned/0897spectrier/poke_capture_0897_000_uk_n_00000000_f_r.png,/content/drive/MyDrive/612 data/PokeSpriteCleaned/0897spectrier/spectrier_shiny.png
2102,0898calyrex,poke_capture_0898_000_uk_n_00000000_f_n.png,0898calyrex,calyrex.png,/content/drive/MyDrive/612 data/ProjectPokemonCleaned/0898calyrex/poke_capture_0898_000_uk_n_00000000_f_n.png,/content/drive/MyDrive/612 data/PokeSpriteCleaned/0898calyrex/calyrex.png
2103,0898calyrex,poke_capture_0898_000_uk_n_00000000_f_r.png,0898calyrex,calyrex_shiny.png,/content/drive/MyDrive/612 data/ProjectPokemonCleaned/0898calyrex/poke_capture_0898_000_uk_n_00000000_f_r.png,/content/drive/MyDrive/612 data/PokeSpriteCleaned/0898calyrex/calyrex_shiny.png
2104,0898calyrex,poke_capture_0898_001_uk_n_00000000_f_n.png,0898calyrex,calyrex-ice-rider.png,/content/drive/MyDrive/612 data/ProjectPokemonCleaned/0898calyrex/poke_capture_0898_001_uk_n_00000000_f_n.png,/content/drive/MyDrive/612 data/PokeSpriteCleaned/0898calyrex/calyrex-ice-rider.png
2105,0898calyrex,poke_capture_0898_001_uk_n_00000000_f_r.png,0898calyrex,calyrex-ice-rider_shiny.png,/content/drive/MyDrive/612 data/ProjectPokemonCleaned/0898calyrex/poke_capture_0898_001_uk_n_00000000_f_r.png,/content/drive/MyDrive/612 data/PokeSpriteCleaned/0898calyrex/calyrex-ice-rider_shiny.png
2106,0902basculegion,basculegion.png,0902basculegion,basculegion.png,/content/drive/MyDrive/612 data/ProjectPokemonCleaned/0902basculegion/basculegion.png,/content/drive/MyDrive/612 data/PokeSpriteCleaned/0902basculegion/basculegion.png
2107,0903sneasler,sneasler.png,0903sneasler,sneasler.png,/content/drive/MyDrive/612 data/ProjectPokemonCleaned/0903sneasler/sneasler.png,/content/drive/MyDrive/612 data/PokeSpriteCleaned/0903sneasler/sneasler.png
2108,0904overqwil,overqwil.png,0904overqwil,overqwil.png,/content/drive/MyDrive/612 data/ProjectPokemonCleaned/0904overqwil/overqwil.png,/content/drive/MyDrive/612 data/PokeSpriteCleaned/0904overqwil/overqwil.png
