project_file,sprite_file,status,reason
/content/drive/MyDrive/612 data/ProjectPokemonCleaned/0001bulbasaur/poke_capture_0001_000_mf_n_00000000_f_n.png,/content/drive/MyDrive/612 data/PokeSpriteCleaned/0001bulbasaur/bulbasaur.png,mapped,variant-index
/content/drive/MyDrive/612 data/ProjectPokemonCleaned/0001bulbasaur/poke_capture_0001_000_mf_n_00000000_f_r.png,/content/drive/MyDrive/612 data/PokeSpriteCleaned/0001bulbasaur/bulbasaur_shiny.png,mapped,variant-index
/content/drive/MyDrive/612 data/ProjectPokemonCleaned/0002ivysaur/poke_capture_0002_000_mf_n_00000000_f_n.png,/content/drive/MyDrive/612 data/PokeSpriteCleaned/0002ivysaur/ivysaur.png,mapped,variant-index
/content/drive/MyDrive/612 data/ProjectPokemonCleaned/0002ivysaur/poke_capture_0002_000_mf_n_00000000_f_r.png,/content/drive/MyDrive/612 data/PokeSpriteCleaned/0002ivysaur/ivysaur_shiny.png,mapped,variant-index
/content/drive/MyDrive/612 data/ProjectPokemonCleaned/0003venusaur/poke_capture_0003_000_fd_n_00000000_f_n.png,/content/drive/MyDrive/612 data/PokeSpriteCleaned/0003venusaur/venusaur.png,mapped,variant-index
/content/drive/MyDrive/612 data/ProjectPokemonCleaned/0003venusaur/poke_capture_0003_000_fd_n_00000000_f_r.png,/content/drive/MyDrive/612 data/PokeSpriteCleaned/0003venusaur/venusaur_shiny.png,mapped,variant-index
/content/drive/MyDrive/612 data/ProjectPokemonCleaned/0003venusaur/poke_capture_0003_000_md_n_00000000_f_n.png,/content/drive/MyDrive/612 data/PokeSpriteCleaned/0003venusaur/venusaur.png,mapped,variant-index
/content/drive/MyDrive/612 data/ProjectPokemonCleaned/0003venusaur/poke_capture_0003_000_md_n_00000000_f_r.png,/content/drive/MyDrive/612 data/PokeSpriteCleaned/0003venusaur/venusaur_shiny.png,mapped,variant-index
/content/drive/MyDrive/612 data/ProjectPokemonCleaned/0003venusaur/poke_capture_0003_000_mf_g_00000000_f_n.png,/content/drive/MyDrive/612 data/PokeSpriteCleaned/0003venusaur/venusaur-gmax.png,mapped,gmax-direct
/content/drive/MyDrive/612 data/ProjectPokemonCleaned/0003venusaur/poke_capture_0003_000_mf_g_00000000_f_r.png,/content/drive/MyDrive/612 data/PokeSpriteCleaned/0003venusaur/venusaur-gmax_shiny.png,mapped,gmax-direct
/content/drive/MyDrive/612 data/ProjectPokemonCleaned/0003venusaur/poke_capture_0003_001_mf_n_00000000_f_n.png,/content/drive/MyDrive/612 data/PokeSpriteCleaned/0003venusaur/venusaur-mega.png,mapped,variant-index
/content/drive/MyDrive/612 data/ProjectPokemonCleaned/0003venusaur/poke_capture_0003_001_mf_n_00000000_f_r.png,/content/drive/MyDrive/612 data/PokeSpriteCleaned/0003venusaur/venusaur-mega_shiny.png,mapped,variant-index
/content/drive/MyDrive/612 data/ProjectPokemonCleaned/0004charmander/poke_capture_0004_000_mf_n_00000000_f_n.png,/content/drive/MyDrive/612 data/PokeSpriteCleaned/0004charmander/charmander.png,mapped,variant-index
/content/drive/MyDrive/612 data/ProjectPokemonCleaned/0004charmander/poke_capture_0004_000_mf_n_00000000_f_r.png,/content/drive/MyDrive/612 data/PokeSpriteCleaned/0004charmander/charmander_shiny.png,mapped,variant-index
/content/drive/MyDrive/612 data/ProjectPokemonCleaned/0005charmeleon/poke_capture_0005_000_mf_n_00000000_f_n.png,/content/drive/MyDrive/612 data/PokeSpriteCleaned/0005charmeleon/charmeleon.png,mapped,variant-index
/content/drive/MyDrive/612 data/ProjectPokemonCleaned/0005charmeleon/poke_capture_0005_000_mf_n_00000000_f_r.png,/content/drive/MyDrive/612 data/PokeSpriteCleaned/0005charmeleon/charmeleon_shiny.png,mapped,variant-index
/content/drive/MyDrive/612 data/ProjectPokemonCleaned/0006charizard/poke_capture_0006_000_mf_g_00000000_f_n.png,/content/drive/MyDrive/612 data/PokeSpriteCleaned/0006charizard/charizard-gmax.png,mapped,gmax-direct
/content/drive/MyDrive/612 data/ProjectPokemonCleaned/0006charizard/poke_capture_0006_000_mf_g_00000000_f_r.png,/content/drive/MyDrive/612 data/PokeSpriteCleaned/0006charizard/charizard-gmax_shiny.png,mapped,gmax-direct
/content/drive/MyDrive/612 data/ProjectPokemonCleaned/0006charizard/poke_capture_0006_000_mf_n_00000000_f_n.png,/content/drive/MyDrive/612 data/PokeSpriteCleaned/0006charizard/charizard.png,mapped,variant-index
/content/drive/MyDrive/612 data/ProjectPokemonCleaned/0006charizard/poke_capture_0006_000_mf_n_00000000_f_r.png,/content/drive/MyDrive/612 data/PokeSpriteCleaned/0006charizard/charizard_shiny.png,mapped,variant-index
/content/drive/MyDrive/612 data/ProjectPokemonCleaned/0006charizard/poke_capture_0006_001_mf_n_00000000_f_n.png,/content/drive/MyDrive/612 data/PokeSpriteCleaned/0006charizard/charizard-mega-x.png,mapped,variant-index
/content/drive/MyDrive/612 data/ProjectPokemonCleaned/0006charizard/poke_capture_0006_001_mf_n_00000000_f_r.png,/content/drive/MyDrive/612 data/PokeSpriteCleaned/0006charizard/charizard-mega-x_shiny.png,mapped,variant-index
/content/drive/MyDrive/612 data/ProjectPokemonCleaned/0006charizard/poke_capture_0006_002_mf_n_00000000_f_n.png,/content/drive/MyDrive/612 data/PokeSpriteCleaned/0006charizard/charizard-mega-y.png,mapped,variant-index
/content/drive/MyDrive/612 data/ProjectPokemonCleaned/0006charizard/poke_capture_0006_002_mf_n_00000000_f_r.png,/content/drive/MyDrive/612 data/PokeSpriteCleaned/0006charizard/charizard-mega-y_shiny.png,mapped,variant-index
/content/drive/MyDrive/612 data/ProjectPokemonCleaned/0007squirtle/poke_capture_0007_000_mf_n_00000000_f_n.png,/content/drive/MyDrive/612 data/PokeSpriteCleaned/0007squirtle/squirtle.png,mapped,variant-index
/content/drive/MyDrive/612 data/ProjectPokemonCleaned/0007squirtle/poke_capture_0007_000_mf_n_00000000_f_r.png,/content/drive/MyDrive/612 data/PokeSpriteCleaned/0007squirtle/squirtle_shiny.png,mapped,variant-index
/content/drive/MyDrive/612 data/ProjectPokemonCleaned/0008wartortle/poke_capture_0008_000_mf_n_00000000_f_n.png,/content/drive/MyDrive/612 data/PokeSpriteCleaned/0008wartortle/wartortle.png,mapped,variant-index
/content/drive/MyDrive/612 data/ProjectPokemonCleaned/0008wartortle/poke_capture_0008_000_mf_n_00000000_f_r.png,/content/drive/MyDrive/612 data/PokeSpriteCleaned/0008wartortle/wartortle_shiny.png,mapped,variant-index
/content/drive/MyDrive/612 data/ProjectPokemonCleaned/0009blastoise/poke_capture_0009_000_mf_g_00000000_f_n.png,/content/drive/MyDrive/612 data/PokeSpriteCleaned/0009blastoise/blastoise-gmax.png,mapped,gmax-direct
/content/drive/MyDrive/612 data/ProjectPokemonCleaned/0009blastoise/poke_capture_0009_000_mf_g_00000000_f_r.png,/content/drive/MyDrive/612 data/PokeSpriteCleaned/0009blastoise/blastoise-gmax_shiny.png,mapped,gmax-direct
/content/drive/MyDrive/612 data/ProjectPokemonCleaned/0009blastoise/poke_capture_0009_000_mf_n_00000000_f_n.png,/content/drive/MyDrive/612 data/PokeSpriteCleaned/0009blastoise/blastoise.png,mapped,variant-index
/content/drive/MyDrive/612 data/ProjectPokemonCleaned/0009blastoise/poke_capture_0009_000_mf_n_00000000_f_r.png,/content/drive/MyDrive/612 data/PokeSpriteCleaned/0009blastoise/blastoise_shiny.png,mapped,variant-index
/content/drive/MyDrive/612 data/ProjectPokemonCleaned/0009blastoise/poke_capture_0009_001_mf_n_00000000_f_n.png,/content/drive/MyDrive/612 data/PokeSpriteCleaned/0009blastoise/blastoise-mega.png,mapped,variant-index
/content/drive/MyDrive/612 data/ProjectPokemonCleaned/0009blastoise/poke_capture_0009_001_mf_n_00000000_f_r.png,/content/drive/MyDrive/612 data/PokeSpriteCleaned/0009blastoise/blastoise-mega_shiny.png,mapped,variant-index
/content/drive/MyDrive/612 data/ProjectPokemonCleaned/0010caterpie/poke_capture_0010_000_mf_n_00000000_f_n.png,/content/drive/MyDrive/612 data/PokeSpriteCleaned/0010caterpie/caterpie.png,mapped,variant-index
/content/drive/MyDrive/612 data/ProjectPokemonCleaned/0010caterpie/poke_capture_0010_000_mf_n_00000000_f_r.png,/content/drive/MyDrive/612 data/PokeSpriteCleaned/0010caterpie/caterpie_shiny.png,mapped,variant-index
/content/drive/MyDrive/612 data/ProjectPokemonCleaned/0011metapod/poke_capture_0011_000_mf_n_00000000_f_n.png,/content/drive/MyDrive/612 data/PokeSpriteCleaned/0011metapod/metapod.png,mapped,variant-index
/content/drive/MyDrive/612 data/ProjectPokemonCleaned/0011metapod/poke_capture_0011_000_mf_n_00000000_f_r.png,/content/drive/MyDrive/612 data/PokeSpriteCleaned/0011metapod/metapod_shiny.png,mapped,variant-index
/content/drive/MyDrive/612 data/ProjectPokemonCleaned/0012butterfree/poke_capture_0012_000_fd_n_00000000_f_n.png,/content/drive/MyDrive/612 data/PokeSpriteCleaned/0012butterfree/butterfree.png,mapped,variant-index
/content/drive/MyDrive/612 data/ProjectPokemonCleaned/0012butterfree/poke_capture_0012_000_fd_n_00000000_f_r.png,/content/drive/MyDrive/612 data/PokeSpriteCleaned/0012butterfree/butterfree_shiny.png,mapped,variant-index
/content/drive/MyDrive/612 data/ProjectPokemonCleaned/0012butterfree/poke_capture_0012_000_md_n_00000000_f_n.png,/content/drive/MyDrive/612 data/PokeSpriteCleaned/0012butterfree/butterfree.png,mapped,variant-index
/content/drive/MyDrive/612 data/ProjectPokemonCleaned/0012butterfree/poke_capture_0012_000_md_n_00000000_f_r.png,/content/drive/MyDrive/612 data/PokeSpriteCleaned/0012butterfree/butterfree_shiny.png,mapped,variant-index
/content/drive/MyDrive/612 data/ProjectPokemonCleaned/0012butterfree/poke_capture_0012_000_mf_g_00000000_f_n.png,/content/drive/MyDrive/612 data/PokeSpriteCleaned/0012butterfree/butterfree-gmax.png,mapped,gmax-direct
/content/drive/MyDrive/612 data/ProjectPokemonCleaned/0012butterfree/poke_capture_0012_000_mf_g_00000000_f_r.png,/content/drive/MyDrive/612 data/PokeSpriteCleaned/0012butterfree/butterfree-gmax_shiny.png,mapped,gmax-direct
/content/drive/MyDrive/612 data/ProjectPokemonCleaned/0013weedle/poke_capture_0013_000_mf_n_00000000_f_n.png,/content/drive/MyDrive/612 data/PokeSpriteCleaned/0013weedle/weedle.png,mapped,variant-index
/content/drive/MyDrive/612 data/ProjectPokemonCleaned/0013weedle/poke_capture_0013_000_mf_n_00000000_f_r.png,/content/drive/MyDrive/612 data/PokeSpriteCleaned/0013weedle/weedle_shiny.png,mapped,variant-index
/content/drive/MyDrive/612 data/ProjectPokemonCleaned/0014kakuna/poke_capture_0014_000_mf_n_00000000_f_n.png,/content/drive/MyDrive/612 data/PokeSpriteCleaned/0014kakuna/kakuna.png,mapped,variant-index
/content/drive/MyDrive/612 data/ProjectPokemonCleaned/0014kakuna/poke_capture_0014_000_mf_n_00000000_f_r.png,/content/drive/MyDrive/612 data/PokeSpriteCleaned/0014kakuna/kakuna_shiny.png,mapped,variant-index
/content/drive/MyDrive/612 data/ProjectPokemonCleaned/0015beedrill/poke_capture_0015_000_mf_n_00000000_f_n.png,/content/drive/MyDrive/612 data/PokeSpriteCleaned/0015beedrill/beedrill.png,mapped,variant-index
/content/drive/MyDrive/612 data/ProjectPokemonCleaned/0015beedrill/poke_capture_0015_000_mf_n_00000000_f_r.png,/content/drive/MyDrive/612 data/PokeSpriteCleaned/0015beedrill/beedrill_shiny.png,mapped,variant-index
/content/drive/MyDrive/612 data/ProjectPokemonCleaned/0015beedrill/poke_capture_0015_001_mf_n_00000000_f_n.png,/content/drive/MyDrive/612 data/PokeSpriteCleaned/0015beedrill/beedrill-mega.png,mapped,variant-index
/content/drive/MyDrive/612 data/ProjectPokemonCleaned/0015beedrill/poke_capture_0015_001_mf_n_00000000_f_r.png,/content/drive/MyDrive/612 data/PokeSpriteCleaned/0015beedrill/beedrill-mega_shiny.png,mapped,variant-index
/content/drive/MyDrive/612 data/ProjectPokemonCleaned/0016pidgey/poke_capture_0016_000_mf_n_00000000_f_n.png,/content/drive/MyDrive/612 data/PokeSpriteCleaned/0016pidgey/pidgey.png,mapped,variant-index
/content/drive/MyDrive/612 data/ProjectPokemonCleaned/0016pidgey/poke_capture_0016_000_mf_n_00000000_f_r.png,/content/drive/MyDrive/612 data/PokeSpriteCleaned/0016pidgey/pidgey_shiny.png,mapped,variant-index
/content/drive/MyDrive/612 data/ProjectPokemonCleaned/0017pidgeotto/poke_capture_0017_000_mf_n_00000000_f_n.png,/content/drive/MyDrive/612 data/PokeSpriteCleaned/0017pidgeotto/pidgeotto.png,mapped,variant-index
/content/drive/MyDrive/612 data/ProjectPokemonCleaned/0017pidgeotto/poke_capture_0017_000_mf_n_00000000_f_r.png,/content/drive/MyDrive/612 data/PokeSpriteCleaned/0017pidgeotto/pidgeotto_shiny.png,mapped,variant-index
/content/drive/MyDrive/612 data/ProjectPokemonCleaned/0018pidgeot/poke_capture_0018_000_mf_n_00000000_f_n.png,/content/drive/MyDrive/612 data/PokeSpriteCleaned/0018pidgeot/pidgeot.png,mapped,variant-index
/content/drive/MyDrive/612 data/ProjectPokemonCleaned/0018pidgeot/poke_capture_0018_000_mf_n_00000000_f_r.png,/content/drive/MyDrive/612 data/PokeSpriteCleaned/0018pidgeot/pidgeot_shiny.png,mapped,variant-index
/content/drive/MyDrive/612 data/ProjectPokemonCleaned/0018pidgeot/poke_capture_0018_001_mf_n_00000000_f_n.png,/content/drive/MyDrive/612 data/PokeSpriteCleaned/0018pidgeot/pidgeot-mega.png,mapped,variant-index
/content/drive/MyDrive/612 data/ProjectPokemonCleaned/0018pidgeot/poke_capture_0018_001_mf_n_00000000_f_r.png,/content/drive/MyDrive/612 data/PokeSpriteCleaned/0018pidgeot/pidgeot-mega_shiny.png,mapped,variant-index
/content/drive/MyDrive/612 data/ProjectPokemonCleaned/0019rattata/poke_capture_0019_000_fd_n_00000000_f_n.png,/content/drive/MyDrive/612 data/PokeSpriteCleaned/0019rattata/rattata alola.png,mapped,variant-index
/content/drive/MyDrive/612 data/ProjectPokemonCleaned/0019rattata/poke_capture_0019_000_fd_n_00000000_f_r.png,/content/drive/MyDrive/612 data/PokeSpriteCleaned/0019rattata/rattata alola_shiny.png,mapped,variant-index
/content/drive/MyDrive/612 data/ProjectPokemonCleaned/0019rattata/poke_capture_0019_000_md_n_00000000_f_n.png,/content/drive/MyDrive/612 data/PokeSpriteCleaned/0019rattata/rattata alola.png,mapped,variant-index
/content/drive/MyDrive/612 data/ProjectPokemonCleaned/0019rattata/poke_capture_0019_000_md_n_00000000_f_r.png,/content/drive/MyDrive/612 data/PokeSpriteCleaned/0019rattata/rattata alola_shiny.png,mapped,variant-index
/content/drive/MyDrive/612 data/ProjectPokemonCleaned/0019rattata/poke_capture_0019_001_mf_n_00000000_f_n.png,/content/drive/MyDrive/612 data/PokeSpriteCleaned/0019rattata/rattata.png,mapped,variant-index
/content/drive/MyDrive/612 data/ProjectPokemonCleaned/0019rattata/poke_capture_0019_001_mf_n_00000000_f_r.png,/content/drive/MyDrive/612 data/PokeSpriteCleaned/0019rattata/rattata_shiny.png,mapped,variant-index
/content/drive/MyDrive/612 data/ProjectPokemonCleaned/0020raticate/poke_capture_0020_000_fd_n_00000000_f_n.png,/content/drive/MyDrive/612 data/PokeSpriteCleaned/0020raticate/raticate alola.png,mapped,variant-index
/content/drive/MyDrive/612 data/ProjectPokemonCleaned/0020raticate/poke_capture_0020_000_fd_n_00000000_f_r.png,/content/drive/MyDrive/612 data/PokeSpriteCleaned/0020raticate/raticate alola_shiny.png,mapped,variant-index
/content/drive/MyDrive/612 data/ProjectPokemonCleaned/0020raticate/poke_capture_0020_000_md_n_00000000_f_n.png,/content/drive/MyDrive/612 data/PokeSpriteCleaned/0020raticate/raticate alola.png,mapped,variant-index
/content/drive/MyDrive/612 data/ProjectPokemonCleaned/0020raticate/poke_capture_0020_000_md_n_00000000_f_r.png,/content/drive/MyDrive/612 data/PokeSpriteCleaned/0020raticate/raticate alola_shiny.png,mapped,variant-index
/content/drive/MyDrive/612 data/ProjectPokemonCleaned/0020raticate/poke_capture_0020_001_mf_n_00000000_f_n.png,/content/drive/MyDrive/612 data/PokeSpriteCleaned/0020raticate/raticate.png,mapped,variant-index
/content/drive/MyDrive/612 data/ProjectPokemonCleaned/0020raticate/poke_capture_0020_001_mf_n_00000000_f_r.png,/content/drive/MyDrive/612 data/PokeSpriteCleaned/0020raticate/raticate_shiny.png,mapped,variant-index
/content/drive/MyDrive/612 data/ProjectPokemonCleaned/0021spearow/poke_capture_0021_000_mf_n_00000000_f_n.png,/content/drive/MyDrive/612 data/PokeSpriteCleaned/0021spearow/spearow.png,mapped,variant-index
/content/drive/MyDrive/612 data/ProjectPokemonCleaned/0021spearow/poke_capture_0021_000_mf_n_00000000_f_r.png,/content/drive/MyDrive/612 data/PokeSpriteCleaned/0021spearow/spearow_shiny.png,mapped,variant-index
/content/drive/MyDrive/612 data/ProjectPokemonCleaned/0022fearow/poke_capture_0022_000_mf_n_00000000_f_n.png,/content/drive/MyDrive/612 data/PokeSpriteCleaned/0022fearow/fearow.png,mapped,variant-index
/content/drive/MyDrive/612 data/ProjectPokemonCleaned/0022fearow/poke_capture_0022_000_mf_n_00000000_f_r.png,/content/drive/MyDrive/612 data/PokeSpriteCleaned/0022fearow/fearow_shiny.png,mapped,variant-index
/content/drive/MyDrive/612 data/ProjectPokemonCleaned/0023ekans/poke_capture_0023_000_mf_n_00000000_f_n.png,/content/drive/MyDrive/612 data/PokeSpriteCleaned/0023ekans/ekans.png,mapped,variant-index
/content/drive/MyDrive/612 data/ProjectPokemonCleaned/0023ekans/poke_capture_0023_000_mf_n_00000000_f_r.png,/content/drive/MyDrive/612 data/PokeSpriteCleaned/0023ekans/ekans_shiny.png,mapped,variant-index
/content/drive/MyDrive/612 data/ProjectPokemonCleaned/0024arbok/poke_capture_0024_000_mf_n_00000000_f_n.png,/content/drive/MyDrive/612 data/PokeSpriteCleaned/0024arbok/arbok.png,mapped,variant-index
/content/drive/MyDrive/612 data/ProjectPokemonCleaned/0024arbok/poke_capture_0024_000_mf_n_00000000_f_r.png,/content/drive/MyDrive/612 data/PokeSpriteCleaned/0024arbok/arbok_shiny.png,mapped,variant-index
/content/drive/MyDrive/612 data/ProjectPokemonCleaned/0025pikachu/poke_capture_0025_000_fd_n_00000000_f_n.png,/content/drive/MyDrive/612 data/PokeSpriteCleaned/0025pikachu/pikachu alola cap.png,mapped,variant-index
/content/drive/MyDrive/612 data/ProjectPokemonCleaned/0025pikachu/poke_capture_0025_000_fd_n_00000000_f_r.png,/content/drive/MyDrive/612 data/PokeSpriteCleaned/0025pikachu/pikachu alola cap_shiny.png,mapped,variant-index
/content/drive/MyDrive/612 data/ProjectPokemonCleaned/0025pikachu/poke_capture_0025_000_md_n_00000000_f_n.png,/content/drive/MyDrive/612 data/PokeSpriteCleaned/0025pikachu/pikachu alola cap.png,mapped,variant-index
/content/drive/MyDrive/612 data/ProjectPokemonCleaned/0025pikachu/poke_capture_0025_000_md_n_00000000_f_r.png,/content/drive/MyDrive/612 data/PokeSpriteCleaned/0025pikachu/pikachu alola cap_shiny.png,mapped,variant-index
/content/drive/MyDrive/612 data/ProjectPokemonCleaned/0025pikachu/poke_capture_0025_000_mf_g_00000000_f_n.png,/content/drive/MyDrive/612 data/PokeSpriteCleaned/0025pikachu/pikachu-gmax.png,mapped,gmax-direct
/content/drive/MyDrive/612 data/ProjectPokemonCleaned/0025pikachu/poke_capture_0025_000_mf_g_00000000_f_r.png,/content/drive/MyDrive/612 data/PokeSpriteCleaned/0025pikachu/pikachu-gmax_shiny.png,mapped,gmax-direct
/content/drive/MyDrive/612 data/ProjectPokemonCleaned/0025pikachu/poke_capture_0025_001_mo_n_00000000_f_n.png,/content/drive/MyDrive/612 data/PokeSpriteCleaned/0025pikachu/pikachu alola cap_female.png,mapped,variant-index
/content/drive/MyDrive/612 data/ProjectPokemonCleaned/0025pikachu/poke_capture_0025_002_mo_n_00000000_f_n.png,/content/drive/MyDrive/612 data/PokeSpriteCleaned/0025pikachu/pikachu alola cap_shiny_female.png,mapped,variant-index
/content/drive/MyDrive/612 data/ProjectPokemonCleaned/0025pikachu/poke_capture_0025_003_mo_n_00000000_f_n.png,/content/drive/MyDrive/612 data/PokeSpriteCleaned/0025pikachu/pikachu.png,mapped,variant-index
/content/drive/MyDrive/612 data/ProjectPokemonCleaned/0025pikachu/poke_capture_0025_004_mo_n_00000000_f_n.png,/content/drive/MyDrive/612 data/PokeSpriteCleaned/0025pikachu/pikachu_female.png,mapped,variant-index
/content/drive/MyDrive/612 data/ProjectPokemonCleaned/0025pikachu/poke_capture_0025_005_mo_n_00000000_f_n.png,/content/drive/MyDrive/612 data/PokeSpriteCleaned/0025pikachu/pikachu_shiny_female.png,mapped,variant-index
/content/drive/MyDrive/612 data/ProjectPokemonCleaned/0025pikachu/poke_capture_0025_006_mo_n_00000000_f_n.png,/content/drive/MyDrive/612 data/PokeSpriteCleaned/0025pikachu/pikachu-belle.png,mapped,variant-index
/content/drive/MyDrive/612 data/ProjectPokemonCleaned/0025pikachu/poke_capture_0025_007_mo_n_00000000_f_n.png,/content/drive/MyDrive/612 data/PokeSpriteCleaned/0025pikachu/pikachu-belle_right.png,mapped,variant-index
/content/drive/MyDrive/612 data/ProjectPokemonCleaned/0025pikachu/poke_capture_0025_008_fd_n_00000000_f_n.png,/content/drive/MyDrive/612 data/PokeSpriteCleaned/0025pikachu/pikachu-belle_shiny_right.png,mapped,variant-index
/content/drive/MyDrive/612 data/ProjectPokemonCleaned/0025pikachu/poke_capture_0025_008_fd_n_00000000_f_r.png,/content/drive/MyDrive/612 data/PokeSpriteCleaned/0025pikachu/pikachu-partner-cap_shiny.png,mapped,variant-index
/content/drive/MyDrive/612 data/ProjectPokemonCleaned/0025pikachu/poke_capture_0025_008_md_n_00000000_f_n.png,/content/drive/MyDrive/612 data/PokeSpriteCleaned/0025pikachu/pikachu-belle_shiny_right.png,mapped,variant-index
/content/drive/MyDrive/612 data/ProjectPokemonCleaned/0025pikachu/poke_capture_0025_008_md_n_00000000_f_r.png,/content/drive/MyDrive/612 data/PokeSpriteCleaned/0025pikachu/pikachu-partner-cap_shiny.png,mapped,variant-index
/content/drive/MyDrive/612 data/ProjectPokemonCleaned/0025pikachu/poke_capture_0025_009_mo_n_00000000_f_n.png,/content/drive/MyDrive/612 data/PokeSpriteCleaned/0025pikachu/pikachu-cosplay.png,mapped,variant-index
/content/drive/MyDrive/612 data/ProjectPokemonCleaned/0026raichu/poke_capture_0026_000_fd_n_00000000_f_n.png,/content/drive/MyDrive/612 data/PokeSpriteCleaned/0026raichu/raichu alola.png,mapped,variant-index
/content/drive/MyDrive/612 data/ProjectPokemonCleaned/0026raichu/poke_capture_0026_000_fd_n_00000000_f_r.png,/content/drive/MyDrive/612 data/PokeSpriteCleaned/0026raichu/raichu alola_shiny.png,mapped,variant-index
/content/drive/MyDrive/612 data/ProjectPokemonCleaned/0026raichu/poke_capture_0026_000_md_n_00000000_f_n.png,/content/drive/MyDrive/612 data/PokeSpriteCleaned/0026raichu/raichu alola.png,mapped,variant-index
/content/drive/MyDrive/612 data/ProjectPokemonCleaned/0026raichu/poke_capture_0026_000_md_n_00000000_f_r.png,/content/drive/MyDrive/612 data/PokeSpriteCleaned/0026raichu/raichu alola_shiny.png,mapped,variant-index
/content/drive/MyDrive/612 data/ProjectPokemonCleaned/0026raichu/poke_capture_0026_001_mf_n_00000000_f_n.png,/content/drive/MyDrive/612 data/PokeSpriteCleaned/0026raichu/raichu.png,mapped,variant-index
/content/drive/MyDrive/612 data/ProjectPokemonCleaned/0026raichu/poke_capture_0026_001_mf_n_00000000_f_r.png,/content/drive/MyDrive/612 data/PokeSpriteCleaned/0026raichu/raichu_shiny.png,mapped,variant-index
/content/drive/MyDrive/612 data/ProjectPokemonCleaned/0027sandshrew/poke_capture_0027_000_mf_n_00000000_f_n.png,/content/drive/MyDrive/612 data/PokeSpriteCleaned/0027sandshrew/sandshrew alola.png,mapped,variant-index
/content/drive/MyDrive/612 data/ProjectPokemonCleaned/0027sandshrew/poke_capture_0027_000_mf_n_00000000_f_r.png,/content/drive/MyDrive/612 data/PokeSpriteCleaned/0027sandshrew/sandshrew alola_shiny.png,mapped,variant-index
/content/drive/MyDrive/612 data/ProjectPokemonCleaned/0027sandshrew/poke_capture_0027_001_mf_n_00000000_f_n.png,/content/drive/MyDrive/612 data/PokeSpriteCleaned/0027sandshrew/sandshrew.png,mapped,variant-index
/content/drive/MyDrive/612 data/ProjectPokemonCleaned/0027sandshrew/poke_capture_0027_001_mf_n_00000000_f_r.png,/content/drive/MyDrive/612 data/PokeSpriteCleaned/0027sandshrew/sandshrew_shiny.png,mapped,variant-index
/content/drive/MyDrive/612 data/ProjectPokemonCleaned/0028sandslash/poke_capture_0028_000_mf_n_00000000_f_n.png,/content/drive/MyDrive/612 data/PokeSpriteCleaned/0028sandslash/sandslash alola.png,mapped,variant-index
/content/drive/MyDrive/612 data/ProjectPokemonCleaned/0028sandslash/poke_capture_0028_000_mf_n_00000000_f_r.png,/content/drive/MyDrive/612 data/PokeSpriteCleaned/0028sandslash/sandslash alola_shiny.png,mapped,variant-index
/content/drive/MyDrive/612 data/ProjectPokemonCleaned/0028sandslash/poke_capture_0028_001_mf_n_00000000_f_n.png,/content/drive/MyDrive/612 data/PokeSpriteCleaned/0028sandslash/sandslash.png,mapped,variant-index
/content/drive/MyDrive/612 data/ProjectPokemonCleaned/0028sandslash/poke_capture_0028_001_mf_n_00000000_f_r.png,/content/drive/MyDrive/612 data/PokeSpriteCleaned/0028sandslash/sandslash_shiny.png,mapped,variant-index
/content/drive/MyDrive/612 data/ProjectPokemonCleaned/0029nidoran-f/poke_capture_0029_000_fo_n_00000000_f_n.png,/content/drive/MyDrive/612 data/PokeSpriteCleaned/0029nidoran-f/nidoran-f.png,mapped,variant-index
/content/drive/MyDrive/612 data/ProjectPokemonCleaned/0029nidoran-f/poke_capture_0029_000_fo_n_00000000_f_r.png,/content/drive/MyDrive/612 data/PokeSpriteCleaned/0029nidoran-f/nidoran-f_shiny.png,mapped,variant-index
/content/drive/MyDrive/612 data/ProjectPokemonCleaned/0030nidorina/poke_capture_0030_000_fo_n_00000000_f_n.png,/content/drive/MyDrive/612 data/PokeSpriteCleaned/0030nidorina/nidorina.png,mapped,variant-index
/content/drive/MyDrive/612 data/ProjectPokemonCleaned/0030nidorina/poke_capture_0030_000_fo_n_00000000_f_r.png,/content/drive/MyDrive/612 data/PokeSpriteCleaned/0030nidorina/nidorina_shiny.png,mapped,variant-index
/content/drive/MyDrive/612 data/ProjectPokemonCleaned/0031nidoqueen/poke_capture_0031_000_fo_n_00000000_f_n.png,/content/drive/MyDrive/612 data/PokeSpriteCleaned/0031nidoqueen/nidoqueen.png,mapped,variant-index
/content/drive/MyDrive/612 data/ProjectPokemonCleaned/0031nidoqueen/poke_capture_0031_000_fo_n_00000000_f_r.png,/content/drive/MyDrive/612 data/PokeSpriteCleaned/0031nidoqueen/nidoqueen_shiny.png,mapped,variant-index
/content/drive/MyDrive/612 data/ProjectPokemonCleaned/0032nidoran-m/poke_capture_0032_000_mo_n_00000000_f_n.png,/content/drive/MyDrive/612 data/PokeSpriteCleaned/0032nidoran-m/nidoran-m.png,mapped,variant-index
/content/drive/MyDrive/612 data/ProjectPokemonCleaned/0032nidoran-m/poke_capture_0032_000_mo_n_00000000_f_r.png,/content/drive/MyDrive/612 data/PokeSpriteCleaned/0032nidoran-m/nidoran-m_shiny.png,mapped,variant-index
/content/drive/MyDrive/612 data/ProjectPokemonCleaned/0033nidorino/poke_capture_0033_000_mo_n_00000000_f_n.png,/content/drive/MyDrive/612 data/PokeSpriteCleaned/0033nidorino/nidorino.png,mapped,variant-index
/content/drive/MyDrive/612 data/ProjectPokemonCleaned/0033nidorino/poke_capture_0033_000_mo_n_00000000_f_r.png,/content/drive/MyDrive/612 data/PokeSpriteCleaned/0033nidorino/nidorino_shiny.png,mapped,variant-index
/content/drive/MyDrive/612 data/ProjectPokemonCleaned/0034nidoking/poke_capture_0034_000_mo_n_00000000_f_n.png,/content/drive/MyDrive/612 data/PokeSpriteCleaned/0034nidoking/nidoking.png,mapped,variant-index
/content/drive/MyDrive/612 data/ProjectPokemonCleaned/0034nidoking/poke_capture_0034_000_mo_n_00000000_f_r.png,/content/drive/MyDrive/612 data/PokeSpriteCleaned/0034nidoking/nidoking_shiny.png,mapped,variant-index
/content/drive/MyDrive/612 data/ProjectPokemonCleaned/0035clefairy/poke_capture_0035_000_mf_n_00000000_f_n.png,/content/drive/MyDrive/612 data/PokeSpriteCleaned/0035clefairy/clefairy.png,mapped,variant-index
/content/drive/MyDrive/612 data/ProjectPokemonCleaned/0035clefairy/poke_capture_0035_000_mf_n_00000000_f_r.png,/content/drive/MyDrive/612 data/PokeSpriteCleaned/0035clefairy/clefairy_shiny.png,mapped,variant-index
/content/drive/MyDrive/612 data/ProjectPokemonCleaned/0036clefable/poke_capture_0036_000_mf_n_00000000_f_n.png,/content/drive/MyDrive/612 data/PokeSpriteCleaned/0036clefable/clefable.png,mapped,variant-index
/content/drive/MyDrive/612 data/ProjectPokemonCleaned/0036clefable/poke_capture_0036_000_mf_n_00000000_f_r.png,/content/drive/MyDrive/612 data/PokeSpriteCleaned/0036clefable/clefable_shiny.png,mapped,variant-index
/content/drive/MyDrive/612 data/ProjectPokemonCleaned/0037vulpix/poke_capture_0037_000_mf_n_00000000_f_n.png,/content/drive/MyDrive/612 data/PokeSpriteCleaned/0037vulpix/vulpix alola.png,mapped,variant-index
/content/drive/MyDrive/612 data/ProjectPokemonCleaned/0037vulpix/poke_capture_0037_000_mf_n_00000000_f_r.png,/content/drive/MyDrive/612 data/PokeSpriteCleaned/0037vulpix/vulpix alola_shiny.png,mapped,variant-index
/content/drive/MyDrive/612 data/ProjectPokemonCleaned/0037vulpix/poke_capture_0037_001_mf_n_00000000_f_n.png,/content/drive/MyDrive/612 data/PokeSpriteCleaned/0037vulpix/vulpix.png,mapped,variant-index
/content/drive/MyDrive/612 data/ProjectPokemonCleaned/0037vulpix/poke_capture_0037_001_mf_n_00000000_f_r.png,/content/drive/MyDrive/612 data/PokeSpriteCleaned/0037vulpix/vulpix_shiny.png,mapped,variant-index
/content/drive/MyDrive/612 data/ProjectPokemonCleaned/0038ninetales/poke_capture_0038_000_mf_n_00000000_f_n.png,/content/drive/MyDrive/612 data/PokeSpriteCleaned/0038ninetales/ninetales alola.png,mapped,variant-index
/content/drive/MyDrive/612 data/ProjectPokemonCleaned/0038ninetales/poke_capture_0038_000_mf_n_00000000_f_r.png,/content/drive/MyDrive/612 data/PokeSpriteCleaned/0038ninetales/ninetales alola_shiny.png,mapped,variant-index
/content/drive/MyDrive/612 data/ProjectPokemonCleaned/0038ninetales/poke_capture_0038_001_mf_n_00000000_f_n.png,/content/drive/MyDrive/612 data/PokeSpriteCleaned/0038ninetales/ninetales.png,mapped,variant-index
/content/drive/MyDrive/612 data/ProjectPokemonCleaned/0038ninetales/poke_capture_0038_001_mf_n_00000000_f_r.png,/content/drive/MyDrive/612 data/PokeSpriteCleaned/0038ninetales/ninetales_shiny.png,mapped,variant-index
/content/drive/MyDrive/612 data/ProjectPokemonCleaned/0039jigglypuff/poke_capture_0039_000_mf_n_00000000_f_n.png,/content/drive/MyDrive/612 data/PokeSpriteCleaned/0039jigglypuff/jigglypuff.png,mapped,variant-index
/content/drive/MyDrive/612 data/ProjectPokemonCleaned/0039jigglypuff/poke_capture_0039_000_mf_n_00000000_f_r.png,/content/drive/MyDrive/612 data/PokeSpriteCleaned/0039jigglypuff/jigglypuff_shiny.png,mapped,variant-index
/content/drive/MyDrive/612 data/ProjectPokemonCleaned/0040wigglytuff/poke_capture_0040_000_mf_n_00000000_f_n.png,/content/drive/MyDrive/612 data/PokeSpriteCleaned/0040wigglytuff/wigglytuff.png,mapped,variant-index
/content/drive/MyDrive/612 data/ProjectPokemonCleaned/0040wigglytuff/poke_capture_0040_000_mf_n_00000000_f_r.png,/content/drive/MyDrive/612 data/PokeSpriteCleaned/0040wigglytuff/wigglytuff_shiny.png,mapped,variant-index
/content/drive/MyDrive/612 data/ProjectPokemonCleaned/0041zubat/poke_capture_0041_000_fd_n_00000000_f_n.png,/content/drive/MyDrive/612 data/PokeSpriteCleaned/0041zubat/zubat.png,mapped,variant-index
/content/drive/MyDrive/612 data/ProjectPokemonCleaned/0041zubat/poke_capture_0041_000_fd_n_00000000_f_r.png,/content/drive/MyDrive/612 data/PokeSpriteCleaned/0041zubat/zubat_shiny.png,mapped,variant-index
/content/drive/MyDrive/612 data/ProjectPokemonCleaned/0041zubat/poke_capture_0041_000_md_n_00000000_f_n.png,/content/drive/MyDrive/612 data/PokeSpriteCleaned/0041zubat/zubat.png,mapped,variant-index
/content/drive/MyDrive/612 data/ProjectPokemonCleaned/0041zubat/poke_capture_0041_000_md_n_00000000_f_r.png,/content/drive/MyDrive/612 data/PokeSpriteCleaned/0041zubat/zubat_shiny.png,mapped,variant-index
/content/drive/MyDrive/612 data/ProjectPokemonCleaned/0042golbat/poke_capture_0042_000_fd_n_00000000_f_n.png,/content/drive/MyDrive/612 data/PokeSpriteCleaned/0042golbat/golbat.png,mapped,variant-index
/content/drive/MyDrive/612 data/ProjectPokemonCleaned/0042golbat/poke_capture_0042_000_fd_n_00000000_f_r.png,/content/drive/MyDrive/612 data/PokeSpriteCleaned/0042golbat/golbat_shiny.png,mapped,variant-index
/content/drive/MyDrive/612 data/ProjectPokemonCleaned/0042golbat/poke_capture_0042_000_md_n_00000000_f_n.png,/content/drive/MyDrive/612 data/PokeSpriteCleaned/0042golbat/golbat.png,mapped,variant-index
/content/drive/MyDrive/612 data/ProjectPokemonCleaned/0042golbat/poke_capture_0042_000_md_n_00000000_f_r.png,/content/drive/MyDrive/612 data/PokeSpriteCleaned/0042golbat/golbat_shiny.png,mapped,variant-index
/content/drive/MyDrive/612 data/ProjectPokemonCleaned/0043oddish/poke_capture_0043_000_mf_n_00000000_f_n.png,/content/drive/MyDrive/612 data/PokeSpriteCleaned/0043oddish/oddish.png,mapped,variant-index
/content/drive/MyDrive/612 data/ProjectPokemonCleaned/0043oddish/poke_capture_0043_000_mf_n_00000000_f_r.png,/content/drive/MyDrive/612 data/PokeSpriteCleaned/0043oddish/oddish_shiny.png,mapped,variant-index
/content/drive/MyDrive/612 data/ProjectPokemonCleaned/0044gloom/poke_capture_0044_000_fd_n_00000000_f_n.png,/content/drive/MyDrive/612 data/PokeSpriteCleaned/0044gloom/gloom.png,mapped,variant-index
/content/drive/MyDrive/612 data/ProjectPokemonCleaned/0044gloom/poke_capture_0044_000_fd_n_00000000_f_r.png,/content/drive/MyDrive/612 data/PokeSpriteCleaned/0044gloom/gloom_shiny.png,mapped,variant-index
/content/drive/MyDrive/612 data/ProjectPokemonCleaned/0044gloom/poke_capture_0044_000_md_n_00000000_f_n.png,/content/drive/MyDrive/612 data/PokeSpriteCleaned/0044gloom/gloom.png,mapped,variant-index
/content/drive/MyDrive/612 data/ProjectPokemonCleaned/0044gloom/poke_capture_0044_000_md_n_00000000_f_r.png,/content/drive/MyDrive/612 data/PokeSpriteCleaned/0044gloom/gloom_shiny.png,mapped,variant-index
/content/drive/MyDrive/612 data/ProjectPokemonCleaned/0045vileplume/poke_capture_0045_000_fd_n_00000000_f_n.png,/content/drive/MyDrive/612 data/PokeSpriteCleaned/0045vileplume/vileplume.png,mapped,variant-index
/content/drive/MyDrive/612 data/ProjectPokemonCleaned/0045vileplume/poke_capture_0045_000_fd_n_00000000_f_r.png,/content/drive/MyDrive/612 data/PokeSpriteCleaned/0045vileplume/vileplume_shiny.png,mapped,variant-index
/content/drive/MyDrive/612 data/ProjectPokemonCleaned/0045vileplume/poke_capture_0045_000_md_n_00000000_f_n.png,/content/drive/MyDrive/612 data/PokeSpriteCleaned/0045vileplume/vileplume.png,mapped,variant-index
/content/drive/MyDrive/612 data/ProjectPokemonCleaned/0045vileplume/poke_capture_0045_000_md_n_00000000_f_r.png,/content/drive/MyDrive/612 data/PokeSpriteCleaned/0045vileplume/vileplume_shiny.png,mapped,variant-index
/content/drive/MyDrive/612 data/ProjectPokemonCleaned/0046paras/poke_capture_0046_000_mf_n_00000000_f_n.png,/content/drive/MyDrive/612 data/PokeSpriteCleaned/0046paras/paras.png,mapped,variant-index
/content/drive/MyDrive/612 data/ProjectPokemonCleaned/0046paras/poke_capture_0046_000_mf_n_00000000_f_r.png,/content/drive/MyDrive/612 data/PokeSpriteCleaned/0046paras/paras_shiny.png,mapped,variant-index
/content/drive/MyDrive/612 data/ProjectPokemonCleaned/0047parasect/poke_capture_0047_000_mf_n_00000000_f_n.png,/content/drive/MyDrive/612 data/PokeSpriteCleaned/0047parasect/parasect.png,mapped,variant-index
/content/drive/MyDrive/612 data/ProjectPokemonCleaned/0047parasect/poke_capture_0047_000_mf_n_00000000_f_r.png,/content/drive/MyDrive/612 data/PokeSpriteCleaned/0047parasect/parasect_shiny.png,mapped,variant-index
/content/drive/MyDrive/612 data/ProjectPokemonCleaned/0048venonat/poke_capture_0048_000_mf_n_00000000_f_n.png,/content/drive/MyDrive/612 data/PokeSpriteCleaned/0048venonat/venonat.png,mapped,variant-index
/content/drive/MyDrive/612 data/ProjectPokemonCleaned/0048venonat/poke_capture_0048_000_mf_n_00000000_f_r.png,/content/drive/MyDrive/612 data/PokeSpriteCleaned/0048venonat/venonat_shiny.png,mapped,variant-index
/content/drive/MyDrive/612 data/ProjectPokemonCleaned/0049venomoth/poke_capture_0049_000_mf_n_00000000_f_n.png,/content/drive/MyDrive/612 data/PokeSpriteCleaned/0049venomoth/venomoth.png,mapped,variant-index
/content/drive/MyDrive/612 data/ProjectPokemonCleaned/0049venomoth/poke_capture_0049_000_mf_n_00000000_f_r.png,/content/drive/MyDrive/612 data/PokeSpriteCleaned/0049venomoth/venomoth_shiny.png,mapped,variant-index
/content/drive/MyDrive/612 data/ProjectPokemonCleaned/0050diglett/poke_capture_0050_000_mf_n_00000000_f_n.png,/content/drive/MyDrive/612 data/PokeSpriteCleaned/0050diglett/diglett alola.png,mapped,variant-index
/content/drive/MyDrive/612 data/ProjectPokemonCleaned/0050diglett/poke_capture_0050_000_mf_n_00000000_f_r.png,/content/drive/MyDrive/612 data/PokeSpriteCleaned/0050diglett/diglett alola_shiny.png,mapped,variant-index
/content/drive/MyDrive/612 data/ProjectPokemonCleaned/0050diglett/poke_capture_0050_001_mf_n_00000000_f_n.png,/content/drive/MyDrive/612 data/PokeSpriteCleaned/0050diglett/diglett.png,mapped,variant-index
/content/drive/MyDrive/612 data/ProjectPokemonCleaned/0050diglett/poke_capture_0050_001_mf_n_00000000_f_r.png,/content/drive/MyDrive/612 data/PokeSpriteCleaned/0050diglett/diglett_shiny.png,mapped,variant-index
/content/drive/MyDrive/612 data/ProjectPokemonCleaned/0051dugtrio/poke_capture_0051_000_mf_n_00000000_f_n.png,/content/drive/MyDrive/612 data/PokeSpriteCleaned/0051dugtrio/dugtrio alola.png,mapped,variant-index
/content/drive/MyDrive/612 data/ProjectPokemonCleaned/0051dugtrio/poke_capture_0051_000_mf_n_00000000_f_r.png,/content/drive/MyDrive/612 data/PokeSpriteCleaned/0051dugtrio/dugtrio alola_shiny.png,mapped,variant-index
/content/drive/MyDrive/612 data/ProjectPokemonCleaned/0051dugtrio/poke_capture_0051_001_mf_n_00000000_f_n.png,/content/drive/MyDrive/612 data/PokeSpriteCleaned/0051dugtrio/dugtrio.png,mapped,variant-index
/content/drive/MyDrive/612 data/ProjectPokemonCleaned/0051dugtrio/poke_capture_0051_001_mf_n_00000000_f_r.png,/content/drive/MyDrive/612 data/PokeSpriteCleaned/0051dugtrio/dugtrio_shiny.png,mapped,variant-index
/content/drive/MyDrive/612 data/ProjectPokemonCleaned/0052meowth/poke_capture_0052_000_mf_g_00000000_f_n.png,/content/drive/MyDrive/612 data/PokeSpriteCleaned/0052meowth/meowth-gmax.png,mapped,gmax-direct
/content/drive/MyDrive/612 data/ProjectPokemonCleaned/0052meowth/poke_capture_0052_000_mf_g_00000000_f_r.png,/content/drive/MyDrive/612 data/PokeSpriteCleaned/0052meowth/meowth-gmax_shiny.png,mapped,gmax-direct
/content/drive/MyDrive/612 data/ProjectPokemonCleaned/0052meowth/poke_capture_0052_000_mf_n_00000000_f_n.png,/content/drive/MyDrive/612 data/PokeSpriteCleaned/0052meowth/meowth alola.png,mapped,variant-index
/content/drive/MyDrive/612 data/ProjectPokemonCleaned/0052meowth/poke_capture_0052_000_mf_n_00000000_f_r.png,/content/drive/MyDrive/612 data/PokeSpriteCleaned/0052meowth/meowth alola_shiny.png,mapped,variant-index
/content/drive/MyDrive/612 data/ProjectPokemonCleaned/0052meowth/poke_capture_0052_001_mf_n_00000000_f_n.png,/content/drive/MyDrive/612 data/PokeSpriteCleaned/0052meowth/meowth galar.png,mapped,variant-index
/content/drive/MyDrive/612 data/ProjectPokemonCleaned/0052meowth/poke_capture_0052_001_mf_n_00000000_f_r.png,/content/drive/MyDrive/612 data/PokeSpriteCleaned/0052meowth/meowth galar_shiny.png,mapped,variant-index
/content/drive/MyDrive/612 data/ProjectPokemonCleaned/0052meowth/poke_capture_0052_002_mf_n_00000000_f_n.png,/content/drive/MyDrive/612 data/PokeSpriteCleaned/0052meowth/meowth.png,mapped,variant-index
/content/drive/MyDrive/612 data/ProjectPokemonCleaned/0052meowth/poke_capture_0052_002_mf_n_00000000_f_r.png,/content/drive/MyDrive/612 data/PokeSpriteCleaned/0052meowth/meowth_shiny.png,mapped,variant-index
/content/drive/MyDrive/612 data/ProjectPokemonCleaned/0053persian/poke_capture_0053_000_mf_n_00000000_f_n.png,/content/drive/MyDrive/612 data/PokeSpriteCleaned/0053persian/persian alola.png,mapped,variant-index
/content/drive/MyDrive/612 data/ProjectPokemonCleaned/0053persian/poke_capture_0053_000_mf_n_00000000_f_r.png,/content/drive/MyDrive/612 data/PokeSpriteCleaned/0053persian/persian alola_shiny.png,mapped,variant-index
/content/drive/MyDrive/612 data/ProjectPokemonCleaned/0053persian/poke_capture_0053_001_mf_n_00000000_f_n.png,/content/drive/MyDrive/612 data/PokeSpriteCleaned/0053persian/persian.png,mapped,variant-index
/content/drive/MyDrive/612 data/ProjectPokemonCleaned/0053persian/poke_capture_0053_001_mf_n_00000000_f_r.png,/content/drive/MyDrive/612 data/PokeSpriteCleaned/0053persian/persian_shiny.png,mapped,variant-index
/content/drive/MyDrive/612 data/ProjectPokemonCleaned/0054psyduck/poke_capture_0054_000_mf_n_00000000_f_n.png,/content/drive/MyDrive/612 data/PokeSpriteCleaned/0054psyduck/psyduck.png,mapped,variant-index
/content/drive/MyDrive/612 data/ProjectPokemonCleaned/0054psyduck/poke_capture_0054_000_mf_n_00000000_f_r.png,/content/drive/MyDrive/612 data/PokeSpriteCleaned/0054psyduck/psyduck_shiny.png,mapped,variant-index
/content/drive/MyDrive/612 data/ProjectPokemonCleaned/0055golduck/poke_capture_0055_000_mf_n_00000000_f_n.png,/content/drive/MyDrive/612 data/PokeSpriteCleaned/0055golduck/golduck.png,mapped,variant-index
/content/drive/MyDrive/612 data/ProjectPokemonCleaned/0055golduck/poke_capture_0055_000_mf_n_00000000_f_r.png,/content/drive/MyDrive/612 data/PokeSpriteCleaned/0055golduck/golduck_shiny.png,mapped,variant-index
/content/drive/MyDrive/612 data/ProjectPokemonCleaned/0056mankey/poke_capture_0056_000_mf_n_00000000_f_n.png,/content/drive/MyDrive/612 data/PokeSpriteCleaned/0056mankey/mankey.png,mapped,variant-index
/content/drive/MyDrive/612 data/ProjectPokemonCleaned/0056mankey/poke_capture_0056_000_mf_n_00000000_f_r.png,/content/drive/MyDrive/612 data/PokeSpriteCleaned/0056mankey/mankey_shiny.png,mapped,variant-index
/content/drive/MyDrive/612 data/ProjectPokemonCleaned/0057primeape/poke_capture_0057_000_mf_n_00000000_f_n.png,/content/drive/MyDrive/612 data/PokeSpriteCleaned/0057primeape/primeape.png,mapped,variant-index
/content/drive/MyDrive/612 data/ProjectPokemonCleaned/0057primeape/poke_capture_0057_000_mf_n_00000000_f_r.png,/content/drive/MyDrive/612 data/PokeSpriteCleaned/0057primeape/primeape_shiny.png,mapped,variant-index
/content/drive/MyDrive/612 data/ProjectPokemonCleaned/0058growlithe/poke_capture_0058_000_mf_n_00000000_f_n.png,/content/drive/MyDrive/612 data/PokeSpriteCleaned/0058growlithe/growlithe hisui.png,mapped,variant-index
/content/drive/MyDrive/612 data/ProjectPokemonCleaned/0058growlithe/poke_capture_0058_000_mf_n_00000000_f_r.png,/content/drive/MyDrive/612 data/PokeSpriteCleaned/0058growlithe/growlithe hisui_shiny.png,mapped,variant-index
/content/drive/MyDrive/612 data/ProjectPokemonCleaned/0059arcanine/poke_capture_0059_000_mf_n_00000000_f_n.png,/content/drive/MyDrive/612 data/PokeSpriteCleaned/0059arcanine/arcanine hisui noble.png,mapped,variant-index
/content/drive/MyDrive/612 data/ProjectPokemonCleaned/0059arcanine/poke_capture_0059_000_mf_n_00000000_f_r.png,/content/drive/MyDrive/612 data/PokeSpriteCleaned/0059arcanine/arcanine hisui noble_shiny.png,mapped,variant-index
/content/drive/MyDrive/612 data/ProjectPokemonCleaned/0060poliwag/poke_capture_0060_000_mf_n_00000000_f_n.png,/content/drive/MyDrive/612 data/PokeSpriteCleaned/0060poliwag/poliwag.png,mapped,variant-index
/content/drive/MyDrive/612 data/ProjectPokemonCleaned/0060poliwag/poke_capture_0060_000_mf_n_00000000_f_r.png,/content/drive/MyDrive/612 data/PokeSpriteCleaned/0060poliwag/poliwag_shiny.png,mapped,variant-index
/content/drive/MyDrive/612 data/ProjectPokemonCleaned/0061poliwhirl/poke_capture_0061_000_mf_n_00000000_f_n.png,/content/drive/MyDrive/612 data/PokeSpriteCleaned/0061poliwhirl/poliwhirl.png,mapped,variant-index
/content/drive/MyDrive/612 data/ProjectPokemonCleaned/0061poliwhirl/poke_capture_0061_000_mf_n_00000000_f_r.png,/content/drive/MyDrive/612 data/PokeSpriteCleaned/0061poliwhirl/poliwhirl_shiny.png,mapped,variant-index
/content/drive/MyDrive/612 data/ProjectPokemonCleaned/0062poliwrath/poke_capture_0062_000_mf_n_00000000_f_n.png,/content/drive/MyDrive/612 data/PokeSpriteCleaned/0062poliwrath/poliwrath.png,mapped,variant-index
/content/drive/MyDrive/612 data/ProjectPokemonCleaned/0062poliwrath/poke_capture_0062_000_mf_n_00000000_f_r.png,/content/drive/MyDrive/612 data/PokeSpriteCleaned/0062poliwrath/poliwrath_shiny.png,mapped,variant-index
/content/drive/MyDrive/612 data/ProjectPokemonCleaned/0063abra/poke_capture_0063_000_mf_n_00000000_f_n.png,/content/drive/MyDrive/612 data/PokeSpriteCleaned/0063abra/abra.png,mapped,variant-index
/content/drive/MyDrive/612 data/ProjectPokemonCleaned/0063abra/poke_capture_0063_000_mf_n_00000000_f_r.png,/content/drive/MyDrive/612 data/PokeSpriteCleaned/0063abra/abra_shiny.png,mapped,variant-index
/content/drive/MyDrive/612 data/ProjectPokemonCleaned/0064kadabra/poke_capture_0064_000_fd_n_00000000_f_n.png,/content/drive/MyDrive/612 data/PokeSpriteCleaned/0064kadabra/kadabra.png,mapped,variant-index
/content/drive/MyDrive/612 data/ProjectPokemonCleaned/0064kadabra/poke_capture_0064_000_fd_n_00000000_f_r.png,/content/drive/MyDrive/612 data/PokeSpriteCleaned/0064kadabra/kadabra_shiny.png,mapped,variant-index
/content/drive/MyDrive/612 data/ProjectPokemonCleaned/0064kadabra/poke_capture_0064_000_md_n_00000000_f_n.png,/content/drive/MyDrive/612 data/PokeSpriteCleaned/0064kadabra/kadabra.png,mapped,variant-index
/content/drive/MyDrive/612 data/ProjectPokemonCleaned/0064kadabra/poke_capture_0064_000_md_n_00000000_f_r.png,/content/drive/MyDrive/612 data/PokeSpriteCleaned/0064kadabra/kadabra_shiny.png,mapped,variant-index
/content/drive/MyDrive/612 data/ProjectPokemonCleaned/0065alakazam/poke_capture_0065_000_fd_n_00000000_f_n.png,/content/drive/MyDrive/612 data/PokeSpriteCleaned/0065alakazam/alakazam.png,mapped,variant-index
/content/drive/MyDrive/612 data/ProjectPokemonCleaned/0065alakazam/poke_capture_0065_000_fd_n_00000000_f_r.png,/content/drive/MyDrive/612 data/PokeSpriteCleaned/0065alakazam/alakazam_shiny.png,mapped,variant-index
/content/drive/MyDrive/612 data/ProjectPokemonCleaned/0065alakazam/poke_capture_0065_000_md_n_00000000_f_n.png,/content/drive/MyDrive/612 data/PokeSpriteCleaned/0065alakazam/alakazam.png,mapped,variant-index
/content/drive/MyDrive/612 data/ProjectPokemonCleaned/0065alakazam/poke_capture_0065_000_md_n_00000000_f_r.png,/content/drive/MyDrive/612 data/PokeSpriteCleaned/0065alakazam/alakazam_shiny.png,mapped,variant-index
/content/drive/MyDrive/612 data/ProjectPokemonCleaned/0065alakazam/poke_capture_0065_001_mf_n_00000000_f_n.png,/content/drive/MyDrive/612 data/PokeSpriteCleaned/0065alakazam/alakazam-mega.png,mapped,variant-index
/content/drive/MyDrive/612 data/ProjectPokemonCleaned/0065alakazam/poke_capture_0065_001_mf_n_00000000_f_r.png,/content/drive/MyDrive/612 data/PokeSpriteCleaned/0065alakazam/alakazam-mega_shiny.png,mapped,variant-index
/content/drive/MyDrive/612 data/ProjectPokemonCleaned/0066machop/poke_capture_0066_000_mf_n_00000000_f_n.png,/content/drive/MyDrive/612 data/PokeSpriteCleaned/0066machop/machop.png,mapped,variant-index
/content/drive/MyDrive/612 data/ProjectPokemonCleaned/0066machop/poke_capture_0066_000_mf_n_00000000_f_r.png,/content/drive/MyDrive/612 data/PokeSpriteCleaned/0066machop/machop_shiny.png,mapped,variant-index
/content/drive/MyDrive/612 data/ProjectPokemonCleaned/0067machoke/poke_capture_0067_000_mf_n_00000000_f_n.png,/content/drive/MyDrive/612 data/PokeSpriteCleaned/0067machoke/machoke.png,mapped,variant-index
/content/drive/MyDrive/612 data/ProjectPokemonCleaned/0067machoke/poke_capture_0067_000_mf_n_00000000_f_r.png,/content/drive/MyDrive/612 data/PokeSpriteCleaned/0067machoke/machoke_shiny.png,mapped,variant-index
/content/drive/MyDrive/612 data/ProjectPokemonCleaned/0068machamp/poke_capture_0068_000_mf_g_00000000_f_n.png,/content/drive/MyDrive/612 data/PokeSpriteCleaned/0068machamp/machamp-gmax.png,mapped,gmax-direct
/content/drive/MyDrive/612 data/ProjectPokemonCleaned/0068machamp/poke_capture_0068_000_mf_g_00000000_f_r.png,/content/drive/MyDrive/612 data/PokeSpriteCleaned/0068machamp/machamp-gmax_shiny.png,mapped,gmax-direct
/content/drive/MyDrive/612 data/ProjectPokemonCleaned/0068machamp/poke_capture_0068_000_mf_n_00000000_f_n.png,/content/drive/MyDrive/612 data/PokeSpriteCleaned/0068machamp/machamp.png,mapped,variant-index
/content/drive/MyDrive/612 data/ProjectPokemonCleaned/0068machamp/poke_capture_0068_000_mf_n_00000000_f_r.png,/content/drive/MyDrive/612 data/PokeSpriteCleaned/0068machamp/machamp_shiny.png,mapped,variant-index
/content/drive/MyDrive/612 data/ProjectPokemonCleaned/0069bellsprout/poke_capture_0069_000_mf_n_00000000_f_n.png,/content/drive/MyDrive/612 data/PokeSpriteCleaned/0069bellsprout/bellsprout.png,mapped,variant-index
/content/drive/MyDrive/612 data/ProjectPokemonCleaned/0069bellsprout/poke_capture_0069_000_mf_n_00000000_f_r.png,/content/drive/MyDrive/612 data/PokeSpriteCleaned/0069bellsprout/bellsprout_shiny.png,mapped,variant-index
/content/drive/MyDrive/612 data/ProjectPokemonCleaned/0070weepinbell/poke_capture_0070_000_mf_n_00000000_f_n.png,/content/drive/MyDrive/612 data/PokeSpriteCleaned/0070weepinbell/weepinbell.png,mapped,variant-index
/content/drive/MyDrive/612 data/ProjectPokemonCleaned/0070weepinbell/poke_capture_0070_000_mf_n_00000000_f_r.png,/content/drive/MyDrive/612 data/PokeSpriteCleaned/0070weepinbell/weepinbell_shiny.png,mapped,variant-index
/content/drive/MyDrive/612 data/ProjectPokemonCleaned/0071victreebel/poke_capture_0071_000_mf_n_00000000_f_n.png,/content/drive/MyDrive/612 data/PokeSpriteCleaned/0071victreebel/victreebel.png,mapped,variant-index
/content/drive/MyDrive/612 data/ProjectPokemonCleaned/0071victreebel/poke_capture_0071_000_mf_n_00000000_f_r.png,/content/drive/MyDrive/612 data/PokeSpriteCleaned/0071victreebel/victreebel_shiny.png,mapped,variant-index
/content/drive/MyDrive/612 data/ProjectPokemonCleaned/0072tentacool/poke_capture_0072_000_mf_n_00000000_f_n.png,/content/drive/MyDrive/612 data/PokeSpriteCleaned/0072tentacool/tentacool.png,mapped,variant-index
/content/drive/MyDrive/612 data/ProjectPokemonCleaned/0072tentacool/poke_capture_0072_000_mf_n_00000000_f_r.png,/content/drive/MyDrive/612 data/PokeSpriteCleaned/0072tentacool/tentacool_shiny.png,mapped,variant-index
/content/drive/MyDrive/612 data/ProjectPokemonCleaned/0073tentacruel/poke_capture_0073_000_mf_n_00000000_f_n.png,/content/drive/MyDrive/612 data/PokeSpriteCleaned/0073tentacruel/tentacruel.png,mapped,variant-index
/content/drive/MyDrive/612 data/ProjectPokemonCleaned/0073tentacruel/poke_capture_0073_000_mf_n_00000000_f_r.png,/content/drive/MyDrive/612 data/PokeSpriteCleaned/0073tentacruel/tentacruel_shiny.png,mapped,variant-index
/content/drive/MyDrive/612 data/ProjectPokemonCleaned/0074geodude/poke_capture_0074_000_mf_n_00000000_f_n.png,/content/drive/MyDrive/612 data/PokeSpriteCleaned/0074geodude/geodude alola.png,mapped,variant-index
/content/drive/MyDrive/612 data/ProjectPokemonCleaned/0074geodude/poke_capture_0074_000_mf_n_00000000_f_r.png,/content/drive/MyDrive/612 data/PokeSpriteCleaned/0074geodude/geodude alola_shiny.png,mapped,variant-index
/content/drive/MyDrive/612 data/ProjectPokemonCleaned/0074geodude/poke_capture_0074_001_mf_n_00000000_f_n.png,/content/drive/MyDrive/612 data/PokeSpriteCleaned/0074geodude/geodude.png,mapped,variant-index
/content/drive/MyDrive/612 data/ProjectPokemonCleaned/0074geodude/poke_capture_0074_001_mf_n_00000000_f_r.png,/content/drive/MyDrive/612 data/PokeSpriteCleaned/0074geodude/geodude_shiny.png,mapped,variant-index
/content/drive/MyDrive/612 data/ProjectPokemonCleaned/0075graveler/poke_capture_0075_000_mf_n_00000000_f_n.png,/content/drive/MyDrive/612 data/PokeSpriteCleaned/0075graveler/graveler alola.png,mapped,variant-index
/content/drive/MyDrive/612 data/ProjectPokemonCleaned/0075graveler/poke_capture_0075_000_mf_n_00000000_f_r.png,/content/drive/MyDrive/612 data/PokeSpriteCleaned/0075graveler/graveler alola_shiny.png,mapped,variant-index
/content/drive/MyDrive/612 data/ProjectPokemonCleaned/0075graveler/poke_capture_0075_001_mf_n_00000000_f_n.png,/content/drive/MyDrive/612 data/PokeSpriteCleaned/0075graveler/graveler.png,mapped,variant-index
/content/drive/MyDrive/612 data/ProjectPokemonCleaned/0075graveler/poke_capture_0075_001_mf_n_00000000_f_r.png,/content/drive/MyDrive/612 data/PokeSpriteCleaned/0075graveler/graveler_shiny.png,mapped,variant-index
/content/drive/MyDrive/612 data/ProjectPokemonCleaned/0076golem/poke_capture_0076_000_mf_n_00000000_f_n.png,/content/drive/MyDrive/612 data/PokeSpriteCleaned/0076golem/golem alola.png,mapped,variant-index
/content/drive/MyDrive/612 data/ProjectPokemonCleaned/0076golem/poke_capture_0076_000_mf_n_00000000_f_r.png,/content/drive/MyDrive/612 data/PokeSpriteCleaned/0076golem/golem alola_shiny.png,mapped,variant-index
/content/drive/MyDrive/612 data/ProjectPokemonCleaned/0076golem/poke_capture_0076_001_mf_n_00000000_f_n.png,/content/drive/MyDrive/612 data/PokeSpriteCleaned/0076golem/golem.png,mapped,variant-index
/content/drive/MyDrive/612 data/ProjectPokemonCleaned/0076golem/poke_capture_0076_001_mf_n_00000000_f_r.png,/content/drive/MyDrive/612 data/PokeSpriteCleaned/0076golem/golem_shiny.png,mapped,variant-index
/content/drive/MyDrive/612 data/ProjectPokemonCleaned/0077ponyta/poke_capture_0077_000_mf_n_00000000_f_n.png,/content/drive/MyDrive/612 data/PokeSpriteCleaned/0077ponyta/ponyta galar.png,mapped,variant-index
/content/drive/MyDrive/612 data/ProjectPokemonCleaned/0077ponyta/poke_capture_0077_000_mf_n_00000000_f_r.png,/content/drive/MyDrive/612 data/PokeSpriteCleaned/0077ponyta/ponyta galar_shiny.png,mapped,variant-index
/content/drive/MyDrive/612 data/ProjectPokemonCleaned/0077ponyta/poke_capture_0077_001_mf_n_00000000_f_n.png,/content/drive/MyDrive/612 data/PokeSpriteCleaned/0077ponyta/ponyta.png,mapped,variant-index
/content/drive/MyDrive/612 data/ProjectPokemonCleaned/0077ponyta/poke_capture_0077_001_mf_n_00000000_f_r.png,/content/drive/MyDrive/612 data/PokeSpriteCleaned/0077ponyta/ponyta_shiny.png,mapped,variant-index
/content/drive/MyDrive/612 data/ProjectPokemonCleaned/0078rapidash/poke_capture_0078_000_mf_n_00000000_f_n.png,/content/drive/MyDrive/612 data/PokeSpriteCleaned/0078rapidash/rapidash galar.png,mapped,variant-index
/content/drive/MyDrive/612 data/ProjectPokemonCleaned/0078rapidash/poke_capture_0078_000_mf_n_00000000_f_r.png,/content/drive/MyDrive/612 data/PokeSpriteCleaned/0078rapidash/rapidash galar_shiny.png,mapped,variant-index
/content/drive/MyDrive/612 data/ProjectPokemonCleaned/0078rapidash/poke_capture_0078_001_mf_n_00000000_f_n.png,/content/drive/MyDrive/612 data/PokeSpriteCleaned/0078rapidash/rapidash.png,mapped,variant-index
/content/drive/MyDrive/612 data/ProjectPokemonCleaned/0078rapidash/poke_capture_0078_001_mf_n_00000000_f_r.png,/content/drive/MyDrive/612 data/PokeSpriteCleaned/0078rapidash/rapidash_shiny.png,mapped,variant-index
/content/drive/MyDrive/612 data/ProjectPokemonCleaned/0079slowpoke/poke_capture_0079_000_mf_n_00000000_f_n.png,/content/drive/MyDrive/612 data/PokeSpriteCleaned/0079slowpoke/slowpoke galar.png,mapped,variant-index
/content/drive/MyDrive/612 data/ProjectPokemonCleaned/0079slowpoke/poke_capture_0079_000_mf_n_00000000_f_r.png,/content/drive/MyDrive/612 data/PokeSpriteCleaned/0079slowpoke/slowpoke galar_shiny.png,mapped,variant-index
/content/drive/MyDrive/612 data/ProjectPokemonCleaned/0079slowpoke/poke_capture_0079_001_mf_n_00000000_f_n.png,/content/drive/MyDrive/612 data/PokeSpriteCleaned/0079slowpoke/slowpoke.png,mapped,variant-index
/content/drive/MyDrive/612 data/ProjectPokemonCleaned/0079slowpoke/poke_capture_0079_001_mf_n_00000000_f_r.png,/content/drive/MyDrive/612 data/PokeSpriteCleaned/0079slowpoke/slowpoke_shiny.png,mapped,variant-index
/content/drive/MyDrive/612 data/ProjectPokemonCleaned/0080slowbro/poke_capture_0080_000_mf_n_00000000_f_n.png,/content/drive/MyDrive/612 data/PokeSpriteCleaned/0080slowbro/slowbro galar.png,mapped,variant-index
/content/drive/MyDrive/612 data/ProjectPokemonCleaned/0080slowbro/poke_capture_0080_000_mf_n_00000000_f_r.png,/content/drive/MyDrive/612 data/PokeSpriteCleaned/0080slowbro/slowbro galar_shiny.png,mapped,variant-index
/content/drive/MyDrive/612 data/ProjectPokemonCleaned/0080slowbro/poke_capture_0080_001_mf_n_00000000_f_n.png,/content/drive/MyDrive/612 data/PokeSpriteCleaned/0080slowbro/slowbro.png,mapped,variant-index
/content/drive/MyDrive/612 data/ProjectPokemonCleaned/0080slowbro/poke_capture_0080_001_mf_n_00000000_f_r.png,/content/drive/MyDrive/612 data/PokeSpriteCleaned/0080slowbro/slowbro_shiny.png,mapped,variant-index
/content/drive/MyDrive/612 data/ProjectPokemonCleaned/0080slowbro/poke_capture_0080_002_mf_n_00000000_f_n.png,/content/drive/MyDrive/612 data/PokeSpriteCleaned/0080slowbro/slowbro-mega.png,mapped,variant-index
/content/drive/MyDrive/612 data/ProjectPokemonCleaned/0080slowbro/poke_capture_0080_002_mf_n_00000000_f_r.png,/content/drive/MyDrive/612 data/PokeSpriteCleaned/0080slowbro/slowbro-mega_shiny.png,mapped,variant-index
/content/drive/MyDrive/612 data/ProjectPokemonCleaned/0081magnemite/poke_capture_0081_000_uk_n_00000000_f_n.png,/content/drive/MyDrive/612 data/PokeSpriteCleaned/0081magnemite/magnemite.png,mapped,variant-index
/content/drive/MyDrive/612 data/ProjectPokemonCleaned/0081magnemite/poke_capture_0081_000_uk_n_00000000_f_r.png,/content/drive/MyDrive/612 data/PokeSpriteCleaned/0081magnemite/magnemite_shiny.png,mapped,variant-index
/content/drive/MyDrive/612 data/ProjectPokemonCleaned/0082magneton/poke_capture_0082_000_uk_n_00000000_f_n.png,/content/drive/MyDrive/612 data/PokeSpriteCleaned/0082magneton/magneton.png,mapped,variant-index
/content/drive/MyDrive/612 data/ProjectPokemonCleaned/0082magneton/poke_capture_0082_000_uk_n_00000000_f_r.png,/content/drive/MyDrive/612 data/PokeSpriteCleaned/0082magneton/magneton_shiny.png,mapped,variant-index
/content/drive/MyDrive/612 data/ProjectPokemonCleaned/0083farfetch_d/poke_capture_0083_000_mf_n_00000000_f_n.png,/content/drive/MyDrive/612 data/PokeSpriteCleaned/0083farfetch_d/farfetch_d.png,mapped,variant-index
/content/drive/MyDrive/612 data/ProjectPokemonCleaned/0083farfetch_d/poke_capture_0083_000_mf_n_00000000_f_r.png,/content/drive/MyDrive/612 data/PokeSpriteCleaned/0083farfetch_d/farfetch_d_galar_shiny.png,mapped,variant-index
/content/drive/MyDrive/612 data/ProjectPokemonCleaned/0083farfetch_d/poke_capture_0083_001_mf_n_00000000_f_n.png,/content/drive/MyDrive/612 data/PokeSpriteCleaned/0083farfetch_d/farfetch_d_galar.png,mapped,variant-index
/content/drive/MyDrive/612 data/ProjectPokemonCleaned/0083farfetch_d/poke_capture_0083_001_mf_n_00000000_f_r.png,/content/drive/MyDrive/612 data/PokeSpriteCleaned/0083farfetch_d/farfetch_d_shiny.png,mapped,variant-index
/content/drive/MyDrive/612 data/ProjectPokemonCleaned/0084doduo/poke_capture_0084_000_fd_n_00000000_f_n.png,/content/drive/MyDrive/612 data/PokeSpriteCleaned/0084doduo/doduo.png,mapped,variant-index
/content/drive/MyDrive/612 data/ProjectPokemonCleaned/0084doduo/poke_capture_0084_000_fd_n_00000000_f_r.png,/content/drive/MyDrive/612 data/PokeSpriteCleaned/0084doduo/doduo_shiny.png,mapped,variant-index
/content/drive/MyDrive/612 data/ProjectPokemonCleaned/0084doduo/poke_capture_0084_000_md_n_00000000_f_n.png,/content/drive/MyDrive/612 data/PokeSpriteCleaned/0084doduo/doduo.png,mapped,variant-index
/content/drive/MyDrive/612 data/ProjectPokemonCleaned/0084doduo/poke_capture_0084_000_md_n_00000000_f_r.png,/content/drive/MyDrive/612 data/PokeSpriteCleaned/0084doduo/doduo_shiny.png,mapped,variant-index
/content/drive/MyDrive/612 data/ProjectPokemonCleaned/0085dodrio/poke_capture_0085_000_fd_n_00000000_f_n.png,/content/drive/MyDrive/612 data/PokeSpriteCleaned/0085dodrio/dodrio.png,mapped,variant-index
/content/drive/MyDrive/612 data/ProjectPokemonCleaned/0085dodrio/poke_capture_0085_000_fd_n_00000000_f_r.png,/content/drive/MyDrive/612 data/PokeSpriteCleaned/0085dodrio/dodrio_shiny.png,mapped,variant-index
/content/drive/MyDrive/612 data/ProjectPokemonCleaned/0085dodrio/poke_capture_0085_000_md_n_00000000_f_n.png,/content/drive/MyDrive/612 data/PokeSpriteCleaned/0085dodrio/dodrio.png,mapped,variant-index
/content/drive/MyDrive/612 data/ProjectPokemonCleaned/0085dodrio/poke_capture_0085_000_md_n_00000000_f_r.png,/content/drive/MyDrive/612 data/PokeSpriteCleaned/0085dodrio/dodrio_shiny.png,mapped,variant-index
/content/drive/MyDrive/612 data/ProjectPokemonCleaned/0086seel/poke_capture_0086_000_mf_n_00000000_f_n.png,/content/drive/MyDrive/612 data/PokeSpriteCleaned/0086seel/seel.png,mapped,variant-index
/content/drive/MyDrive/612 data/ProjectPokemonCleaned/0086seel/poke_capture_0086_000_mf_n_00000000_f_r.png,/content/drive/MyDrive/612 data/PokeSpriteCleaned/0086seel/seel_shiny.png,mapped,variant-index
/content/drive/MyDrive/612 data/ProjectPokemonCleaned/0087dewgong/poke_capture_0087_000_mf_n_00000000_f_n.png,/content/drive/MyDrive/612 data/PokeSpriteCleaned/0087dewgong/dewgong.png,mapped,variant-index
/content/drive/MyDrive/612 data/ProjectPokemonCleaned/0087dewgong/poke_capture_0087_000_mf_n_00000000_f_r.png,/content/drive/MyDrive/612 data/PokeSpriteCleaned/0087dewgong/dewgong_shiny.png,mapped,variant-index
/content/drive/MyDrive/612 data/ProjectPokemonCleaned/0088grimer/poke_capture_0088_000_mf_n_00000000_f_n.png,/content/drive/MyDrive/612 data/PokeSpriteCleaned/0088grimer/grimer alola.png,mapped,variant-index
/content/drive/MyDrive/612 data/ProjectPokemonCleaned/0088grimer/poke_capture_0088_000_mf_n_00000000_f_r.png,/content/drive/MyDrive/612 data/PokeSpriteCleaned/0088grimer/grimer alola_shiny.png,mapped,variant-index
/content/drive/MyDrive/612 data/ProjectPokemonCleaned/0088grimer/poke_capture_0088_001_mf_n_00000000_f_n.png,/content/drive/MyDrive/612 data/PokeSpriteCleaned/0088grimer/grimer.png,mapped,variant-index
/content/drive/MyDrive/612 data/ProjectPokemonCleaned/0088grimer/poke_capture_0088_001_mf_n_00000000_f_r.png,/content/drive/MyDrive/612 data/PokeSpriteCleaned/0088grimer/grimer_shiny.png,mapped,variant-index
/content/drive/MyDrive/612 data/ProjectPokemonCleaned/0089muk/poke_capture_0089_000_mf_n_00000000_f_n.png,/content/drive/MyDrive/612 data/PokeSpriteCleaned/0089muk/muk alola.png,mapped,variant-index
/content/drive/MyDrive/612 data/ProjectPokemonCleaned/0089muk/poke_capture_0089_000_mf_n_00000000_f_r.png,/content/drive/MyDrive/612 data/PokeSpriteCleaned/0089muk/muk alola_shiny.png,mapped,variant-index
/content/drive/MyDrive/612 data/ProjectPokemonCleaned/0089muk/poke_capture_0089_001_mf_n_00000000_f_n.png,/content/drive/MyDrive/612 data/PokeSpriteCleaned/0089muk/muk.png,mapped,variant-index
/content/drive/MyDrive/612 data/ProjectPokemonCleaned/0089muk/poke_capture_0089_001_mf_n_00000000_f_r.png,/content/drive/MyDrive/612 data/PokeSpriteCleaned/0089muk/muk_shiny.png,mapped,variant-index
/content/drive/MyDrive/612 data/ProjectPokemonCleaned/0090shellder/poke_capture_0090_000_mf_n_00000000_f_n.png,/content/drive/MyDrive/612 data/PokeSpriteCleaned/0090shellder/shellder.png,mapped,variant-index
/content/drive/MyDrive/612 data/ProjectPokemonCleaned/0090shellder/poke_capture_0090_000_mf_n_00000000_f_r.png,/content/drive/MyDrive/612 data/PokeSpriteCleaned/0090shellder/shellder_shiny.png,mapped,variant-index
/content/drive/MyDrive/612 data/ProjectPokemonCleaned/0091cloyster/poke_capture_0091_000_mf_n_00000000_f_n.png,/content/drive/MyDrive/612 data/PokeSpriteCleaned/0091cloyster/cloyster.png,mapped,variant-index
/content/drive/MyDrive/612 data/ProjectPokemonCleaned/0091cloyster/poke_capture_0091_000_mf_n_00000000_f_r.png,/content/drive/MyDrive/612 data/PokeSpriteCleaned/0091cloyster/cloyster_shiny.png,mapped,variant-index
/content/drive/MyDrive/612 data/ProjectPokemonCleaned/0092gastly/poke_capture_0092_000_mf_n_00000000_f_n.png,/content/drive/MyDrive/612 data/PokeSpriteCleaned/0092gastly/gastly.png,mapped,variant-index
/content/drive/MyDrive/612 data/ProjectPokemonCleaned/0092gastly/poke_capture_0092_000_mf_n_00000000_f_r.png,/content/drive/MyDrive/612 data/PokeSpriteCleaned/0092gastly/gastly_shiny.png,mapped,variant-index
/content/drive/MyDrive/612 data/ProjectPokemonCleaned/0093haunter/poke_capture_0093_000_mf_n_00000000_f_n.png,/content/drive/MyDrive/612 data/PokeSpriteCleaned/0093haunter/haunter.png,mapped,variant-index
/content/drive/MyDrive/612 data/ProjectPokemonCleaned/0093haunter/poke_capture_0093_000_mf_n_00000000_f_r.png,/content/drive/MyDrive/612 data/PokeSpriteCleaned/0093haunter/haunter_shiny.png,mapped,variant-index
/content/drive/MyDrive/612 data/ProjectPokemonCleaned/0094gengar/poke_capture_0094_000_mf_g_00000000_f_n.png,/content/drive/MyDrive/612 data/PokeSpriteCleaned/0094gengar/gengar-gmax.png,mapped,gmax-direct
/content/drive/MyDrive/612 data/ProjectPokemonCleaned/0094gengar/poke_capture_0094_000_mf_g_00000000_f_r.png,/content/drive/MyDrive/612 data/PokeSpriteCleaned/0094gengar/gengar-gmax_shiny.png,mapped,gmax-direct
/content/drive/MyDrive/612 data/ProjectPokemonCleaned/0094gengar/poke_capture_0094_000_mf_n_00000000_f_n.png,/content/drive/MyDrive/612 data/PokeSpriteCleaned/0094gengar/gengar.png,mapped,variant-index
/content/drive/MyDrive/612 data/ProjectPokemonCleaned/0094gengar/poke_capture_0094_000_mf_n_00000000_f_r.png,/content/drive/MyDrive/612 data/PokeSpriteCleaned/0094gengar/gengar_shiny.png,mapped,variant-index
/content/drive/MyDrive/612 data/ProjectPokemonCleaned/0094gengar/poke_capture_0094_001_mf_n_00000000_f_n.png,/content/drive/MyDrive/612 data/PokeSpriteCleaned/0094gengar/gengar-mega.png,mapped,variant-index
/content/drive/MyDrive/612 data/ProjectPokemonCleaned/0094gengar/poke_capture_0094_001_mf_n_00000000_f_r.png,/content/drive/MyDrive/612 data/PokeSpriteCleaned/0094gengar/gengar-mega_shiny.png,mapped,variant-index
/content/drive/MyDrive/612 data/ProjectPokemonCleaned/0095onix/poke_capture_0095_000_mf_n_00000000_f_n.png,/content/drive/MyDrive/612 data/PokeSpriteCleaned/0095onix/onix.png,mapped,variant-index
/content/drive/MyDrive/612 data/ProjectPokemonCleaned/0095onix/poke_capture_0095_000_mf_n_00000000_f_r.png,/content/drive/MyDrive/612 data/PokeSpriteCleaned/0095onix/onix_shiny.png,mapped,variant-index
/content/drive/MyDrive/612 data/ProjectPokemonCleaned/0096drowzee/poke_capture_0096_000_mf_n_00000000_f_n.png,/content/drive/MyDrive/612 data/PokeSpriteCleaned/0096drowzee/drowzee.png,mapped,variant-index
/content/drive/MyDrive/612 data/ProjectPokemonCleaned/0096drowzee/poke_capture_0096_000_mf_n_00000000_f_r.png,/content/drive/MyDrive/612 data/PokeSpriteCleaned/0096drowzee/drowzee_shiny.png,mapped,variant-index
/content/drive/MyDrive/612 data/ProjectPokemonCleaned/0097hypno/poke_capture_0097_000_fd_n_00000000_f_n.png,/content/drive/MyDrive/612 data/PokeSpriteCleaned/0097hypno/hypno.png,mapped,variant-index
/content/drive/MyDrive/612 data/ProjectPokemonCleaned/0097hypno/poke_capture_0097_000_fd_n_00000000_f_r.png,/content/drive/MyDrive/612 data/PokeSpriteCleaned/0097hypno/hypno_shiny.png,mapped,variant-index
/content/drive/MyDrive/612 data/ProjectPokemonCleaned/0097hypno/poke_capture_0097_000_md_n_00000000_f_n.png,/content/drive/MyDrive/612 data/PokeSpriteCleaned/0097hypno/hypno.png,mapped,variant-index
/content/drive/MyDrive/612 data/ProjectPokemonCleaned/0097hypno/poke_capture_0097_000_md_n_00000000_f_r.png,/content/drive/MyDrive/612 data/PokeSpriteCleaned/0097hypno/hypno_shiny.png,mapped,variant-index
/content/drive/MyDrive/612 data/ProjectPokemonCleaned/0098krabby/poke_capture_0098_000_mf_n_00000000_f_n.png,/content/drive/MyDrive/612 data/PokeSpriteCleaned/0098krabby/krabby.png,mapped,variant-index
/content/drive/MyDrive/612 data/ProjectPokemonCleaned/0098krabby/poke_capture_0098_000_mf_n_00000000_f_r.png,/content/drive/MyDrive/612 data/PokeSpriteCleaned/0098krabby/krabby_shiny.png,mapped,variant-index
/content/drive/MyDrive/612 data/ProjectPokemonCleaned/0099kingler/poke_capture_0099_000_mf_g_00000000_f_n.png,/content/drive/MyDrive/612 data/PokeSpriteCleaned/0099kingler/kingler-gmax.png,mapped,gmax-direct
/content/drive/MyDrive/612 data/ProjectPokemonCleaned/0099kingler/poke_capture_0099_000_mf_g_00000000_f_r.png,/content/drive/MyDrive/612 data/PokeSpriteCleaned/0099kingler/kingler-gmax_shiny.png,mapped,gmax-direct
/content/drive/MyDrive/612 data/ProjectPokemonCleaned/0099kingler/poke_capture_0099_000_mf_n_00000000_f_n.png,/content/drive/MyDrive/612 data/PokeSpriteCleaned/0099kingler/kingler.png,mapped,variant-index
/content/drive/MyDrive/612 data/ProjectPokemonCleaned/0099kingler/poke_capture_0099_000_mf_n_00000000_f_r.png,/content/drive/MyDrive/612 data/PokeSpriteCleaned/0099kingler/kingler_shiny.png,mapped,variant-index
/content/drive/MyDrive/612 data/ProjectPokemonCleaned/0100voltorb/poke_capture_0100_000_uk_n_00000000_f_n.png,/content/drive/MyDrive/612 data/PokeSpriteCleaned/0100voltorb/voltorb hisui.png,mapped,variant-index
/content/drive/MyDrive/612 data/ProjectPokemonCleaned/0100voltorb/poke_capture_0100_000_uk_n_00000000_f_r.png,/content/drive/MyDrive/612 data/PokeSpriteCleaned/0100voltorb/voltorb hisui_shiny.png,mapped,variant-index
/content/drive/MyDrive/612 data/ProjectPokemonCleaned/0101electrode/poke_capture_0101_000_uk_n_00000000_f_n.png,/content/drive/MyDrive/612 data/PokeSpriteCleaned/0101electrode/electrode hisui noble.png,mapped,variant-index
/content/drive/MyDrive/612 data/ProjectPokemonCleaned/0101electrode/poke_capture_0101_000_uk_n_00000000_f_r.png,/content/drive/MyDrive/612 data/PokeSpriteCleaned/0101electrode/electrode hisui noble_shiny.png,mapped,variant-index
/content/drive/MyDrive/612 data/ProjectPokemonCleaned/0102exeggcute/poke_capture_0102_000_mf_n_00000000_f_n.png,/content/drive/MyDrive/612 data/PokeSpriteCleaned/0102exeggcute/exeggcute.png,mapped,variant-index
/content/drive/MyDrive/612 data/ProjectPokemonCleaned/0102exeggcute/poke_capture_0102_000_mf_n_00000000_f_r.png,/content/drive/MyDrive/612 data/PokeSpriteCleaned/0102exeggcute/exeggcute_shiny.png,mapped,variant-index
/content/drive/MyDrive/612 data/ProjectPokemonCleaned/0103exeggutor/poke_capture_0103_000_mf_n_00000000_f_n.png,/content/drive/MyDrive/612 data/PokeSpriteCleaned/0103exeggutor/exeggutor alola.png,mapped,variant-index
/content/drive/MyDrive/612 data/ProjectPokemonCleaned/0103exeggutor/poke_capture_0103_000_mf_n_00000000_f_r.png,/content/drive/MyDrive/612 data/PokeSpriteCleaned/0103exeggutor/exeggutor alola_shiny.png,mapped,variant-index
/content/drive/MyDrive/612 data/ProjectPokemonCleaned/0103exeggutor/poke_capture_0103_001_mf_n_00000000_f_n.png,/content/drive/MyDrive/612 data/PokeSpriteCleaned/0103exeggutor/exeggutor.png,mapped,variant-index
/content/drive/MyDrive/612 data/ProjectPokemonCleaned/0103exeggutor/poke_capture_0103_001_mf_n_00000000_f_r.png,/content/drive/MyDrive/612 data/PokeSpriteCleaned/0103exeggutor/exeggutor_shiny.png,mapped,variant-index
/content/drive/MyDrive/612 data/ProjectPokemonCleaned/0104cubone/poke_capture_0104_000_mf_n_00000000_f_n.png,/content/drive/MyDrive/612 data/PokeSpriteCleaned/0104cubone/cubone.png,mapped,variant-index
/content/drive/MyDrive/612 data/ProjectPokemonCleaned/0104cubone/poke_capture_0104_000_mf_n_00000000_f_r.png,/content/drive/MyDrive/612 data/PokeSpriteCleaned/0104cubone/cubone_shiny.png,mapped,variant-index
/content/drive/MyDrive/612 data/ProjectPokemonCleaned/0105marowak/poke_capture_0105_000_mf_n_00000000_f_n.png,/content/drive/MyDrive/612 data/PokeSpriteCleaned/0105marowak/marowak alola.png,mapped,variant-index
/content/drive/MyDrive/612 data/ProjectPokemonCleaned/0105marowak/poke_capture_0105_000_mf_n_00000000_f_r.png,/content/drive/MyDrive/612 data/PokeSpriteCleaned/0105marowak/marowak alola_shiny.png,mapped,variant-index
/content/drive/MyDrive/612 data/ProjectPokemonCleaned/0105marowak/poke_capture_0105_001_mf_n_00000000_f_n.png,/content/drive/MyDrive/612 data/PokeSpriteCleaned/0105marowak/marowak.png,mapped,variant-index
/content/drive/MyDrive/612 data/ProjectPokemonCleaned/0105marowak/poke_capture_0105_001_mf_n_00000000_f_r.png,/content/drive/MyDrive/612 data/PokeSpriteCleaned/0105marowak/marowak_shiny.png,mapped,variant-index
/content/drive/MyDrive/612 data/ProjectPokemonCleaned/0106hitmonlee/poke_capture_0106_000_mo_n_00000000_f_n.png,/content/drive/MyDrive/612 data/PokeSpriteCleaned/0106hitmonlee/hitmonlee.png,mapped,variant-index
/content/drive/MyDrive/612 data/ProjectPokemonCleaned/0106hitmonlee/poke_capture_0106_000_mo_n_00000000_f_r.png,/content/drive/MyDrive/612 data/PokeSpriteCleaned/0106hitmonlee/hitmonlee_shiny.png,mapped,variant-index
/content/drive/MyDrive/612 data/ProjectPokemonCleaned/0107hitmonchan/poke_capture_0107_000_mo_n_00000000_f_n.png,/content/drive/MyDrive/612 data/PokeSpriteCleaned/0107hitmonchan/hitmonchan.png,mapped,variant-index
/content/drive/MyDrive/612 data/ProjectPokemonCleaned/0107hitmonchan/poke_capture_0107_000_mo_n_00000000_f_r.png,/content/drive/MyDrive/612 data/PokeSpriteCleaned/0107hitmonchan/hitmonchan_shiny.png,mapped,variant-index
/content/drive/MyDrive/612 data/ProjectPokemonCleaned/0108lickitung/poke_capture_0108_000_mf_n_00000000_f_n.png,/content/drive/MyDrive/612 data/PokeSpriteCleaned/0108lickitung/lickitung.png,mapped,variant-index
/content/drive/MyDrive/612 data/ProjectPokemonCleaned/0108lickitung/poke_capture_0108_000_mf_n_00000000_f_r.png,/content/drive/MyDrive/612 data/PokeSpriteCleaned/0108lickitung/lickitung_shiny.png,mapped,variant-index
/content/drive/MyDrive/612 data/ProjectPokemonCleaned/0109koffing/poke_capture_0109_000_mf_n_00000000_f_n.png,/content/drive/MyDrive/612 data/PokeSpriteCleaned/0109koffing/koffing.png,mapped,variant-index
/content/drive/MyDrive/612 data/ProjectPokemonCleaned/0109koffing/poke_capture_0109_000_mf_n_00000000_f_r.png,/content/drive/MyDrive/612 data/PokeSpriteCleaned/0109koffing/koffing_shiny.png,mapped,variant-index
/content/drive/MyDrive/612 data/ProjectPokemonCleaned/0110weezing/poke_capture_0110_000_mf_n_00000000_f_n.png,/content/drive/MyDrive/612 data/PokeSpriteCleaned/0110weezing/weezing galar.png,mapped,variant-index
/content/drive/MyDrive/612 data/ProjectPokemonCleaned/0110weezing/poke_capture_0110_000_mf_n_00000000_f_r.png,/content/drive/MyDrive/612 data/PokeSpriteCleaned/0110weezing/weezing galar_shiny.png,mapped,variant-index
/content/drive/MyDrive/612 data/ProjectPokemonCleaned/0110weezing/poke_capture_0110_001_mf_n_00000000_f_n.png,/content/drive/MyDrive/612 data/PokeSpriteCleaned/0110weezing/weezing.png,mapped,variant-index
/content/drive/MyDrive/612 data/ProjectPokemonCleaned/0110weezing/poke_capture_0110_001_mf_n_00000000_f_r.png,/content/drive/MyDrive/612 data/PokeSpriteCleaned/0110weezing/weezing_shiny.png,mapped,variant-index
/content/drive/MyDrive/612 data/ProjectPokemonCleaned/0111rhyhorn/poke_capture_0111_000_fd_n_00000000_f_n.png,/content/drive/MyDrive/612 data/PokeSpriteCleaned/0111rhyhorn/rhyhorn.png,mapped,variant-index
/content/drive/MyDrive/612 data/ProjectPokemonCleaned/0111rhyhorn/poke_capture_0111_000_fd_n_00000000_f_r.png,/content/drive/MyDrive/612 data/PokeSpriteCleaned/0111rhyhorn/rhyhorn_shiny.png,mapped,variant-index
/content/drive/MyDrive/612 data/ProjectPokemonCleaned/0111rhyhorn/poke_capture_0111_000_md_n_00000000_f_n.png,/content/drive/MyDrive/612 data/PokeSpriteCleaned/0111rhyhorn/rhyhorn.png,mapped,variant-index
/content/drive/MyDrive/612 data/ProjectPokemonCleaned/0111rhyhorn/poke_capture_0111_000_md_n_00000000_f_r.png,/content/drive/MyDrive/612 data/PokeSpriteCleaned/0111rhyhorn/rhyhorn_shiny.png,mapped,variant-index
/content/drive/MyDrive/612 data/ProjectPokemonCleaned/0112rhydon/poke_capture_0112_000_fd_n_00000000_f_n.png,/content/drive/MyDrive/612 data/PokeSpriteCleaned/0112rhydon/rhydon.png,mapped,variant-index
/content/drive/MyDrive/612 data/ProjectPokemonCleaned/0112rhydon/poke_capture_0112_000_fd_n_00000000_f_r.png,/content/drive/MyDrive/612 data/PokeSpriteCleaned/0112rhydon/rhydon_shiny.png,mapped,variant-index
/content/drive/MyDrive/612 data/ProjectPokemonCleaned/0112rhydon/poke_capture_0112_000_md_n_00000000_f_n.png,/content/drive/MyDrive/612 data/PokeSpriteCleaned/0112rhydon/rhydon.png,mapped,variant-index
/content/drive/MyDrive/612 data/ProjectPokemonCleaned/0112rhydon/poke_capture_0112_000_md_n_00000000_f_r.png,/content/drive/MyDrive/612 data/PokeSpriteCleaned/0112rhydon/rhydon_shiny.png,mapped,variant-index
/content/drive/MyDrive/612 data/ProjectPokemonCleaned/0113chansey/poke_capture_0113_000_fo_n_00000000_f_n.png,/content/drive/MyDrive/612 data/PokeSpriteCleaned/0113chansey/chansey.png,mapped,variant-index
/content/drive/MyDrive/612 data/ProjectPokemonCleaned/0113chansey/poke_capture_0113_000_fo_n_00000000_f_r.png,/content/drive/MyDrive/612 data/PokeSpriteCleaned/0113chansey/chansey_shiny.png,mapped,variant-index
/content/drive/MyDrive/612 data/ProjectPokemonCleaned/0114tangela/poke_capture_0114_000_mf_n_00000000_f_n.png,/content/drive/MyDrive/612 data/PokeSpriteCleaned/0114tangela/tangela.png,mapped,variant-index
/content/drive/MyDrive/612 data/ProjectPokemonCleaned/0114tangela/poke_capture_0114_000_mf_n_00000000_f_r.png,/content/drive/MyDrive/612 data/PokeSpriteCleaned/0114tangela/tangela_shiny.png,mapped,variant-index
/content/drive/MyDrive/612 data/ProjectPokemonCleaned/0115kangaskhan/poke_capture_0115_000_fo_n_00000000_f_n.png,/content/drive/MyDrive/612 data/PokeSpriteCleaned/0115kangaskhan/kangaskhan.png,mapped,variant-index
/content/drive/MyDrive/612 data/ProjectPokemonCleaned/0115kangaskhan/poke_capture_0115_000_fo_n_00000000_f_r.png,/content/drive/MyDrive/612 data/PokeSpriteCleaned/0115kangaskhan/kangaskhan_shiny.png,mapped,variant-index
/content/drive/MyDrive/612 data/ProjectPokemonCleaned/0115kangaskhan/poke_capture_0115_001_fo_n_00000000_f_n.png,/content/drive/MyDrive/612 data/PokeSpriteCleaned/0115kangaskhan/kangaskhan-mega.png,mapped,variant-index
/content/drive/MyDrive/612 data/ProjectPokemonCleaned/0115kangaskhan/poke_capture_0115_001_fo_n_00000000_f_r.png,/content/drive/MyDrive/612 data/PokeSpriteCleaned/0115kangaskhan/kangaskhan-mega_shiny.png,mapped,variant-index
/content/drive/MyDrive/612 data/ProjectPokemonCleaned/0116horsea/poke_capture_0116_000_mf_n_00000000_f_n.png,/content/drive/MyDrive/612 data/PokeSpriteCleaned/0116horsea/horsea.png,mapped,variant-index
/content/drive/MyDrive/612 data/ProjectPokemonCleaned/0116horsea/poke_capture_0116_000_mf_n_00000000_f_r.png,/content/drive/MyDrive/612 data/PokeSpriteCleaned/0116horsea/horsea_shiny.png,mapped,variant-index
/content/drive/MyDrive/612 data/ProjectPokemonCleaned/0117seadra/poke_capture_0117_000_mf_n_00000000_f_n.png,/content/drive/MyDrive/612 data/PokeSpriteCleaned/0117seadra/seadra.png,mapped,variant-index
/content/drive/MyDrive/612 data/ProjectPokemonCleaned/0117seadra/poke_capture_0117_000_mf_n_00000000_f_r.png,/content/drive/MyDrive/612 data/PokeSpriteCleaned/0117seadra/seadra_shiny.png,mapped,variant-index
/content/drive/MyDrive/612 data/ProjectPokemonCleaned/0118goldeen/poke_capture_0118_000_fd_n_00000000_f_n.png,/content/drive/MyDrive/612 data/PokeSpriteCleaned/0118goldeen/goldeen.png,mapped,variant-index
/content/drive/MyDrive/612 data/ProjectPokemonCleaned/0118goldeen/poke_capture_0118_000_fd_n_00000000_f_r.png,/content/drive/MyDrive/612 data/PokeSpriteCleaned/0118goldeen/goldeen_shiny.png,mapped,variant-index
/content/drive/MyDrive/612 data/ProjectPokemonCleaned/0118goldeen/poke_capture_0118_000_md_n_00000000_f_n.png,/content/drive/MyDrive/612 data/PokeSpriteCleaned/0118goldeen/goldeen.png,mapped,variant-index
/content/drive/MyDrive/612 data/ProjectPokemonCleaned/0118goldeen/poke_capture_0118_000_md_n_00000000_f_r.png,/content/drive/MyDrive/612 data/PokeSpriteCleaned/0118goldeen/goldeen_shiny.png,mapped,variant-index
/content/drive/MyDrive/612 data/ProjectPokemonCleaned/0119seaking/poke_capture_0119_000_fd_n_00000000_f_n.png,/content/drive/MyDrive/612 data/PokeSpriteCleaned/0119seaking/seaking.png,mapped,variant-index
/content/drive/MyDrive/612 data/ProjectPokemonCleaned/0119seaking/poke_capture_0119_000_fd_n_00000000_f_r.png,/content/drive/MyDrive/612 data/PokeSpriteCleaned/0119seaking/seaking_shiny.png,mapped,variant-index
/content/drive/MyDrive/612 data/ProjectPokemonCleaned/0119seaking/poke_capture_0119_000_md_n_00000000_f_n.png,/content/drive/MyDrive/612 data/PokeSpriteCleaned/0119seaking/seaking.png,mapped,variant-index
/content/drive/MyDrive/612 data/ProjectPokemonCleaned/0119seaking/poke_capture_0119_000_md_n_00000000_f_r.png,/content/drive/MyDrive/612 data/PokeSpriteCleaned/0119seaking/seaking_shiny.png,mapped,variant-index
/content/drive/MyDrive/612 data/ProjectPokemonCleaned/0120staryu/poke_capture_0120_000_uk_n_00000000_f_n.png,/content/drive/MyDrive/612 data/PokeSpriteCleaned/0120staryu/staryu.png,mapped,variant-index
/content/drive/MyDrive/612 data/ProjectPokemonCleaned/0120staryu/poke_capture_0120_000_uk_n_00000000_f_r.png,/content/drive/MyDrive/612 data/PokeSpriteCleaned/0120staryu/staryu_shiny.png,mapped,variant-index
/content/drive/MyDrive/612 data/ProjectPokemonCleaned/0121starmie/poke_capture_0121_000_uk_n_00000000_f_n.png,/content/drive/MyDrive/612 data/PokeSpriteCleaned/0121starmie/starmie.png,mapped,variant-index
/content/drive/MyDrive/612 data/ProjectPokemonCleaned/0121starmie/poke_capture_0121_000_uk_n_00000000_f_r.png,/content/drive/MyDrive/612 data/PokeSpriteCleaned/0121starmie/starmie_shiny.png,mapped,variant-index
/content/drive/MyDrive/612 data/ProjectPokemonCleaned/0122mr. mime/poke_capture_0122_000_mf_n_00000000_f_n.png,/content/drive/MyDrive/612 data/PokeSpriteCleaned/0122mr. mime/mr. mime.png,mapped,variant-index
/content/drive/MyDrive/612 data/ProjectPokemonCleaned/0122mr. mime/poke_capture_0122_000_mf_n_00000000_f_r.png,/content/drive/MyDrive/612 data/PokeSpriteCleaned/0122mr. mime/mr. mime_galar_shiny.png,mapped,variant-index
/content/drive/MyDrive/612 data/ProjectPokemonCleaned/0122mr. mime/poke_capture_0122_001_mf_n_00000000_f_n.png,/content/drive/MyDrive/612 data/PokeSpriteCleaned/0122mr. mime/mr. mime_galar.png,mapped,variant-index
/content/drive/MyDrive/612 data/ProjectPokemonCleaned/0122mr. mime/poke_capture_0122_001_mf_n_00000000_f_r.png,/content/drive/MyDrive/612 data/PokeSpriteCleaned/0122mr. mime/mr. mime_shiny.png,mapped,variant-index
/content/drive/MyDrive/612 data/ProjectPokemonCleaned/0123scyther/poke_capture_0123_000_fd_n_00000000_f_n.png,/content/drive/MyDrive/612 data/PokeSpriteCleaned/0123scyther/scyther.png,mapped,variant-index
/content/drive/MyDrive/612 data/ProjectPokemonCleaned/0123scyther/poke_capture_0123_000_fd_n_00000000_f_r.png,/content/drive/MyDrive/612 data/PokeSpriteCleaned/0123scyther/scyther_shiny.png,mapped,variant-index
/content/drive/MyDrive/612 data/ProjectPokemonCleaned/0123scyther/poke_capture_0123_000_md_n_00000000_f_n.png,/content/drive/MyDrive/612 data/PokeSpriteCleaned/0123scyther/scyther.png,mapped,variant-index
/content/drive/MyDrive/612 data/ProjectPokemonCleaned/0123scyther/poke_capture_0123_000_md_n_00000000_f_r.png,/content/drive/MyDrive/612 data/PokeSpriteCleaned/0123scyther/scyther_shiny.png,mapped,variant-index
/content/drive/MyDrive/612 data/ProjectPokemonCleaned/0124jynx/poke_capture_0124_000_fo_n_00000000_f_n.png,/content/drive/MyDrive/612 data/PokeSpriteCleaned/0124jynx/jynx.png,mapped,variant-index
/content/drive/MyDrive/612 data/ProjectPokemonCleaned/0124jynx/poke_capture_0124_000_fo_n_00000000_f_r.png,/content/drive/MyDrive/612 data/PokeSpriteCleaned/0124jynx/jynx_shiny.png,mapped,variant-index
/content/drive/MyDrive/612 data/ProjectPokemonCleaned/0125electabuzz/poke_capture_0125_000_mf_n_00000000_f_n.png,/content/drive/MyDrive/612 data/PokeSpriteCleaned/0125electabuzz/electabuzz.png,mapped,variant-index
/content/drive/MyDrive/612 data/ProjectPokemonCleaned/0125electabuzz/poke_capture_0125_000_mf_n_00000000_f_r.png,/content/drive/MyDrive/612 data/PokeSpriteCleaned/0125electabuzz/electabuzz_shiny.png,mapped,variant-index
/content/drive/MyDrive/612 data/ProjectPokemonCleaned/0126magmar/poke_capture_0126_000_mf_n_00000000_f_n.png,/content/drive/MyDrive/612 data/PokeSpriteCleaned/0126magmar/magmar.png,mapped,variant-index
/content/drive/MyDrive/612 data/ProjectPokemonCleaned/0126magmar/poke_capture_0126_000_mf_n_00000000_f_r.png,/content/drive/MyDrive/612 data/PokeSpriteCleaned/0126magmar/magmar_shiny.png,mapped,variant-index
/content/drive/MyDrive/612 data/ProjectPokemonCleaned/0127pinsir/poke_capture_0127_000_mf_n_00000000_f_n.png,/content/drive/MyDrive/612 data/PokeSpriteCleaned/0127pinsir/pinsir.png,mapped,variant-index
/content/drive/MyDrive/612 data/ProjectPokemonCleaned/0127pinsir/poke_capture_0127_000_mf_n_00000000_f_r.png,/content/drive/MyDrive/612 data/PokeSpriteCleaned/0127pinsir/pinsir_shiny.png,mapped,variant-index
/content/drive/MyDrive/612 data/ProjectPokemonCleaned/0127pinsir/poke_capture_0127_001_mf_n_00000000_f_n.png,/content/drive/MyDrive/612 data/PokeSpriteCleaned/0127pinsir/pinsir-mega.png,mapped,variant-index
/content/drive/MyDrive/612 data/ProjectPokemonCleaned/0127pinsir/poke_capture_0127_001_mf_n_00000000_f_r.png,/content/drive/MyDrive/612 data/PokeSpriteCleaned/0127pinsir/pinsir-mega_shiny.png,mapped,variant-index
/content/drive/MyDrive/612 data/ProjectPokemonCleaned/0128tauros/poke_capture_0128_000_mo_n_00000000_f_n.png,/content/drive/MyDrive/612 data/PokeSpriteCleaned/0128tauros/tauros.png,mapped,variant-index
/content/drive/MyDrive/612 data/ProjectPokemonCleaned/0128tauros/poke_capture_0128_000_mo_n_00000000_f_r.png,/content/drive/MyDrive/612 data/PokeSpriteCleaned/0128tauros/tauros_shiny.png,mapped,variant-index
/content/drive/MyDrive/612 data/ProjectPokemonCleaned/0129magikarp/poke_capture_0129_000_fd_n_00000000_f_n.png,/content/drive/MyDrive/612 data/PokeSpriteCleaned/0129magikarp/magikarp.png,mapped,variant-index
/content/drive/MyDrive/612 data/ProjectPokemonCleaned/0129magikarp/poke_capture_0129_000_fd_n_00000000_f_r.png,/content/drive/MyDrive/612 data/PokeSpriteCleaned/0129magikarp/magikarp_shiny.png,mapped,variant-index
/content/drive/MyDrive/612 data/ProjectPokemonCleaned/0129magikarp/poke_capture_0129_000_md_n_00000000_f_n.png,/content/drive/MyDrive/612 data/PokeSpriteCleaned/0129magikarp/magikarp.png,mapped,variant-index
/content/drive/MyDrive/612 data/ProjectPokemonCleaned/0129magikarp/poke_capture_0129_000_md_n_00000000_f_r.png,/content/drive/MyDrive/612 data/PokeSpriteCleaned/0129magikarp/magikarp_shiny.png,mapped,variant-index
/content/drive/MyDrive/612 data/ProjectPokemonCleaned/0130gyarados/poke_capture_0130_000_fd_n_00000000_f_n.png,/content/drive/MyDrive/612 data/PokeSpriteCleaned/0130gyarados/gyarados.png,mapped,variant-index
/content/drive/MyDrive/612 data/ProjectPokemonCleaned/0130gyarados/poke_capture_0130_000_fd_n_00000000_f_r.png,/content/drive/MyDrive/612 data/PokeSpriteCleaned/0130gyarados/gyarados_shiny.png,mapped,variant-index
/content/drive/MyDrive/612 data/ProjectPokemonCleaned/0130gyarados/poke_capture_0130_000_md_n_00000000_f_n.png,/content/drive/MyDrive/612 data/PokeSpriteCleaned/0130gyarados/gyarados.png,mapped,variant-index
/content/drive/MyDrive/612 data/ProjectPokemonCleaned/0130gyarados/poke_capture_0130_000_md_n_00000000_f_r.png,/content/drive/MyDrive/612 data/PokeSpriteCleaned/0130gyarados/gyarados_shiny.png,mapped,variant-index
/content/drive/MyDrive/612 data/ProjectPokemonCleaned/0130gyarados/poke_capture_0130_001_mf_n_00000000_f_n.png,/content/drive/MyDrive/612 data/PokeSpriteCleaned/0130gyarados/gyarados-mega.png,mapped,variant-index
/content/drive/MyDrive/612 data/ProjectPokemonCleaned/0130gyarados/poke_capture_0130_001_mf_n_00000000_f_r.png,/content/drive/MyDrive/612 data/PokeSpriteCleaned/0130gyarados/gyarados-mega_shiny.png,mapped,variant-index
/content/drive/MyDrive/612 data/ProjectPokemonCleaned/0131lapras/poke_capture_0131_000_mf_g_00000000_f_n.png,/content/drive/MyDrive/612 data/PokeSpriteCleaned/0131lapras/lapras-gmax.png,mapped,gmax-direct
/content/drive/MyDrive/612 data/ProjectPokemonCleaned/0131lapras/poke_capture_0131_000_mf_g_00000000_f_r.png,/content/drive/MyDrive/612 data/PokeSpriteCleaned/0131lapras/lapras-gmax_shiny.png,mapped,gmax-direct
/content/drive/MyDrive/612 data/ProjectPokemonCleaned/0131lapras/poke_capture_0131_000_mf_n_00000000_f_n.png,/content/drive/MyDrive/612 data/PokeSpriteCleaned/0131lapras/lapras.png,mapped,variant-index
/content/drive/MyDrive/612 data/ProjectPokemonCleaned/0131lapras/poke_capture_0131_000_mf_n_00000000_f_r.png,/content/drive/MyDrive/612 data/PokeSpriteCleaned/0131lapras/lapras_shiny.png,mapped,variant-index
/content/drive/MyDrive/612 data/ProjectPokemonCleaned/0132ditto/poke_capture_0132_000_uk_n_00000000_f_n.png,/content/drive/MyDrive/612 data/PokeSpriteCleaned/0132ditto/ditto.png,mapped,variant-index
/content/drive/MyDrive/612 data/ProjectPokemonCleaned/0132ditto/poke_capture_0132_000_uk_n_00000000_f_r.png,/content/drive/MyDrive/612 data/PokeSpriteCleaned/0132ditto/ditto_shiny.png,mapped,variant-index
/content/drive/MyDrive/612 data/ProjectPokemonCleaned/0133eevee/poke_capture_0133_000_fd_n_00000000_f_n.png,/content/drive/MyDrive/612 data/PokeSpriteCleaned/0133eevee/eevee.png,mapped,variant-index
/content/drive/MyDrive/612 data/ProjectPokemonCleaned/0133eevee/poke_capture_0133_000_fd_n_00000000_f_r.png,/content/drive/MyDrive/612 data/PokeSpriteCleaned/0133eevee/eevee_shiny.png,mapped,variant-index
/content/drive/MyDrive/612 data/ProjectPokemonCleaned/0133eevee/poke_capture_0133_000_md_n_00000000_f_n.png,/content/drive/MyDrive/612 data/PokeSpriteCleaned/0133eevee/eevee.png,mapped,variant-index
/content/drive/MyDrive/612 data/ProjectPokemonCleaned/0133eevee/poke_capture_0133_000_md_n_00000000_f_r.png,/content/drive/MyDrive/612 data/PokeSpriteCleaned/0133eevee/eevee_shiny.png,mapped,variant-index
/content/drive/MyDrive/612 data/ProjectPokemonCleaned/0133eevee/poke_capture_0133_000_mf_g_00000000_f_n.png,/content/drive/MyDrive/612 data/PokeSpriteCleaned/0133eevee/eevee-gmax.png,mapped,gmax-direct
/content/drive/MyDrive/612 data/ProjectPokemonCleaned/0133eevee/poke_capture_0133_000_mf_g_00000000_f_r.png,/content/drive/MyDrive/612 data/PokeSpriteCleaned/0133eevee/eevee-gmax_shiny.png,mapped,gmax-direct
/content/drive/MyDrive/612 data/ProjectPokemonCleaned/0134vaporeon/poke_capture_0134_000_mf_n_00000000_f_n.png,/content/drive/MyDrive/612 data/PokeSpriteCleaned/0134vaporeon/vaporeon.png,mapped,variant-index
/content/drive/MyDrive/612 data/ProjectPokemonCleaned/0134vaporeon/poke_capture_0134_000_mf_n_00000000_f_r.png,/content/drive/MyDrive/612 data/PokeSpriteCleaned/0134vaporeon/vaporeon_shiny.png,mapped,variant-index
/content/drive/MyDrive/612 data/ProjectPokemonCleaned/0135jolteon/poke_capture_0135_000_mf_n_00000000_f_n.png,/content/drive/MyDrive/612 data/PokeSpriteCleaned/0135jolteon/jolteon.png,mapped,variant-index
/content/drive/MyDrive/612 data/ProjectPokemonCleaned/0135jolteon/poke_capture_0135_000_mf_n_00000000_f_r.png,/content/drive/MyDrive/612 data/PokeSpriteCleaned/0135jolteon/jolteon_shiny.png,mapped,variant-index
/content/drive/MyDrive/612 data/ProjectPokemonCleaned/0136flareon/poke_capture_0136_000_mf_n_00000000_f_n.png,/content/drive/MyDrive/612 data/PokeSpriteCleaned/0136flareon/flareon.png,mapped,variant-index
/content/drive/MyDrive/612 data/ProjectPokemonCleaned/0136flareon/poke_capture_0136_000_mf_n_00000000_f_r.png,/content/drive/MyDrive/612 data/PokeSpriteCleaned/0136flareon/flareon_shiny.png,mapped,variant-index
/content/drive/MyDrive/612 data/ProjectPokemonCleaned/0137porygon/poke_capture_0137_000_uk_n_00000000_f_n.png,/content/drive/MyDrive/612 data/PokeSpriteCleaned/0137porygon/porygon.png,mapped,variant-index
/content/drive/MyDrive/612 data/ProjectPokemonCleaned/0137porygon/poke_capture_0137_000_uk_n_00000000_f_r.png,/content/drive/MyDrive/612 data/PokeSpriteCleaned/0137porygon/porygon_shiny.png,mapped,variant-index
/content/drive/MyDrive/612 data/ProjectPokemonCleaned/0138omanyte/poke_capture_0138_000_mf_n_00000000_f_n.png,/content/drive/MyDrive/612 data/PokeSpriteCleaned/0138omanyte/omanyte.png,mapped,variant-index
/content/drive/MyDrive/612 data/ProjectPokemonCleaned/0138omanyte/poke_capture_0138_000_mf_n_00000000_f_r.png,/content/drive/MyDrive/612 data/PokeSpriteCleaned/0138omanyte/omanyte_shiny.png,mapped,variant-index
/content/drive/MyDrive/612 data/ProjectPokemonCleaned/0139omastar/poke_capture_0139_000_mf_n_00000000_f_n.png,/content/drive/MyDrive/612 data/PokeSpriteCleaned/0139omastar/omastar.png,mapped,variant-index
/content/drive/MyDrive/612 data/ProjectPokemonCleaned/0139omastar/poke_capture_0139_000_mf_n_00000000_f_r.png,/content/drive/MyDrive/612 data/PokeSpriteCleaned/0139omastar/omastar_shiny.png,mapped,variant-index
/content/drive/MyDrive/612 data/ProjectPokemonCleaned/0140kabuto/poke_capture_0140_000_mf_n_00000000_f_n.png,/content/drive/MyDrive/612 data/PokeSpriteCleaned/0140kabuto/kabuto.png,mapped,variant-index
/content/drive/MyDrive/612 data/ProjectPokemonCleaned/0140kabuto/poke_capture_0140_000_mf_n_00000000_f_r.png,/content/drive/MyDrive/612 data/PokeSpriteCleaned/0140kabuto/kabuto_shiny.png,mapped,variant-index
/content/drive/MyDrive/612 data/ProjectPokemonCleaned/0141kabutops/poke_capture_0141_000_mf_n_00000000_f_n.png,/content/drive/MyDrive/612 data/PokeSpriteCleaned/0141kabutops/kabutops.png,mapped,variant-index
/content/drive/MyDrive/612 data/ProjectPokemonCleaned/0141kabutops/poke_capture_0141_000_mf_n_00000000_f_r.png,/content/drive/MyDrive/612 data/PokeSpriteCleaned/0141kabutops/kabutops_shiny.png,mapped,variant-index
/content/drive/MyDrive/612 data/ProjectPokemonCleaned/0142aerodactyl/poke_capture_0142_000_mf_n_00000000_f_n.png,/content/drive/MyDrive/612 data/PokeSpriteCleaned/0142aerodactyl/aerodactyl.png,mapped,variant-index
/content/drive/MyDrive/612 data/ProjectPokemonCleaned/0142aerodactyl/poke_capture_0142_000_mf_n_00000000_f_r.png,/content/drive/MyDrive/612 data/PokeSpriteCleaned/0142aerodactyl/aerodactyl_shiny.png,mapped,variant-index
/content/drive/MyDrive/612 data/ProjectPokemonCleaned/0142aerodactyl/poke_capture_0142_001_mf_n_00000000_f_n.png,/content/drive/MyDrive/612 data/PokeSpriteCleaned/0142aerodactyl/aerodactyl-mega.png,mapped,variant-index
/content/drive/MyDrive/612 data/ProjectPokemonCleaned/0142aerodactyl/poke_capture_0142_001_mf_n_00000000_f_r.png,/content/drive/MyDrive/612 data/PokeSpriteCleaned/0142aerodactyl/aerodactyl-mega_shiny.png,mapped,variant-index
/content/drive/MyDrive/612 data/ProjectPokemonCleaned/0143snorlax/poke_capture_0143_000_mf_g_00000000_f_n.png,/content/drive/MyDrive/612 data/PokeSpriteCleaned/0143snorlax/snorlax-gmax.png,mapped,gmax-direct
/content/drive/MyDrive/612 data/ProjectPokemonCleaned/0143snorlax/poke_capture_0143_000_mf_g_00000000_f_r.png,/content/drive/MyDrive/612 data/PokeSpriteCleaned/0143snorlax/snorlax-gmax_shiny.png,mapped,gmax-direct
/content/drive/MyDrive/612 data/ProjectPokemonCleaned/0143snorlax/poke_capture_0143_000_mf_n_00000000_f_n.png,/content/drive/MyDrive/612 data/PokeSpriteCleaned/0143snorlax/snorlax.png,mapped,variant-index
/content/drive/MyDrive/612 data/ProjectPokemonCleaned/0143snorlax/poke_capture_0143_000_mf_n_00000000_f_r.png,/content/drive/MyDrive/612 data/PokeSpriteCleaned/0143snorlax/snorlax_shiny.png,mapped,variant-index
/content/drive/MyDrive/612 data/ProjectPokemonCleaned/0144articuno/poke_capture_0144_000_uk_n_00000000_f_n.png,/content/drive/MyDrive/612 data/PokeSpriteCleaned/0144articuno/articuno galar.png,mapped,variant-index
/content/drive/MyDrive/612 data/ProjectPokemonCleaned/0144articuno/poke_capture_0144_000_uk_n_00000000_f_r.png,/content/drive/MyDrive/612 data/PokeSpriteCleaned/0144articuno/articuno galar_shiny.png,mapped,variant-index
/content/drive/MyDrive/612 data/ProjectPokemonCleaned/0144articuno/poke_capture_0144_001_uk_n_00000000_f_n.png,/content/drive/MyDrive/612 data/PokeSpriteCleaned/0144articuno/articuno.png,mapped,variant-index
/content/drive/MyDrive/612 data/ProjectPokemonCleaned/0144articuno/poke_capture_0144_001_uk_n_00000000_f_r.png,/content/drive/MyDrive/612 data/PokeSpriteCleaned/0144articuno/articuno_shiny.png,mapped,variant-index
/content/drive/MyDrive/612 data/ProjectPokemonCleaned/0145zapdos/poke_capture_0145_000_uk_n_00000000_f_n.png,/content/drive/MyDrive/612 data/PokeSpriteCleaned/0145zapdos/zapdos galar.png,mapped,variant-index
/content/drive/MyDrive/612 data/ProjectPokemonCleaned/0145zapdos/poke_capture_0145_000_uk_n_00000000_f_r.png,/content/drive/MyDrive/612 data/PokeSpriteCleaned/0145zapdos/zapdos galar_shiny.png,mapped,variant-index
/content/drive/MyDrive/612 data/ProjectPokemonCleaned/0145zapdos/poke_capture_0145_001_uk_n_00000000_f_n.png,/content/drive/MyDrive/612 data/PokeSpriteCleaned/0145zapdos/zapdos.png,mapped,variant-index
/content/drive/MyDrive/612 data/ProjectPokemonCleaned/0145zapdos/poke_capture_0145_001_uk_n_00000000_f_r.png,/content/drive/MyDrive/612 data/PokeSpriteCleaned/0145zapdos/zapdos_shiny.png,mapped,variant-index
/content/drive/MyDrive/612 data/ProjectPokemonCleaned/0146moltres/poke_capture_0146_000_uk_n_00000000_f_n.png,/content/drive/MyDrive/612 data/PokeSpriteCleaned/0146moltres/moltres galar.png,mapped,variant-index
/content/drive/MyDrive/612 data/ProjectPokemonCleaned/0146moltres/poke_capture_0146_000_uk_n_00000000_f_r.png,/content/drive/MyDrive/612 data/PokeSpriteCleaned/0146moltres/moltres galar_shiny.png,mapped,variant-index
/content/drive/MyDrive/612 data/ProjectPokemonCleaned/0146moltres/poke_capture_0146_001_uk_n_00000000_f_n.png,/content/drive/MyDrive/612 data/PokeSpriteCleaned/0146moltres/moltres.png,mapped,variant-index
/content/drive/MyDrive/612 data/ProjectPokemonCleaned/0146moltres/poke_capture_0146_001_uk_n_00000000_f_r.png,/content/drive/MyDrive/612 data/PokeSpriteCleaned/0146moltres/moltres_shiny.png,mapped,variant-index
/content/drive/MyDrive/612 data/ProjectPokemonCleaned/0147dratini/poke_capture_0147_000_mf_n_00000000_f_n.png,/content/drive/MyDrive/612 data/PokeSpriteCleaned/0147dratini/dratini.png,mapped,variant-index
/content/drive/MyDrive/612 data/ProjectPokemonCleaned/0147dratini/poke_capture_0147_000_mf_n_00000000_f_r.png,/content/drive/MyDrive/612 data/PokeSpriteCleaned/0147dratini/dratini_shiny.png,mapped,variant-index
/content/drive/MyDrive/612 data/ProjectPokemonCleaned/0148dragonair/poke_capture_0148_000_mf_n_00000000_f_n.png,/content/drive/MyDrive/612 data/PokeSpriteCleaned/0148dragonair/dragonair.png,mapped,variant-index
/content/drive/MyDrive/612 data/ProjectPokemonCleaned/0148dragonair/poke_capture_0148_000_mf_n_00000000_f_r.png,/content/drive/MyDrive/612 data/PokeSpriteCleaned/0148dragonair/dragonair_shiny.png,mapped,variant-index
/content/drive/MyDrive/612 data/ProjectPokemonCleaned/0149dragonite/poke_capture_0149_000_mf_n_00000000_f_n.png,/content/drive/MyDrive/612 data/PokeSpriteCleaned/0149dragonite/dragonite.png,mapped,variant-index
/content/drive/MyDrive/612 data/ProjectPokemonCleaned/0149dragonite/poke_capture_0149_000_mf_n_00000000_f_r.png,/content/drive/MyDrive/612 data/PokeSpriteCleaned/0149dragonite/dragonite_shiny.png,mapped,variant-index
/content/drive/MyDrive/612 data/ProjectPokemonCleaned/0150mewtwo/poke_capture_0150_000_uk_n_00000000_f_n.png,/content/drive/MyDrive/612 data/PokeSpriteCleaned/0150mewtwo/mewtwo.png,mapped,variant-index
/content/drive/MyDrive/612 data/ProjectPokemonCleaned/0150mewtwo/poke_capture_0150_000_uk_n_00000000_f_r.png,/content/drive/MyDrive/612 data/PokeSpriteCleaned/0150mewtwo/mewtwo_shiny.png,mapped,variant-index
/content/drive/MyDrive/612 data/ProjectPokemonCleaned/0150mewtwo/poke_capture_0150_001_uk_n_00000000_f_n.png,/content/drive/MyDrive/612 data/PokeSpriteCleaned/0150mewtwo/mewtwo-mega-x.png,mapped,variant-index
/content/drive/MyDrive/612 data/ProjectPokemonCleaned/0150mewtwo/poke_capture_0150_001_uk_n_00000000_f_r.png,/content/drive/MyDrive/612 data/PokeSpriteCleaned/0150mewtwo/mewtwo-mega-x_shiny.png,mapped,variant-index
/content/drive/MyDrive/612 data/ProjectPokemonCleaned/0150mewtwo/poke_capture_0150_002_uk_n_00000000_f_n.png,/content/drive/MyDrive/612 data/PokeSpriteCleaned/0150mewtwo/mewtwo-mega-y.png,mapped,variant-index
/content/drive/MyDrive/612 data/ProjectPokemonCleaned/0150mewtwo/poke_capture_0150_002_uk_n_00000000_f_r.png,/content/drive/MyDrive/612 data/PokeSpriteCleaned/0150mewtwo/mewtwo-mega-y_shiny.png,mapped,variant-index
/content/drive/MyDrive/612 data/ProjectPokemonCleaned/0151mew/poke_capture_0151_000_uk_n_00000000_f_n.png,/content/drive/MyDrive/612 data/PokeSpriteCleaned/0151mew/mew.png,mapped,variant-index
/content/drive/MyDrive/612 data/ProjectPokemonCleaned/0151mew/poke_capture_0151_000_uk_n_00000000_f_r.png,/content/drive/MyDrive/612 data/PokeSpriteCleaned/0151mew/mew_shiny.png,mapped,variant-index
/content/drive/MyDrive/612 data/ProjectPokemonCleaned/0152chikorita/poke_capture_0152_000_mf_n_00000000_f_n.png,/content/drive/MyDrive/612 data/PokeSpriteCleaned/0152chikorita/chikorita.png,mapped,variant-index
/content/drive/MyDrive/612 data/ProjectPokemonCleaned/0152chikorita/poke_capture_0152_000_mf_n_00000000_f_r.png,/content/drive/MyDrive/612 data/PokeSpriteCleaned/0152chikorita/chikorita_shiny.png,mapped,variant-index
/content/drive/MyDrive/612 data/ProjectPokemonCleaned/0153bayleef/poke_capture_0153_000_mf_n_00000000_f_n.png,/content/drive/MyDrive/612 data/PokeSpriteCleaned/0153bayleef/bayleef.png,mapped,variant-index
/content/drive/MyDrive/612 data/ProjectPokemonCleaned/0153bayleef/poke_capture_0153_000_mf_n_00000000_f_r.png,/content/drive/MyDrive/612 data/PokeSpriteCleaned/0153bayleef/bayleef_shiny.png,mapped,variant-index
/content/drive/MyDrive/612 data/ProjectPokemonCleaned/0154meganium/poke_capture_0154_000_fd_n_00000000_f_n.png,/content/drive/MyDrive/612 data/PokeSpriteCleaned/0154meganium/meganium.png,mapped,variant-index
/content/drive/MyDrive/612 data/ProjectPokemonCleaned/0154meganium/poke_capture_0154_000_fd_n_00000000_f_r.png,/content/drive/MyDrive/612 data/PokeSpriteCleaned/0154meganium/meganium_shiny.png,mapped,variant-index
/content/drive/MyDrive/612 data/ProjectPokemonCleaned/0154meganium/poke_capture_0154_000_md_n_00000000_f_n.png,/content/drive/MyDrive/612 data/PokeSpriteCleaned/0154meganium/meganium.png,mapped,variant-index
/content/drive/MyDrive/612 data/ProjectPokemonCleaned/0154meganium/poke_capture_0154_000_md_n_00000000_f_r.png,/content/drive/MyDrive/612 data/PokeSpriteCleaned/0154meganium/meganium_shiny.png,mapped,variant-index
/content/drive/MyDrive/612 data/ProjectPokemonCleaned/0155cyndaquil/poke_capture_0155_000_mf_n_00000000_f_n.png,/content/drive/MyDrive/612 data/PokeSpriteCleaned/0155cyndaquil/cyndaquil.png,mapped,variant-index
/content/drive/MyDrive/612 data/ProjectPokemonCleaned/0155cyndaquil/poke_capture_0155_000_mf_n_00000000_f_r.png,/content/drive/MyDrive/612 data/PokeSpriteCleaned/0155cyndaquil/cyndaquil_shiny.png,mapped,variant-index
/content/drive/MyDrive/612 data/ProjectPokemonCleaned/0156quilava/poke_capture_0156_000_mf_n_00000000_f_n.png,/content/drive/MyDrive/612 data/PokeSpriteCleaned/0156quilava/quilava.png,mapped,variant-index
/content/drive/MyDrive/612 data/ProjectPokemonCleaned/0156quilava/poke_capture_0156_000_mf_n_00000000_f_r.png,/content/drive/MyDrive/612 data/PokeSpriteCleaned/0156quilava/quilava_shiny.png,mapped,variant-index
/content/drive/MyDrive/612 data/ProjectPokemonCleaned/0157typhlosion/poke_capture_0157_000_mf_n_00000000_f_n.png,/content/drive/MyDrive/612 data/PokeSpriteCleaned/0157typhlosion/typhlosion hisui.png,mapped,variant-index
/content/drive/MyDrive/612 data/ProjectPokemonCleaned/0157typhlosion/poke_capture_0157_000_mf_n_00000000_f_r.png,/content/drive/MyDrive/612 data/PokeSpriteCleaned/0157typhlosion/typhlosion hisui_shiny.png,mapped,variant-index
/content/drive/MyDrive/612 data/ProjectPokemonCleaned/0158totodile/poke_capture_0158_000_mf_n_00000000_f_n.png,/content/drive/MyDrive/612 data/PokeSpriteCleaned/0158totodile/totodile.png,mapped,variant-index
/content/drive/MyDrive/612 data/ProjectPokemonCleaned/0158totodile/poke_capture_0158_000_mf_n_00000000_f_r.png,/content/drive/MyDrive/612 data/PokeSpriteCleaned/0158totodile/totodile_shiny.png,mapped,variant-index
/content/drive/MyDrive/612 data/ProjectPokemonCleaned/0159croconaw/poke_capture_0159_000_mf_n_00000000_f_n.png,/content/drive/MyDrive/612 data/PokeSpriteCleaned/0159croconaw/croconaw.png,mapped,variant-index
/content/drive/MyDrive/612 data/ProjectPokemonCleaned/0159croconaw/poke_capture_0159_000_mf_n_00000000_f_r.png,/content/drive/MyDrive/612 data/PokeSpriteCleaned/0159croconaw/croconaw_shiny.png,mapped,variant-index
/content/drive/MyDrive/612 data/ProjectPokemonCleaned/0160feraligatr/poke_capture_0160_000_mf_n_00000000_f_n.png,/content/drive/MyDrive/612 data/PokeSpriteCleaned/0160feraligatr/feraligatr.png,mapped,variant-index
/content/drive/MyDrive/612 data/ProjectPokemonCleaned/0160feraligatr/poke_capture_0160_000_mf_n_00000000_f_r.png,/content/drive/MyDrive/612 data/PokeSpriteCleaned/0160feraligatr/feraligatr_shiny.png,mapped,variant-index
/content/drive/MyDrive/612 data/ProjectPokemonCleaned/0161sentret/poke_capture_0161_000_mf_n_00000000_f_n.png,/content/drive/MyDrive/612 data/PokeSpriteCleaned/0161sentret/sentret.png,mapped,variant-index
/content/drive/MyDrive/612 data/ProjectPokemonCleaned/0161sentret/poke_capture_0161_000_mf_n_00000000_f_r.png,/content/drive/MyDrive/612 data/PokeSpriteCleaned/0161sentret/sentret_shiny.png,mapped,variant-index
/content/drive/MyDrive/612 data/ProjectPokemonCleaned/0162furret/poke_capture_0162_000_mf_n_00000000_f_n.png,/content/drive/MyDrive/612 data/PokeSpriteCleaned/0162furret/furret.png,mapped,variant-index
/content/drive/MyDrive/612 data/ProjectPokemonCleaned/0162furret/poke_capture_0162_000_mf_n_00000000_f_r.png,/content/drive/MyDrive/612 data/PokeSpriteCleaned/0162furret/furret_shiny.png,mapped,variant-index
/content/drive/MyDrive/612 data/ProjectPokemonCleaned/0163hoothoot/poke_capture_0163_000_mf_n_00000000_f_n.png,/content/drive/MyDrive/612 data/PokeSpriteCleaned/0163hoothoot/hoothoot.png,mapped,variant-index
/content/drive/MyDrive/612 data/ProjectPokemonCleaned/0163hoothoot/poke_capture_0163_000_mf_n_00000000_f_r.png,/content/drive/MyDrive/612 data/PokeSpriteCleaned/0163hoothoot/hoothoot_shiny.png,mapped,variant-index
/content/drive/MyDrive/612 data/ProjectPokemonCleaned/0164noctowl/poke_capture_0164_000_mf_n_00000000_f_n.png,/content/drive/MyDrive/612 data/PokeSpriteCleaned/0164noctowl/noctowl.png,mapped,variant-index
/content/drive/MyDrive/612 data/ProjectPokemonCleaned/0164noctowl/poke_capture_0164_000_mf_n_00000000_f_r.png,/content/drive/MyDrive/612 data/PokeSpriteCleaned/0164noctowl/noctowl_shiny.png,mapped,variant-index
/content/drive/MyDrive/612 data/ProjectPokemonCleaned/0165ledyba/poke_capture_0165_000_fd_n_00000000_f_n.png,/content/drive/MyDrive/612 data/PokeSpriteCleaned/0165ledyba/ledyba.png,mapped,variant-index
/content/drive/MyDrive/612 data/ProjectPokemonCleaned/0165ledyba/poke_capture_0165_000_fd_n_00000000_f_r.png,/content/drive/MyDrive/612 data/PokeSpriteCleaned/0165ledyba/ledyba_shiny.png,mapped,variant-index
/content/drive/MyDrive/612 data/ProjectPokemonCleaned/0165ledyba/poke_capture_0165_000_md_n_00000000_f_n.png,/content/drive/MyDrive/612 data/PokeSpriteCleaned/0165ledyba/ledyba.png,mapped,variant-index
/content/drive/MyDrive/612 data/ProjectPokemonCleaned/0165ledyba/poke_capture_0165_000_md_n_00000000_f_r.png,/content/drive/MyDrive/612 data/PokeSpriteCleaned/0165ledyba/ledyba_shiny.png,mapped,variant-index
/content/drive/MyDrive/612 data/ProjectPokemonCleaned/0166ledian/poke_capture_0166_000_fd_n_00000000_f_n.png,/content/drive/MyDrive/612 data/PokeSpriteCleaned/0166ledian/ledian.png,mapped,variant-index
/content/drive/MyDrive/612 data/ProjectPokemonCleaned/0166ledian/poke_capture_0166_000_fd_n_00000000_f_r.png,/content/drive/MyDrive/612 data/PokeSpriteCleaned/0166ledian/ledian_shiny.png,mapped,variant-index
/content/drive/MyDrive/612 data/ProjectPokemonCleaned/0166ledian/poke_capture_0166_000_md_n_00000000_f_n.png,/content/drive/MyDrive/612 data/PokeSpriteCleaned/0166ledian/ledian.png,mapped,variant-index
/content/drive/MyDrive/612 data/ProjectPokemonCleaned/0166ledian/poke_capture_0166_000_md_n_00000000_f_r.png,/content/drive/MyDrive/612 data/PokeSpriteCleaned/0166ledian/ledian_shiny.png,mapped,variant-index
/content/drive/MyDrive/612 data/ProjectPokemonCleaned/0167spinarak/poke_capture_0167_000_mf_n_00000000_f_n.png,/content/drive/MyDrive/612 data/PokeSpriteCleaned/0167spinarak/spinarak.png,mapped,variant-index
/content/drive/MyDrive/612 data/ProjectPokemonCleaned/0167spinarak/poke_capture_0167_000_mf_n_00000000_f_r.png,/content/drive/MyDrive/612 data/PokeSpriteCleaned/0167spinarak/spinarak_shiny.png,mapped,variant-index
/content/drive/MyDrive/612 data/ProjectPokemonCleaned/0168ariados/poke_capture_0168_000_mf_n_00000000_f_n.png,/content/drive/MyDrive/612 data/PokeSpriteCleaned/0168ariados/ariados.png,mapped,variant-index
/content/drive/MyDrive/612 data/ProjectPokemonCleaned/0168ariados/poke_capture_0168_000_mf_n_00000000_f_r.png,/content/drive/MyDrive/612 data/PokeSpriteCleaned/0168ariados/ariados_shiny.png,mapped,variant-index
/content/drive/MyDrive/612 data/ProjectPokemonCleaned/0169crobat/poke_capture_0169_000_mf_n_00000000_f_n.png,/content/drive/MyDrive/612 data/PokeSpriteCleaned/0169crobat/crobat.png,mapped,variant-index
/content/drive/MyDrive/612 data/ProjectPokemonCleaned/0169crobat/poke_capture_0169_000_mf_n_00000000_f_r.png,/content/drive/MyDrive/612 data/PokeSpriteCleaned/0169crobat/crobat_shiny.png,mapped,variant-index
/content/drive/MyDrive/612 data/ProjectPokemonCleaned/0170chinchou/poke_capture_0170_000_mf_n_00000000_f_n.png,/content/drive/MyDrive/612 data/PokeSpriteCleaned/0170chinchou/chinchou.png,mapped,variant-index
/content/drive/MyDrive/612 data/ProjectPokemonCleaned/0170chinchou/poke_capture_0170_000_mf_n_00000000_f_r.png,/content/drive/MyDrive/612 data/PokeSpriteCleaned/0170chinchou/chinchou_shiny.png,mapped,variant-index
/content/drive/MyDrive/612 data/ProjectPokemonCleaned/0171lanturn/poke_capture_0171_000_mf_n_00000000_f_n.png,/content/drive/MyDrive/612 data/PokeSpriteCleaned/0171lanturn/lanturn.png,mapped,variant-index
/content/drive/MyDrive/612 data/ProjectPokemonCleaned/0171lanturn/poke_capture_0171_000_mf_n_00000000_f_r.png,/content/drive/MyDrive/612 data/PokeSpriteCleaned/0171lanturn/lanturn_shiny.png,mapped,variant-index
/content/drive/MyDrive/612 data/ProjectPokemonCleaned/0172pichu/poke_capture_0172_000_mf_n_00000000_f_n.png,/content/drive/MyDrive/612 data/PokeSpriteCleaned/0172pichu/pichu.png,mapped,variant-index
/content/drive/MyDrive/612 data/ProjectPokemonCleaned/0172pichu/poke_capture_0172_000_mf_n_00000000_f_r.png,/content/drive/MyDrive/612 data/PokeSpriteCleaned/0172pichu/pichu_shiny.png,mapped,variant-index
/content/drive/MyDrive/612 data/ProjectPokemonCleaned/0173cleffa/poke_capture_0173_000_mf_n_00000000_f_n.png,/content/drive/MyDrive/612 data/PokeSpriteCleaned/0173cleffa/cleffa.png,mapped,variant-index
/content/drive/MyDrive/612 data/ProjectPokemonCleaned/0173cleffa/poke_capture_0173_000_mf_n_00000000_f_r.png,/content/drive/MyDrive/612 data/PokeSpriteCleaned/0173cleffa/cleffa_shiny.png,mapped,variant-index
/content/drive/MyDrive/612 data/ProjectPokemonCleaned/0174igglybuff/poke_capture_0174_000_mf_n_00000000_f_n.png,/content/drive/MyDrive/612 data/PokeSpriteCleaned/0174igglybuff/igglybuff.png,mapped,variant-index
/content/drive/MyDrive/612 data/ProjectPokemonCleaned/0174igglybuff/poke_capture_0174_000_mf_n_00000000_f_r.png,/content/drive/MyDrive/612 data/PokeSpriteCleaned/0174igglybuff/igglybuff_shiny.png,mapped,variant-index
/content/drive/MyDrive/612 data/ProjectPokemonCleaned/0175togepi/poke_capture_0175_000_mf_n_00000000_f_n.png,/content/drive/MyDrive/612 data/PokeSpriteCleaned/0175togepi/togepi.png,mapped,variant-index
/content/drive/MyDrive/612 data/ProjectPokemonCleaned/0175togepi/poke_capture_0175_000_mf_n_00000000_f_r.png,/content/drive/MyDrive/612 data/PokeSpriteCleaned/0175togepi/togepi_shiny.png,mapped,variant-index
/content/drive/MyDrive/612 data/ProjectPokemonCleaned/0176togetic/poke_capture_0176_000_mf_n_00000000_f_n.png,/content/drive/MyDrive/612 data/PokeSpriteCleaned/0176togetic/togetic.png,mapped,variant-index
/content/drive/MyDrive/612 data/ProjectPokemonCleaned/0176togetic/poke_capture_0176_000_mf_n_00000000_f_r.png,/content/drive/MyDrive/612 data/PokeSpriteCleaned/0176togetic/togetic_shiny.png,mapped,variant-index
/content/drive/MyDrive/612 data/ProjectPokemonCleaned/0177natu/poke_capture_0177_000_mf_n_00000000_f_n.png,/content/drive/MyDrive/612 data/PokeSpriteCleaned/0177natu/natu.png,mapped,variant-index
/content/drive/MyDrive/612 data/ProjectPokemonCleaned/0177natu/poke_capture_0177_000_mf_n_00000000_f_r.png,/content/drive/MyDrive/612 data/PokeSpriteCleaned/0177natu/natu_shiny.png,mapped,variant-index
/content/drive/MyDrive/612 data/ProjectPokemonCleaned/0178xatu/poke_capture_0178_000_fd_n_00000000_f_n.png,/content/drive/MyDrive/612 data/PokeSpriteCleaned/0178xatu/xatu.png,mapped,variant-index
/content/drive/MyDrive/612 data/ProjectPokemonCleaned/0178xatu/poke_capture_0178_000_fd_n_00000000_f_r.png,/content/drive/MyDrive/612 data/PokeSpriteCleaned/0178xatu/xatu_shiny.png,mapped,variant-index
/content/drive/MyDrive/612 data/ProjectPokemonCleaned/0178xatu/poke_capture_0178_000_md_n_00000000_f_n.png,/content/drive/MyDrive/612 data/PokeSpriteCleaned/0178xatu/xatu.png,mapped,variant-index
/content/drive/MyDrive/612 data/ProjectPokemonCleaned/0178xatu/poke_capture_0178_000_md_n_00000000_f_r.png,/content/drive/MyDrive/612 data/PokeSpriteCleaned/0178xatu/xatu_shiny.png,mapped,variant-index
/content/drive/MyDrive/612 data/ProjectPokemonCleaned/0179mareep/poke_capture_0179_000_mf_n_00000000_f_n.png,/content/drive/MyDrive/612 data/PokeSpriteCleaned/0179mareep/mareep.png,mapped,variant-index
/content/drive/MyDrive/612 data/ProjectPokemonCleaned/0179mareep/poke_capture_0179_000_mf_n_00000000_f_r.png,/content/drive/MyDrive/612 data/PokeSpriteCleaned/0179mareep/mareep_shiny.png,mapped,variant-index
/content/drive/MyDrive/612 data/ProjectPokemonCleaned/0180flaaffy/poke_capture_0180_000_mf_n_00000000_f_n.png,/content/drive/MyDrive/612 data/PokeSpriteCleaned/0180flaaffy/flaaffy.png,mapped,variant-index
/content/drive/MyDrive/612 data/ProjectPokemonCleaned/0180flaaffy/poke_capture_0180_000_mf_n_00000000_f_r.png,/content/drive/MyDrive/612 data/PokeSpriteCleaned/0180flaaffy/flaaffy_shiny.png,mapped,variant-index
/content/drive/MyDrive/612 data/ProjectPokemonCleaned/0181ampharos/poke_capture_0181_000_mf_n_00000000_f_n.png,/content/drive/MyDrive/612 data/PokeSpriteCleaned/0181ampharos/ampharos.png,mapped,variant-index
/content/drive/MyDrive/612 data/ProjectPokemonCleaned/0181ampharos/poke_capture_0181_000_mf_n_00000000_f_r.png,/content/drive/MyDrive/612 data/PokeSpriteCleaned/0181ampharos/ampharos_shiny.png,mapped,variant-index
/content/drive/MyDrive/612 data/ProjectPokemonCleaned/0181ampharos/poke_capture_0181_001_mf_n_00000000_f_n.png,/content/drive/MyDrive/612 data/PokeSpriteCleaned/0181ampharos/ampharos-mega.png,mapped,variant-index
/content/drive/MyDrive/612 data/ProjectPokemonCleaned/0181ampharos/poke_capture_0181_001_mf_n_00000000_f_r.png,/content/drive/MyDrive/612 data/PokeSpriteCleaned/0181ampharos/ampharos-mega_shiny.png,mapped,variant-index
/content/drive/MyDrive/612 data/ProjectPokemonCleaned/0182bellossom/poke_capture_0182_000_mf_n_00000000_f_n.png,/content/drive/MyDrive/612 data/PokeSpriteCleaned/0182bellossom/bellossom.png,mapped,variant-index
/content/drive/MyDrive/612 data/ProjectPokemonCleaned/0182bellossom/poke_capture_0182_000_mf_n_00000000_f_r.png,/content/drive/MyDrive/612 data/PokeSpriteCleaned/0182bellossom/bellossom_shiny.png,mapped,variant-index
/content/drive/MyDrive/612 data/ProjectPokemonCleaned/0183marill/poke_capture_0183_000_mf_n_00000000_f_n.png,/content/drive/MyDrive/612 data/PokeSpriteCleaned/0183marill/marill.png,mapped,variant-index
/content/drive/MyDrive/612 data/ProjectPokemonCleaned/0183marill/poke_capture_0183_000_mf_n_00000000_f_r.png,/content/drive/MyDrive/612 data/PokeSpriteCleaned/0183marill/marill_shiny.png,mapped,variant-index
/content/drive/MyDrive/612 data/ProjectPokemonCleaned/0184azumarill/poke_capture_0184_000_mf_n_00000000_f_n.png,/content/drive/MyDrive/612 data/PokeSpriteCleaned/0184azumarill/azumarill.png,mapped,variant-index
/content/drive/MyDrive/612 data/ProjectPokemonCleaned/0184azumarill/poke_capture_0184_000_mf_n_00000000_f_r.png,/content/drive/MyDrive/612 data/PokeSpriteCleaned/0184azumarill/azumarill_shiny.png,mapped,variant-index
/content/drive/MyDrive/612 data/ProjectPokemonCleaned/0185sudowoodo/poke_capture_0185_000_fd_n_00000000_f_n.png,/content/drive/MyDrive/612 data/PokeSpriteCleaned/0185sudowoodo/sudowoodo.png,mapped,variant-index
/content/drive/MyDrive/612 data/ProjectPokemonCleaned/0185sudowoodo/poke_capture_0185_000_fd_n_00000000_f_r.png,/content/drive/MyDrive/612 data/PokeSpriteCleaned/0185sudowoodo/sudowoodo_shiny.png,mapped,variant-index
/content/drive/MyDrive/612 data/ProjectPokemonCleaned/0185sudowoodo/poke_capture_0185_000_md_n_00000000_f_n.png,/content/drive/MyDrive/612 data/PokeSpriteCleaned/0185sudowoodo/sudowoodo.png,mapped,variant-index
/content/drive/MyDrive/612 data/ProjectPokemonCleaned/0185sudowoodo/poke_capture_0185_000_md_n_00000000_f_r.png,/content/drive/MyDrive/612 data/PokeSpriteCleaned/0185sudowoodo/sudowoodo_shiny.png,mapped,variant-index
/content/drive/MyDrive/612 data/ProjectPokemonCleaned/0186politoed/poke_capture_0186_000_fd_n_00000000_f_n.png,/content/drive/MyDrive/612 data/PokeSpriteCleaned/0186politoed/politoed.png,mapped,variant-index
/content/drive/MyDrive/612 data/ProjectPokemonCleaned/0186politoed/poke_capture_0186_000_fd_n_00000000_f_r.png,/content/drive/MyDrive/612 data/PokeSpriteCleaned/0186politoed/politoed_shiny.png,mapped,variant-index
/content/drive/MyDrive/612 data/ProjectPokemonCleaned/0186politoed/poke_capture_0186_000_md_n_00000000_f_n.png,/content/drive/MyDrive/612 data/PokeSpriteCleaned/0186politoed/politoed.png,mapped,variant-index
/content/drive/MyDrive/612 data/ProjectPokemonCleaned/0186politoed/poke_capture_0186_000_md_n_00000000_f_r.png,/content/drive/MyDrive/612 data/PokeSpriteCleaned/0186politoed/politoed_shiny.png,mapped,variant-index
/content/drive/MyDrive/612 data/ProjectPokemonCleaned/0187hoppip/poke_capture_0187_000_mf_n_00000000_f_n.png,/content/drive/MyDrive/612 data/PokeSpriteCleaned/0187hoppip/hoppip.png,mapped,variant-index
/content/drive/MyDrive/612 data/ProjectPokemonCleaned/0187hoppip/poke_capture_0187_000_mf_n_00000000_f_r.png,/content/drive/MyDrive/612 data/PokeSpriteCleaned/0187hoppip/hoppip_shiny.png,mapped,variant-index
/content/drive/MyDrive/612 data/ProjectPokemonCleaned/0188skiploom/poke_capture_0188_000_mf_n_00000000_f_n.png,/content/drive/MyDrive/612 data/PokeSpriteCleaned/0188skiploom/skiploom.png,mapped,variant-index
/content/drive/MyDrive/612 data/ProjectPokemonCleaned/0188skiploom/poke_capture_0188_000_mf_n_00000000_f_r.png,/content/drive/MyDrive/612 data/PokeSpriteCleaned/0188skiploom/skiploom_shiny.png,mapped,variant-index
/content/drive/MyDrive/612 data/ProjectPokemonCleaned/0189jumpluff/poke_capture_0189_000_mf_n_00000000_f_n.png,/content/drive/MyDrive/612 data/PokeSpriteCleaned/0189jumpluff/jumpluff.png,mapped,variant-index
/content/drive/MyDrive/612 data/ProjectPokemonCleaned/0189jumpluff/poke_capture_0189_000_mf_n_00000000_f_r.png,/content/drive/MyDrive/612 data/PokeSpriteCleaned/0189jumpluff/jumpluff_shiny.png,mapped,variant-index
/content/drive/MyDrive/612 data/ProjectPokemonCleaned/0190aipom/poke_capture_0190_000_fd_n_00000000_f_n.png,/content/drive/MyDrive/612 data/PokeSpriteCleaned/0190aipom/aipom.png,mapped,variant-index
/content/drive/MyDrive/612 data/ProjectPokemonCleaned/0190aipom/poke_capture_0190_000_fd_n_00000000_f_r.png,/content/drive/MyDrive/612 data/PokeSpriteCleaned/0190aipom/aipom_shiny.png,mapped,variant-index
/content/drive/MyDrive/612 data/ProjectPokemonCleaned/0190aipom/poke_capture_0190_000_md_n_00000000_f_n.png,/content/drive/MyDrive/612 data/PokeSpriteCleaned/0190aipom/aipom.png,mapped,variant-index
/content/drive/MyDrive/612 data/ProjectPokemonCleaned/0190aipom/poke_capture_0190_000_md_n_00000000_f_r.png,/content/drive/MyDrive/612 data/PokeSpriteCleaned/0190aipom/aipom_shiny.png,mapped,variant-index
/content/drive/MyDrive/612 data/ProjectPokemonCleaned/0191sunkern/poke_capture_0191_000_mf_n_00000000_f_n.png,/content/drive/MyDrive/612 data/PokeSpriteCleaned/0191sunkern/sunkern.png,mapped,variant-index
/content/drive/MyDrive/612 data/ProjectPokemonCleaned/0191sunkern/poke_capture_0191_000_mf_n_00000000_f_r.png,/content/drive/MyDrive/612 data/PokeSpriteCleaned/0191sunkern/sunkern_shiny.png,mapped,variant-index
/content/drive/MyDrive/612 data/ProjectPokemonCleaned/0192sunflora/poke_capture_0192_000_mf_n_00000000_f_n.png,/content/drive/MyDrive/612 data/PokeSpriteCleaned/0192sunflora/sunflora.png,mapped,variant-index
/content/drive/MyDrive/612 data/ProjectPokemonCleaned/0192sunflora/poke_capture_0192_000_mf_n_00000000_f_r.png,/content/drive/MyDrive/612 data/PokeSpriteCleaned/0192sunflora/sunflora_shiny.png,mapped,variant-index
/content/drive/MyDrive/612 data/ProjectPokemonCleaned/0193yanma/poke_capture_0193_000_mf_n_00000000_f_n.png,/content/drive/MyDrive/612 data/PokeSpriteCleaned/0193yanma/yanma.png,mapped,variant-index
/content/drive/MyDrive/612 data/ProjectPokemonCleaned/0193yanma/poke_capture_0193_000_mf_n_00000000_f_r.png,/content/drive/MyDrive/612 data/PokeSpriteCleaned/0193yanma/yanma_shiny.png,mapped,variant-index
/content/drive/MyDrive/612 data/ProjectPokemonCleaned/0194wooper/poke_capture_0194_000_fd_n_00000000_f_n.png,/content/drive/MyDrive/612 data/PokeSpriteCleaned/0194wooper/wooper.png,mapped,variant-index
/content/drive/MyDrive/612 data/ProjectPokemonCleaned/0194wooper/poke_capture_0194_000_fd_n_00000000_f_r.png,/content/drive/MyDrive/612 data/PokeSpriteCleaned/0194wooper/wooper_shiny.png,mapped,variant-index
/content/drive/MyDrive/612 data/ProjectPokemonCleaned/0194wooper/poke_capture_0194_000_md_n_00000000_f_n.png,/content/drive/MyDrive/612 data/PokeSpriteCleaned/0194wooper/wooper.png,mapped,variant-index
/content/drive/MyDrive/612 data/ProjectPokemonCleaned/0194wooper/poke_capture_0194_000_md_n_00000000_f_r.png,/content/drive/MyDrive/612 data/PokeSpriteCleaned/0194wooper/wooper_shiny.png,mapped,variant-index
/content/drive/MyDrive/612 data/ProjectPokemonCleaned/0195quagsire/poke_capture_0195_000_fd_n_00000000_f_n.png,/content/drive/MyDrive/612 data/PokeSpriteCleaned/0195quagsire/quagsire.png,mapped,variant-index
/content/drive/MyDrive/612 data/ProjectPokemonCleaned/0195quagsire/poke_capture_0195_000_fd_n_00000000_f_r.png,/content/drive/MyDrive/612 data/PokeSpriteCleaned/0195quagsire/quagsire_shiny.png,mapped,variant-index
/content/drive/MyDrive/612 data/ProjectPokemonCleaned/0195quagsire/poke_capture_0195_000_md_n_00000000_f_n.png,/content/drive/MyDrive/612 data/PokeSpriteCleaned/0195quagsire/quagsire.png,mapped,variant-index
/content/drive/MyDrive/612 data/ProjectPokemonCleaned/0195quagsire/poke_capture_0195_000_md_n_00000000_f_r.png,/content/drive/MyDrive/612 data/PokeSpriteCleaned/0195quagsire/quagsire_shiny.png,mapped,variant-index
/content/drive/MyDrive/612 data/ProjectPokemonCleaned/0196espeon/poke_capture_0196_000_mf_n_00000000_f_n.png,/content/drive/MyDrive/612 data/PokeSpriteCleaned/0196espeon/espeon.png,mapped,variant-index
/content/drive/MyDrive/612 data/ProjectPokemonCleaned/0196espeon/poke_capture_0196_000_mf_n_00000000_f_r.png,/content/drive/MyDrive/612 data/PokeSpriteCleaned/0196espeon/espeon_shiny.png,mapped,variant-index
/content/drive/MyDrive/612 data/ProjectPokemonCleaned/0197umbreon/poke_capture_0197_000_mf_n_00000000_f_n.png,/content/drive/MyDrive/612 data/PokeSpriteCleaned/0197umbreon/umbreon.png,mapped,variant-index
/content/drive/MyDrive/612 data/ProjectPokemonCleaned/0197umbreon/poke_capture_0197_000_mf_n_00000000_f_r.png,/content/drive/MyDrive/612 data/PokeSpriteCleaned/0197umbreon/umbreon_shiny.png,mapped,variant-index
/content/drive/MyDrive/612 data/ProjectPokemonCleaned/0198murkrow/poke_capture_0198_000_fd_n_00000000_f_n.png,/content/drive/MyDrive/612 data/PokeSpriteCleaned/0198murkrow/murkrow.png,mapped,variant-index
/content/drive/MyDrive/612 data/ProjectPokemonCleaned/0198murkrow/poke_capture_0198_000_fd_n_00000000_f_r.png,/content/drive/MyDrive/612 data/PokeSpriteCleaned/0198murkrow/murkrow_shiny.png,mapped,variant-index
/content/drive/MyDrive/612 data/ProjectPokemonCleaned/0198murkrow/poke_capture_0198_000_md_n_00000000_f_n.png,/content/drive/MyDrive/612 data/PokeSpriteCleaned/0198murkrow/murkrow.png,mapped,variant-index
/content/drive/MyDrive/612 data/ProjectPokemonCleaned/0198murkrow/poke_capture_0198_000_md_n_00000000_f_r.png,/content/drive/MyDrive/612 data/PokeSpriteCleaned/0198murkrow/murkrow_shiny.png,mapped,variant-index
/content/drive/MyDrive/612 data/ProjectPokemonCleaned/0199slowking/poke_capture_0199_000_mf_n_00000000_f_n.png,/content/drive/MyDrive/612 data/PokeSpriteCleaned/0199slowking/slowking galar.png,mapped,variant-index
/content/drive/MyDrive/612 data/ProjectPokemonCleaned/0199slowking/poke_capture_0199_000_mf_n_00000000_f_r.png,/content/drive/MyDrive/612 data/PokeSpriteCleaned/0199slowking/slowking galar_shiny.png,mapped,variant-index
/content/drive/MyDrive/612 data/ProjectPokemonCleaned/0199slowking/poke_capture_0199_001_mf_n_00000000_f_n.png,/content/drive/MyDrive/612 data/PokeSpriteCleaned/0199slowking/slowking.png,mapped,variant-index
/content/drive/MyDrive/612 data/ProjectPokemonCleaned/0199slowking/poke_capture_0199_001_mf_n_00000000_f_r.png,/content/drive/MyDrive/612 data/PokeSpriteCleaned/0199slowking/slowking_shiny.png,mapped,variant-index
/content/drive/MyDrive/612 data/ProjectPokemonCleaned/0200misdreavus/poke_capture_0200_000_mf_n_00000000_f_n.png,/content/drive/MyDrive/612 data/PokeSpriteCleaned/0200misdreavus/misdreavus.png,mapped,variant-index
/content/drive/MyDrive/612 data/ProjectPokemonCleaned/0200misdreavus/poke_capture_0200_000_mf_n_00000000_f_r.png,/content/drive/MyDrive/612 data/PokeSpriteCleaned/0200misdreavus/misdreavus_shiny.png,mapped,variant-index
/content/drive/MyDrive/612 data/ProjectPokemonCleaned/0201unown/poke_capture_0201_000_uk_n_00000000_f_n.png,/content/drive/MyDrive/612 data/PokeSpriteCleaned/0201unown/unown.png,mapped,variant-index
/content/drive/MyDrive/612 data/ProjectPokemonCleaned/0201unown/poke_capture_0201_000_uk_n_00000000_f_r.png,/content/drive/MyDrive/612 data/PokeSpriteCleaned/0201unown/unown_shiny.png,mapped,variant-index
/content/drive/MyDrive/612 data/ProjectPokemonCleaned/0201unown/poke_capture_0201_001_uk_n_00000000_f_n.png,/content/drive/MyDrive/612 data/PokeSpriteCleaned/0201unown/unown-b.png,mapped,variant-index
/content/drive/MyDrive/612 data/ProjectPokemonCleaned/0201unown/poke_capture_0201_001_uk_n_00000000_f_r.png,/content/drive/MyDrive/612 data/PokeSpriteCleaned/0201unown/unown-b_shiny.png,mapped,variant-index
/content/drive/MyDrive/612 data/ProjectPokemonCleaned/0201unown/poke_capture_0201_002_uk_n_00000000_f_n.png,/content/drive/MyDrive/612 data/PokeSpriteCleaned/0201unown/unown-b_right.png,mapped,variant-index
/content/drive/MyDrive/612 data/ProjectPokemonCleaned/0201unown/poke_capture_0201_002_uk_n_00000000_f_r.png,/content/drive/MyDrive/612 data/PokeSpriteCleaned/0201unown/unown-c_shiny.png,mapped,variant-index
/content/drive/MyDrive/612 data/ProjectPokemonCleaned/0201unown/poke_capture_0201_003_uk_n_00000000_f_n.png,/content/drive/MyDrive/612 data/PokeSpriteCleaned/0201unown/unown-b_shiny_right.png,mapped,variant-index
/content/drive/MyDrive/612 data/ProjectPokemonCleaned/0201unown/poke_capture_0201_003_uk_n_00000000_f_r.png,/content/drive/MyDrive/612 data/PokeSpriteCleaned/0201unown/unown-d_shiny.png,mapped,variant-index
/content/drive/MyDrive/612 data/ProjectPokemonCleaned/0201unown/poke_capture_0201_004_uk_n_00000000_f_n.png,/content/drive/MyDrive/612 data/PokeSpriteCleaned/0201unown/unown-c.png,mapped,variant-index
/content/drive/MyDrive/612 data/ProjectPokemonCleaned/0201unown/poke_capture_0201_004_uk_n_00000000_f_r.png,/content/drive/MyDrive/612 data/PokeSpriteCleaned/0201unown/unown-e_shiny.png,mapped,variant-index
/content/drive/MyDrive/612 data/ProjectPokemonCleaned/0201unown/poke_capture_0201_005_uk_n_00000000_f_n.png,/content/drive/MyDrive/612 data/PokeSpriteCleaned/0201unown/unown-c_right.png,mapped,variant-index
/content/drive/MyDrive/612 data/ProjectPokemonCleaned/0201unown/poke_capture_0201_005_uk_n_00000000_f_r.png,/content/drive/MyDrive/612 data/PokeSpriteCleaned/0201unown/unown-exclamation_shiny.png,mapped,variant-index
/content/drive/MyDrive/612 data/ProjectPokemonCleaned/0201unown/poke_capture_0201_006_uk_n_00000000_f_n.png,/content/drive/MyDrive/612 data/PokeSpriteCleaned/0201unown/unown-c_shiny_right.png,mapped,variant-index
/content/drive/MyDrive/612 data/ProjectPokemonCleaned/0201unown/poke_capture_0201_006_uk_n_00000000_f_r.png,/content/drive/MyDrive/612 data/PokeSpriteCleaned/0201unown/unown-f_shiny.png,mapped,variant-index
/content/drive/MyDrive/612 data/ProjectPokemonCleaned/0201unown/poke_capture_0201_007_uk_n_00000000_f_n.png,/content/drive/MyDrive/612 data/PokeSpriteCleaned/0201unown/unown-d.png,mapped,variant-index
/content/drive/MyDrive/612 data/ProjectPokemonCleaned/0201unown/poke_capture_0201_007_uk_n_00000000_f_r.png,/content/drive/MyDrive/612 data/PokeSpriteCleaned/0201unown/unown-g_shiny.png,mapped,variant-index
/content/drive/MyDrive/612 data/ProjectPokemonCleaned/0201unown/poke_capture_0201_008_uk_n_00000000_f_n.png,/content/drive/MyDrive/612 data/PokeSpriteCleaned/0201unown/unown-d_right.png,mapped,variant-index
/content/drive/MyDrive/612 data/ProjectPokemonCleaned/0201unown/poke_capture_0201_008_uk_n_00000000_f_r.png,/content/drive/MyDrive/612 data/PokeSpriteCleaned/0201unown/unown-h_shiny.png,mapped,variant-index
/content/drive/MyDrive/612 data/ProjectPokemonCleaned/0201unown/poke_capture_0201_009_uk_n_00000000_f_n.png,/content/drive/MyDrive/612 data/PokeSpriteCleaned/0201unown/unown-d_shiny_right.png,mapped,variant-index
/content/drive/MyDrive/612 data/ProjectPokemonCleaned/0201unown/poke_capture_0201_009_uk_n_00000000_f_r.png,/content/drive/MyDrive/612 data/PokeSpriteCleaned/0201unown/unown-i_shiny.png,mapped,variant-index
/content/drive/MyDrive/612 data/ProjectPokemonCleaned/0201unown/poke_capture_0201_010_uk_n_00000000_f_n.png,/content/drive/MyDrive/612 data/PokeSpriteCleaned/0201unown/unown-e.png,mapped,variant-index
/content/drive/MyDrive/612 data/ProjectPokemonCleaned/0201unown/poke_capture_0201_010_uk_n_00000000_f_r.png,/content/drive/MyDrive/612 data/PokeSpriteCleaned/0201unown/unown-j_shiny.png,mapped,variant-index
/content/drive/MyDrive/612 data/ProjectPokemonCleaned/0201unown/poke_capture_0201_011_uk_n_00000000_f_n.png,/content/drive/MyDrive/612 data/PokeSpriteCleaned/0201unown/unown-e_right.png,mapped,variant-index
/content/drive/MyDrive/612 data/ProjectPokemonCleaned/0201unown/poke_capture_0201_011_uk_n_00000000_f_r.png,/content/drive/MyDrive/612 data/PokeSpriteCleaned/0201unown/unown-k_shiny.png,mapped,variant-index
/content/drive/MyDrive/612 data/ProjectPokemonCleaned/0201unown/poke_capture_0201_012_uk_n_00000000_f_n.png,/content/drive/MyDrive/612 data/PokeSpriteCleaned/0201unown/unown-e_shiny_right.png,mapped,variant-index
/content/drive/MyDrive/612 data/ProjectPokemonCleaned/0201unown/poke_capture_0201_012_uk_n_00000000_f_r.png,/content/drive/MyDrive/612 data/PokeSpriteCleaned/0201unown/unown-l_shiny.png,mapped,variant-index
/content/drive/MyDrive/612 data/ProjectPokemonCleaned/0201unown/poke_capture_0201_013_uk_n_00000000_f_n.png,/content/drive/MyDrive/612 data/PokeSpriteCleaned/0201unown/unown-exclamation.png,mapped,variant-index
/content/drive/MyDrive/612 data/ProjectPokemonCleaned/0201unown/poke_capture_0201_013_uk_n_00000000_f_r.png,/content/drive/MyDrive/612 data/PokeSpriteCleaned/0201unown/unown-m_shiny.png,mapped,variant-index
/content/drive/MyDrive/612 data/ProjectPokemonCleaned/0201unown/poke_capture_0201_014_uk_n_00000000_f_n.png,/content/drive/MyDrive/612 data/PokeSpriteCleaned/0201unown/unown-f.png,mapped,variant-index
/content/drive/MyDrive/612 data/ProjectPokemonCleaned/0201unown/poke_capture_0201_014_uk_n_00000000_f_r.png,/content/drive/MyDrive/612 data/PokeSpriteCleaned/0201unown/unown-n_shiny.png,mapped,variant-index
/content/drive/MyDrive/612 data/ProjectPokemonCleaned/0201unown/poke_capture_0201_015_uk_n_00000000_f_n.png,/content/drive/MyDrive/612 data/PokeSpriteCleaned/0201unown/unown-f_right.png,mapped,variant-index
/content/drive/MyDrive/612 data/ProjectPokemonCleaned/0201unown/poke_capture_0201_015_uk_n_00000000_f_r.png,/content/drive/MyDrive/612 data/PokeSpriteCleaned/0201unown/unown-o_shiny.png,mapped,variant-index
/content/drive/MyDrive/612 data/ProjectPokemonCleaned/0201unown/poke_capture_0201_016_uk_n_00000000_f_n.png,/content/drive/MyDrive/612 data/PokeSpriteCleaned/0201unown/unown-f_shiny_right.png,mapped,variant-index
/content/drive/MyDrive/612 data/ProjectPokemonCleaned/0201unown/poke_capture_0201_016_uk_n_00000000_f_r.png,/content/drive/MyDrive/612 data/PokeSpriteCleaned/0201unown/unown-p_shiny.png,mapped,variant-index
/content/drive/MyDrive/612 data/ProjectPokemonCleaned/0201unown/poke_capture_0201_017_uk_n_00000000_f_n.png,/content/drive/MyDrive/612 data/PokeSpriteCleaned/0201unown/unown-g.png,mapped,variant-index
/content/drive/MyDrive/612 data/ProjectPokemonCleaned/0201unown/poke_capture_0201_017_uk_n_00000000_f_r.png,/content/drive/MyDrive/612 data/PokeSpriteCleaned/0201unown/unown-q_shiny.png,mapped,variant-index
/content/drive/MyDrive/612 data/ProjectPokemonCleaned/0201unown/poke_capture_0201_018_uk_n_00000000_f_n.png,/content/drive/MyDrive/612 data/PokeSpriteCleaned/0201unown/unown-g_right.png,mapped,variant-index
/content/drive/MyDrive/612 data/ProjectPokemonCleaned/0201unown/poke_capture_0201_018_uk_n_00000000_f_r.png,/content/drive/MyDrive/612 data/PokeSpriteCleaned/0201unown/unown-question_shiny.png,mapped,variant-index
/content/drive/MyDrive/612 data/ProjectPokemonCleaned/0201unown/poke_capture_0201_019_uk_n_00000000_f_n.png,/content/drive/MyDrive/612 data/PokeSpriteCleaned/0201unown/unown-g_shiny_right.png,mapped,variant-index
/content/drive/MyDrive/612 data/ProjectPokemonCleaned/0201unown/poke_capture_0201_019_uk_n_00000000_f_r.png,/content/drive/MyDrive/612 data/PokeSpriteCleaned/0201unown/unown-r_shiny.png,mapped,variant-index
/content/drive/MyDrive/612 data/ProjectPokemonCleaned/0201unown/poke_capture_0201_020_uk_n_00000000_f_n.png,/content/drive/MyDrive/612 data/PokeSpriteCleaned/0201unown/unown-h.png,mapped,variant-index
/content/drive/MyDrive/612 data/ProjectPokemonCleaned/0201unown/poke_capture_0201_020_uk_n_00000000_f_r.png,/content/drive/MyDrive/612 data/PokeSpriteCleaned/0201unown/unown-s_shiny.png,mapped,variant-index
/content/drive/MyDrive/612 data/ProjectPokemonCleaned/0201unown/poke_capture_0201_021_uk_n_00000000_f_n.png,/content/drive/MyDrive/612 data/PokeSpriteCleaned/0201unown/unown-h_right.png,mapped,variant-index
/content/drive/MyDrive/612 data/ProjectPokemonCleaned/0201unown/poke_capture_0201_021_uk_n_00000000_f_r.png,/content/drive/MyDrive/612 data/PokeSpriteCleaned/0201unown/unown-t_shiny.png,mapped,variant-index
/content/drive/MyDrive/612 data/ProjectPokemonCleaned/0201unown/poke_capture_0201_022_uk_n_00000000_f_n.png,/content/drive/MyDrive/612 data/PokeSpriteCleaned/0201unown/unown-h_shiny_right.png,mapped,variant-index
/content/drive/MyDrive/612 data/ProjectPokemonCleaned/0201unown/poke_capture_0201_022_uk_n_00000000_f_r.png,/content/drive/MyDrive/612 data/PokeSpriteCleaned/0201unown/unown-u_shiny.png,mapped,variant-index
/content/drive/MyDrive/612 data/ProjectPokemonCleaned/0201unown/poke_capture_0201_023_uk_n_00000000_f_n.png,/content/drive/MyDrive/612 data/PokeSpriteCleaned/0201unown/unown-i.png,mapped,variant-index
/content/drive/MyDrive/612 data/ProjectPokemonCleaned/0201unown/poke_capture_0201_023_uk_n_00000000_f_r.png,/content/drive/MyDrive/612 data/PokeSpriteCleaned/0201unown/unown-v_shiny.png,mapped,variant-index
/content/drive/MyDrive/612 data/ProjectPokemonCleaned/0201unown/poke_capture_0201_024_uk_n_00000000_f_n.png,/content/drive/MyDrive/612 data/PokeSpriteCleaned/0201unown/unown-j.png,mapped,variant-index
/content/drive/MyDrive/612 data/ProjectPokemonCleaned/0201unown/poke_capture_0201_024_uk_n_00000000_f_r.png,/content/drive/MyDrive/612 data/PokeSpriteCleaned/0201unown/unown-w_shiny.png,mapped,variant-index
/content/drive/MyDrive/612 data/ProjectPokemonCleaned/0201unown/poke_capture_0201_025_uk_n_00000000_f_n.png,/content/drive/MyDrive/612 data/PokeSpriteCleaned/0201unown/unown-j_right.png,mapped,variant-index
/content/drive/MyDrive/612 data/ProjectPokemonCleaned/0201unown/poke_capture_0201_025_uk_n_00000000_f_r.png,/content/drive/MyDrive/612 data/PokeSpriteCleaned/0201unown/unown-x_shiny.png,mapped,variant-index
/content/drive/MyDrive/612 data/ProjectPokemonCleaned/0201unown/poke_capture_0201_026_uk_n_00000000_f_n.png,/content/drive/MyDrive/612 data/PokeSpriteCleaned/0201unown/unown-j_shiny_right.png,mapped,variant-index
/content/drive/MyDrive/612 data/ProjectPokemonCleaned/0201unown/poke_capture_0201_026_uk_n_00000000_f_r.png,/content/drive/MyDrive/612 data/PokeSpriteCleaned/0201unown/unown-y_shiny.png,mapped,variant-index
/content/drive/MyDrive/612 data/ProjectPokemonCleaned/0201unown/poke_capture_0201_027_uk_n_00000000_f_n.png,/content/drive/MyDrive/612 data/PokeSpriteCleaned/0201unown/unown-k.png,mapped,variant-index
/content/drive/MyDrive/612 data/ProjectPokemonCleaned/0201unown/poke_capture_0201_027_uk_n_00000000_f_r.png,/content/drive/MyDrive/612 data/PokeSpriteCleaned/0201unown/unown-z_shiny.png,mapped,variant-index
/content/drive/MyDrive/612 data/ProjectPokemonCleaned/0202wobbuffet/poke_capture_0202_000_fd_n_00000000_f_n.png,/content/drive/MyDrive/612 data/PokeSpriteCleaned/0202wobbuffet/wobbuffet.png,mapped,variant-index
/content/drive/MyDrive/612 data/ProjectPokemonCleaned/0202wobbuffet/poke_capture_0202_000_fd_n_00000000_f_r.png,/content/drive/MyDrive/612 data/PokeSpriteCleaned/0202wobbuffet/wobbuffet_shiny.png,mapped,variant-index
/content/drive/MyDrive/612 data/ProjectPokemonCleaned/0202wobbuffet/poke_capture_0202_000_md_n_00000000_f_n.png,/content/drive/MyDrive/612 data/PokeSpriteCleaned/0202wobbuffet/wobbuffet.png,mapped,variant-index
/content/drive/MyDrive/612 data/ProjectPokemonCleaned/0202wobbuffet/poke_capture_0202_000_md_n_00000000_f_r.png,/content/drive/MyDrive/612 data/PokeSpriteCleaned/0202wobbuffet/wobbuffet_shiny.png,mapped,variant-index
/content/drive/MyDrive/612 data/ProjectPokemonCleaned/0203girafarig/poke_capture_0203_000_fd_n_00000000_f_n.png,/content/drive/MyDrive/612 data/PokeSpriteCleaned/0203girafarig/girafarig.png,mapped,variant-index
/content/drive/MyDrive/612 data/ProjectPokemonCleaned/0203girafarig/poke_capture_0203_000_fd_n_00000000_f_r.png,/content/drive/MyDrive/612 data/PokeSpriteCleaned/0203girafarig/girafarig_shiny.png,mapped,variant-index
/content/drive/MyDrive/612 data/ProjectPokemonCleaned/0203girafarig/poke_capture_0203_000_md_n_00000000_f_n.png,/content/drive/MyDrive/612 data/PokeSpriteCleaned/0203girafarig/girafarig.png,mapped,variant-index
/content/drive/MyDrive/612 data/ProjectPokemonCleaned/0203girafarig/poke_capture_0203_000_md_n_00000000_f_r.png,/content/drive/MyDrive/612 data/PokeSpriteCleaned/0203girafarig/girafarig_shiny.png,mapped,variant-index
/content/drive/MyDrive/612 data/ProjectPokemonCleaned/0204pineco/poke_capture_0204_000_mf_n_00000000_f_n.png,/content/drive/MyDrive/612 data/PokeSpriteCleaned/0204pineco/pineco.png,mapped,variant-index
/content/drive/MyDrive/612 data/ProjectPokemonCleaned/0204pineco/poke_capture_0204_000_mf_n_00000000_f_r.png,/content/drive/MyDrive/612 data/PokeSpriteCleaned/0204pineco/pineco_shiny.png,mapped,variant-index
/content/drive/MyDrive/612 data/ProjectPokemonCleaned/0205forretress/poke_capture_0205_000_mf_n_00000000_f_n.png,/content/drive/MyDrive/612 data/PokeSpriteCleaned/0205forretress/forretress.png,mapped,variant-index
/content/drive/MyDrive/612 data/ProjectPokemonCleaned/0205forretress/poke_capture_0205_000_mf_n_00000000_f_r.png,/content/drive/MyDrive/612 data/PokeSpriteCleaned/0205forretress/forretress_shiny.png,mapped,variant-index
/content/drive/MyDrive/612 data/ProjectPokemonCleaned/0206dunsparce/poke_capture_0206_000_mf_n_00000000_f_n.png,/content/drive/MyDrive/612 data/PokeSpriteCleaned/0206dunsparce/dunsparce.png,mapped,variant-index
/content/drive/MyDrive/612 data/ProjectPokemonCleaned/0206dunsparce/poke_capture_0206_000_mf_n_00000000_f_r.png,/content/drive/MyDrive/612 data/PokeSpriteCleaned/0206dunsparce/dunsparce_shiny.png,mapped,variant-index
/content/drive/MyDrive/612 data/ProjectPokemonCleaned/0207gligar/poke_capture_0207_000_fd_n_00000000_f_n.png,/content/drive/MyDrive/612 data/PokeSpriteCleaned/0207gligar/gligar.png,mapped,variant-index
/content/drive/MyDrive/612 data/ProjectPokemonCleaned/0207gligar/poke_capture_0207_000_fd_n_00000000_f_r.png,/content/drive/MyDrive/612 data/PokeSpriteCleaned/0207gligar/gligar_shiny.png,mapped,variant-index
/content/drive/MyDrive/612 data/ProjectPokemonCleaned/0207gligar/poke_capture_0207_000_md_n_00000000_f_n.png,/content/drive/MyDrive/612 data/PokeSpriteCleaned/0207gligar/gligar.png,mapped,variant-index
/content/drive/MyDrive/612 data/ProjectPokemonCleaned/0207gligar/poke_capture_0207_000_md_n_00000000_f_r.png,/content/drive/MyDrive/612 data/PokeSpriteCleaned/0207gligar/gligar_shiny.png,mapped,variant-index
/content/drive/MyDrive/612 data/ProjectPokemonCleaned/0208steelix/poke_capture_0208_000_fd_n_00000000_f_n.png,/content/drive/MyDrive/612 data/PokeSpriteCleaned/0208steelix/steelix.png,mapped,variant-index
/content/drive/MyDrive/612 data/ProjectPokemonCleaned/0208steelix/poke_capture_0208_000_fd_n_00000000_f_r.png,/content/drive/MyDrive/612 data/PokeSpriteCleaned/0208steelix/steelix_shiny.png,mapped,variant-index
/content/drive/MyDrive/612 data/ProjectPokemonCleaned/0208steelix/poke_capture_0208_000_md_n_00000000_f_n.png,/content/drive/MyDrive/612 data/PokeSpriteCleaned/0208steelix/steelix.png,mapped,variant-index
/content/drive/MyDrive/612 data/ProjectPokemonCleaned/0208steelix/poke_capture_0208_000_md_n_00000000_f_r.png,/content/drive/MyDrive/612 data/PokeSpriteCleaned/0208steelix/steelix_shiny.png,mapped,variant-index
/content/drive/MyDrive/612 data/ProjectPokemonCleaned/0208steelix/poke_capture_0208_001_mf_n_00000000_f_n.png,/content/drive/MyDrive/612 data/PokeSpriteCleaned/0208steelix/steelix-mega.png,mapped,variant-index
/content/drive/MyDrive/612 data/ProjectPokemonCleaned/0208steelix/poke_capture_0208_001_mf_n_00000000_f_r.png,/content/drive/MyDrive/612 data/PokeSpriteCleaned/0208steelix/steelix-mega_shiny.png,mapped,variant-index
/content/drive/MyDrive/612 data/ProjectPokemonCleaned/0209snubbull/poke_capture_0209_000_mf_n_00000000_f_n.png,/content/drive/MyDrive/612 data/PokeSpriteCleaned/0209snubbull/snubbull.png,mapped,variant-index
/content/drive/MyDrive/612 data/ProjectPokemonCleaned/0209snubbull/poke_capture_0209_000_mf_n_00000000_f_r.png,/content/drive/MyDrive/612 data/PokeSpriteCleaned/0209snubbull/snubbull_shiny.png,mapped,variant-index
/content/drive/MyDrive/612 data/ProjectPokemonCleaned/0210granbull/poke_capture_0210_000_mf_n_00000000_f_n.png,/content/drive/MyDrive/612 data/PokeSpriteCleaned/0210granbull/granbull.png,mapped,variant-index
/content/drive/MyDrive/612 data/ProjectPokemonCleaned/0210granbull/poke_capture_0210_000_mf_n_00000000_f_r.png,/content/drive/MyDrive/612 data/PokeSpriteCleaned/0210granbull/granbull_shiny.png,mapped,variant-index
/content/drive/MyDrive/612 data/ProjectPokemonCleaned/0211qwilfish/poke_capture_0211_000_mf_n_00000000_f_n.png,/content/drive/MyDrive/612 data/PokeSpriteCleaned/0211qwilfish/qwilfish hisui.png,mapped,variant-index
/content/drive/MyDrive/612 data/ProjectPokemonCleaned/0211qwilfish/poke_capture_0211_000_mf_n_00000000_f_r.png,/content/drive/MyDrive/612 data/PokeSpriteCleaned/0211qwilfish/qwilfish hisui_shiny.png,mapped,variant-index
/content/drive/MyDrive/612 data/ProjectPokemonCleaned/0212scizor/poke_capture_0212_000_fd_n_00000000_f_n.png,/content/drive/MyDrive/612 data/PokeSpriteCleaned/0212scizor/scizor.png,mapped,variant-index
/content/drive/MyDrive/612 data/ProjectPokemonCleaned/0212scizor/poke_capture_0212_000_fd_n_00000000_f_r.png,/content/drive/MyDrive/612 data/PokeSpriteCleaned/0212scizor/scizor_shiny.png,mapped,variant-index
/content/drive/MyDrive/612 data/ProjectPokemonCleaned/0212scizor/poke_capture_0212_000_md_n_00000000_f_n.png,/content/drive/MyDrive/612 data/PokeSpriteCleaned/0212scizor/scizor.png,mapped,variant-index
/content/drive/MyDrive/612 data/ProjectPokemonCleaned/0212scizor/poke_capture_0212_000_md_n_00000000_f_r.png,/content/drive/MyDrive/612 data/PokeSpriteCleaned/0212scizor/scizor_shiny.png,mapped,variant-index
/content/drive/MyDrive/612 data/ProjectPokemonCleaned/0212scizor/poke_capture_0212_001_mf_n_00000000_f_n.png,/content/drive/MyDrive/612 data/PokeSpriteCleaned/0212scizor/scizor-mega.png,mapped,variant-index
/content/drive/MyDrive/612 data/ProjectPokemonCleaned/0212scizor/poke_capture_0212_001_mf_n_00000000_f_r.png,/content/drive/MyDrive/612 data/PokeSpriteCleaned/0212scizor/scizor-mega_shiny.png,mapped,variant-index
/content/drive/MyDrive/612 data/ProjectPokemonCleaned/0213shuckle/poke_capture_0213_000_mf_n_00000000_f_n.png,/content/drive/MyDrive/612 data/PokeSpriteCleaned/0213shuckle/shuckle.png,mapped,variant-index
/content/drive/MyDrive/612 data/ProjectPokemonCleaned/0213shuckle/poke_capture_0213_000_mf_n_00000000_f_r.png,/content/drive/MyDrive/612 data/PokeSpriteCleaned/0213shuckle/shuckle_shiny.png,mapped,variant-index
/content/drive/MyDrive/612 data/ProjectPokemonCleaned/0214heracross/poke_capture_0214_000_fd_n_00000000_f_n.png,/content/drive/MyDrive/612 data/PokeSpriteCleaned/0214heracross/heracross.png,mapped,variant-index
/content/drive/MyDrive/612 data/ProjectPokemonCleaned/0214heracross/poke_capture_0214_000_fd_n_00000000_f_r.png,/content/drive/MyDrive/612 data/PokeSpriteCleaned/0214heracross/heracross_shiny.png,mapped,variant-index
/content/drive/MyDrive/612 data/ProjectPokemonCleaned/0214heracross/poke_capture_0214_000_md_n_00000000_f_n.png,/content/drive/MyDrive/612 data/PokeSpriteCleaned/0214heracross/heracross.png,mapped,variant-index
/content/drive/MyDrive/612 data/ProjectPokemonCleaned/0214heracross/poke_capture_0214_000_md_n_00000000_f_r.png,/content/drive/MyDrive/612 data/PokeSpriteCleaned/0214heracross/heracross_shiny.png,mapped,variant-index
/content/drive/MyDrive/612 data/ProjectPokemonCleaned/0214heracross/poke_capture_0214_001_mf_n_00000000_f_n.png,/content/drive/MyDrive/612 data/PokeSpriteCleaned/0214heracross/heracross-mega.png,mapped,variant-index
/content/drive/MyDrive/612 data/ProjectPokemonCleaned/0214heracross/poke_capture_0214_001_mf_n_00000000_f_r.png,/content/drive/MyDrive/612 data/PokeSpriteCleaned/0214heracross/heracross-mega_shiny.png,mapped,variant-index
/content/drive/MyDrive/612 data/ProjectPokemonCleaned/0215sneasel/poke_capture_0215_000_fd_n_00000000_f_n.png,/content/drive/MyDrive/612 data/PokeSpriteCleaned/0215sneasel/sneasel hisui.png,mapped,variant-index
/content/drive/MyDrive/612 data/ProjectPokemonCleaned/0215sneasel/poke_capture_0215_000_fd_n_00000000_f_r.png,/content/drive/MyDrive/612 data/PokeSpriteCleaned/0215sneasel/sneasel hisui_shiny.png,mapped,variant-index
/content/drive/MyDrive/612 data/ProjectPokemonCleaned/0215sneasel/poke_capture_0215_000_md_n_00000000_f_n.png,/content/drive/MyDrive/612 data/PokeSpriteCleaned/0215sneasel/sneasel hisui.png,mapped,variant-index
/content/drive/MyDrive/612 data/ProjectPokemonCleaned/0215sneasel/poke_capture_0215_000_md_n_00000000_f_r.png,/content/drive/MyDrive/612 data/PokeSpriteCleaned/0215sneasel/sneasel hisui_shiny.png,mapped,variant-index
/content/drive/MyDrive/612 data/ProjectPokemonCleaned/0216teddiursa/poke_capture_0216_000_mf_n_00000000_f_n.png,/content/drive/MyDrive/612 data/PokeSpriteCleaned/0216teddiursa/teddiursa.png,mapped,variant-index
/content/drive/MyDrive/612 data/ProjectPokemonCleaned/0216teddiursa/poke_capture_0216_000_mf_n_00000000_f_r.png,/content/drive/MyDrive/612 data/PokeSpriteCleaned/0216teddiursa/teddiursa_shiny.png,mapped,variant-index
/content/drive/MyDrive/612 data/ProjectPokemonCleaned/0217ursaring/poke_capture_0217_000_fd_n_00000000_f_n.png,/content/drive/MyDrive/612 data/PokeSpriteCleaned/0217ursaring/ursaring.png,mapped,variant-index
/content/drive/MyDrive/612 data/ProjectPokemonCleaned/0217ursaring/poke_capture_0217_000_fd_n_00000000_f_r.png,/content/drive/MyDrive/612 data/PokeSpriteCleaned/0217ursaring/ursaring_shiny.png,mapped,variant-index
/content/drive/MyDrive/612 data/ProjectPokemonCleaned/0217ursaring/poke_capture_0217_000_md_n_00000000_f_n.png,/content/drive/MyDrive/612 data/PokeSpriteCleaned/0217ursaring/ursaring.png,mapped,variant-index
/content/drive/MyDrive/612 data/ProjectPokemonCleaned/0217ursaring/poke_capture_0217_000_md_n_00000000_f_r.png,/content/drive/MyDrive/612 data/PokeSpriteCleaned/0217ursaring/ursaring_shiny.png,mapped,variant-index
/content/drive/MyDrive/612 data/ProjectPokemonCleaned/0218slugma/poke_capture_0218_000_mf_n_00000000_f_n.png,/content/drive/MyDrive/612 data/PokeSpriteCleaned/0218slugma/slugma.png,mapped,variant-index
/content/drive/MyDrive/612 data/ProjectPokemonCleaned/0218slugma/poke_capture_0218_000_mf_n_00000000_f_r.png,/content/drive/MyDrive/612 data/PokeSpriteCleaned/0218slugma/slugma_shiny.png,mapped,variant-index
/content/drive/MyDrive/612 data/ProjectPokemonCleaned/0219magcargo/poke_capture_0219_000_mf_n_00000000_f_n.png,/content/drive/MyDrive/612 data/PokeSpriteCleaned/0219magcargo/magcargo.png,mapped,variant-index
/content/drive/MyDrive/612 data/ProjectPokemonCleaned/0219magcargo/poke_capture_0219_000_mf_n_00000000_f_r.png,/content/drive/MyDrive/612 data/PokeSpriteCleaned/0219magcargo/magcargo_shiny.png,mapped,variant-index
/content/drive/MyDrive/612 data/ProjectPokemonCleaned/0220swinub/poke_capture_0220_000_mf_n_00000000_f_n.png,/content/drive/MyDrive/612 data/PokeSpriteCleaned/0220swinub/swinub.png,mapped,variant-index
/content/drive/MyDrive/612 data/ProjectPokemonCleaned/0220swinub/poke_capture_0220_000_mf_n_00000000_f_r.png,/content/drive/MyDrive/612 data/PokeSpriteCleaned/0220swinub/swinub_shiny.png,mapped,variant-index
/content/drive/MyDrive/612 data/ProjectPokemonCleaned/0221piloswine/poke_capture_0221_000_fd_n_00000000_f_n.png,/content/drive/MyDrive/612 data/PokeSpriteCleaned/0221piloswine/piloswine.png,mapped,variant-index
/content/drive/MyDrive/612 data/ProjectPokemonCleaned/0221piloswine/poke_capture_0221_000_fd_n_00000000_f_r.png,/content/drive/MyDrive/612 data/PokeSpriteCleaned/0221piloswine/piloswine_shiny.png,mapped,variant-index
/content/drive/MyDrive/612 data/ProjectPokemonCleaned/0221piloswine/poke_capture_0221_000_md_n_00000000_f_n.png,/content/drive/MyDrive/612 data/PokeSpriteCleaned/0221piloswine/piloswine.png,mapped,variant-index
/content/drive/MyDrive/612 data/ProjectPokemonCleaned/0221piloswine/poke_capture_0221_000_md_n_00000000_f_r.png,/content/drive/MyDrive/612 data/PokeSpriteCleaned/0221piloswine/piloswine_shiny.png,mapped,variant-index
/content/drive/MyDrive/612 data/ProjectPokemonCleaned/0222corsola/poke_capture_0222_000_mf_n_00000000_f_n.png,/content/drive/MyDrive/612 data/PokeSpriteCleaned/0222corsola/corsola galar.png,mapped,variant-index
/content/drive/MyDrive/612 data/ProjectPokemonCleaned/0222corsola/poke_capture_0222_000_mf_n_00000000_f_r.png,/content/drive/MyDrive/612 data/PokeSpriteCleaned/0222corsola/corsola galar_shiny.png,mapped,variant-index
/content/drive/MyDrive/612 data/ProjectPokemonCleaned/0222corsola/poke_capture_0222_001_mf_n_00000000_f_n.png,/content/drive/MyDrive/612 data/PokeSpriteCleaned/0222corsola/corsola.png,mapped,variant-index
/content/drive/MyDrive/612 data/ProjectPokemonCleaned/0222corsola/poke_capture_0222_001_mf_n_00000000_f_r.png,/content/drive/MyDrive/612 data/PokeSpriteCleaned/0222corsola/corsola_shiny.png,mapped,variant-index
/content/drive/MyDrive/612 data/ProjectPokemonCleaned/0223remoraid/poke_capture_0223_000_mf_n_00000000_f_n.png,/content/drive/MyDrive/612 data/PokeSpriteCleaned/0223remoraid/remoraid.png,mapped,variant-index
/content/drive/MyDrive/612 data/ProjectPokemonCleaned/0223remoraid/poke_capture_0223_000_mf_n_00000000_f_r.png,/content/drive/MyDrive/612 data/PokeSpriteCleaned/0223remoraid/remoraid_shiny.png,mapped,variant-index
/content/drive/MyDrive/612 data/ProjectPokemonCleaned/0224octillery/poke_capture_0224_000_fd_n_00000000_f_n.png,/content/drive/MyDrive/612 data/PokeSpriteCleaned/0224octillery/octillery.png,mapped,variant-index
/content/drive/MyDrive/612 data/ProjectPokemonCleaned/0224octillery/poke_capture_0224_000_fd_n_00000000_f_r.png,/content/drive/MyDrive/612 data/PokeSpriteCleaned/0224octillery/octillery_shiny.png,mapped,variant-index
/content/drive/MyDrive/612 data/ProjectPokemonCleaned/0224octillery/poke_capture_0224_000_md_n_00000000_f_n.png,/content/drive/MyDrive/612 data/PokeSpriteCleaned/0224octillery/octillery.png,mapped,variant-index
/content/drive/MyDrive/612 data/ProjectPokemonCleaned/0224octillery/poke_capture_0224_000_md_n_00000000_f_r.png,/content/drive/MyDrive/612 data/PokeSpriteCleaned/0224octillery/octillery_shiny.png,mapped,variant-index
/content/drive/MyDrive/612 data/ProjectPokemonCleaned/0225delibird/poke_capture_0225_000_mf_n_00000000_f_n.png,/content/drive/MyDrive/612 data/PokeSpriteCleaned/0225delibird/delibird.png,mapped,variant-index
/content/drive/MyDrive/612 data/ProjectPokemonCleaned/0225delibird/poke_capture_0225_000_mf_n_00000000_f_r.png,/content/drive/MyDrive/612 data/PokeSpriteCleaned/0225delibird/delibird_shiny.png,mapped,variant-index
/content/drive/MyDrive/612 data/ProjectPokemonCleaned/0226mantine/poke_capture_0226_000_mf_n_00000000_f_n.png,/content/drive/MyDrive/612 data/PokeSpriteCleaned/0226mantine/mantine.png,mapped,variant-index
/content/drive/MyDrive/612 data/ProjectPokemonCleaned/0226mantine/poke_capture_0226_000_mf_n_00000000_f_r.png,/content/drive/MyDrive/612 data/PokeSpriteCleaned/0226mantine/mantine_shiny.png,mapped,variant-index
/content/drive/MyDrive/612 data/ProjectPokemonCleaned/0227skarmory/poke_capture_0227_000_mf_n_00000000_f_n.png,/content/drive/MyDrive/612 data/PokeSpriteCleaned/0227skarmory/skarmory.png,mapped,variant-index
/content/drive/MyDrive/612 data/ProjectPokemonCleaned/0227skarmory/poke_capture_0227_000_mf_n_00000000_f_r.png,/content/drive/MyDrive/612 data/PokeSpriteCleaned/0227skarmory/skarmory_shiny.png,mapped,variant-index
/content/drive/MyDrive/612 data/ProjectPokemonCleaned/0228houndour/poke_capture_0228_000_mf_n_00000000_f_n.png,/content/drive/MyDrive/612 data/PokeSpriteCleaned/0228houndour/houndour.png,mapped,variant-index
/content/drive/MyDrive/612 data/ProjectPokemonCleaned/0228houndour/poke_capture_0228_000_mf_n_00000000_f_r.png,/content/drive/MyDrive/612 data/PokeSpriteCleaned/0228houndour/houndour_shiny.png,mapped,variant-index
/content/drive/MyDrive/612 data/ProjectPokemonCleaned/0229houndoom/poke_capture_0229_000_fd_n_00000000_f_n.png,/content/drive/MyDrive/612 data/PokeSpriteCleaned/0229houndoom/houndoom.png,mapped,variant-index
/content/drive/MyDrive/612 data/ProjectPokemonCleaned/0229houndoom/poke_capture_0229_000_fd_n_00000000_f_r.png,/content/drive/MyDrive/612 data/PokeSpriteCleaned/0229houndoom/houndoom_shiny.png,mapped,variant-index
/content/drive/MyDrive/612 data/ProjectPokemonCleaned/0229houndoom/poke_capture_0229_000_md_n_00000000_f_n.png,/content/drive/MyDrive/612 data/PokeSpriteCleaned/0229houndoom/houndoom.png,mapped,variant-index
/content/drive/MyDrive/612 data/ProjectPokemonCleaned/0229houndoom/poke_capture_0229_000_md_n_00000000_f_r.png,/content/drive/MyDrive/612 data/PokeSpriteCleaned/0229houndoom/houndoom_shiny.png,mapped,variant-index
/content/drive/MyDrive/612 data/ProjectPokemonCleaned/0229houndoom/poke_capture_0229_001_mf_n_00000000_f_n.png,/content/drive/MyDrive/612 data/PokeSpriteCleaned/0229houndoom/houndoom-mega.png,mapped,variant-index
/content/drive/MyDrive/612 data/ProjectPokemonCleaned/0229houndoom/poke_capture_0229_001_mf_n_00000000_f_r.png,/content/drive/MyDrive/612 data/PokeSpriteCleaned/0229houndoom/houndoom-mega_shiny.png,mapped,variant-index
/content/drive/MyDrive/612 data/ProjectPokemonCleaned/0230kingdra/poke_capture_0230_000_mf_n_00000000_f_n.png,/content/drive/MyDrive/612 data/PokeSpriteCleaned/0230kingdra/kingdra.png,mapped,variant-index
/content/drive/MyDrive/612 data/ProjectPokemonCleaned/0230kingdra/poke_capture_0230_000_mf_n_00000000_f_r.png,/content/drive/MyDrive/612 data/PokeSpriteCleaned/0230kingdra/kingdra_shiny.png,mapped,variant-index
/content/drive/MyDrive/612 data/ProjectPokemonCleaned/0231phanpy/poke_capture_0231_000_mf_n_00000000_f_n.png,/content/drive/MyDrive/612 data/PokeSpriteCleaned/0231phanpy/phanpy.png,mapped,variant-index
/content/drive/MyDrive/612 data/ProjectPokemonCleaned/0231phanpy/poke_capture_0231_000_mf_n_00000000_f_r.png,/content/drive/MyDrive/612 data/PokeSpriteCleaned/0231phanpy/phanpy_shiny.png,mapped,variant-index
/content/drive/MyDrive/612 data/ProjectPokemonCleaned/0232donphan/poke_capture_0232_000_fd_n_00000000_f_n.png,/content/drive/MyDrive/612 data/PokeSpriteCleaned/0232donphan/donphan.png,mapped,variant-index
/content/drive/MyDrive/612 data/ProjectPokemonCleaned/0232donphan/poke_capture_0232_000_fd_n_00000000_f_r.png,/content/drive/MyDrive/612 data/PokeSpriteCleaned/0232donphan/donphan_shiny.png,mapped,variant-index
/content/drive/MyDrive/612 data/ProjectPokemonCleaned/0232donphan/poke_capture_0232_000_md_n_00000000_f_n.png,/content/drive/MyDrive/612 data/PokeSpriteCleaned/0232donphan/donphan.png,mapped,variant-index
/content/drive/MyDrive/612 data/ProjectPokemonCleaned/0232donphan/poke_capture_0232_000_md_n_00000000_f_r.png,/content/drive/MyDrive/612 data/PokeSpriteCleaned/0232donphan/donphan_shiny.png,mapped,variant-index
/content/drive/MyDrive/612 data/ProjectPokemonCleaned/0233porygon2/poke_capture_0233_000_uk_n_00000000_f_n.png,/content/drive/MyDrive/612 data/PokeSpriteCleaned/0233porygon2/porygon2.png,mapped,variant-index
/content/drive/MyDrive/612 data/ProjectPokemonCleaned/0233porygon2/poke_capture_0233_000_uk_n_00000000_f_r.png,/content/drive/MyDrive/612 data/PokeSpriteCleaned/0233porygon2/porygon2_shiny.png,mapped,variant-index
/content/drive/MyDrive/612 data/ProjectPokemonCleaned/0234stantler/poke_capture_0234_000_mf_n_00000000_f_n.png,/content/drive/MyDrive/612 data/PokeSpriteCleaned/0234stantler/stantler.png,mapped,variant-index
/content/drive/MyDrive/612 data/ProjectPokemonCleaned/0234stantler/poke_capture_0234_000_mf_n_00000000_f_r.png,/content/drive/MyDrive/612 data/PokeSpriteCleaned/0234stantler/stantler_shiny.png,mapped,variant-index
/content/drive/MyDrive/612 data/ProjectPokemonCleaned/0235smeargle/poke_capture_0235_000_mf_n_00000000_f_n.png,/content/drive/MyDrive/612 data/PokeSpriteCleaned/0235smeargle/smeargle.png,mapped,variant-index
/content/drive/MyDrive/612 data/ProjectPokemonCleaned/0235smeargle/poke_capture_0235_000_mf_n_00000000_f_r.png,/content/drive/MyDrive/612 data/PokeSpriteCleaned/0235smeargle/smeargle_shiny.png,mapped,variant-index
/content/drive/MyDrive/612 data/ProjectPokemonCleaned/0236tyrogue/poke_capture_0236_000_mo_n_00000000_f_n.png,/content/drive/MyDrive/612 data/PokeSpriteCleaned/0236tyrogue/tyrogue.png,mapped,variant-index
/content/drive/MyDrive/612 data/ProjectPokemonCleaned/0236tyrogue/poke_capture_0236_000_mo_n_00000000_f_r.png,/content/drive/MyDrive/612 data/PokeSpriteCleaned/0236tyrogue/tyrogue_shiny.png,mapped,variant-index
/content/drive/MyDrive/612 data/ProjectPokemonCleaned/0237hitmontop/poke_capture_0237_000_mo_n_00000000_f_n.png,/content/drive/MyDrive/612 data/PokeSpriteCleaned/0237hitmontop/hitmontop.png,mapped,variant-index
/content/drive/MyDrive/612 data/ProjectPokemonCleaned/0237hitmontop/poke_capture_0237_000_mo_n_00000000_f_r.png,/content/drive/MyDrive/612 data/PokeSpriteCleaned/0237hitmontop/hitmontop_shiny.png,mapped,variant-index
/content/drive/MyDrive/612 data/ProjectPokemonCleaned/0238smoochum/poke_capture_0238_000_fo_n_00000000_f_n.png,/content/drive/MyDrive/612 data/PokeSpriteCleaned/0238smoochum/smoochum.png,mapped,variant-index
/content/drive/MyDrive/612 data/ProjectPokemonCleaned/0238smoochum/poke_capture_0238_000_fo_n_00000000_f_r.png,/content/drive/MyDrive/612 data/PokeSpriteCleaned/0238smoochum/smoochum_shiny.png,mapped,variant-index
/content/drive/MyDrive/612 data/ProjectPokemonCleaned/0239elekid/poke_capture_0239_000_mf_n_00000000_f_n.png,/content/drive/MyDrive/612 data/PokeSpriteCleaned/0239elekid/elekid.png,mapped,variant-index
/content/drive/MyDrive/612 data/ProjectPokemonCleaned/0239elekid/poke_capture_0239_000_mf_n_00000000_f_r.png,/content/drive/MyDrive/612 data/PokeSpriteCleaned/0239elekid/elekid_shiny.png,mapped,variant-index
/content/drive/MyDrive/612 data/ProjectPokemonCleaned/0240magby/poke_capture_0240_000_mf_n_00000000_f_n.png,/content/drive/MyDrive/612 data/PokeSpriteCleaned/0240magby/magby.png,mapped,variant-index
/content/drive/MyDrive/612 data/ProjectPokemonCleaned/0240magby/poke_capture_0240_000_mf_n_00000000_f_r.png,/content/drive/MyDrive/612 data/PokeSpriteCleaned/0240magby/magby_shiny.png,mapped,variant-index
/content/drive/MyDrive/612 data/ProjectPokemonCleaned/0241miltank/poke_capture_0241_000_fo_n_00000000_f_n.png,/content/drive/MyDrive/612 data/PokeSpriteCleaned/0241miltank/miltank.png,mapped,variant-index
/content/drive/MyDrive/612 data/ProjectPokemonCleaned/0241miltank/poke_capture_0241_000_fo_n_00000000_f_r.png,/content/drive/MyDrive/612 data/PokeSpriteCleaned/0241miltank/miltank_shiny.png,mapped,variant-index
/content/drive/MyDrive/612 data/ProjectPokemonCleaned/0242blissey/poke_capture_0242_000_fo_n_00000000_f_n.png,/content/drive/MyDrive/612 data/PokeSpriteCleaned/0242blissey/blissey.png,mapped,variant-index
/content/drive/MyDrive/612 data/ProjectPokemonCleaned/0242blissey/poke_capture_0242_000_fo_n_00000000_f_r.png,/content/drive/MyDrive/612 data/PokeSpriteCleaned/0242blissey/blissey_shiny.png,mapped,variant-index
/content/drive/MyDrive/612 data/ProjectPokemonCleaned/0243raikou/poke_capture_0243_000_uk_n_00000000_f_n.png,/content/drive/MyDrive/612 data/PokeSpriteCleaned/0243raikou/raikou.png,mapped,variant-index
/content/drive/MyDrive/612 data/ProjectPokemonCleaned/0243raikou/poke_capture_0243_000_uk_n_00000000_f_r.png,/content/drive/MyDrive/612 data/PokeSpriteCleaned/0243raikou/raikou_shiny.png,mapped,variant-index
/content/drive/MyDrive/612 data/ProjectPokemonCleaned/0244entei/poke_capture_0244_000_uk_n_00000000_f_n.png,/content/drive/MyDrive/612 data/PokeSpriteCleaned/0244entei/entei.png,mapped,variant-index
/content/drive/MyDrive/612 data/ProjectPokemonCleaned/0244entei/poke_capture_0244_000_uk_n_00000000_f_r.png,/content/drive/MyDrive/612 data/PokeSpriteCleaned/0244entei/entei_shiny.png,mapped,variant-index
/content/drive/MyDrive/612 data/ProjectPokemonCleaned/0245suicune/poke_capture_0245_000_uk_n_00000000_f_n.png,/content/drive/MyDrive/612 data/PokeSpriteCleaned/0245suicune/suicune.png,mapped,variant-index
/content/drive/MyDrive/612 data/ProjectPokemonCleaned/0245suicune/poke_capture_0245_000_uk_n_00000000_f_r.png,/content/drive/MyDrive/612 data/PokeSpriteCleaned/0245suicune/suicune_shiny.png,mapped,variant-index
/content/drive/MyDrive/612 data/ProjectPokemonCleaned/0246larvitar/poke_capture_0246_000_mf_n_00000000_f_n.png,/content/drive/MyDrive/612 data/PokeSpriteCleaned/0246larvitar/larvitar.png,mapped,variant-index
/content/drive/MyDrive/612 data/ProjectPokemonCleaned/0246larvitar/poke_capture_0246_000_mf_n_00000000_f_r.png,/content/drive/MyDrive/612 data/PokeSpriteCleaned/0246larvitar/larvitar_shiny.png,mapped,variant-index
/content/drive/MyDrive/612 data/ProjectPokemonCleaned/0247pupitar/poke_capture_0247_000_mf_n_00000000_f_n.png,/content/drive/MyDrive/612 data/PokeSpriteCleaned/0247pupitar/pupitar.png,mapped,variant-index
/content/drive/MyDrive/612 data/ProjectPokemonCleaned/0247pupitar/poke_capture_0247_000_mf_n_00000000_f_r.png,/content/drive/MyDrive/612 data/PokeSpriteCleaned/0247pupitar/pupitar_shiny.png,mapped,variant-index
/content/drive/MyDrive/612 data/ProjectPokemonCleaned/0248tyranitar/poke_capture_0248_000_mf_n_00000000_f_n.png,/content/drive/MyDrive/612 data/PokeSpriteCleaned/0248tyranitar/tyranitar.png,mapped,variant-index
/content/drive/MyDrive/612 data/ProjectPokemonCleaned/0248tyranitar/poke_capture_0248_000_mf_n_00000000_f_r.png,/content/drive/MyDrive/612 data/PokeSpriteCleaned/0248tyranitar/tyranitar_shiny.png,mapped,variant-index
/content/drive/MyDrive/612 data/ProjectPokemonCleaned/0248tyranitar/poke_capture_0248_001_mf_n_00000000_f_n.png,/content/drive/MyDrive/612 data/PokeSpriteCleaned/0248tyranitar/tyranitar-mega.png,mapped,variant-index
/content/drive/MyDrive/612 data/ProjectPokemonCleaned/0248tyranitar/poke_capture_0248_001_mf_n_00000000_f_r.png,/content/drive/MyDrive/612 data/PokeSpriteCleaned/0248tyranitar/tyranitar-mega_shiny.png,mapped,variant-index
/content/drive/MyDrive/612 data/ProjectPokemonCleaned/0249lugia/poke_capture_0249_000_uk_n_00000000_f_n.png,/content/drive/MyDrive/612 data/PokeSpriteCleaned/0249lugia/lugia.png,mapped,variant-index
/content/drive/MyDrive/612 data/ProjectPokemonCleaned/0249lugia/poke_capture_0249_000_uk_n_00000000_f_r.png,/content/drive/MyDrive/612 data/PokeSpriteCleaned/0249lugia/lugia_shiny.png,mapped,variant-index
/content/drive/MyDrive/612 data/ProjectPokemonCleaned/0250ho-oh/poke_capture_0250_000_uk_n_00000000_f_n.png,/content/drive/MyDrive/612 data/PokeSpriteCleaned/0250ho-oh/ho-oh.png,mapped,variant-index
/content/drive/MyDrive/612 data/ProjectPokemonCleaned/0250ho-oh/poke_capture_0250_000_uk_n_00000000_f_r.png,/content/drive/MyDrive/612 data/PokeSpriteCleaned/0250ho-oh/ho-oh_shiny.png,mapped,variant-index
/content/drive/MyDrive/612 data/ProjectPokemonCleaned/0251celebi/poke_capture_0251_000_uk_n_00000000_f_n.png,/content/drive/MyDrive/612 data/PokeSpriteCleaned/0251celebi/celebi.png,mapped,variant-index
/content/drive/MyDrive/612 data/ProjectPokemonCleaned/0251celebi/poke_capture_0251_000_uk_n_00000000_f_r.png,/content/drive/MyDrive/612 data/PokeSpriteCleaned/0251celebi/celebi_shiny.png,mapped,variant-index
/content/drive/MyDrive/612 data/ProjectPokemonCleaned/0252treecko/poke_capture_0252_000_mf_n_00000000_f_n.png,/content/drive/MyDrive/612 data/PokeSpriteCleaned/0252treecko/treecko.png,mapped,variant-index
/content/drive/MyDrive/612 data/ProjectPokemonCleaned/0252treecko/poke_capture_0252_000_mf_n_00000000_f_r.png,/content/drive/MyDrive/612 data/PokeSpriteCleaned/0252treecko/treecko_shiny.png,mapped,variant-index
/content/drive/MyDrive/612 data/ProjectPokemonCleaned/0253grovyle/poke_capture_0253_000_mf_n_00000000_f_n.png,/content/drive/MyDrive/612 data/PokeSpriteCleaned/0253grovyle/grovyle.png,mapped,variant-index
/content/drive/MyDrive/612 data/ProjectPokemonCleaned/0253grovyle/poke_capture_0253_000_mf_n_00000000_f_r.png,/content/drive/MyDrive/612 data/PokeSpriteCleaned/0253grovyle/grovyle_shiny.png,mapped,variant-index
/content/drive/MyDrive/612 data/ProjectPokemonCleaned/0254sceptile/poke_capture_0254_000_mf_n_00000000_f_n.png,/content/drive/MyDrive/612 data/PokeSpriteCleaned/0254sceptile/sceptile.png,mapped,variant-index
/content/drive/MyDrive/612 data/ProjectPokemonCleaned/0254sceptile/poke_capture_0254_000_mf_n_00000000_f_r.png,/content/drive/MyDrive/612 data/PokeSpriteCleaned/0254sceptile/sceptile_shiny.png,mapped,variant-index
/content/drive/MyDrive/612 data/ProjectPokemonCleaned/0254sceptile/poke_capture_0254_001_mf_n_00000000_f_n.png,/content/drive/MyDrive/612 data/PokeSpriteCleaned/0254sceptile/sceptile-mega.png,mapped,variant-index
/content/drive/MyDrive/612 data/ProjectPokemonCleaned/0254sceptile/poke_capture_0254_001_mf_n_00000000_f_r.png,/content/drive/MyDrive/612 data/PokeSpriteCleaned/0254sceptile/sceptile-mega_shiny.png,mapped,variant-index
/content/drive/MyDrive/612 data/ProjectPokemonCleaned/0255torchic/poke_capture_0255_000_fd_n_00000000_f_n.png,/content/drive/MyDrive/612 data/PokeSpriteCleaned/0255torchic/torchic.png,mapped,variant-index
/content/drive/MyDrive/612 data/ProjectPokemonCleaned/0255torchic/poke_capture_0255_000_fd_n_00000000_f_r.png,/content/drive/MyDrive/612 data/PokeSpriteCleaned/0255torchic/torchic_shiny.png,mapped,variant-index
/content/drive/MyDrive/612 data/ProjectPokemonCleaned/0256combusken/poke_capture_0256_000_fd_n_00000000_f_n.png,/content/drive/MyDrive/612 data/PokeSpriteCleaned/0256combusken/combusken.png,mapped,variant-index
/content/drive/MyDrive/612 data/ProjectPokemonCleaned/0256combusken/poke_capture_0256_000_fd_n_00000000_f_r.png,/content/drive/MyDrive/612 data/PokeSpriteCleaned/0256combusken/combusken_shiny.png,mapped,variant-index
/content/drive/MyDrive/612 data/ProjectPokemonCleaned/0256combusken/poke_capture_0256_000_md_n_00000000_f_n.png,/content/drive/MyDrive/612 data/PokeSpriteCleaned/0256combusken/combusken.png,mapped,variant-index
/content/drive/MyDrive/612 data/ProjectPokemonCleaned/0256combusken/poke_capture_0256_000_md_n_00000000_f_r.png,/content/drive/MyDrive/612 data/PokeSpriteCleaned/0256combusken/combusken_shiny.png,mapped,variant-index
/content/drive/MyDrive/612 data/ProjectPokemonCleaned/0257blaziken/poke_capture_0257_000_fd_n_00000000_f_n.png,/content/drive/MyDrive/612 data/PokeSpriteCleaned/0257blaziken/blaziken.png,mapped,variant-index
/content/drive/MyDrive/612 data/ProjectPokemonCleaned/0257blaziken/poke_capture_0257_000_fd_n_00000000_f_r.png,/content/drive/MyDrive/612 data/PokeSpriteCleaned/0257blaziken/blaziken_shiny.png,mapped,variant-index
/content/drive/MyDrive/612 data/ProjectPokemonCleaned/0257blaziken/poke_capture_0257_000_md_n_00000000_f_n.png,/content/drive/MyDrive/612 data/PokeSpriteCleaned/0257blaziken/blaziken.png,mapped,variant-index
/content/drive/MyDrive/612 data/ProjectPokemonCleaned/0257blaziken/poke_capture_0257_000_md_n_00000000_f_r.png,/content/drive/MyDrive/612 data/PokeSpriteCleaned/0257blaziken/blaziken_shiny.png,mapped,variant-index
/content/drive/MyDrive/612 data/ProjectPokemonCleaned/0257blaziken/poke_capture_0257_001_mf_n_00000000_f_n.png,/content/drive/MyDrive/612 data/PokeSpriteCleaned/0257blaziken/blaziken-mega.png,mapped,variant-index
/content/drive/MyDrive/612 data/ProjectPokemonCleaned/0257blaziken/poke_capture_0257_001_mf_n_00000000_f_r.png,/content/drive/MyDrive/612 data/PokeSpriteCleaned/0257blaziken/blaziken-mega_shiny.png,mapped,variant-index
/content/drive/MyDrive/612 data/ProjectPokemonCleaned/0258mudkip/poke_capture_0258_000_mf_n_00000000_f_n.png,/content/drive/MyDrive/612 data/PokeSpriteCleaned/0258mudkip/mudkip.png,mapped,variant-index
/content/drive/MyDrive/612 data/ProjectPokemonCleaned/0258mudkip/poke_capture_0258_000_mf_n_00000000_f_r.png,/content/drive/MyDrive/612 data/PokeSpriteCleaned/0258mudkip/mudkip_shiny.png,mapped,variant-index
/content/drive/MyDrive/612 data/ProjectPokemonCleaned/0259marshtomp/poke_capture_0259_000_mf_n_00000000_f_n.png,/content/drive/MyDrive/612 data/PokeSpriteCleaned/0259marshtomp/marshtomp.png,mapped,variant-index
/content/drive/MyDrive/612 data/ProjectPokemonCleaned/0259marshtomp/poke_capture_0259_000_mf_n_00000000_f_r.png,/content/drive/MyDrive/612 data/PokeSpriteCleaned/0259marshtomp/marshtomp_shiny.png,mapped,variant-index
/content/drive/MyDrive/612 data/ProjectPokemonCleaned/0260swampert/poke_capture_0260_000_mf_n_00000000_f_n.png,/content/drive/MyDrive/612 data/PokeSpriteCleaned/0260swampert/swampert.png,mapped,variant-index
/content/drive/MyDrive/612 data/ProjectPokemonCleaned/0260swampert/poke_capture_0260_000_mf_n_00000000_f_r.png,/content/drive/MyDrive/612 data/PokeSpriteCleaned/0260swampert/swampert_shiny.png,mapped,variant-index
/content/drive/MyDrive/612 data/ProjectPokemonCleaned/0260swampert/poke_capture_0260_001_mf_n_00000000_f_n.png,/content/drive/MyDrive/612 data/PokeSpriteCleaned/0260swampert/swampert-mega.png,mapped,variant-index
/content/drive/MyDrive/612 data/ProjectPokemonCleaned/0260swampert/poke_capture_0260_001_mf_n_00000000_f_r.png,/content/drive/MyDrive/612 data/PokeSpriteCleaned/0260swampert/swampert-mega_shiny.png,mapped,variant-index
/content/drive/MyDrive/612 data/ProjectPokemonCleaned/0261poochyena/poke_capture_0261_000_mf_n_00000000_f_n.png,/content/drive/MyDrive/612 data/PokeSpriteCleaned/0261poochyena/poochyena.png,mapped,variant-index
/content/drive/MyDrive/612 data/ProjectPokemonCleaned/0261poochyena/poke_capture_0261_000_mf_n_00000000_f_r.png,/content/drive/MyDrive/612 data/PokeSpriteCleaned/0261poochyena/poochyena_shiny.png,mapped,variant-index
/content/drive/MyDrive/612 data/ProjectPokemonCleaned/0262mightyena/poke_capture_0262_000_mf_n_00000000_f_n.png,/content/drive/MyDrive/612 data/PokeSpriteCleaned/0262mightyena/mightyena.png,mapped,variant-index
/content/drive/MyDrive/612 data/ProjectPokemonCleaned/0262mightyena/poke_capture_0262_000_mf_n_00000000_f_r.png,/content/drive/MyDrive/612 data/PokeSpriteCleaned/0262mightyena/mightyena_shiny.png,mapped,variant-index
/content/drive/MyDrive/612 data/ProjectPokemonCleaned/0263zigzagoon/poke_capture_0263_000_mf_n_00000000_f_n.png,/content/drive/MyDrive/612 data/PokeSpriteCleaned/0263zigzagoon/zigzagoon galar.png,mapped,variant-index
/content/drive/MyDrive/612 data/ProjectPokemonCleaned/0263zigzagoon/poke_capture_0263_000_mf_n_00000000_f_r.png,/content/drive/MyDrive/612 data/PokeSpriteCleaned/0263zigzagoon/zigzagoon galar_shiny.png,mapped,variant-index
/content/drive/MyDrive/612 data/ProjectPokemonCleaned/0263zigzagoon/poke_capture_0263_001_mf_n_00000000_f_n.png,/content/drive/MyDrive/612 data/PokeSpriteCleaned/0263zigzagoon/zigzagoon.png,mapped,variant-index
/content/drive/MyDrive/612 data/ProjectPokemonCleaned/0263zigzagoon/poke_capture_0263_001_mf_n_00000000_f_r.png,/content/drive/MyDrive/612 data/PokeSpriteCleaned/0263zigzagoon/zigzagoon_shiny.png,mapped,variant-index
/content/drive/MyDrive/612 data/ProjectPokemonCleaned/0264linoone/poke_capture_0264_000_mf_n_00000000_f_n.png,/content/drive/MyDrive/612 data/PokeSpriteCleaned/0264linoone/linoone galar.png,mapped,variant-index
/content/drive/MyDrive/612 data/ProjectPokemonCleaned/0264linoone/poke_capture_0264_000_mf_n_00000000_f_r.png,/content/drive/MyDrive/612 data/PokeSpriteCleaned/0264linoone/linoone galar_shiny.png,mapped,variant-index
/content/drive/MyDrive/612 data/ProjectPokemonCleaned/0264linoone/poke_capture_0264_001_mf_n_00000000_f_n.png,/content/drive/MyDrive/612 data/PokeSpriteCleaned/0264linoone/linoone.png,mapped,variant-index
/content/drive/MyDrive/612 data/ProjectPokemonCleaned/0264linoone/poke_capture_0264_001_mf_n_00000000_f_r.png,/content/drive/MyDrive/612 data/PokeSpriteCleaned/0264linoone/linoone_shiny.png,mapped,variant-index
/content/drive/MyDrive/612 data/ProjectPokemonCleaned/0265wurmple/poke_capture_0265_000_mf_n_00000000_f_n.png,/content/drive/MyDrive/612 data/PokeSpriteCleaned/0265wurmple/wurmple.png,mapped,variant-index
/content/drive/MyDrive/612 data/ProjectPokemonCleaned/0265wurmple/poke_capture_0265_000_mf_n_00000000_f_r.png,/content/drive/MyDrive/612 data/PokeSpriteCleaned/0265wurmple/wurmple_shiny.png,mapped,variant-index
/content/drive/MyDrive/612 data/ProjectPokemonCleaned/0266silcoon/poke_capture_0266_000_mf_n_00000000_f_n.png,/content/drive/MyDrive/612 data/PokeSpriteCleaned/0266silcoon/silcoon.png,mapped,variant-index
/content/drive/MyDrive/612 data/ProjectPokemonCleaned/0266silcoon/poke_capture_0266_000_mf_n_00000000_f_r.png,/content/drive/MyDrive/612 data/PokeSpriteCleaned/0266silcoon/silcoon_shiny.png,mapped,variant-index
/content/drive/MyDrive/612 data/ProjectPokemonCleaned/0267beautifly/poke_capture_0267_000_fd_n_00000000_f_n.png,/content/drive/MyDrive/612 data/PokeSpriteCleaned/0267beautifly/beautifly.png,mapped,variant-index
/content/drive/MyDrive/612 data/ProjectPokemonCleaned/0267beautifly/poke_capture_0267_000_fd_n_00000000_f_r.png,/content/drive/MyDrive/612 data/PokeSpriteCleaned/0267beautifly/beautifly_shiny.png,mapped,variant-index
/content/drive/MyDrive/612 data/ProjectPokemonCleaned/0267beautifly/poke_capture_0267_000_md_n_00000000_f_n.png,/content/drive/MyDrive/612 data/PokeSpriteCleaned/0267beautifly/beautifly.png,mapped,variant-index
/content/drive/MyDrive/612 data/ProjectPokemonCleaned/0267beautifly/poke_capture_0267_000_md_n_00000000_f_r.png,/content/drive/MyDrive/612 data/PokeSpriteCleaned/0267beautifly/beautifly_shiny.png,mapped,variant-index
/content/drive/MyDrive/612 data/ProjectPokemonCleaned/0268cascoon/poke_capture_0268_000_mf_n_00000000_f_n.png,/content/drive/MyDrive/612 data/PokeSpriteCleaned/0268cascoon/cascoon.png,mapped,variant-index
/content/drive/MyDrive/612 data/ProjectPokemonCleaned/0268cascoon/poke_capture_0268_000_mf_n_00000000_f_r.png,/content/drive/MyDrive/612 data/PokeSpriteCleaned/0268cascoon/cascoon_shiny.png,mapped,variant-index
/content/drive/MyDrive/612 data/ProjectPokemonCleaned/0269dustox/poke_capture_0269_000_fd_n_00000000_f_n.png,/content/drive/MyDrive/612 data/PokeSpriteCleaned/0269dustox/dustox.png,mapped,variant-index
/content/drive/MyDrive/612 data/ProjectPokemonCleaned/0269dustox/poke_capture_0269_000_fd_n_00000000_f_r.png,/content/drive/MyDrive/612 data/PokeSpriteCleaned/0269dustox/dustox_shiny.png,mapped,variant-index
/content/drive/MyDrive/612 data/ProjectPokemonCleaned/0269dustox/poke_capture_0269_000_md_n_00000000_f_n.png,/content/drive/MyDrive/612 data/PokeSpriteCleaned/0269dustox/dustox.png,mapped,variant-index
/content/drive/MyDrive/612 data/ProjectPokemonCleaned/0269dustox/poke_capture_0269_000_md_n_00000000_f_r.png,/content/drive/MyDrive/612 data/PokeSpriteCleaned/0269dustox/dustox_shiny.png,mapped,variant-index
/content/drive/MyDrive/612 data/ProjectPokemonCleaned/0270lotad/poke_capture_0270_000_mf_n_00000000_f_n.png,/content/drive/MyDrive/612 data/PokeSpriteCleaned/0270lotad/lotad.png,mapped,variant-index
/content/drive/MyDrive/612 data/ProjectPokemonCleaned/0270lotad/poke_capture_0270_000_mf_n_00000000_f_r.png,/content/drive/MyDrive/612 data/PokeSpriteCleaned/0270lotad/lotad_shiny.png,mapped,variant-index
/content/drive/MyDrive/612 data/ProjectPokemonCleaned/0271lombre/poke_capture_0271_000_mf_n_00000000_f_n.png,/content/drive/MyDrive/612 data/PokeSpriteCleaned/0271lombre/lombre.png,mapped,variant-index
/content/drive/MyDrive/612 data/ProjectPokemonCleaned/0271lombre/poke_capture_0271_000_mf_n_00000000_f_r.png,/content/drive/MyDrive/612 data/PokeSpriteCleaned/0271lombre/lombre_shiny.png,mapped,variant-index
/content/drive/MyDrive/612 data/ProjectPokemonCleaned/0272ludicolo/poke_capture_0272_000_fd_n_00000000_f_n.png,/content/drive/MyDrive/612 data/PokeSpriteCleaned/0272ludicolo/ludicolo.png,mapped,variant-index
/content/drive/MyDrive/612 data/ProjectPokemonCleaned/0272ludicolo/poke_capture_0272_000_fd_n_00000000_f_r.png,/content/drive/MyDrive/612 data/PokeSpriteCleaned/0272ludicolo/ludicolo_shiny.png,mapped,variant-index
/content/drive/MyDrive/612 data/ProjectPokemonCleaned/0272ludicolo/poke_capture_0272_000_md_n_00000000_f_n.png,/content/drive/MyDrive/612 data/PokeSpriteCleaned/0272ludicolo/ludicolo.png,mapped,variant-index
/content/drive/MyDrive/612 data/ProjectPokemonCleaned/0272ludicolo/poke_capture_0272_000_md_n_00000000_f_r.png,/content/drive/MyDrive/612 data/PokeSpriteCleaned/0272ludicolo/ludicolo_shiny.png,mapped,variant-index
/content/drive/MyDrive/612 data/ProjectPokemonCleaned/0273seedot/poke_capture_0273_000_mf_n_00000000_f_n.png,/content/drive/MyDrive/612 data/PokeSpriteCleaned/0273seedot/seedot.png,mapped,variant-index
/content/drive/MyDrive/612 data/ProjectPokemonCleaned/0273seedot/poke_capture_0273_000_mf_n_00000000_f_r.png,/content/drive/MyDrive/612 data/PokeSpriteCleaned/0273seedot/seedot_shiny.png,mapped,variant-index
/content/drive/MyDrive/612 data/ProjectPokemonCleaned/0274nuzleaf/poke_capture_0274_000_fd_n_00000000_f_n.png,/content/drive/MyDrive/612 data/PokeSpriteCleaned/0274nuzleaf/nuzleaf.png,mapped,variant-index
/content/drive/MyDrive/612 data/ProjectPokemonCleaned/0274nuzleaf/poke_capture_0274_000_fd_n_00000000_f_r.png,/content/drive/MyDrive/612 data/PokeSpriteCleaned/0274nuzleaf/nuzleaf_shiny.png,mapped,variant-index
/content/drive/MyDrive/612 data/ProjectPokemonCleaned/0274nuzleaf/poke_capture_0274_000_md_n_00000000_f_n.png,/content/drive/MyDrive/612 data/PokeSpriteCleaned/0274nuzleaf/nuzleaf.png,mapped,variant-index
/content/drive/MyDrive/612 data/ProjectPokemonCleaned/0274nuzleaf/poke_capture_0274_000_md_n_00000000_f_r.png,/content/drive/MyDrive/612 data/PokeSpriteCleaned/0274nuzleaf/nuzleaf_shiny.png,mapped,variant-index
/content/drive/MyDrive/612 data/ProjectPokemonCleaned/0275shiftry/poke_capture_0275_000_fd_n_00000000_f_n.png,/content/drive/MyDrive/612 data/PokeSpriteCleaned/0275shiftry/shiftry.png,mapped,variant-index
/content/drive/MyDrive/612 data/ProjectPokemonCleaned/0275shiftry/poke_capture_0275_000_fd_n_00000000_f_r.png,/content/drive/MyDrive/612 data/PokeSpriteCleaned/0275shiftry/shiftry_shiny.png,mapped,variant-index
/content/drive/MyDrive/612 data/ProjectPokemonCleaned/0275shiftry/poke_capture_0275_000_md_n_00000000_f_n.png,/content/drive/MyDrive/612 data/PokeSpriteCleaned/0275shiftry/shiftry.png,mapped,variant-index
/content/drive/MyDrive/612 data/ProjectPokemonCleaned/0275shiftry/poke_capture_0275_000_md_n_00000000_f_r.png,/content/drive/MyDrive/612 data/PokeSpriteCleaned/0275shiftry/shiftry_shiny.png,mapped,variant-index
/content/drive/MyDrive/612 data/ProjectPokemonCleaned/0276taillow/poke_capture_0276_000_mf_n_00000000_f_n.png,/content/drive/MyDrive/612 data/PokeSpriteCleaned/0276taillow/taillow.png,mapped,variant-index
/content/drive/MyDrive/612 data/ProjectPokemonCleaned/0276taillow/poke_capture_0276_000_mf_n_00000000_f_r.png,/content/drive/MyDrive/612 data/PokeSpriteCleaned/0276taillow/taillow_shiny.png,mapped,variant-index
/content/drive/MyDrive/612 data/ProjectPokemonCleaned/0277swellow/poke_capture_0277_000_mf_n_00000000_f_n.png,/content/drive/MyDrive/612 data/PokeSpriteCleaned/0277swellow/swellow.png,mapped,variant-index
/content/drive/MyDrive/612 data/ProjectPokemonCleaned/0277swellow/poke_capture_0277_000_mf_n_00000000_f_r.png,/content/drive/MyDrive/612 data/PokeSpriteCleaned/0277swellow/swellow_shiny.png,mapped,variant-index
/content/drive/MyDrive/612 data/ProjectPokemonCleaned/0278wingull/poke_capture_0278_000_mf_n_00000000_f_n.png,/content/drive/MyDrive/612 data/PokeSpriteCleaned/0278wingull/wingull.png,mapped,variant-index
/content/drive/MyDrive/612 data/ProjectPokemonCleaned/0278wingull/poke_capture_0278_000_mf_n_00000000_f_r.png,/content/drive/MyDrive/612 data/PokeSpriteCleaned/0278wingull/wingull_shiny.png,mapped,variant-index
/content/drive/MyDrive/612 data/ProjectPokemonCleaned/0279pelipper/poke_capture_0279_000_mf_n_00000000_f_n.png,/content/drive/MyDrive/612 data/PokeSpriteCleaned/0279pelipper/pelipper.png,mapped,variant-index
/content/drive/MyDrive/612 data/ProjectPokemonCleaned/0279pelipper/poke_capture_0279_000_mf_n_00000000_f_r.png,/content/drive/MyDrive/612 data/PokeSpriteCleaned/0279pelipper/pelipper_shiny.png,mapped,variant-index
/content/drive/MyDrive/612 data/ProjectPokemonCleaned/0280ralts/poke_capture_0280_000_mf_n_00000000_f_n.png,/content/drive/MyDrive/612 data/PokeSpriteCleaned/0280ralts/ralts.png,mapped,variant-index
/content/drive/MyDrive/612 data/ProjectPokemonCleaned/0280ralts/poke_capture_0280_000_mf_n_00000000_f_r.png,/content/drive/MyDrive/612 data/PokeSpriteCleaned/0280ralts/ralts_shiny.png,mapped,variant-index
/content/drive/MyDrive/612 data/ProjectPokemonCleaned/0281kirlia/poke_capture_0281_000_mf_n_00000000_f_n.png,/content/drive/MyDrive/612 data/PokeSpriteCleaned/0281kirlia/kirlia.png,mapped,variant-index
/content/drive/MyDrive/612 data/ProjectPokemonCleaned/0281kirlia/poke_capture_0281_000_mf_n_00000000_f_r.png,/content/drive/MyDrive/612 data/PokeSpriteCleaned/0281kirlia/kirlia_shiny.png,mapped,variant-index
/content/drive/MyDrive/612 data/ProjectPokemonCleaned/0282gardevoir/poke_capture_0282_000_mf_n_00000000_f_n.png,/content/drive/MyDrive/612 data/PokeSpriteCleaned/0282gardevoir/gardevoir.png,mapped,variant-index
/content/drive/MyDrive/612 data/ProjectPokemonCleaned/0282gardevoir/poke_capture_0282_000_mf_n_00000000_f_r.png,/content/drive/MyDrive/612 data/PokeSpriteCleaned/0282gardevoir/gardevoir_shiny.png,mapped,variant-index
/content/drive/MyDrive/612 data/ProjectPokemonCleaned/0282gardevoir/poke_capture_0282_001_mf_n_00000000_f_n.png,/content/drive/MyDrive/612 data/PokeSpriteCleaned/0282gardevoir/gardevoir-mega.png,mapped,variant-index
/content/drive/MyDrive/612 data/ProjectPokemonCleaned/0282gardevoir/poke_capture_0282_001_mf_n_00000000_f_r.png,/content/drive/MyDrive/612 data/PokeSpriteCleaned/0282gardevoir/gardevoir-mega_shiny.png,mapped,variant-index
/content/drive/MyDrive/612 data/ProjectPokemonCleaned/0283surskit/poke_capture_0283_000_mf_n_00000000_f_n.png,/content/drive/MyDrive/612 data/PokeSpriteCleaned/0283surskit/surskit.png,mapped,variant-index
/content/drive/MyDrive/612 data/ProjectPokemonCleaned/0283surskit/poke_capture_0283_000_mf_n_00000000_f_r.png,/content/drive/MyDrive/612 data/PokeSpriteCleaned/0283surskit/surskit_shiny.png,mapped,variant-index
/content/drive/MyDrive/612 data/ProjectPokemonCleaned/0284masquerain/poke_capture_0284_000_mf_n_00000000_f_n.png,/content/drive/MyDrive/612 data/PokeSpriteCleaned/0284masquerain/masquerain.png,mapped,variant-index
/content/drive/MyDrive/612 data/ProjectPokemonCleaned/0284masquerain/poke_capture_0284_000_mf_n_00000000_f_r.png,/content/drive/MyDrive/612 data/PokeSpriteCleaned/0284masquerain/masquerain_shiny.png,mapped,variant-index
/content/drive/MyDrive/612 data/ProjectPokemonCleaned/0285shroomish/poke_capture_0285_000_mf_n_00000000_f_n.png,/content/drive/MyDrive/612 data/PokeSpriteCleaned/0285shroomish/shroomish.png,mapped,variant-index
/content/drive/MyDrive/612 data/ProjectPokemonCleaned/0285shroomish/poke_capture_0285_000_mf_n_00000000_f_r.png,/content/drive/MyDrive/612 data/PokeSpriteCleaned/0285shroomish/shroomish_shiny.png,mapped,variant-index
/content/drive/MyDrive/612 data/ProjectPokemonCleaned/0286breloom/poke_capture_0286_000_mf_n_00000000_f_n.png,/content/drive/MyDrive/612 data/PokeSpriteCleaned/0286breloom/breloom.png,mapped,variant-index
/content/drive/MyDrive/612 data/ProjectPokemonCleaned/0286breloom/poke_capture_0286_000_mf_n_00000000_f_r.png,/content/drive/MyDrive/612 data/PokeSpriteCleaned/0286breloom/breloom_shiny.png,mapped,variant-index
/content/drive/MyDrive/612 data/ProjectPokemonCleaned/0287slakoth/poke_capture_0287_000_mf_n_00000000_f_n.png,/content/drive/MyDrive/612 data/PokeSpriteCleaned/0287slakoth/slakoth.png,mapped,variant-index
/content/drive/MyDrive/612 data/ProjectPokemonCleaned/0287slakoth/poke_capture_0287_000_mf_n_00000000_f_r.png,/content/drive/MyDrive/612 data/PokeSpriteCleaned/0287slakoth/slakoth_shiny.png,mapped,variant-index
/content/drive/MyDrive/612 data/ProjectPokemonCleaned/0288vigoroth/poke_capture_0288_000_mf_n_00000000_f_n.png,/content/drive/MyDrive/612 data/PokeSpriteCleaned/0288vigoroth/vigoroth.png,mapped,variant-index
/content/drive/MyDrive/612 data/ProjectPokemonCleaned/0288vigoroth/poke_capture_0288_000_mf_n_00000000_f_r.png,/content/drive/MyDrive/612 data/PokeSpriteCleaned/0288vigoroth/vigoroth_shiny.png,mapped,variant-index
/content/drive/MyDrive/612 data/ProjectPokemonCleaned/0289slaking/poke_capture_0289_000_mf_n_00000000_f_n.png,/content/drive/MyDrive/612 data/PokeSpriteCleaned/0289slaking/slaking.png,mapped,variant-index
/content/drive/MyDrive/612 data/ProjectPokemonCleaned/0289slaking/poke_capture_0289_000_mf_n_00000000_f_r.png,/content/drive/MyDrive/612 data/PokeSpriteCleaned/0289slaking/slaking_shiny.png,mapped,variant-index
/content/drive/MyDrive/612 data/ProjectPokemonCleaned/0290nincada/poke_capture_0290_000_mf_n_00000000_f_n.png,/content/drive/MyDrive/612 data/PokeSpriteCleaned/0290nincada/nincada.png,mapped,variant-index
/content/drive/MyDrive/612 data/ProjectPokemonCleaned/0290nincada/poke_capture_0290_000_mf_n_00000000_f_r.png,/content/drive/MyDrive/612 data/PokeSpriteCleaned/0290nincada/nincada_shiny.png,mapped,variant-index
/content/drive/MyDrive/612 data/ProjectPokemonCleaned/0291ninjask/poke_capture_0291_000_mf_n_00000000_f_n.png,/content/drive/MyDrive/612 data/PokeSpriteCleaned/0291ninjask/ninjask.png,mapped,variant-index
/content/drive/MyDrive/612 data/ProjectPokemonCleaned/0291ninjask/poke_capture_0291_000_mf_n_00000000_f_r.png,/content/drive/MyDrive/612 data/PokeSpriteCleaned/0291ninjask/ninjask_shiny.png,mapped,variant-index
/content/drive/MyDrive/612 data/ProjectPokemonCleaned/0292shedinja/poke_capture_0292_000_uk_n_00000000_f_n.png,/content/drive/MyDrive/612 data/PokeSpriteCleaned/0292shedinja/shedinja.png,mapped,variant-index
/content/drive/MyDrive/612 data/ProjectPokemonCleaned/0292shedinja/poke_capture_0292_000_uk_n_00000000_f_r.png,/content/drive/MyDrive/612 data/PokeSpriteCleaned/0292shedinja/shedinja_shiny.png,mapped,variant-index
/content/drive/MyDrive/612 data/ProjectPokemonCleaned/0293whismur/poke_capture_0293_000_mf_n_00000000_f_n.png,/content/drive/MyDrive/612 data/PokeSpriteCleaned/0293whismur/whismur.png,mapped,variant-index
/content/drive/MyDrive/612 data/ProjectPokemonCleaned/0293whismur/poke_capture_0293_000_mf_n_00000000_f_r.png,/content/drive/MyDrive/612 data/PokeSpriteCleaned/0293whismur/whismur_shiny.png,mapped,variant-index
/content/drive/MyDrive/612 data/ProjectPokemonCleaned/0294loudred/poke_capture_0294_000_mf_n_00000000_f_n.png,/content/drive/MyDrive/612 data/PokeSpriteCleaned/0294loudred/loudred.png,mapped,variant-index
/content/drive/MyDrive/612 data/ProjectPokemonCleaned/0294loudred/poke_capture_0294_000_mf_n_00000000_f_r.png,/content/drive/MyDrive/612 data/PokeSpriteCleaned/0294loudred/loudred_shiny.png,mapped,variant-index
/content/drive/MyDrive/612 data/ProjectPokemonCleaned/0295exploud/poke_capture_0295_000_mf_n_00000000_f_n.png,/content/drive/MyDrive/612 data/PokeSpriteCleaned/0295exploud/exploud.png,mapped,variant-index
/content/drive/MyDrive/612 data/ProjectPokemonCleaned/0295exploud/poke_capture_0295_000_mf_n_00000000_f_r.png,/content/drive/MyDrive/612 data/PokeSpriteCleaned/0295exploud/exploud_shiny.png,mapped,variant-index
/content/drive/MyDrive/612 data/ProjectPokemonCleaned/0296makuhita/poke_capture_0296_000_mf_n_00000000_f_n.png,/content/drive/MyDrive/612 data/PokeSpriteCleaned/0296makuhita/makuhita.png,mapped,variant-index
/content/drive/MyDrive/612 data/ProjectPokemonCleaned/0296makuhita/poke_capture_0296_000_mf_n_00000000_f_r.png,/content/drive/MyDrive/612 data/PokeSpriteCleaned/0296makuhita/makuhita_shiny.png,mapped,variant-index
/content/drive/MyDrive/612 data/ProjectPokemonCleaned/0297hariyama/poke_capture_0297_000_mf_n_00000000_f_n.png,/content/drive/MyDrive/612 data/PokeSpriteCleaned/0297hariyama/hariyama.png,mapped,variant-index
/content/drive/MyDrive/612 data/ProjectPokemonCleaned/0297hariyama/poke_capture_0297_000_mf_n_00000000_f_r.png,/content/drive/MyDrive/612 data/PokeSpriteCleaned/0297hariyama/hariyama_shiny.png,mapped,variant-index
/content/drive/MyDrive/612 data/ProjectPokemonCleaned/0298azurill/poke_capture_0298_000_mf_n_00000000_f_n.png,/content/drive/MyDrive/612 data/PokeSpriteCleaned/0298azurill/azurill.png,mapped,variant-index
/content/drive/MyDrive/612 data/ProjectPokemonCleaned/0298azurill/poke_capture_0298_000_mf_n_00000000_f_r.png,/content/drive/MyDrive/612 data/PokeSpriteCleaned/0298azurill/azurill_shiny.png,mapped,variant-index
/content/drive/MyDrive/612 data/ProjectPokemonCleaned/0299nosepass/poke_capture_0299_000_mf_n_00000000_f_n.png,/content/drive/MyDrive/612 data/PokeSpriteCleaned/0299nosepass/nosepass.png,mapped,variant-index
/content/drive/MyDrive/612 data/ProjectPokemonCleaned/0299nosepass/poke_capture_0299_000_mf_n_00000000_f_r.png,/content/drive/MyDrive/612 data/PokeSpriteCleaned/0299nosepass/nosepass_shiny.png,mapped,variant-index
/content/drive/MyDrive/612 data/ProjectPokemonCleaned/0300skitty/poke_capture_0300_000_mf_n_00000000_f_n.png,/content/drive/MyDrive/612 data/PokeSpriteCleaned/0300skitty/skitty.png,mapped,variant-index
/content/drive/MyDrive/612 data/ProjectPokemonCleaned/0300skitty/poke_capture_0300_000_mf_n_00000000_f_r.png,/content/drive/MyDrive/612 data/PokeSpriteCleaned/0300skitty/skitty_shiny.png,mapped,variant-index
/content/drive/MyDrive/612 data/ProjectPokemonCleaned/0301delcatty/poke_capture_0301_000_mf_n_00000000_f_n.png,/content/drive/MyDrive/612 data/PokeSpriteCleaned/0301delcatty/delcatty.png,mapped,variant-index
/content/drive/MyDrive/612 data/ProjectPokemonCleaned/0301delcatty/poke_capture_0301_000_mf_n_00000000_f_r.png,/content/drive/MyDrive/612 data/PokeSpriteCleaned/0301delcatty/delcatty_shiny.png,mapped,variant-index
/content/drive/MyDrive/612 data/ProjectPokemonCleaned/0302sableye/poke_capture_0302_000_mf_n_00000000_f_n.png,/content/drive/MyDrive/612 data/PokeSpriteCleaned/0302sableye/sableye.png,mapped,variant-index
/content/drive/MyDrive/612 data/ProjectPokemonCleaned/0302sableye/poke_capture_0302_000_mf_n_00000000_f_r.png,/content/drive/MyDrive/612 data/PokeSpriteCleaned/0302sableye/sableye_shiny.png,mapped,variant-index
/content/drive/MyDrive/612 data/ProjectPokemonCleaned/0302sableye/poke_capture_0302_001_mf_n_00000000_f_n.png,/content/drive/MyDrive/612 data/PokeSpriteCleaned/0302sableye/sableye-mega.png,mapped,variant-index
/content/drive/MyDrive/612 data/ProjectPokemonCleaned/0302sableye/poke_capture_0302_001_mf_n_00000000_f_r.png,/content/drive/MyDrive/612 data/PokeSpriteCleaned/0302sableye/sableye-mega_shiny.png,mapped,variant-index
/content/drive/MyDrive/612 data/ProjectPokemonCleaned/0303mawile/poke_capture_0303_000_mf_n_00000000_f_n.png,/content/drive/MyDrive/612 data/PokeSpriteCleaned/0303mawile/mawile.png,mapped,variant-index
/content/drive/MyDrive/612 data/ProjectPokemonCleaned/0303mawile/poke_capture_0303_000_mf_n_00000000_f_r.png,/content/drive/MyDrive/612 data/PokeSpriteCleaned/0303mawile/mawile_shiny.png,mapped,variant-index
/content/drive/MyDrive/612 data/ProjectPokemonCleaned/0303mawile/poke_capture_0303_001_mf_n_00000000_f_n.png,/content/drive/MyDrive/612 data/PokeSpriteCleaned/0303mawile/mawile-mega.png,mapped,variant-index
/content/drive/MyDrive/612 data/ProjectPokemonCleaned/0303mawile/poke_capture_0303_001_mf_n_00000000_f_r.png,/content/drive/MyDrive/612 data/PokeSpriteCleaned/0303mawile/mawile-mega_shiny.png,mapped,variant-index
/content/drive/MyDrive/612 data/ProjectPokemonCleaned/0304aron/poke_capture_0304_000_mf_n_00000000_f_n.png,/content/drive/MyDrive/612 data/PokeSpriteCleaned/0304aron/aron.png,mapped,variant-index
/content/drive/MyDrive/612 data/ProjectPokemonCleaned/0304aron/poke_capture_0304_000_mf_n_00000000_f_r.png,/content/drive/MyDrive/612 data/PokeSpriteCleaned/0304aron/aron_shiny.png,mapped,variant-index
/content/drive/MyDrive/612 data/ProjectPokemonCleaned/0305lairon/poke_capture_0305_000_mf_n_00000000_f_n.png,/content/drive/MyDrive/612 data/PokeSpriteCleaned/0305lairon/lairon.png,mapped,variant-index
/content/drive/MyDrive/612 data/ProjectPokemonCleaned/0305lairon/poke_capture_0305_000_mf_n_00000000_f_r.png,/content/drive/MyDrive/612 data/PokeSpriteCleaned/0305lairon/lairon_shiny.png,mapped,variant-index
/content/drive/MyDrive/612 data/ProjectPokemonCleaned/0306aggron/poke_capture_0306_000_mf_n_00000000_f_n.png,/content/drive/MyDrive/612 data/PokeSpriteCleaned/0306aggron/aggron.png,mapped,variant-index
/content/drive/MyDrive/612 data/ProjectPokemonCleaned/0306aggron/poke_capture_0306_000_mf_n_00000000_f_r.png,/content/drive/MyDrive/612 data/PokeSpriteCleaned/0306aggron/aggron_shiny.png,mapped,variant-index
/content/drive/MyDrive/612 data/ProjectPokemonCleaned/0306aggron/poke_capture_0306_001_mf_n_00000000_f_n.png,/content/drive/MyDrive/612 data/PokeSpriteCleaned/0306aggron/aggron-mega.png,mapped,variant-index
/content/drive/MyDrive/612 data/ProjectPokemonCleaned/0306aggron/poke_capture_0306_001_mf_n_00000000_f_r.png,/content/drive/MyDrive/612 data/PokeSpriteCleaned/0306aggron/aggron-mega_shiny.png,mapped,variant-index
/content/drive/MyDrive/612 data/ProjectPokemonCleaned/0307meditite/poke_capture_0307_000_fd_n_00000000_f_n.png,/content/drive/MyDrive/612 data/PokeSpriteCleaned/0307meditite/meditite.png,mapped,variant-index
/content/drive/MyDrive/612 data/ProjectPokemonCleaned/0307meditite/poke_capture_0307_000_fd_n_00000000_f_r.png,/content/drive/MyDrive/612 data/PokeSpriteCleaned/0307meditite/meditite_shiny.png,mapped,variant-index
/content/drive/MyDrive/612 data/ProjectPokemonCleaned/0307meditite/poke_capture_0307_000_md_n_00000000_f_n.png,/content/drive/MyDrive/612 data/PokeSpriteCleaned/0307meditite/meditite.png,mapped,variant-index
/content/drive/MyDrive/612 data/ProjectPokemonCleaned/0307meditite/poke_capture_0307_000_md_n_00000000_f_r.png,/content/drive/MyDrive/612 data/PokeSpriteCleaned/0307meditite/meditite_shiny.png,mapped,variant-index
/content/drive/MyDrive/612 data/ProjectPokemonCleaned/0308medicham/poke_capture_0308_000_fd_n_00000000_f_n.png,/content/drive/MyDrive/612 data/PokeSpriteCleaned/0308medicham/medicham.png,mapped,variant-index
/content/drive/MyDrive/612 data/ProjectPokemonCleaned/0308medicham/poke_capture_0308_000_fd_n_00000000_f_r.png,/content/drive/MyDrive/612 data/PokeSpriteCleaned/0308medicham/medicham_shiny.png,mapped,variant-index
/content/drive/MyDrive/612 data/ProjectPokemonCleaned/0308medicham/poke_capture_0308_000_md_n_00000000_f_n.png,/content/drive/MyDrive/612 data/PokeSpriteCleaned/0308medicham/medicham.png,mapped,variant-index
/content/drive/MyDrive/612 data/ProjectPokemonCleaned/0308medicham/poke_capture_0308_000_md_n_00000000_f_r.png,/content/drive/MyDrive/612 data/PokeSpriteCleaned/0308medicham/medicham_shiny.png,mapped,variant-index
/content/drive/MyDrive/612 data/ProjectPokemonCleaned/0308medicham/poke_capture_0308_001_mf_n_00000000_f_n.png,/content/drive/MyDrive/612 data/PokeSpriteCleaned/0308medicham/medicham-mega.png,mapped,variant-index
/content/drive/MyDrive/612 data/ProjectPokemonCleaned/0308medicham/poke_capture_0308_001_mf_n_00000000_f_r.png,/content/drive/MyDrive/612 data/PokeSpriteCleaned/0308medicham/medicham-mega_shiny.png,mapped,variant-index
/content/drive/MyDrive/612 data/ProjectPokemonCleaned/0309electrike/poke_capture_0309_000_mf_n_00000000_f_n.png,/content/drive/MyDrive/612 data/PokeSpriteCleaned/0309electrike/electrike.png,mapped,variant-index
/content/drive/MyDrive/612 data/ProjectPokemonCleaned/0309electrike/poke_capture_0309_000_mf_n_00000000_f_r.png,/content/drive/MyDrive/612 data/PokeSpriteCleaned/0309electrike/electrike_shiny.png,mapped,variant-index
/content/drive/MyDrive/612 data/ProjectPokemonCleaned/0310manectric/poke_capture_0310_000_mf_n_00000000_f_n.png,/content/drive/MyDrive/612 data/PokeSpriteCleaned/0310manectric/manectric.png,mapped,variant-index
/content/drive/MyDrive/612 data/ProjectPokemonCleaned/0310manectric/poke_capture_0310_000_mf_n_00000000_f_r.png,/content/drive/MyDrive/612 data/PokeSpriteCleaned/0310manectric/manectric_shiny.png,mapped,variant-index
/content/drive/MyDrive/612 data/ProjectPokemonCleaned/0310manectric/poke_capture_0310_001_mf_n_00000000_f_n.png,/content/drive/MyDrive/612 data/PokeSpriteCleaned/0310manectric/manectric-mega.png,mapped,variant-index
/content/drive/MyDrive/612 data/ProjectPokemonCleaned/0310manectric/poke_capture_0310_001_mf_n_00000000_f_r.png,/content/drive/MyDrive/612 data/PokeSpriteCleaned/0310manectric/manectric-mega_shiny.png,mapped,variant-index
/content/drive/MyDrive/612 data/ProjectPokemonCleaned/0311plusle/poke_capture_0311_000_mf_n_00000000_f_n.png,/content/drive/MyDrive/612 data/PokeSpriteCleaned/0311plusle/plusle.png,mapped,variant-index
/content/drive/MyDrive/612 data/ProjectPokemonCleaned/0311plusle/poke_capture_0311_000_mf_n_00000000_f_r.png,/content/drive/MyDrive/612 data/PokeSpriteCleaned/0311plusle/plusle_shiny.png,mapped,variant-index
/content/drive/MyDrive/612 data/ProjectPokemonCleaned/0312minun/poke_capture_0312_000_mf_n_00000000_f_n.png,/content/drive/MyDrive/612 data/PokeSpriteCleaned/0312minun/minun.png,mapped,variant-index
/content/drive/MyDrive/612 data/ProjectPokemonCleaned/0312minun/poke_capture_0312_000_mf_n_00000000_f_r.png,/content/drive/MyDrive/612 data/PokeSpriteCleaned/0312minun/minun_shiny.png,mapped,variant-index
/content/drive/MyDrive/612 data/ProjectPokemonCleaned/0313volbeat/poke_capture_0313_000_mo_n_00000000_f_n.png,/content/drive/MyDrive/612 data/PokeSpriteCleaned/0313volbeat/volbeat.png,mapped,variant-index
/content/drive/MyDrive/612 data/ProjectPokemonCleaned/0313volbeat/poke_capture_0313_000_mo_n_00000000_f_r.png,/content/drive/MyDrive/612 data/PokeSpriteCleaned/0313volbeat/volbeat_shiny.png,mapped,variant-index
/content/drive/MyDrive/612 data/ProjectPokemonCleaned/0314illumise/poke_capture_0314_000_fo_n_00000000_f_n.png,/content/drive/MyDrive/612 data/PokeSpriteCleaned/0314illumise/illumise.png,mapped,variant-index
/content/drive/MyDrive/612 data/ProjectPokemonCleaned/0314illumise/poke_capture_0314_000_fo_n_00000000_f_r.png,/content/drive/MyDrive/612 data/PokeSpriteCleaned/0314illumise/illumise_shiny.png,mapped,variant-index
/content/drive/MyDrive/612 data/ProjectPokemonCleaned/0315roselia/poke_capture_0315_000_fd_n_00000000_f_n.png,/content/drive/MyDrive/612 data/PokeSpriteCleaned/0315roselia/roselia.png,mapped,variant-index
/content/drive/MyDrive/612 data/ProjectPokemonCleaned/0315roselia/poke_capture_0315_000_fd_n_00000000_f_r.png,/content/drive/MyDrive/612 data/PokeSpriteCleaned/0315roselia/roselia_shiny.png,mapped,variant-index
/content/drive/MyDrive/612 data/ProjectPokemonCleaned/0315roselia/poke_capture_0315_000_md_n_00000000_f_n.png,/content/drive/MyDrive/612 data/PokeSpriteCleaned/0315roselia/roselia.png,mapped,variant-index
/content/drive/MyDrive/612 data/ProjectPokemonCleaned/0315roselia/poke_capture_0315_000_md_n_00000000_f_r.png,/content/drive/MyDrive/612 data/PokeSpriteCleaned/0315roselia/roselia_shiny.png,mapped,variant-index
/content/drive/MyDrive/612 data/ProjectPokemonCleaned/0316gulpin/poke_capture_0316_000_fd_n_00000000_f_n.png,/content/drive/MyDrive/612 data/PokeSpriteCleaned/0316gulpin/gulpin.png,mapped,variant-index
/content/drive/MyDrive/612 data/ProjectPokemonCleaned/0316gulpin/poke_capture_0316_000_fd_n_00000000_f_r.png,/content/drive/MyDrive/612 data/PokeSpriteCleaned/0316gulpin/gulpin_shiny.png,mapped,variant-index
/content/drive/MyDrive/612 data/ProjectPokemonCleaned/0316gulpin/poke_capture_0316_000_md_n_00000000_f_n.png,/content/drive/MyDrive/612 data/PokeSpriteCleaned/0316gulpin/gulpin.png,mapped,variant-index
/content/drive/MyDrive/612 data/ProjectPokemonCleaned/0316gulpin/poke_capture_0316_000_md_n_00000000_f_r.png,/content/drive/MyDrive/612 data/PokeSpriteCleaned/0316gulpin/gulpin_shiny.png,mapped,variant-index
/content/drive/MyDrive/612 data/ProjectPokemonCleaned/0317swalot/poke_capture_0317_000_fd_n_00000000_f_n.png,/content/drive/MyDrive/612 data/PokeSpriteCleaned/0317swalot/swalot.png,mapped,variant-index
/content/drive/MyDrive/612 data/ProjectPokemonCleaned/0317swalot/poke_capture_0317_000_fd_n_00000000_f_r.png,/content/drive/MyDrive/612 data/PokeSpriteCleaned/0317swalot/swalot_shiny.png,mapped,variant-index
/content/drive/MyDrive/612 data/ProjectPokemonCleaned/0317swalot/poke_capture_0317_000_md_n_00000000_f_n.png,/content/drive/MyDrive/612 data/PokeSpriteCleaned/0317swalot/swalot.png,mapped,variant-index
/content/drive/MyDrive/612 data/ProjectPokemonCleaned/0317swalot/poke_capture_0317_000_md_n_00000000_f_r.png,/content/drive/MyDrive/612 data/PokeSpriteCleaned/0317swalot/swalot_shiny.png,mapped,variant-index
/content/drive/MyDrive/612 data/ProjectPokemonCleaned/0318carvanha/poke_capture_0318_000_mf_n_00000000_f_n.png,/content/drive/MyDrive/612 data/PokeSpriteCleaned/0318carvanha/carvanha.png,mapped,variant-index
/content/drive/MyDrive/612 data/ProjectPokemonCleaned/0318carvanha/poke_capture_0318_000_mf_n_00000000_f_r.png,/content/drive/MyDrive/612 data/PokeSpriteCleaned/0318carvanha/carvanha_shiny.png,mapped,variant-index
/content/drive/MyDrive/612 data/ProjectPokemonCleaned/0319sharpedo/poke_capture_0319_000_mf_n_00000000_f_n.png,/content/drive/MyDrive/612 data/PokeSpriteCleaned/0319sharpedo/sharpedo.png,mapped,variant-index
/content/drive/MyDrive/612 data/ProjectPokemonCleaned/0319sharpedo/poke_capture_0319_000_mf_n_00000000_f_r.png,/content/drive/MyDrive/612 data/PokeSpriteCleaned/0319sharpedo/sharpedo_shiny.png,mapped,variant-index
/content/drive/MyDrive/612 data/ProjectPokemonCleaned/0319sharpedo/poke_capture_0319_001_mf_n_00000000_f_n.png,/content/drive/MyDrive/612 data/PokeSpriteCleaned/0319sharpedo/sharpedo-mega.png,mapped,variant-index
/content/drive/MyDrive/612 data/ProjectPokemonCleaned/0319sharpedo/poke_capture_0319_001_mf_n_00000000_f_r.png,/content/drive/MyDrive/612 data/PokeSpriteCleaned/0319sharpedo/sharpedo-mega_shiny.png,mapped,variant-index
/content/drive/MyDrive/612 data/ProjectPokemonCleaned/0320wailmer/poke_capture_0320_000_mf_n_00000000_f_n.png,/content/drive/MyDrive/612 data/PokeSpriteCleaned/0320wailmer/wailmer.png,mapped,variant-index
/content/drive/MyDrive/612 data/ProjectPokemonCleaned/0320wailmer/poke_capture_0320_000_mf_n_00000000_f_r.png,/content/drive/MyDrive/612 data/PokeSpriteCleaned/0320wailmer/wailmer_shiny.png,mapped,variant-index
/content/drive/MyDrive/612 data/ProjectPokemonCleaned/0321wailord/poke_capture_0321_000_mf_n_00000000_f_n.png,/content/drive/MyDrive/612 data/PokeSpriteCleaned/0321wailord/wailord.png,mapped,variant-index
/content/drive/MyDrive/612 data/ProjectPokemonCleaned/0321wailord/poke_capture_0321_000_mf_n_00000000_f_r.png,/content/drive/MyDrive/612 data/PokeSpriteCleaned/0321wailord/wailord_shiny.png,mapped,variant-index
/content/drive/MyDrive/612 data/ProjectPokemonCleaned/0322numel/poke_capture_0322_000_fd_n_00000000_f_n.png,/content/drive/MyDrive/612 data/PokeSpriteCleaned/0322numel/numel.png,mapped,variant-index
/content/drive/MyDrive/612 data/ProjectPokemonCleaned/0322numel/poke_capture_0322_000_fd_n_00000000_f_r.png,/content/drive/MyDrive/612 data/PokeSpriteCleaned/0322numel/numel_shiny.png,mapped,variant-index
/content/drive/MyDrive/612 data/ProjectPokemonCleaned/0322numel/poke_capture_0322_000_md_n_00000000_f_n.png,/content/drive/MyDrive/612 data/PokeSpriteCleaned/0322numel/numel.png,mapped,variant-index
/content/drive/MyDrive/612 data/ProjectPokemonCleaned/0322numel/poke_capture_0322_000_md_n_00000000_f_r.png,/content/drive/MyDrive/612 data/PokeSpriteCleaned/0322numel/numel_shiny.png,mapped,variant-index
/content/drive/MyDrive/612 data/ProjectPokemonCleaned/0323camerupt/poke_capture_0323_000_fd_n_00000000_f_n.png,/content/drive/MyDrive/612 data/PokeSpriteCleaned/0323camerupt/camerupt.png,mapped,variant-index
/content/drive/MyDrive/612 data/ProjectPokemonCleaned/0323camerupt/poke_capture_0323_000_fd_n_00000000_f_r.png,/content/drive/MyDrive/612 data/PokeSpriteCleaned/0323camerupt/camerupt_shiny.png,mapped,variant-index
/content/drive/MyDrive/612 data/ProjectPokemonCleaned/0323camerupt/poke_capture_0323_000_md_n_00000000_f_n.png,/content/drive/MyDrive/612 data/PokeSpriteCleaned/0323camerupt/camerupt.png,mapped,variant-index
/content/drive/MyDrive/612 data/ProjectPokemonCleaned/0323camerupt/poke_capture_0323_000_md_n_00000000_f_r.png,/content/drive/MyDrive/612 data/PokeSpriteCleaned/0323camerupt/camerupt_shiny.png,mapped,variant-index
/content/drive/MyDrive/612 data/ProjectPokemonCleaned/0323camerupt/poke_capture_0323_001_mf_n_00000000_f_n.png,/content/drive/MyDrive/612 data/PokeSpriteCleaned/0323camerupt/camerupt-mega.png,mapped,variant-index
/content/drive/MyDrive/612 data/ProjectPokemonCleaned/0323camerupt/poke_capture_0323_001_mf_n_00000000_f_r.png,/content/drive/MyDrive/612 data/PokeSpriteCleaned/0323camerupt/camerupt-mega_shiny.png,mapped,variant-index
/content/drive/MyDrive/612 data/ProjectPokemonCleaned/0324torkoal/poke_capture_0324_000_mf_n_00000000_f_n.png,/content/drive/MyDrive/612 data/PokeSpriteCleaned/0324torkoal/torkoal.png,mapped,variant-index
/content/drive/MyDrive/612 data/ProjectPokemonCleaned/0324torkoal/poke_capture_0324_000_mf_n_00000000_f_r.png,/content/drive/MyDrive/612 data/PokeSpriteCleaned/0324torkoal/torkoal_shiny.png,mapped,variant-index
/content/drive/MyDrive/612 data/ProjectPokemonCleaned/0325spoink/poke_capture_0325_000_mf_n_00000000_f_n.png,/content/drive/MyDrive/612 data/PokeSpriteCleaned/0325spoink/spoink.png,mapped,variant-index
/content/drive/MyDrive/612 data/ProjectPokemonCleaned/0325spoink/poke_capture_0325_000_mf_n_00000000_f_r.png,/content/drive/MyDrive/612 data/PokeSpriteCleaned/0325spoink/spoink_shiny.png,mapped,variant-index
/content/drive/MyDrive/612 data/ProjectPokemonCleaned/0326grumpig/poke_capture_0326_000_mf_n_00000000_f_n.png,/content/drive/MyDrive/612 data/PokeSpriteCleaned/0326grumpig/grumpig.png,mapped,variant-index
/content/drive/MyDrive/612 data/ProjectPokemonCleaned/0326grumpig/poke_capture_0326_000_mf_n_00000000_f_r.png,/content/drive/MyDrive/612 data/PokeSpriteCleaned/0326grumpig/grumpig_shiny.png,mapped,variant-index
/content/drive/MyDrive/612 data/ProjectPokemonCleaned/0327spinda/poke_capture_0327_000_mf_n_00000000_f_n.png,/content/drive/MyDrive/612 data/PokeSpriteCleaned/0327spinda/spinda.png,mapped,variant-index
/content/drive/MyDrive/612 data/ProjectPokemonCleaned/0327spinda/poke_capture_0327_000_mf_n_00000000_f_r.png,/content/drive/MyDrive/612 data/PokeSpriteCleaned/0327spinda/spinda_shiny.png,mapped,variant-index
/content/drive/MyDrive/612 data/ProjectPokemonCleaned/0328trapinch/poke_capture_0328_000_mf_n_00000000_f_n.png,/content/drive/MyDrive/612 data/PokeSpriteCleaned/0328trapinch/trapinch.png,mapped,variant-index
/content/drive/MyDrive/612 data/ProjectPokemonCleaned/0328trapinch/poke_capture_0328_000_mf_n_00000000_f_r.png,/content/drive/MyDrive/612 data/PokeSpriteCleaned/0328trapinch/trapinch_shiny.png,mapped,variant-index
/content/drive/MyDrive/612 data/ProjectPokemonCleaned/0329vibrava/poke_capture_0329_000_mf_n_00000000_f_n.png,/content/drive/MyDrive/612 data/PokeSpriteCleaned/0329vibrava/vibrava.png,mapped,variant-index
/content/drive/MyDrive/612 data/ProjectPokemonCleaned/0329vibrava/poke_capture_0329_000_mf_n_00000000_f_r.png,/content/drive/MyDrive/612 data/PokeSpriteCleaned/0329vibrava/vibrava_shiny.png,mapped,variant-index
/content/drive/MyDrive/612 data/ProjectPokemonCleaned/0330flygon/poke_capture_0330_000_mf_n_00000000_f_n.png,/content/drive/MyDrive/612 data/PokeSpriteCleaned/0330flygon/flygon.png,mapped,variant-index
/content/drive/MyDrive/612 data/ProjectPokemonCleaned/0330flygon/poke_capture_0330_000_mf_n_00000000_f_r.png,/content/drive/MyDrive/612 data/PokeSpriteCleaned/0330flygon/flygon_shiny.png,mapped,variant-index
/content/drive/MyDrive/612 data/ProjectPokemonCleaned/0331cacnea/poke_capture_0331_000_mf_n_00000000_f_n.png,/content/drive/MyDrive/612 data/PokeSpriteCleaned/0331cacnea/cacnea.png,mapped,variant-index
/content/drive/MyDrive/612 data/ProjectPokemonCleaned/0331cacnea/poke_capture_0331_000_mf_n_00000000_f_r.png,/content/drive/MyDrive/612 data/PokeSpriteCleaned/0331cacnea/cacnea_shiny.png,mapped,variant-index
/content/drive/MyDrive/612 data/ProjectPokemonCleaned/0332cacturne/poke_capture_0332_000_fd_n_00000000_f_n.png,/content/drive/MyDrive/612 data/PokeSpriteCleaned/0332cacturne/cacturne.png,mapped,variant-index
/content/drive/MyDrive/612 data/ProjectPokemonCleaned/0332cacturne/poke_capture_0332_000_fd_n_00000000_f_r.png,/content/drive/MyDrive/612 data/PokeSpriteCleaned/0332cacturne/cacturne_shiny.png,mapped,variant-index
/content/drive/MyDrive/612 data/ProjectPokemonCleaned/0332cacturne/poke_capture_0332_000_md_n_00000000_f_n.png,/content/drive/MyDrive/612 data/PokeSpriteCleaned/0332cacturne/cacturne.png,mapped,variant-index
/content/drive/MyDrive/612 data/ProjectPokemonCleaned/0332cacturne/poke_capture_0332_000_md_n_00000000_f_r.png,/content/drive/MyDrive/612 data/PokeSpriteCleaned/0332cacturne/cacturne_shiny.png,mapped,variant-index
/content/drive/MyDrive/612 data/ProjectPokemonCleaned/0333swablu/poke_capture_0333_000_mf_n_00000000_f_n.png,/content/drive/MyDrive/612 data/PokeSpriteCleaned/0333swablu/swablu.png,mapped,variant-index
/content/drive/MyDrive/612 data/ProjectPokemonCleaned/0333swablu/poke_capture_0333_000_mf_n_00000000_f_r.png,/content/drive/MyDrive/612 data/PokeSpriteCleaned/0333swablu/swablu_shiny.png,mapped,variant-index
/content/drive/MyDrive/612 data/ProjectPokemonCleaned/0334altaria/poke_capture_0334_000_mf_n_00000000_f_n.png,/content/drive/MyDrive/612 data/PokeSpriteCleaned/0334altaria/altaria.png,mapped,variant-index
/content/drive/MyDrive/612 data/ProjectPokemonCleaned/0334altaria/poke_capture_0334_000_mf_n_00000000_f_r.png,/content/drive/MyDrive/612 data/PokeSpriteCleaned/0334altaria/altaria_shiny.png,mapped,variant-index
/content/drive/MyDrive/612 data/ProjectPokemonCleaned/0334altaria/poke_capture_0334_001_mf_n_00000000_f_n.png,/content/drive/MyDrive/612 data/PokeSpriteCleaned/0334altaria/altaria-mega.png,mapped,variant-index
/content/drive/MyDrive/612 data/ProjectPokemonCleaned/0334altaria/poke_capture_0334_001_mf_n_00000000_f_r.png,/content/drive/MyDrive/612 data/PokeSpriteCleaned/0334altaria/altaria-mega_shiny.png,mapped,variant-index
/content/drive/MyDrive/612 data/ProjectPokemonCleaned/0335zangoose/poke_capture_0335_000_mf_n_00000000_f_n.png,/content/drive/MyDrive/612 data/PokeSpriteCleaned/0335zangoose/zangoose.png,mapped,variant-index
/content/drive/MyDrive/612 data/ProjectPokemonCleaned/0335zangoose/poke_capture_0335_000_mf_n_00000000_f_r.png,/content/drive/MyDrive/612 data/PokeSpriteCleaned/0335zangoose/zangoose_shiny.png,mapped,variant-index
/content/drive/MyDrive/612 data/ProjectPokemonCleaned/0336seviper/poke_capture_0336_000_mf_n_00000000_f_n.png,/content/drive/MyDrive/612 data/PokeSpriteCleaned/0336seviper/seviper.png,mapped,variant-index
/content/drive/MyDrive/612 data/ProjectPokemonCleaned/0336seviper/poke_capture_0336_000_mf_n_00000000_f_r.png,/content/drive/MyDrive/612 data/PokeSpriteCleaned/0336seviper/seviper_shiny.png,mapped,variant-index
/content/drive/MyDrive/612 data/ProjectPokemonCleaned/0337lunatone/poke_capture_0337_000_uk_n_00000000_f_n.png,/content/drive/MyDrive/612 data/PokeSpriteCleaned/0337lunatone/lunatone.png,mapped,variant-index
/content/drive/MyDrive/612 data/ProjectPokemonCleaned/0337lunatone/poke_capture_0337_000_uk_n_00000000_f_r.png,/content/drive/MyDrive/612 data/PokeSpriteCleaned/0337lunatone/lunatone_shiny.png,mapped,variant-index
/content/drive/MyDrive/612 data/ProjectPokemonCleaned/0338solrock/poke_capture_0338_000_uk_n_00000000_f_n.png,/content/drive/MyDrive/612 data/PokeSpriteCleaned/0338solrock/solrock.png,mapped,variant-index
/content/drive/MyDrive/612 data/ProjectPokemonCleaned/0338solrock/poke_capture_0338_000_uk_n_00000000_f_r.png,/content/drive/MyDrive/612 data/PokeSpriteCleaned/0338solrock/solrock_shiny.png,mapped,variant-index
/content/drive/MyDrive/612 data/ProjectPokemonCleaned/0339barboach/poke_capture_0339_000_mf_n_00000000_f_n.png,/content/drive/MyDrive/612 data/PokeSpriteCleaned/0339barboach/barboach.png,mapped,variant-index
/content/drive/MyDrive/612 data/ProjectPokemonCleaned/0339barboach/poke_capture_0339_000_mf_n_00000000_f_r.png,/content/drive/MyDrive/612 data/PokeSpriteCleaned/0339barboach/barboach_shiny.png,mapped,variant-index
/content/drive/MyDrive/612 data/ProjectPokemonCleaned/0340whiscash/poke_capture_0340_000_mf_n_00000000_f_n.png,/content/drive/MyDrive/612 data/PokeSpriteCleaned/0340whiscash/whiscash.png,mapped,variant-index
/content/drive/MyDrive/612 data/ProjectPokemonCleaned/0340whiscash/poke_capture_0340_000_mf_n_00000000_f_r.png,/content/drive/MyDrive/612 data/PokeSpriteCleaned/0340whiscash/whiscash_shiny.png,mapped,variant-index
/content/drive/MyDrive/612 data/ProjectPokemonCleaned/0341corphish/poke_capture_0341_000_mf_n_00000000_f_n.png,/content/drive/MyDrive/612 data/PokeSpriteCleaned/0341corphish/corphish.png,mapped,variant-index
/content/drive/MyDrive/612 data/ProjectPokemonCleaned/0341corphish/poke_capture_0341_000_mf_n_00000000_f_r.png,/content/drive/MyDrive/612 data/PokeSpriteCleaned/0341corphish/corphish_shiny.png,mapped,variant-index
/content/drive/MyDrive/612 data/ProjectPokemonCleaned/0342crawdaunt/poke_capture_0342_000_mf_n_00000000_f_n.png,/content/drive/MyDrive/612 data/PokeSpriteCleaned/0342crawdaunt/crawdaunt.png,mapped,variant-index
/content/drive/MyDrive/612 data/ProjectPokemonCleaned/0342crawdaunt/poke_capture_0342_000_mf_n_00000000_f_r.png,/content/drive/MyDrive/612 data/PokeSpriteCleaned/0342crawdaunt/crawdaunt_shiny.png,mapped,variant-index
/content/drive/MyDrive/612 data/ProjectPokemonCleaned/0343baltoy/poke_capture_0343_000_uk_n_00000000_f_n.png,/content/drive/MyDrive/612 data/PokeSpriteCleaned/0343baltoy/baltoy.png,mapped,variant-index
/content/drive/MyDrive/612 data/ProjectPokemonCleaned/0343baltoy/poke_capture_0343_000_uk_n_00000000_f_r.png,/content/drive/MyDrive/612 data/PokeSpriteCleaned/0343baltoy/baltoy_shiny.png,mapped,variant-index
/content/drive/MyDrive/612 data/ProjectPokemonCleaned/0344claydol/poke_capture_0344_000_uk_n_00000000_f_n.png,/content/drive/MyDrive/612 data/PokeSpriteCleaned/0344claydol/claydol.png,mapped,variant-index
/content/drive/MyDrive/612 data/ProjectPokemonCleaned/0344claydol/poke_capture_0344_000_uk_n_00000000_f_r.png,/content/drive/MyDrive/612 data/PokeSpriteCleaned/0344claydol/claydol_shiny.png,mapped,variant-index
/content/drive/MyDrive/612 data/ProjectPokemonCleaned/0345lileep/poke_capture_0345_000_mf_n_00000000_f_n.png,/content/drive/MyDrive/612 data/PokeSpriteCleaned/0345lileep/lileep.png,mapped,variant-index
/content/drive/MyDrive/612 data/ProjectPokemonCleaned/0345lileep/poke_capture_0345_000_mf_n_00000000_f_r.png,/content/drive/MyDrive/612 data/PokeSpriteCleaned/0345lileep/lileep_shiny.png,mapped,variant-index
/content/drive/MyDrive/612 data/ProjectPokemonCleaned/0346cradily/poke_capture_0346_000_mf_n_00000000_f_n.png,/content/drive/MyDrive/612 data/PokeSpriteCleaned/0346cradily/cradily.png,mapped,variant-index
/content/drive/MyDrive/612 data/ProjectPokemonCleaned/0346cradily/poke_capture_0346_000_mf_n_00000000_f_r.png,/content/drive/MyDrive/612 data/PokeSpriteCleaned/0346cradily/cradily_shiny.png,mapped,variant-index
/content/drive/MyDrive/612 data/ProjectPokemonCleaned/0347anorith/poke_capture_0347_000_mf_n_00000000_f_n.png,/content/drive/MyDrive/612 data/PokeSpriteCleaned/0347anorith/anorith.png,mapped,variant-index
/content/drive/MyDrive/612 data/ProjectPokemonCleaned/0347anorith/poke_capture_0347_000_mf_n_00000000_f_r.png,/content/drive/MyDrive/612 data/PokeSpriteCleaned/0347anorith/anorith_shiny.png,mapped,variant-index
/content/drive/MyDrive/612 data/ProjectPokemonCleaned/0348armaldo/poke_capture_0348_000_mf_n_00000000_f_n.png,/content/drive/MyDrive/612 data/PokeSpriteCleaned/0348armaldo/armaldo.png,mapped,variant-index
/content/drive/MyDrive/612 data/ProjectPokemonCleaned/0348armaldo/poke_capture_0348_000_mf_n_00000000_f_r.png,/content/drive/MyDrive/612 data/PokeSpriteCleaned/0348armaldo/armaldo_shiny.png,mapped,variant-index
/content/drive/MyDrive/612 data/ProjectPokemonCleaned/0349feebas/poke_capture_0349_000_mf_n_00000000_f_n.png,/content/drive/MyDrive/612 data/PokeSpriteCleaned/0349feebas/feebas.png,mapped,variant-index
/content/drive/MyDrive/612 data/ProjectPokemonCleaned/0349feebas/poke_capture_0349_000_mf_n_00000000_f_r.png,/content/drive/MyDrive/612 data/PokeSpriteCleaned/0349feebas/feebas_shiny.png,mapped,variant-index
/content/drive/MyDrive/612 data/ProjectPokemonCleaned/0350milotic/poke_capture_0350_000_fd_n_00000000_f_n.png,/content/drive/MyDrive/612 data/PokeSpriteCleaned/0350milotic/milotic.png,mapped,variant-index
/content/drive/MyDrive/612 data/ProjectPokemonCleaned/0350milotic/poke_capture_0350_000_fd_n_00000000_f_r.png,/content/drive/MyDrive/612 data/PokeSpriteCleaned/0350milotic/milotic_shiny.png,mapped,variant-index
/content/drive/MyDrive/612 data/ProjectPokemonCleaned/0350milotic/poke_capture_0350_000_md_n_00000000_f_n.png,/content/drive/MyDrive/612 data/PokeSpriteCleaned/0350milotic/milotic.png,mapped,variant-index
/content/drive/MyDrive/612 data/ProjectPokemonCleaned/0350milotic/poke_capture_0350_000_md_n_00000000_f_r.png,/content/drive/MyDrive/612 data/PokeSpriteCleaned/0350milotic/milotic_shiny.png,mapped,variant-index
/content/drive/MyDrive/612 data/ProjectPokemonCleaned/0351castform/poke_capture_0351_000_mf_n_00000000_f_n.png,/content/drive/MyDrive/612 data/PokeSpriteCleaned/0351castform/castform.png,mapped,variant-index
/content/drive/MyDrive/612 data/ProjectPokemonCleaned/0351castform/poke_capture_0351_000_mf_n_00000000_f_r.png,/content/drive/MyDrive/612 data/PokeSpriteCleaned/0351castform/castform_shiny.png,mapped,variant-index
/content/drive/MyDrive/612 data/ProjectPokemonCleaned/0351castform/poke_capture_0351_001_mf_n_00000000_f_n.png,/content/drive/MyDrive/612 data/PokeSpriteCleaned/0351castform/castform-rainy.png,mapped,variant-index
/content/drive/MyDrive/612 data/ProjectPokemonCleaned/0351castform/poke_capture_0351_001_mf_n_00000000_f_r.png,/content/drive/MyDrive/612 data/PokeSpriteCleaned/0351castform/castform-rainy_shiny.png,mapped,variant-index
/content/drive/MyDrive/612 data/ProjectPokemonCleaned/0351castform/poke_capture_0351_002_mf_n_00000000_f_n.png,/content/drive/MyDrive/612 data/PokeSpriteCleaned/0351castform/castform-snowy.png,mapped,variant-index
/content/drive/MyDrive/612 data/ProjectPokemonCleaned/0351castform/poke_capture_0351_002_mf_n_00000000_f_r.png,/content/drive/MyDrive/612 data/PokeSpriteCleaned/0351castform/castform-snowy_shiny.png,mapped,variant-index
/content/drive/MyDrive/612 data/ProjectPokemonCleaned/0351castform/poke_capture_0351_003_mf_n_00000000_f_n.png,/content/drive/MyDrive/612 data/PokeSpriteCleaned/0351castform/castform-snowy_right.png,mapped,variant-index
/content/drive/MyDrive/612 data/ProjectPokemonCleaned/0351castform/poke_capture_0351_003_mf_n_00000000_f_r.png,/content/drive/MyDrive/612 data/PokeSpriteCleaned/0351castform/castform-sunny_shiny.png,mapped,variant-index
/content/drive/MyDrive/612 data/ProjectPokemonCleaned/0352kecleon/poke_capture_0352_000_mf_n_00000000_f_n.png,/content/drive/MyDrive/612 data/PokeSpriteCleaned/0352kecleon/kecleon.png,mapped,variant-index
/content/drive/MyDrive/612 data/ProjectPokemonCleaned/0352kecleon/poke_capture_0352_000_mf_n_00000000_f_r.png,/content/drive/MyDrive/612 data/PokeSpriteCleaned/0352kecleon/kecleon_shiny.png,mapped,variant-index
/content/drive/MyDrive/612 data/ProjectPokemonCleaned/0353shuppet/poke_capture_0353_000_mf_n_00000000_f_n.png,/content/drive/MyDrive/612 data/PokeSpriteCleaned/0353shuppet/shuppet.png,mapped,variant-index
/content/drive/MyDrive/612 data/ProjectPokemonCleaned/0353shuppet/poke_capture_0353_000_mf_n_00000000_f_r.png,/content/drive/MyDrive/612 data/PokeSpriteCleaned/0353shuppet/shuppet_shiny.png,mapped,variant-index
/content/drive/MyDrive/612 data/ProjectPokemonCleaned/0354banette/poke_capture_0354_000_mf_n_00000000_f_n.png,/content/drive/MyDrive/612 data/PokeSpriteCleaned/0354banette/banette.png,mapped,variant-index
/content/drive/MyDrive/612 data/ProjectPokemonCleaned/0354banette/poke_capture_0354_000_mf_n_00000000_f_r.png,/content/drive/MyDrive/612 data/PokeSpriteCleaned/0354banette/banette_shiny.png,mapped,variant-index
/content/drive/MyDrive/612 data/ProjectPokemonCleaned/0354banette/poke_capture_0354_001_mf_n_00000000_f_n.png,/content/drive/MyDrive/612 data/PokeSpriteCleaned/0354banette/banette-mega.png,mapped,variant-index
/content/drive/MyDrive/612 data/ProjectPokemonCleaned/0354banette/poke_capture_0354_001_mf_n_00000000_f_r.png,/content/drive/MyDrive/612 data/PokeSpriteCleaned/0354banette/banette-mega_shiny.png,mapped,variant-index
/content/drive/MyDrive/612 data/ProjectPokemonCleaned/0355duskull/poke_capture_0355_000_mf_n_00000000_f_n.png,/content/drive/MyDrive/612 data/PokeSpriteCleaned/0355duskull/duskull.png,mapped,variant-index
/content/drive/MyDrive/612 data/ProjectPokemonCleaned/0355duskull/poke_capture_0355_000_mf_n_00000000_f_r.png,/content/drive/MyDrive/612 data/PokeSpriteCleaned/0355duskull/duskull_shiny.png,mapped,variant-index
/content/drive/MyDrive/612 data/ProjectPokemonCleaned/0356dusclops/poke_capture_0356_000_mf_n_00000000_f_n.png,/content/drive/MyDrive/612 data/PokeSpriteCleaned/0356dusclops/dusclops.png,mapped,variant-index
/content/drive/MyDrive/612 data/ProjectPokemonCleaned/0356dusclops/poke_capture_0356_000_mf_n_00000000_f_r.png,/content/drive/MyDrive/612 data/PokeSpriteCleaned/0356dusclops/dusclops_shiny.png,mapped,variant-index
/content/drive/MyDrive/612 data/ProjectPokemonCleaned/0357tropius/poke_capture_0357_000_mf_n_00000000_f_n.png,/content/drive/MyDrive/612 data/PokeSpriteCleaned/0357tropius/tropius.png,mapped,variant-index
/content/drive/MyDrive/612 data/ProjectPokemonCleaned/0357tropius/poke_capture_0357_000_mf_n_00000000_f_r.png,/content/drive/MyDrive/612 data/PokeSpriteCleaned/0357tropius/tropius_shiny.png,mapped,variant-index
/content/drive/MyDrive/612 data/ProjectPokemonCleaned/0358chimecho/poke_capture_0358_000_mf_n_00000000_f_n.png,/content/drive/MyDrive/612 data/PokeSpriteCleaned/0358chimecho/chimecho.png,mapped,variant-index
/content/drive/MyDrive/612 data/ProjectPokemonCleaned/0358chimecho/poke_capture_0358_000_mf_n_00000000_f_r.png,/content/drive/MyDrive/612 data/PokeSpriteCleaned/0358chimecho/chimecho_shiny.png,mapped,variant-index
/content/drive/MyDrive/612 data/ProjectPokemonCleaned/0359absol/poke_capture_0359_000_mf_n_00000000_f_n.png,/content/drive/MyDrive/612 data/PokeSpriteCleaned/0359absol/absol.png,mapped,variant-index
/content/drive/MyDrive/612 data/ProjectPokemonCleaned/0359absol/poke_capture_0359_000_mf_n_00000000_f_r.png,/content/drive/MyDrive/612 data/PokeSpriteCleaned/0359absol/absol_shiny.png,mapped,variant-index
/content/drive/MyDrive/612 data/ProjectPokemonCleaned/0359absol/poke_capture_0359_001_mf_n_00000000_f_n.png,/content/drive/MyDrive/612 data/PokeSpriteCleaned/0359absol/absol_right.png,mapped,variant-index
/content/drive/MyDrive/612 data/ProjectPokemonCleaned/0359absol/poke_capture_0359_001_mf_n_00000000_f_r.png,/content/drive/MyDrive/612 data/PokeSpriteCleaned/0359absol/absol-mega_shiny.png,mapped,variant-index
/content/drive/MyDrive/612 data/ProjectPokemonCleaned/0360wynaut/poke_capture_0360_000_mf_n_00000000_f_n.png,/content/drive/MyDrive/612 data/PokeSpriteCleaned/0360wynaut/wynaut.png,mapped,variant-index
/content/drive/MyDrive/612 data/ProjectPokemonCleaned/0360wynaut/poke_capture_0360_000_mf_n_00000000_f_r.png,/content/drive/MyDrive/612 data/PokeSpriteCleaned/0360wynaut/wynaut_shiny.png,mapped,variant-index
/content/drive/MyDrive/612 data/ProjectPokemonCleaned/0361snorunt/poke_capture_0361_000_mf_n_00000000_f_n.png,/content/drive/MyDrive/612 data/PokeSpriteCleaned/0361snorunt/snorunt.png,mapped,variant-index
/content/drive/MyDrive/612 data/ProjectPokemonCleaned/0361snorunt/poke_capture_0361_000_mf_n_00000000_f_r.png,/content/drive/MyDrive/612 data/PokeSpriteCleaned/0361snorunt/snorunt_shiny.png,mapped,variant-index
/content/drive/MyDrive/612 data/ProjectPokemonCleaned/0362glalie/poke_capture_0362_000_mf_n_00000000_f_n.png,/content/drive/MyDrive/612 data/PokeSpriteCleaned/0362glalie/glalie.png,mapped,variant-index
/content/drive/MyDrive/612 data/ProjectPokemonCleaned/0362glalie/poke_capture_0362_000_mf_n_00000000_f_r.png,/content/drive/MyDrive/612 data/PokeSpriteCleaned/0362glalie/glalie_shiny.png,mapped,variant-index
/content/drive/MyDrive/612 data/ProjectPokemonCleaned/0362glalie/poke_capture_0362_001_mf_n_00000000_f_n.png,/content/drive/MyDrive/612 data/PokeSpriteCleaned/0362glalie/glalie-mega.png,mapped,variant-index
/content/drive/MyDrive/612 data/ProjectPokemonCleaned/0362glalie/poke_capture_0362_001_mf_n_00000000_f_r.png,/content/drive/MyDrive/612 data/PokeSpriteCleaned/0362glalie/glalie-mega_shiny.png,mapped,variant-index
/content/drive/MyDrive/612 data/ProjectPokemonCleaned/0363spheal/poke_capture_0363_000_mf_n_00000000_f_n.png,/content/drive/MyDrive/612 data/PokeSpriteCleaned/0363spheal/spheal.png,mapped,variant-index
/content/drive/MyDrive/612 data/ProjectPokemonCleaned/0363spheal/poke_capture_0363_000_mf_n_00000000_f_r.png,/content/drive/MyDrive/612 data/PokeSpriteCleaned/0363spheal/spheal_shiny.png,mapped,variant-index
/content/drive/MyDrive/612 data/ProjectPokemonCleaned/0364sealeo/poke_capture_0364_000_mf_n_00000000_f_n.png,/content/drive/MyDrive/612 data/PokeSpriteCleaned/0364sealeo/sealeo.png,mapped,variant-index
/content/drive/MyDrive/612 data/ProjectPokemonCleaned/0364sealeo/poke_capture_0364_000_mf_n_00000000_f_r.png,/content/drive/MyDrive/612 data/PokeSpriteCleaned/0364sealeo/sealeo_shiny.png,mapped,variant-index
/content/drive/MyDrive/612 data/ProjectPokemonCleaned/0365walrein/poke_capture_0365_000_mf_n_00000000_f_n.png,/content/drive/MyDrive/612 data/PokeSpriteCleaned/0365walrein/walrein.png,mapped,variant-index
/content/drive/MyDrive/612 data/ProjectPokemonCleaned/0365walrein/poke_capture_0365_000_mf_n_00000000_f_r.png,/content/drive/MyDrive/612 data/PokeSpriteCleaned/0365walrein/walrein_shiny.png,mapped,variant-index
/content/drive/MyDrive/612 data/ProjectPokemonCleaned/0366clamperl/poke_capture_0366_000_mf_n_00000000_f_n.png,/content/drive/MyDrive/612 data/PokeSpriteCleaned/0366clamperl/clamperl.png,mapped,variant-index
/content/drive/MyDrive/612 data/ProjectPokemonCleaned/0366clamperl/poke_capture_0366_000_mf_n_00000000_f_r.png,/content/drive/MyDrive/612 data/PokeSpriteCleaned/0366clamperl/clamperl_shiny.png,mapped,variant-index
/content/drive/MyDrive/612 data/ProjectPokemonCleaned/0367huntail/poke_capture_0367_000_mf_n_00000000_f_n.png,/content/drive/MyDrive/612 data/PokeSpriteCleaned/0367huntail/huntail.png,mapped,variant-index
/content/drive/MyDrive/612 data/ProjectPokemonCleaned/0367huntail/poke_capture_0367_000_mf_n_00000000_f_r.png,/content/drive/MyDrive/612 data/PokeSpriteCleaned/0367huntail/huntail_shiny.png,mapped,variant-index
/content/drive/MyDrive/612 data/ProjectPokemonCleaned/0368gorebyss/poke_capture_0368_000_mf_n_00000000_f_n.png,/content/drive/MyDrive/612 data/PokeSpriteCleaned/0368gorebyss/gorebyss.png,mapped,variant-index
/content/drive/MyDrive/612 data/ProjectPokemonCleaned/0368gorebyss/poke_capture_0368_000_mf_n_00000000_f_r.png,/content/drive/MyDrive/612 data/PokeSpriteCleaned/0368gorebyss/gorebyss_shiny.png,mapped,variant-index
/content/drive/MyDrive/612 data/ProjectPokemonCleaned/0369relicanth/poke_capture_0369_000_fd_n_00000000_f_n.png,/content/drive/MyDrive/612 data/PokeSpriteCleaned/0369relicanth/relicanth.png,mapped,variant-index
/content/drive/MyDrive/612 data/ProjectPokemonCleaned/0369relicanth/poke_capture_0369_000_fd_n_00000000_f_r.png,/content/drive/MyDrive/612 data/PokeSpriteCleaned/0369relicanth/relicanth_shiny.png,mapped,variant-index
/content/drive/MyDrive/612 data/ProjectPokemonCleaned/0369relicanth/poke_capture_0369_000_md_n_00000000_f_n.png,/content/drive/MyDrive/612 data/PokeSpriteCleaned/0369relicanth/relicanth.png,mapped,variant-index
/content/drive/MyDrive/612 data/ProjectPokemonCleaned/0369relicanth/poke_capture_0369_000_md_n_00000000_f_r.png,/content/drive/MyDrive/612 data/PokeSpriteCleaned/0369relicanth/relicanth_shiny.png,mapped,variant-index
/content/drive/MyDrive/612 data/ProjectPokemonCleaned/0370luvdisc/poke_capture_0370_000_mf_n_00000000_f_n.png,/content/drive/MyDrive/612 data/PokeSpriteCleaned/0370luvdisc/luvdisc.png,mapped,variant-index
/content/drive/MyDrive/612 data/ProjectPokemonCleaned/0370luvdisc/poke_capture_0370_000_mf_n_00000000_f_r.png,/content/drive/MyDrive/612 data/PokeSpriteCleaned/0370luvdisc/luvdisc_shiny.png,mapped,variant-index
/content/drive/MyDrive/612 data/ProjectPokemonCleaned/0371bagon/poke_capture_0371_000_mf_n_00000000_f_n.png,/content/drive/MyDrive/612 data/PokeSpriteCleaned/0371bagon/bagon.png,mapped,variant-index
/content/drive/MyDrive/612 data/ProjectPokemonCleaned/0371bagon/poke_capture_0371_000_mf_n_00000000_f_r.png,/content/drive/MyDrive/612 data/PokeSpriteCleaned/0371bagon/bagon_shiny.png,mapped,variant-index
/content/drive/MyDrive/612 data/ProjectPokemonCleaned/0372shelgon/poke_capture_0372_000_mf_n_00000000_f_n.png,/content/drive/MyDrive/612 data/PokeSpriteCleaned/0372shelgon/shelgon.png,mapped,variant-index
/content/drive/MyDrive/612 data/ProjectPokemonCleaned/0372shelgon/poke_capture_0372_000_mf_n_00000000_f_r.png,/content/drive/MyDrive/612 data/PokeSpriteCleaned/0372shelgon/shelgon_shiny.png,mapped,variant-index
/content/drive/MyDrive/612 data/ProjectPokemonCleaned/0373salamence/poke_capture_0373_000_mf_n_00000000_f_n.png,/content/drive/MyDrive/612 data/PokeSpriteCleaned/0373salamence/salamence.png,mapped,variant-index
/content/drive/MyDrive/612 data/ProjectPokemonCleaned/0373salamence/poke_capture_0373_000_mf_n_00000000_f_r.png,/content/drive/MyDrive/612 data/PokeSpriteCleaned/0373salamence/salamence_shiny.png,mapped,variant-index
/content/drive/MyDrive/612 data/ProjectPokemonCleaned/0373salamence/poke_capture_0373_001_mf_n_00000000_f_n.png,/content/drive/MyDrive/612 data/PokeSpriteCleaned/0373salamence/salamence-mega.png,mapped,variant-index
/content/drive/MyDrive/612 data/ProjectPokemonCleaned/0373salamence/poke_capture_0373_001_mf_n_00000000_f_r.png,/content/drive/MyDrive/612 data/PokeSpriteCleaned/0373salamence/salamence-mega_shiny.png,mapped,variant-index
/content/drive/MyDrive/612 data/ProjectPokemonCleaned/0374beldum/poke_capture_0374_000_uk_n_00000000_f_n.png,/content/drive/MyDrive/612 data/PokeSpriteCleaned/0374beldum/beldum.png,mapped,variant-index
/content/drive/MyDrive/612 data/ProjectPokemonCleaned/0374beldum/poke_capture_0374_000_uk_n_00000000_f_r.png,/content/drive/MyDrive/612 data/PokeSpriteCleaned/0374beldum/beldum_shiny.png,mapped,variant-index
/content/drive/MyDrive/612 data/ProjectPokemonCleaned/0375metang/poke_capture_0375_000_uk_n_00000000_f_n.png,/content/drive/MyDrive/612 data/PokeSpriteCleaned/0375metang/metang.png,mapped,variant-index
/content/drive/MyDrive/612 data/ProjectPokemonCleaned/0375metang/poke_capture_0375_000_uk_n_00000000_f_r.png,/content/drive/MyDrive/612 data/PokeSpriteCleaned/0375metang/metang_shiny.png,mapped,variant-index
/content/drive/MyDrive/612 data/ProjectPokemonCleaned/0376metagross/poke_capture_0376_000_uk_n_00000000_f_n.png,/content/drive/MyDrive/612 data/PokeSpriteCleaned/0376metagross/metagross.png,mapped,variant-index
/content/drive/MyDrive/612 data/ProjectPokemonCleaned/0376metagross/poke_capture_0376_000_uk_n_00000000_f_r.png,/content/drive/MyDrive/612 data/PokeSpriteCleaned/0376metagross/metagross_shiny.png,mapped,variant-index
/content/drive/MyDrive/612 data/ProjectPokemonCleaned/0376metagross/poke_capture_0376_001_uk_n_00000000_f_n.png,/content/drive/MyDrive/612 data/PokeSpriteCleaned/0376metagross/metagross-mega.png,mapped,variant-index
/content/drive/MyDrive/612 data/ProjectPokemonCleaned/0376metagross/poke_capture_0376_001_uk_n_00000000_f_r.png,/content/drive/MyDrive/612 data/PokeSpriteCleaned/0376metagross/metagross-mega_shiny.png,mapped,variant-index
/content/drive/MyDrive/612 data/ProjectPokemonCleaned/0377regirock/poke_capture_0377_000_uk_n_00000000_f_n.png,/content/drive/MyDrive/612 data/PokeSpriteCleaned/0377regirock/regirock.png,mapped,variant-index
/content/drive/MyDrive/612 data/ProjectPokemonCleaned/0377regirock/poke_capture_0377_000_uk_n_00000000_f_r.png,/content/drive/MyDrive/612 data/PokeSpriteCleaned/0377regirock/regirock_shiny.png,mapped,variant-index
/content/drive/MyDrive/612 data/ProjectPokemonCleaned/0378regice/poke_capture_0378_000_uk_n_00000000_f_n.png,/content/drive/MyDrive/612 data/PokeSpriteCleaned/0378regice/regice.png,mapped,variant-index
/content/drive/MyDrive/612 data/ProjectPokemonCleaned/0378regice/poke_capture_0378_000_uk_n_00000000_f_r.png,/content/drive/MyDrive/612 data/PokeSpriteCleaned/0378regice/regice_shiny.png,mapped,variant-index
/content/drive/MyDrive/612 data/ProjectPokemonCleaned/0379registeel/poke_capture_0379_000_uk_n_00000000_f_n.png,/content/drive/MyDrive/612 data/PokeSpriteCleaned/0379registeel/registeel.png,mapped,variant-index
/content/drive/MyDrive/612 data/ProjectPokemonCleaned/0379registeel/poke_capture_0379_000_uk_n_00000000_f_r.png,/content/drive/MyDrive/612 data/PokeSpriteCleaned/0379registeel/registeel_shiny.png,mapped,variant-index
/content/drive/MyDrive/612 data/ProjectPokemonCleaned/0380latias/poke_capture_0380_000_fo_n_00000000_f_n.png,/content/drive/MyDrive/612 data/PokeSpriteCleaned/0380latias/latias.png,mapped,variant-index
/content/drive/MyDrive/612 data/ProjectPokemonCleaned/0380latias/poke_capture_0380_000_fo_n_00000000_f_r.png,/content/drive/MyDrive/612 data/PokeSpriteCleaned/0380latias/latias_shiny.png,mapped,variant-index
/content/drive/MyDrive/612 data/ProjectPokemonCleaned/0380latias/poke_capture_0380_001_fo_n_00000000_f_n.png,/content/drive/MyDrive/612 data/PokeSpriteCleaned/0380latias/latias-mega.png,mapped,variant-index
/content/drive/MyDrive/612 data/ProjectPokemonCleaned/0380latias/poke_capture_0380_001_fo_n_00000000_f_r.png,/content/drive/MyDrive/612 data/PokeSpriteCleaned/0380latias/latias-mega_shiny.png,mapped,variant-index
/content/drive/MyDrive/612 data/ProjectPokemonCleaned/0381latios/poke_capture_0381_000_mo_n_00000000_f_n.png,/content/drive/MyDrive/612 data/PokeSpriteCleaned/0381latios/latios.png,mapped,variant-index
/content/drive/MyDrive/612 data/ProjectPokemonCleaned/0381latios/poke_capture_0381_000_mo_n_00000000_f_r.png,/content/drive/MyDrive/612 data/PokeSpriteCleaned/0381latios/latios_shiny.png,mapped,variant-index
/content/drive/MyDrive/612 data/ProjectPokemonCleaned/0381latios/poke_capture_0381_001_mo_n_00000000_f_n.png,/content/drive/MyDrive/612 data/PokeSpriteCleaned/0381latios/latios-mega.png,mapped,variant-index
/content/drive/MyDrive/612 data/ProjectPokemonCleaned/0381latios/poke_capture_0381_001_mo_n_00000000_f_r.png,/content/drive/MyDrive/612 data/PokeSpriteCleaned/0381latios/latios-mega_shiny.png,mapped,variant-index
/content/drive/MyDrive/612 data/ProjectPokemonCleaned/0382kyogre/poke_capture_0382_000_uk_n_00000000_f_n.png,/content/drive/MyDrive/612 data/PokeSpriteCleaned/0382kyogre/kyogre.png,mapped,variant-index
/content/drive/MyDrive/612 data/ProjectPokemonCleaned/0382kyogre/poke_capture_0382_000_uk_n_00000000_f_r.png,/content/drive/MyDrive/612 data/PokeSpriteCleaned/0382kyogre/kyogre_shiny.png,mapped,variant-index
/content/drive/MyDrive/612 data/ProjectPokemonCleaned/0382kyogre/poke_capture_0382_001_uk_n_00000000_f_n.png,/content/drive/MyDrive/612 data/PokeSpriteCleaned/0382kyogre/kyogre-primal.png,mapped,variant-index
/content/drive/MyDrive/612 data/ProjectPokemonCleaned/0382kyogre/poke_capture_0382_001_uk_n_00000000_f_r.png,/content/drive/MyDrive/612 data/PokeSpriteCleaned/0382kyogre/kyogre-primal_shiny.png,mapped,variant-index
/content/drive/MyDrive/612 data/ProjectPokemonCleaned/0383groudon/poke_capture_0383_000_uk_n_00000000_f_n.png,/content/drive/MyDrive/612 data/PokeSpriteCleaned/0383groudon/groudon.png,mapped,variant-index
/content/drive/MyDrive/612 data/ProjectPokemonCleaned/0383groudon/poke_capture_0383_000_uk_n_00000000_f_r.png,/content/drive/MyDrive/612 data/PokeSpriteCleaned/0383groudon/groudon_shiny.png,mapped,variant-index
/content/drive/MyDrive/612 data/ProjectPokemonCleaned/0383groudon/poke_capture_0383_001_uk_n_00000000_f_n.png,/content/drive/MyDrive/612 data/PokeSpriteCleaned/0383groudon/groudon-primal.png,mapped,variant-index
/content/drive/MyDrive/612 data/ProjectPokemonCleaned/0383groudon/poke_capture_0383_001_uk_n_00000000_f_r.png,/content/drive/MyDrive/612 data/PokeSpriteCleaned/0383groudon/groudon-primal_shiny.png,mapped,variant-index
/content/drive/MyDrive/612 data/ProjectPokemonCleaned/0384rayquaza/poke_capture_0384_000_uk_n_00000000_f_n.png,/content/drive/MyDrive/612 data/PokeSpriteCleaned/0384rayquaza/rayquaza.png,mapped,variant-index
/content/drive/MyDrive/612 data/ProjectPokemonCleaned/0384rayquaza/poke_capture_0384_000_uk_n_00000000_f_r.png,/content/drive/MyDrive/612 data/PokeSpriteCleaned/0384rayquaza/rayquaza_shiny.png,mapped,variant-index
/content/drive/MyDrive/612 data/ProjectPokemonCleaned/0384rayquaza/poke_capture_0384_001_uk_n_00000000_f_n.png,/content/drive/MyDrive/612 data/PokeSpriteCleaned/0384rayquaza/rayquaza-mega.png,mapped,variant-index
/content/drive/MyDrive/612 data/ProjectPokemonCleaned/0384rayquaza/poke_capture_0384_001_uk_n_00000000_f_r.png,/content/drive/MyDrive/612 data/PokeSpriteCleaned/0384rayquaza/rayquaza-mega_shiny.png,mapped,variant-index
/content/drive/MyDrive/612 data/ProjectPokemonCleaned/0385jirachi/poke_capture_0385_000_uk_n_00000000_f_n.png,/content/drive/MyDrive/612 data/PokeSpriteCleaned/0385jirachi/jirachi.png,mapped,variant-index
/content/drive/MyDrive/612 data/ProjectPokemonCleaned/0385jirachi/poke_capture_0385_000_uk_n_00000000_f_r.png,/content/drive/MyDrive/612 data/PokeSpriteCleaned/0385jirachi/jirachi_shiny.png,mapped,variant-index
/content/drive/MyDrive/612 data/ProjectPokemonCleaned/0386deoxys/poke_capture_0386_000_uk_n_00000000_f_n.png,/content/drive/MyDrive/612 data/PokeSpriteCleaned/0386deoxys/deoxys.png,mapped,variant-index
/content/drive/MyDrive/612 data/ProjectPokemonCleaned/0386deoxys/poke_capture_0386_000_uk_n_00000000_f_r.png,/content/drive/MyDrive/612 data/PokeSpriteCleaned/0386deoxys/deoxys_shiny.png,mapped,variant-index
/content/drive/MyDrive/612 data/ProjectPokemonCleaned/0386deoxys/poke_capture_0386_001_uk_n_00000000_f_n.png,/content/drive/MyDrive/612 data/PokeSpriteCleaned/0386deoxys/deoxys-attack.png,mapped,variant-index
/content/drive/MyDrive/612 data/ProjectPokemonCleaned/0386deoxys/poke_capture_0386_001_uk_n_00000000_f_r.png,/content/drive/MyDrive/612 data/PokeSpriteCleaned/0386deoxys/deoxys-attack_shiny.png,mapped,variant-index
/content/drive/MyDrive/612 data/ProjectPokemonCleaned/0386deoxys/poke_capture_0386_002_uk_n_00000000_f_n.png,/content/drive/MyDrive/612 data/PokeSpriteCleaned/0386deoxys/deoxys-defense.png,mapped,variant-index
/content/drive/MyDrive/612 data/ProjectPokemonCleaned/0386deoxys/poke_capture_0386_002_uk_n_00000000_f_r.png,/content/drive/MyDrive/612 data/PokeSpriteCleaned/0386deoxys/deoxys-defense_shiny.png,mapped,variant-index
/content/drive/MyDrive/612 data/ProjectPokemonCleaned/0386deoxys/poke_capture_0386_003_uk_n_00000000_f_n.png,/content/drive/MyDrive/612 data/PokeSpriteCleaned/0386deoxys/deoxys-speed.png,mapped,variant-index
/content/drive/MyDrive/612 data/ProjectPokemonCleaned/0386deoxys/poke_capture_0386_003_uk_n_00000000_f_r.png,/content/drive/MyDrive/612 data/PokeSpriteCleaned/0386deoxys/deoxys-speed_shiny.png,mapped,variant-index
/content/drive/MyDrive/612 data/ProjectPokemonCleaned/0387turtwig/poke_capture_0387_000_mf_n_00000000_f_n.png,/content/drive/MyDrive/612 data/PokeSpriteCleaned/0387turtwig/turtwig.png,mapped,variant-index
/content/drive/MyDrive/612 data/ProjectPokemonCleaned/0387turtwig/poke_capture_0387_000_mf_n_00000000_f_r.png,/content/drive/MyDrive/612 data/PokeSpriteCleaned/0387turtwig/turtwig_shiny.png,mapped,variant-index
/content/drive/MyDrive/612 data/ProjectPokemonCleaned/0388grotle/poke_capture_0388_000_mf_n_00000000_f_n.png,/content/drive/MyDrive/612 data/PokeSpriteCleaned/0388grotle/grotle.png,mapped,variant-index
/content/drive/MyDrive/612 data/ProjectPokemonCleaned/0388grotle/poke_capture_0388_000_mf_n_00000000_f_r.png,/content/drive/MyDrive/612 data/PokeSpriteCleaned/0388grotle/grotle_shiny.png,mapped,variant-index
/content/drive/MyDrive/612 data/ProjectPokemonCleaned/0389torterra/poke_capture_0389_000_mf_n_00000000_f_n.png,/content/drive/MyDrive/612 data/PokeSpriteCleaned/0389torterra/torterra.png,mapped,variant-index
/content/drive/MyDrive/612 data/ProjectPokemonCleaned/0389torterra/poke_capture_0389_000_mf_n_00000000_f_r.png,/content/drive/MyDrive/612 data/PokeSpriteCleaned/0389torterra/torterra_shiny.png,mapped,variant-index
/content/drive/MyDrive/612 data/ProjectPokemonCleaned/0390chimchar/poke_capture_0390_000_mf_n_00000000_f_n.png,/content/drive/MyDrive/612 data/PokeSpriteCleaned/0390chimchar/chimchar.png,mapped,variant-index
/content/drive/MyDrive/612 data/ProjectPokemonCleaned/0390chimchar/poke_capture_0390_000_mf_n_00000000_f_r.png,/content/drive/MyDrive/612 data/PokeSpriteCleaned/0390chimchar/chimchar_shiny.png,mapped,variant-index
/content/drive/MyDrive/612 data/ProjectPokemonCleaned/0391monferno/poke_capture_0391_000_mf_n_00000000_f_n.png,/content/drive/MyDrive/612 data/PokeSpriteCleaned/0391monferno/monferno.png,mapped,variant-index
/content/drive/MyDrive/612 data/ProjectPokemonCleaned/0391monferno/poke_capture_0391_000_mf_n_00000000_f_r.png,/content/drive/MyDrive/612 data/PokeSpriteCleaned/0391monferno/monferno_shiny.png,mapped,variant-index
/content/drive/MyDrive/612 data/ProjectPokemonCleaned/0392infernape/poke_capture_0392_000_mf_n_00000000_f_n.png,/content/drive/MyDrive/612 data/PokeSpriteCleaned/0392infernape/infernape.png,mapped,variant-index
/content/drive/MyDrive/612 data/ProjectPokemonCleaned/0392infernape/poke_capture_0392_000_mf_n_00000000_f_r.png,/content/drive/MyDrive/612 data/PokeSpriteCleaned/0392infernape/infernape_shiny.png,mapped,variant-index
/content/drive/MyDrive/612 data/ProjectPokemonCleaned/0393piplup/poke_capture_0393_000_mf_n_00000000_f_n.png,/content/drive/MyDrive/612 data/PokeSpriteCleaned/0393piplup/piplup.png,mapped,variant-index
/content/drive/MyDrive/612 data/ProjectPokemonCleaned/0393piplup/poke_capture_0393_000_mf_n_00000000_f_r.png,/content/drive/MyDrive/612 data/PokeSpriteCleaned/0393piplup/piplup_shiny.png,mapped,variant-index
/content/drive/MyDrive/612 data/ProjectPokemonCleaned/0394prinplup/poke_capture_0394_000_mf_n_00000000_f_n.png,/content/drive/MyDrive/612 data/PokeSpriteCleaned/0394prinplup/prinplup.png,mapped,variant-index
/content/drive/MyDrive/612 data/ProjectPokemonCleaned/0394prinplup/poke_capture_0394_000_mf_n_00000000_f_r.png,/content/drive/MyDrive/612 data/PokeSpriteCleaned/0394prinplup/prinplup_shiny.png,mapped,variant-index
/content/drive/MyDrive/612 data/ProjectPokemonCleaned/0395empoleon/poke_capture_0395_000_mf_n_00000000_f_n.png,/content/drive/MyDrive/612 data/PokeSpriteCleaned/0395empoleon/empoleon.png,mapped,variant-index
/content/drive/MyDrive/612 data/ProjectPokemonCleaned/0395empoleon/poke_capture_0395_000_mf_n_00000000_f_r.png,/content/drive/MyDrive/612 data/PokeSpriteCleaned/0395empoleon/empoleon_shiny.png,mapped,variant-index
/content/drive/MyDrive/612 data/ProjectPokemonCleaned/0396starly/poke_capture_0396_000_fd_n_00000000_f_n.png,/content/drive/MyDrive/612 data/PokeSpriteCleaned/0396starly/starly.png,mapped,variant-index
/content/drive/MyDrive/612 data/ProjectPokemonCleaned/0396starly/poke_capture_0396_000_fd_n_00000000_f_r.png,/content/drive/MyDrive/612 data/PokeSpriteCleaned/0396starly/starly_shiny.png,mapped,variant-index
/content/drive/MyDrive/612 data/ProjectPokemonCleaned/0396starly/poke_capture_0396_000_md_n_00000000_f_n.png,/content/drive/MyDrive/612 data/PokeSpriteCleaned/0396starly/starly.png,mapped,variant-index
/content/drive/MyDrive/612 data/ProjectPokemonCleaned/0396starly/poke_capture_0396_000_md_n_00000000_f_r.png,/content/drive/MyDrive/612 data/PokeSpriteCleaned/0396starly/starly_shiny.png,mapped,variant-index
/content/drive/MyDrive/612 data/ProjectPokemonCleaned/0397staravia/poke_capture_0397_000_fd_n_00000000_f_n.png,/content/drive/MyDrive/612 data/PokeSpriteCleaned/0397staravia/staravia.png,mapped,variant-index
/content/drive/MyDrive/612 data/ProjectPokemonCleaned/0397staravia/poke_capture_0397_000_fd_n_00000000_f_r.png,/content/drive/MyDrive/612 data/PokeSpriteCleaned/0397staravia/staravia_shiny.png,mapped,variant-index
/content/drive/MyDrive/612 data/ProjectPokemonCleaned/0397staravia/poke_capture_0397_000_md_n_00000000_f_n.png,/content/drive/MyDrive/612 data/PokeSpriteCleaned/0397staravia/staravia.png,mapped,variant-index
/content/drive/MyDrive/612 data/ProjectPokemonCleaned/0397staravia/poke_capture_0397_000_md_n_00000000_f_r.png,/content/drive/MyDrive/612 data/PokeSpriteCleaned/0397staravia/staravia_shiny.png,mapped,variant-index
/content/drive/MyDrive/612 data/ProjectPokemonCleaned/0398staraptor/poke_capture_0398_000_fd_n_00000000_f_n.png,/content/drive/MyDrive/612 data/PokeSpriteCleaned/0398staraptor/staraptor.png,mapped,variant-index
/content/drive/MyDrive/612 data/ProjectPokemonCleaned/0398staraptor/poke_capture_0398_000_fd_n_00000000_f_r.png,/content/drive/MyDrive/612 data/PokeSpriteCleaned/0398staraptor/staraptor_shiny.png,mapped,variant-index
/content/drive/MyDrive/612 data/ProjectPokemonCleaned/0398staraptor/poke_capture_0398_000_md_n_00000000_f_n.png,/content/drive/MyDrive/612 data/PokeSpriteCleaned/0398staraptor/staraptor.png,mapped,variant-index
/content/drive/MyDrive/612 data/ProjectPokemonCleaned/0398staraptor/poke_capture_0398_000_md_n_00000000_f_r.png,/content/drive/MyDrive/612 data/PokeSpriteCleaned/0398staraptor/staraptor_shiny.png,mapped,variant-index
/content/drive/MyDrive/612 data/ProjectPokemonCleaned/0399bidoof/poke_capture_0399_000_fd_n_00000000_f_n.png,/content/drive/MyDrive/612 data/PokeSpriteCleaned/0399bidoof/bidoof.png,mapped,variant-index
/content/drive/MyDrive/612 data/ProjectPokemonCleaned/0399bidoof/poke_capture_0399_000_fd_n_00000000_f_r.png,/content/drive/MyDrive/612 data/PokeSpriteCleaned/0399bidoof/bidoof_shiny.png,mapped,variant-index
/content/drive/MyDrive/612 data/ProjectPokemonCleaned/0399bidoof/poke_capture_0399_000_md_n_00000000_f_n.png,/content/drive/MyDrive/612 data/PokeSpriteCleaned/0399bidoof/bidoof.png,mapped,variant-index
/content/drive/MyDrive/612 data/ProjectPokemonCleaned/0399bidoof/poke_capture_0399_000_md_n_00000000_f_r.png,/content/drive/MyDrive/612 data/PokeSpriteCleaned/0399bidoof/bidoof_shiny.png,mapped,variant-index
/content/drive/MyDrive/612 data/ProjectPokemonCleaned/0400bibarel/poke_capture_0400_000_fd_n_00000000_f_n.png,/content/drive/MyDrive/612 data/PokeSpriteCleaned/0400bibarel/bibarel.png,mapped,variant-index
/content/drive/MyDrive/612 data/ProjectPokemonCleaned/0400bibarel/poke_capture_0400_000_fd_n_00000000_f_r.png,/content/drive/MyDrive/612 data/PokeSpriteCleaned/0400bibarel/bibarel_shiny.png,mapped,variant-index
/content/drive/MyDrive/612 data/ProjectPokemonCleaned/0400bibarel/poke_capture_0400_000_md_n_00000000_f_n.png,/content/drive/MyDrive/612 data/PokeSpriteCleaned/0400bibarel/bibarel.png,mapped,variant-index
/content/drive/MyDrive/612 data/ProjectPokemonCleaned/0400bibarel/poke_capture_0400_000_md_n_00000000_f_r.png,/content/drive/MyDrive/612 data/PokeSpriteCleaned/0400bibarel/bibarel_shiny.png,mapped,variant-index
/content/drive/MyDrive/612 data/ProjectPokemonCleaned/0401kricketot/poke_capture_0401_000_fd_n_00000000_f_n.png,/content/drive/MyDrive/612 data/PokeSpriteCleaned/0401kricketot/kricketot.png,mapped,variant-index
/content/drive/MyDrive/612 data/ProjectPokemonCleaned/0401kricketot/poke_capture_0401_000_fd_n_00000000_f_r.png,/content/drive/MyDrive/612 data/PokeSpriteCleaned/0401kricketot/kricketot_shiny.png,mapped,variant-index
/content/drive/MyDrive/612 data/ProjectPokemonCleaned/0401kricketot/poke_capture_0401_000_md_n_00000000_f_n.png,/content/drive/MyDrive/612 data/PokeSpriteCleaned/0401kricketot/kricketot.png,mapped,variant-index
/content/drive/MyDrive/612 data/ProjectPokemonCleaned/0401kricketot/poke_capture_0401_000_md_n_00000000_f_r.png,/content/drive/MyDrive/612 data/PokeSpriteCleaned/0401kricketot/kricketot_shiny.png,mapped,variant-index
/content/drive/MyDrive/612 data/ProjectPokemonCleaned/0402kricketune/poke_capture_0402_000_fd_n_00000000_f_n.png,/content/drive/MyDrive/612 data/PokeSpriteCleaned/0402kricketune/kricketune.png,mapped,variant-index
/content/drive/MyDrive/612 data/ProjectPokemonCleaned/0402kricketune/poke_capture_0402_000_fd_n_00000000_f_r.png,/content/drive/MyDrive/612 data/PokeSpriteCleaned/0402kricketune/kricketune_shiny.png,mapped,variant-index
/content/drive/MyDrive/612 data/ProjectPokemonCleaned/0402kricketune/poke_capture_0402_000_md_n_00000000_f_n.png,/content/drive/MyDrive/612 data/PokeSpriteCleaned/0402kricketune/kricketune.png,mapped,variant-index
/content/drive/MyDrive/612 data/ProjectPokemonCleaned/0402kricketune/poke_capture_0402_000_md_n_00000000_f_r.png,/content/drive/MyDrive/612 data/PokeSpriteCleaned/0402kricketune/kricketune_shiny.png,mapped,variant-index
/content/drive/MyDrive/612 data/ProjectPokemonCleaned/0403shinx/poke_capture_0403_000_fd_n_00000000_f_n.png,/content/drive/MyDrive/612 data/PokeSpriteCleaned/0403shinx/shinx.png,mapped,variant-index
/content/drive/MyDrive/612 data/ProjectPokemonCleaned/0403shinx/poke_capture_0403_000_fd_n_00000000_f_r.png,/content/drive/MyDrive/612 data/PokeSpriteCleaned/0403shinx/shinx_shiny.png,mapped,variant-index
/content/drive/MyDrive/612 data/ProjectPokemonCleaned/0403shinx/poke_capture_0403_000_md_n_00000000_f_n.png,/content/drive/MyDrive/612 data/PokeSpriteCleaned/0403shinx/shinx.png,mapped,variant-index
/content/drive/MyDrive/612 data/ProjectPokemonCleaned/0403shinx/poke_capture_0403_000_md_n_00000000_f_r.png,/content/drive/MyDrive/612 data/PokeSpriteCleaned/0403shinx/shinx_shiny.png,mapped,variant-index
/content/drive/MyDrive/612 data/ProjectPokemonCleaned/0404luxio/poke_capture_0404_000_fd_n_00000000_f_n.png,/content/drive/MyDrive/612 data/PokeSpriteCleaned/0404luxio/luxio.png,mapped,variant-index
/content/drive/MyDrive/612 data/ProjectPokemonCleaned/0404luxio/poke_capture_0404_000_fd_n_00000000_f_r.png,/content/drive/MyDrive/612 data/PokeSpriteCleaned/0404luxio/luxio_shiny.png,mapped,variant-index
/content/drive/MyDrive/612 data/ProjectPokemonCleaned/0404luxio/poke_capture_0404_000_md_n_00000000_f_n.png,/content/drive/MyDrive/612 data/PokeSpriteCleaned/0404luxio/luxio.png,mapped,variant-index
/content/drive/MyDrive/612 data/ProjectPokemonCleaned/0404luxio/poke_capture_0404_000_md_n_00000000_f_r.png,/content/drive/MyDrive/612 data/PokeSpriteCleaned/0404luxio/luxio_shiny.png,mapped,variant-index
/content/drive/MyDrive/612 data/ProjectPokemonCleaned/0405luxray/poke_capture_0405_000_fd_n_00000000_f_n.png,/content/drive/MyDrive/612 data/PokeSpriteCleaned/0405luxray/luxray.png,mapped,variant-index
/content/drive/MyDrive/612 data/ProjectPokemonCleaned/0405luxray/poke_capture_0405_000_fd_n_00000000_f_r.png,/content/drive/MyDrive/612 data/PokeSpriteCleaned/0405luxray/luxray_shiny.png,mapped,variant-index
/content/drive/MyDrive/612 data/ProjectPokemonCleaned/0405luxray/poke_capture_0405_000_md_n_00000000_f_n.png,/content/drive/MyDrive/612 data/PokeSpriteCleaned/0405luxray/luxray.png,mapped,variant-index
/content/drive/MyDrive/612 data/ProjectPokemonCleaned/0405luxray/poke_capture_0405_000_md_n_00000000_f_r.png,/content/drive/MyDrive/612 data/PokeSpriteCleaned/0405luxray/luxray_shiny.png,mapped,variant-index
/content/drive/MyDrive/612 data/ProjectPokemonCleaned/0406budew/poke_capture_0406_000_mf_n_00000000_f_n.png,/content/drive/MyDrive/612 data/PokeSpriteCleaned/0406budew/budew.png,mapped,variant-index
/content/drive/MyDrive/612 data/ProjectPokemonCleaned/0406budew/poke_capture_0406_000_mf_n_00000000_f_r.png,/content/drive/MyDrive/612 data/PokeSpriteCleaned/0406budew/budew_shiny.png,mapped,variant-index
/content/drive/MyDrive/612 data/ProjectPokemonCleaned/0407roserade/poke_capture_0407_000_fd_n_00000000_f_n.png,/content/drive/MyDrive/612 data/PokeSpriteCleaned/0407roserade/roserade.png,mapped,variant-index
/content/drive/MyDrive/612 data/ProjectPokemonCleaned/0407roserade/poke_capture_0407_000_fd_n_00000000_f_r.png,/content/drive/MyDrive/612 data/PokeSpriteCleaned/0407roserade/roserade_shiny.png,mapped,variant-index
/content/drive/MyDrive/612 data/ProjectPokemonCleaned/0407roserade/poke_capture_0407_000_md_n_00000000_f_n.png,/content/drive/MyDrive/612 data/PokeSpriteCleaned/0407roserade/roserade.png,mapped,variant-index
/content/drive/MyDrive/612 data/ProjectPokemonCleaned/0407roserade/poke_capture_0407_000_md_n_00000000_f_r.png,/content/drive/MyDrive/612 data/PokeSpriteCleaned/0407roserade/roserade_shiny.png,mapped,variant-index
/content/drive/MyDrive/612 data/ProjectPokemonCleaned/0408cranidos/poke_capture_0408_000_mf_n_00000000_f_n.png,/content/drive/MyDrive/612 data/PokeSpriteCleaned/0408cranidos/cranidos.png,mapped,variant-index
/content/drive/MyDrive/612 data/ProjectPokemonCleaned/0408cranidos/poke_capture_0408_000_mf_n_00000000_f_r.png,/content/drive/MyDrive/612 data/PokeSpriteCleaned/0408cranidos/cranidos_shiny.png,mapped,variant-index
/content/drive/MyDrive/612 data/ProjectPokemonCleaned/0409rampardos/poke_capture_0409_000_mf_n_00000000_f_n.png,/content/drive/MyDrive/612 data/PokeSpriteCleaned/0409rampardos/rampardos.png,mapped,variant-index
/content/drive/MyDrive/612 data/ProjectPokemonCleaned/0409rampardos/poke_capture_0409_000_mf_n_00000000_f_r.png,/content/drive/MyDrive/612 data/PokeSpriteCleaned/0409rampardos/rampardos_shiny.png,mapped,variant-index
/content/drive/MyDrive/612 data/ProjectPokemonCleaned/0410shieldon/poke_capture_0410_000_mf_n_00000000_f_n.png,/content/drive/MyDrive/612 data/PokeSpriteCleaned/0410shieldon/shieldon.png,mapped,variant-index
/content/drive/MyDrive/612 data/ProjectPokemonCleaned/0410shieldon/poke_capture_0410_000_mf_n_00000000_f_r.png,/content/drive/MyDrive/612 data/PokeSpriteCleaned/0410shieldon/shieldon_shiny.png,mapped,variant-index
/content/drive/MyDrive/612 data/ProjectPokemonCleaned/0411bastiodon/poke_capture_0411_000_mf_n_00000000_f_n.png,/content/drive/MyDrive/612 data/PokeSpriteCleaned/0411bastiodon/bastiodon.png,mapped,variant-index
/content/drive/MyDrive/612 data/ProjectPokemonCleaned/0411bastiodon/poke_capture_0411_000_mf_n_00000000_f_r.png,/content/drive/MyDrive/612 data/PokeSpriteCleaned/0411bastiodon/bastiodon_shiny.png,mapped,variant-index
/content/drive/MyDrive/612 data/ProjectPokemonCleaned/0412burmy/poke_capture_0412_000_mf_n_00000000_f_n.png,/content/drive/MyDrive/612 data/PokeSpriteCleaned/0412burmy/burmy.png,mapped,variant-index
/content/drive/MyDrive/612 data/ProjectPokemonCleaned/0412burmy/poke_capture_0412_000_mf_n_00000000_f_r.png,/content/drive/MyDrive/612 data/PokeSpriteCleaned/0412burmy/burmy_shiny.png,mapped,variant-index
/content/drive/MyDrive/612 data/ProjectPokemonCleaned/0412burmy/poke_capture_0412_001_mf_n_00000000_f_n.png,/content/drive/MyDrive/612 data/PokeSpriteCleaned/0412burmy/burmy-sandy.png,mapped,variant-index
/content/drive/MyDrive/612 data/ProjectPokemonCleaned/0412burmy/poke_capture_0412_001_mf_n_00000000_f_r.png,/content/drive/MyDrive/612 data/PokeSpriteCleaned/0412burmy/burmy-sandy_shiny.png,mapped,variant-index
/content/drive/MyDrive/612 data/ProjectPokemonCleaned/0412burmy/poke_capture_0412_002_mf_n_00000000_f_n.png,/content/drive/MyDrive/612 data/PokeSpriteCleaned/0412burmy/burmy-trash.png,mapped,variant-index
/content/drive/MyDrive/612 data/ProjectPokemonCleaned/0412burmy/poke_capture_0412_002_mf_n_00000000_f_r.png,/content/drive/MyDrive/612 data/PokeSpriteCleaned/0412burmy/burmy-trash_shiny.png,mapped,variant-index
/content/drive/MyDrive/612 data/ProjectPokemonCleaned/0413wormadam/poke_capture_0413_000_fo_n_00000000_f_n.png,/content/drive/MyDrive/612 data/PokeSpriteCleaned/0413wormadam/wormadam.png,mapped,variant-index
/content/drive/MyDrive/612 data/ProjectPokemonCleaned/0413wormadam/poke_capture_0413_000_fo_n_00000000_f_r.png,/content/drive/MyDrive/612 data/PokeSpriteCleaned/0413wormadam/wormadam_shiny.png,mapped,variant-index
/content/drive/MyDrive/612 data/ProjectPokemonCleaned/0413wormadam/poke_capture_0413_001_fo_n_00000000_f_n.png,/content/drive/MyDrive/612 data/PokeSpriteCleaned/0413wormadam/wormadam-sandy.png,mapped,variant-index
/content/drive/MyDrive/612 data/ProjectPokemonCleaned/0413wormadam/poke_capture_0413_001_fo_n_00000000_f_r.png,/content/drive/MyDrive/612 data/PokeSpriteCleaned/0413wormadam/wormadam-sandy_shiny.png,mapped,variant-index
/content/drive/MyDrive/612 data/ProjectPokemonCleaned/0413wormadam/poke_capture_0413_002_fo_n_00000000_f_n.png,/content/drive/MyDrive/612 data/PokeSpriteCleaned/0413wormadam/wormadam-trash.png,mapped,variant-index
/content/drive/MyDrive/612 data/ProjectPokemonCleaned/0413wormadam/poke_capture_0413_002_fo_n_00000000_f_r.png,/content/drive/MyDrive/612 data/PokeSpriteCleaned/0413wormadam/wormadam-trash_shiny.png,mapped,variant-index
/content/drive/MyDrive/612 data/ProjectPokemonCleaned/0414mothim/poke_capture_0414_000_mo_n_00000000_f_n.png,/content/drive/MyDrive/612 data/PokeSpriteCleaned/0414mothim/mothim.png,mapped,variant-index
/content/drive/MyDrive/612 data/ProjectPokemonCleaned/0414mothim/poke_capture_0414_000_mo_n_00000000_f_r.png,/content/drive/MyDrive/612 data/PokeSpriteCleaned/0414mothim/mothim_shiny.png,mapped,variant-index
/content/drive/MyDrive/612 data/ProjectPokemonCleaned/0415combee/poke_capture_0415_000_fd_n_00000000_f_n.png,/content/drive/MyDrive/612 data/PokeSpriteCleaned/0415combee/combee.png,mapped,variant-index
/content/drive/MyDrive/612 data/ProjectPokemonCleaned/0415combee/poke_capture_0415_000_fd_n_00000000_f_r.png,/content/drive/MyDrive/612 data/PokeSpriteCleaned/0415combee/combee_shiny.png,mapped,variant-index
/content/drive/MyDrive/612 data/ProjectPokemonCleaned/0415combee/poke_capture_0415_000_md_n_00000000_f_n.png,/content/drive/MyDrive/612 data/PokeSpriteCleaned/0415combee/combee.png,mapped,variant-index
/content/drive/MyDrive/612 data/ProjectPokemonCleaned/0415combee/poke_capture_0415_000_md_n_00000000_f_r.png,/content/drive/MyDrive/612 data/PokeSpriteCleaned/0415combee/combee_shiny.png,mapped,variant-index
/content/drive/MyDrive/612 data/ProjectPokemonCleaned/0416vespiquen/poke_capture_0416_000_fo_n_00000000_f_n.png,/content/drive/MyDrive/612 data/PokeSpriteCleaned/0416vespiquen/vespiquen.png,mapped,variant-index
/content/drive/MyDrive/612 data/ProjectPokemonCleaned/0416vespiquen/poke_capture_0416_000_fo_n_00000000_f_r.png,/content/drive/MyDrive/612 data/PokeSpriteCleaned/0416vespiquen/vespiquen_shiny.png,mapped,variant-index
/content/drive/MyDrive/612 data/ProjectPokemonCleaned/0417pachirisu/poke_capture_0417_000_fd_n_00000000_f_n.png,/content/drive/MyDrive/612 data/PokeSpriteCleaned/0417pachirisu/pachirisu.png,mapped,variant-index
/content/drive/MyDrive/612 data/ProjectPokemonCleaned/0417pachirisu/poke_capture_0417_000_fd_n_00000000_f_r.png,/content/drive/MyDrive/612 data/PokeSpriteCleaned/0417pachirisu/pachirisu_shiny.png,mapped,variant-index
/content/drive/MyDrive/612 data/ProjectPokemonCleaned/0417pachirisu/poke_capture_0417_000_md_n_00000000_f_n.png,/content/drive/MyDrive/612 data/PokeSpriteCleaned/0417pachirisu/pachirisu.png,mapped,variant-index
/content/drive/MyDrive/612 data/ProjectPokemonCleaned/0417pachirisu/poke_capture_0417_000_md_n_00000000_f_r.png,/content/drive/MyDrive/612 data/PokeSpriteCleaned/0417pachirisu/pachirisu_shiny.png,mapped,variant-index
/content/drive/MyDrive/612 data/ProjectPokemonCleaned/0418buizel/poke_capture_0418_000_fd_n_00000000_f_n.png,/content/drive/MyDrive/612 data/PokeSpriteCleaned/0418buizel/buizel.png,mapped,variant-index
/content/drive/MyDrive/612 data/ProjectPokemonCleaned/0418buizel/poke_capture_0418_000_fd_n_00000000_f_r.png,/content/drive/MyDrive/612 data/PokeSpriteCleaned/0418buizel/buizel_shiny.png,mapped,variant-index
/content/drive/MyDrive/612 data/ProjectPokemonCleaned/0418buizel/poke_capture_0418_000_md_n_00000000_f_n.png,/content/drive/MyDrive/612 data/PokeSpriteCleaned/0418buizel/buizel.png,mapped,variant-index
/content/drive/MyDrive/612 data/ProjectPokemonCleaned/0418buizel/poke_capture_0418_000_md_n_00000000_f_r.png,/content/drive/MyDrive/612 data/PokeSpriteCleaned/0418buizel/buizel_shiny.png,mapped,variant-index
/content/drive/MyDrive/612 data/ProjectPokemonCleaned/0419floatzel/poke_capture_0419_000_fd_n_00000000_f_n.png,/content/drive/MyDrive/612 data/PokeSpriteCleaned/0419floatzel/floatzel.png,mapped,variant-index
/content/drive/MyDrive/612 data/ProjectPokemonCleaned/0419floatzel/poke_capture_0419_000_fd_n_00000000_f_r.png,/content/drive/MyDrive/612 data/PokeSpriteCleaned/0419floatzel/floatzel_shiny.png,mapped,variant-index
/content/drive/MyDrive/612 data/ProjectPokemonCleaned/0419floatzel/poke_capture_0419_000_md_n_00000000_f_n.png,/content/drive/MyDrive/612 data/PokeSpriteCleaned/0419floatzel/floatzel.png,mapped,variant-index
/content/drive/MyDrive/612 data/ProjectPokemonCleaned/0419floatzel/poke_capture_0419_000_md_n_00000000_f_r.png,/content/drive/MyDrive/612 data/PokeSpriteCleaned/0419floatzel/floatzel_shiny.png,mapped,variant-index
/content/drive/MyDrive/612 data/ProjectPokemonCleaned/0420cherubi/poke_capture_0420_000_mf_n_00000000_f_n.png,/content/drive/MyDrive/612 data/PokeSpriteCleaned/0420cherubi/cherubi.png,mapped,variant-index
/content/drive/MyDrive/612 data/ProjectPokemonCleaned/0420cherubi/poke_capture_0420_000_mf_n_00000000_f_r.png,/content/drive/MyDrive/612 data/PokeSpriteCleaned/0420cherubi/cherubi_shiny.png,mapped,variant-index
/content/drive/MyDrive/612 data/ProjectPokemonCleaned/0421cherrim/poke_capture_0421_000_mf_n_00000000_f_n.png,/content/drive/MyDrive/612 data/PokeSpriteCleaned/0421cherrim/cherrim.png,mapped,variant-index
/content/drive/MyDrive/612 data/ProjectPokemonCleaned/0421cherrim/poke_capture_0421_000_mf_n_00000000_f_r.png,/content/drive/MyDrive/612 data/PokeSpriteCleaned/0421cherrim/cherrim_shiny.png,mapped,variant-index
/content/drive/MyDrive/612 data/ProjectPokemonCleaned/0421cherrim/poke_capture_0421_001_mf_n_00000000_f_n.png,/content/drive/MyDrive/612 data/PokeSpriteCleaned/0421cherrim/cherrim-sunshine.png,mapped,variant-index
/content/drive/MyDrive/612 data/ProjectPokemonCleaned/0421cherrim/poke_capture_0421_001_mf_n_00000000_f_r.png,/content/drive/MyDrive/612 data/PokeSpriteCleaned/0421cherrim/cherrim-sunshine_shiny.png,mapped,variant-index
/content/drive/MyDrive/612 data/ProjectPokemonCleaned/0422shellos/poke_capture_0422_000_mf_n_00000000_f_n.png,/content/drive/MyDrive/612 data/PokeSpriteCleaned/0422shellos/shellos.png,mapped,variant-index
/content/drive/MyDrive/612 data/ProjectPokemonCleaned/0422shellos/poke_capture_0422_000_mf_n_00000000_f_r.png,/content/drive/MyDrive/612 data/PokeSpriteCleaned/0422shellos/shellos_shiny.png,mapped,variant-index
/content/drive/MyDrive/612 data/ProjectPokemonCleaned/0422shellos/poke_capture_0422_001_mf_n_00000000_f_n.png,/content/drive/MyDrive/612 data/PokeSpriteCleaned/0422shellos/shellos-east.png,mapped,variant-index
/content/drive/MyDrive/612 data/ProjectPokemonCleaned/0422shellos/poke_capture_0422_001_mf_n_00000000_f_r.png,/content/drive/MyDrive/612 data/PokeSpriteCleaned/0422shellos/shellos-east_shiny.png,mapped,variant-index
/content/drive/MyDrive/612 data/ProjectPokemonCleaned/0423gastrodon/poke_capture_0423_000_mf_n_00000000_f_n.png,/content/drive/MyDrive/612 data/PokeSpriteCleaned/0423gastrodon/gastrodon.png,mapped,variant-index
/content/drive/MyDrive/612 data/ProjectPokemonCleaned/0423gastrodon/poke_capture_0423_000_mf_n_00000000_f_r.png,/content/drive/MyDrive/612 data/PokeSpriteCleaned/0423gastrodon/gastrodon_shiny.png,mapped,variant-index
/content/drive/MyDrive/612 data/ProjectPokemonCleaned/0423gastrodon/poke_capture_0423_001_mf_n_00000000_f_n.png,/content/drive/MyDrive/612 data/PokeSpriteCleaned/0423gastrodon/gastrodon-east.png,mapped,variant-index
/content/drive/MyDrive/612 data/ProjectPokemonCleaned/0423gastrodon/poke_capture_0423_001_mf_n_00000000_f_r.png,/content/drive/MyDrive/612 data/PokeSpriteCleaned/0423gastrodon/gastrodon-east_shiny.png,mapped,variant-index
/content/drive/MyDrive/612 data/ProjectPokemonCleaned/0424ambipom/poke_capture_0424_000_fd_n_00000000_f_n.png,/content/drive/MyDrive/612 data/PokeSpriteCleaned/0424ambipom/ambipom.png,mapped,variant-index
/content/drive/MyDrive/612 data/ProjectPokemonCleaned/0424ambipom/poke_capture_0424_000_fd_n_00000000_f_r.png,/content/drive/MyDrive/612 data/PokeSpriteCleaned/0424ambipom/ambipom_shiny.png,mapped,variant-index
/content/drive/MyDrive/612 data/ProjectPokemonCleaned/0424ambipom/poke_capture_0424_000_md_n_00000000_f_n.png,/content/drive/MyDrive/612 data/PokeSpriteCleaned/0424ambipom/ambipom.png,mapped,variant-index
/content/drive/MyDrive/612 data/ProjectPokemonCleaned/0424ambipom/poke_capture_0424_000_md_n_00000000_f_r.png,/content/drive/MyDrive/612 data/PokeSpriteCleaned/0424ambipom/ambipom_shiny.png,mapped,variant-index
/content/drive/MyDrive/612 data/ProjectPokemonCleaned/0425drifloon/poke_capture_0425_000_mf_n_00000000_f_n.png,/content/drive/MyDrive/612 data/PokeSpriteCleaned/0425drifloon/drifloon.png,mapped,variant-index
/content/drive/MyDrive/612 data/ProjectPokemonCleaned/0425drifloon/poke_capture_0425_000_mf_n_00000000_f_r.png,/content/drive/MyDrive/612 data/PokeSpriteCleaned/0425drifloon/drifloon_shiny.png,mapped,variant-index
/content/drive/MyDrive/612 data/ProjectPokemonCleaned/0426drifblim/poke_capture_0426_000_mf_n_00000000_f_n.png,/content/drive/MyDrive/612 data/PokeSpriteCleaned/0426drifblim/drifblim.png,mapped,variant-index
/content/drive/MyDrive/612 data/ProjectPokemonCleaned/0426drifblim/poke_capture_0426_000_mf_n_00000000_f_r.png,/content/drive/MyDrive/612 data/PokeSpriteCleaned/0426drifblim/drifblim_shiny.png,mapped,variant-index
/content/drive/MyDrive/612 data/ProjectPokemonCleaned/0427buneary/poke_capture_0427_000_mf_n_00000000_f_n.png,/content/drive/MyDrive/612 data/PokeSpriteCleaned/0427buneary/buneary.png,mapped,variant-index
/content/drive/MyDrive/612 data/ProjectPokemonCleaned/0427buneary/poke_capture_0427_000_mf_n_00000000_f_r.png,/content/drive/MyDrive/612 data/PokeSpriteCleaned/0427buneary/buneary_shiny.png,mapped,variant-index
/content/drive/MyDrive/612 data/ProjectPokemonCleaned/0428lopunny/poke_capture_0428_000_mf_n_00000000_f_n.png,/content/drive/MyDrive/612 data/PokeSpriteCleaned/0428lopunny/lopunny.png,mapped,variant-index
/content/drive/MyDrive/612 data/ProjectPokemonCleaned/0428lopunny/poke_capture_0428_000_mf_n_00000000_f_r.png,/content/drive/MyDrive/612 data/PokeSpriteCleaned/0428lopunny/lopunny_shiny.png,mapped,variant-index
/content/drive/MyDrive/612 data/ProjectPokemonCleaned/0428lopunny/poke_capture_0428_001_mf_n_00000000_f_n.png,/content/drive/MyDrive/612 data/PokeSpriteCleaned/0428lopunny/lopunny-mega.png,mapped,variant-index
/content/drive/MyDrive/612 data/ProjectPokemonCleaned/0428lopunny/poke_capture_0428_001_mf_n_00000000_f_r.png,/content/drive/MyDrive/612 data/PokeSpriteCleaned/0428lopunny/lopunny-mega_shiny.png,mapped,variant-index
/content/drive/MyDrive/612 data/ProjectPokemonCleaned/0429mismagius/poke_capture_0429_000_mf_n_00000000_f_n.png,/content/drive/MyDrive/612 data/PokeSpriteCleaned/0429mismagius/mismagius.png,mapped,variant-index
/content/drive/MyDrive/612 data/ProjectPokemonCleaned/0429mismagius/poke_capture_0429_000_mf_n_00000000_f_r.png,/content/drive/MyDrive/612 data/PokeSpriteCleaned/0429mismagius/mismagius_shiny.png,mapped,variant-index
/content/drive/MyDrive/612 data/ProjectPokemonCleaned/0430honchkrow/poke_capture_0430_000_mf_n_00000000_f_n.png,/content/drive/MyDrive/612 data/PokeSpriteCleaned/0430honchkrow/honchkrow.png,mapped,variant-index
/content/drive/MyDrive/612 data/ProjectPokemonCleaned/0430honchkrow/poke_capture_0430_000_mf_n_00000000_f_r.png,/content/drive/MyDrive/612 data/PokeSpriteCleaned/0430honchkrow/honchkrow_shiny.png,mapped,variant-index
/content/drive/MyDrive/612 data/ProjectPokemonCleaned/0431glameow/poke_capture_0431_000_mf_n_00000000_f_n.png,/content/drive/MyDrive/612 data/PokeSpriteCleaned/0431glameow/glameow.png,mapped,variant-index
/content/drive/MyDrive/612 data/ProjectPokemonCleaned/0431glameow/poke_capture_0431_000_mf_n_00000000_f_r.png,/content/drive/MyDrive/612 data/PokeSpriteCleaned/0431glameow/glameow_shiny.png,mapped,variant-index
/content/drive/MyDrive/612 data/ProjectPokemonCleaned/0432purugly/poke_capture_0432_000_mf_n_00000000_f_n.png,/content/drive/MyDrive/612 data/PokeSpriteCleaned/0432purugly/purugly.png,mapped,variant-index
/content/drive/MyDrive/612 data/ProjectPokemonCleaned/0432purugly/poke_capture_0432_000_mf_n_00000000_f_r.png,/content/drive/MyDrive/612 data/PokeSpriteCleaned/0432purugly/purugly_shiny.png,mapped,variant-index
/content/drive/MyDrive/612 data/ProjectPokemonCleaned/0433chingling/poke_capture_0433_000_mf_n_00000000_f_n.png,/content/drive/MyDrive/612 data/PokeSpriteCleaned/0433chingling/chingling.png,mapped,variant-index
/content/drive/MyDrive/612 data/ProjectPokemonCleaned/0433chingling/poke_capture_0433_000_mf_n_00000000_f_r.png,/content/drive/MyDrive/612 data/PokeSpriteCleaned/0433chingling/chingling_shiny.png,mapped,variant-index
/content/drive/MyDrive/612 data/ProjectPokemonCleaned/0434stunky/poke_capture_0434_000_mf_n_00000000_f_n.png,/content/drive/MyDrive/612 data/PokeSpriteCleaned/0434stunky/stunky.png,mapped,variant-index
/content/drive/MyDrive/612 data/ProjectPokemonCleaned/0434stunky/poke_capture_0434_000_mf_n_00000000_f_r.png,/content/drive/MyDrive/612 data/PokeSpriteCleaned/0434stunky/stunky_shiny.png,mapped,variant-index
/content/drive/MyDrive/612 data/ProjectPokemonCleaned/0435skuntank/poke_capture_0435_000_mf_n_00000000_f_n.png,/content/drive/MyDrive/612 data/PokeSpriteCleaned/0435skuntank/skuntank.png,mapped,variant-index
/content/drive/MyDrive/612 data/ProjectPokemonCleaned/0435skuntank/poke_capture_0435_000_mf_n_00000000_f_r.png,/content/drive/MyDrive/612 data/PokeSpriteCleaned/0435skuntank/skuntank_shiny.png,mapped,variant-index
/content/drive/MyDrive/612 data/ProjectPokemonCleaned/0436bronzor/poke_capture_0436_000_uk_n_00000000_f_n.png,/content/drive/MyDrive/612 data/PokeSpriteCleaned/0436bronzor/bronzor.png,mapped,variant-index
/content/drive/MyDrive/612 data/ProjectPokemonCleaned/0436bronzor/poke_capture_0436_000_uk_n_00000000_f_r.png,/content/drive/MyDrive/612 data/PokeSpriteCleaned/0436bronzor/bronzor_shiny.png,mapped,variant-index
/content/drive/MyDrive/612 data/ProjectPokemonCleaned/0437bronzong/poke_capture_0437_000_uk_n_00000000_f_n.png,/content/drive/MyDrive/612 data/PokeSpriteCleaned/0437bronzong/bronzong.png,mapped,variant-index
/content/drive/MyDrive/612 data/ProjectPokemonCleaned/0437bronzong/poke_capture_0437_000_uk_n_00000000_f_r.png,/content/drive/MyDrive/612 data/PokeSpriteCleaned/0437bronzong/bronzong_shiny.png,mapped,variant-index
/content/drive/MyDrive/612 data/ProjectPokemonCleaned/0438bonsly/poke_capture_0438_000_mf_n_00000000_f_n.png,/content/drive/MyDrive/612 data/PokeSpriteCleaned/0438bonsly/bonsly.png,mapped,variant-index
/content/drive/MyDrive/612 data/ProjectPokemonCleaned/0438bonsly/poke_capture_0438_000_mf_n_00000000_f_r.png,/content/drive/MyDrive/612 data/PokeSpriteCleaned/0438bonsly/bonsly_shiny.png,mapped,variant-index
/content/drive/MyDrive/612 data/ProjectPokemonCleaned/0439mime jr/poke_capture_0439_000_mf_n_00000000_f_n.png,/content/drive/MyDrive/612 data/PokeSpriteCleaned/0439mime jr/mime jr.png,mapped,variant-index
/content/drive/MyDrive/612 data/ProjectPokemonCleaned/0439mime jr/poke_capture_0439_000_mf_n_00000000_f_r.png,/content/drive/MyDrive/612 data/PokeSpriteCleaned/0439mime jr/mime jr_shiny.png,mapped,variant-index
/content/drive/MyDrive/612 data/ProjectPokemonCleaned/0440happiny/poke_capture_0440_000_fo_n_00000000_f_n.png,/content/drive/MyDrive/612 data/PokeSpriteCleaned/0440happiny/happiny.png,mapped,variant-index
/content/drive/MyDrive/612 data/ProjectPokemonCleaned/0440happiny/poke_capture_0440_000_fo_n_00000000_f_r.png,/content/drive/MyDrive/612 data/PokeSpriteCleaned/0440happiny/happiny_shiny.png,mapped,variant-index
/content/drive/MyDrive/612 data/ProjectPokemonCleaned/0441chatot/poke_capture_0441_000_mf_n_00000000_f_n.png,/content/drive/MyDrive/612 data/PokeSpriteCleaned/0441chatot/chatot.png,mapped,variant-index
/content/drive/MyDrive/612 data/ProjectPokemonCleaned/0441chatot/poke_capture_0441_000_mf_n_00000000_f_r.png,/content/drive/MyDrive/612 data/PokeSpriteCleaned/0441chatot/chatot_shiny.png,mapped,variant-index
/content/drive/MyDrive/612 data/ProjectPokemonCleaned/0442spiritomb/poke_capture_0442_000_mf_n_00000000_f_n.png,/content/drive/MyDrive/612 data/PokeSpriteCleaned/0442spiritomb/spiritomb.png,mapped,variant-index
/content/drive/MyDrive/612 data/ProjectPokemonCleaned/0442spiritomb/poke_capture_0442_000_mf_n_00000000_f_r.png,/content/drive/MyDrive/612 data/PokeSpriteCleaned/0442spiritomb/spiritomb_shiny.png,mapped,variant-index
/content/drive/MyDrive/612 data/ProjectPokemonCleaned/0443gible/poke_capture_0443_000_fd_n_00000000_f_n.png,/content/drive/MyDrive/612 data/PokeSpriteCleaned/0443gible/gible.png,mapped,variant-index
/content/drive/MyDrive/612 data/ProjectPokemonCleaned/0443gible/poke_capture_0443_000_fd_n_00000000_f_r.png,/content/drive/MyDrive/612 data/PokeSpriteCleaned/0443gible/gible_shiny.png,mapped,variant-index
/content/drive/MyDrive/612 data/ProjectPokemonCleaned/0443gible/poke_capture_0443_000_md_n_00000000_f_n.png,/content/drive/MyDrive/612 data/PokeSpriteCleaned/0443gible/gible.png,mapped,variant-index
/content/drive/MyDrive/612 data/ProjectPokemonCleaned/0443gible/poke_capture_0443_000_md_n_00000000_f_r.png,/content/drive/MyDrive/612 data/PokeSpriteCleaned/0443gible/gible_shiny.png,mapped,variant-index
/content/drive/MyDrive/612 data/ProjectPokemonCleaned/0444gabite/poke_capture_0444_000_fd_n_00000000_f_n.png,/content/drive/MyDrive/612 data/PokeSpriteCleaned/0444gabite/gabite.png,mapped,variant-index
/content/drive/MyDrive/612 data/ProjectPokemonCleaned/0444gabite/poke_capture_0444_000_fd_n_00000000_f_r.png,/content/drive/MyDrive/612 data/PokeSpriteCleaned/0444gabite/gabite_shiny.png,mapped,variant-index
/content/drive/MyDrive/612 data/ProjectPokemonCleaned/0444gabite/poke_capture_0444_000_md_n_00000000_f_n.png,/content/drive/MyDrive/612 data/PokeSpriteCleaned/0444gabite/gabite.png,mapped,variant-index
/content/drive/MyDrive/612 data/ProjectPokemonCleaned/0444gabite/poke_capture_0444_000_md_n_00000000_f_r.png,/content/drive/MyDrive/612 data/PokeSpriteCleaned/0444gabite/gabite_shiny.png,mapped,variant-index
/content/drive/MyDrive/612 data/ProjectPokemonCleaned/0445garchomp/poke_capture_0445_000_fd_n_00000000_f_n.png,/content/drive/MyDrive/612 data/PokeSpriteCleaned/0445garchomp/garchomp.png,mapped,variant-index
/content/drive/MyDrive/612 data/ProjectPokemonCleaned/0445garchomp/poke_capture_0445_000_fd_n_00000000_f_r.png,/content/drive/MyDrive/612 data/PokeSpriteCleaned/0445garchomp/garchomp_shiny.png,mapped,variant-index
/content/drive/MyDrive/612 data/ProjectPokemonCleaned/0445garchomp/poke_capture_0445_000_md_n_00000000_f_n.png,/content/drive/MyDrive/612 data/PokeSpriteCleaned/0445garchomp/garchomp.png,mapped,variant-index
/content/drive/MyDrive/612 data/ProjectPokemonCleaned/0445garchomp/poke_capture_0445_000_md_n_00000000_f_r.png,/content/drive/MyDrive/612 data/PokeSpriteCleaned/0445garchomp/garchomp_shiny.png,mapped,variant-index
/content/drive/MyDrive/612 data/ProjectPokemonCleaned/0445garchomp/poke_capture_0445_001_mf_n_00000000_f_n.png,/content/drive/MyDrive/612 data/PokeSpriteCleaned/0445garchomp/garchomp-mega.png,mapped,variant-index
/content/drive/MyDrive/612 data/ProjectPokemonCleaned/0445garchomp/poke_capture_0445_001_mf_n_00000000_f_r.png,/content/drive/MyDrive/612 data/PokeSpriteCleaned/0445garchomp/garchomp-mega_shiny.png,mapped,variant-index
/content/drive/MyDrive/612 data/ProjectPokemonCleaned/0446munchlax/poke_capture_0446_000_mf_n_00000000_f_n.png,/content/drive/MyDrive/612 data/PokeSpriteCleaned/0446munchlax/munchlax.png,mapped,variant-index
/content/drive/MyDrive/612 data/ProjectPokemonCleaned/0446munchlax/poke_capture_0446_000_mf_n_00000000_f_r.png,/content/drive/MyDrive/612 data/PokeSpriteCleaned/0446munchlax/munchlax_shiny.png,mapped,variant-index
/content/drive/MyDrive/612 data/ProjectPokemonCleaned/0447riolu/poke_capture_0447_000_mf_n_00000000_f_n.png,/content/drive/MyDrive/612 data/PokeSpriteCleaned/0447riolu/riolu.png,mapped,variant-index
/content/drive/MyDrive/612 data/ProjectPokemonCleaned/0447riolu/poke_capture_0447_000_mf_n_00000000_f_r.png,/content/drive/MyDrive/612 data/PokeSpriteCleaned/0447riolu/riolu_shiny.png,mapped,variant-index
/content/drive/MyDrive/612 data/ProjectPokemonCleaned/0448lucario/poke_capture_0448_000_mf_n_00000000_f_n.png,/content/drive/MyDrive/612 data/PokeSpriteCleaned/0448lucario/lucario.png,mapped,variant-index
/content/drive/MyDrive/612 data/ProjectPokemonCleaned/0448lucario/poke_capture_0448_000_mf_n_00000000_f_r.png,/content/drive/MyDrive/612 data/PokeSpriteCleaned/0448lucario/lucario_shiny.png,mapped,variant-index
/content/drive/MyDrive/612 data/ProjectPokemonCleaned/0448lucario/poke_capture_0448_001_mf_n_00000000_f_n.png,/content/drive/MyDrive/612 data/PokeSpriteCleaned/0448lucario/lucario-mega.png,mapped,variant-index
/content/drive/MyDrive/612 data/ProjectPokemonCleaned/0448lucario/poke_capture_0448_001_mf_n_00000000_f_r.png,/content/drive/MyDrive/612 data/PokeSpriteCleaned/0448lucario/lucario-mega_shiny.png,mapped,variant-index
/content/drive/MyDrive/612 data/ProjectPokemonCleaned/0449hippopotas/poke_capture_0449_000_fd_n_00000000_f_n.png,/content/drive/MyDrive/612 data/PokeSpriteCleaned/0449hippopotas/hippopotas.png,mapped,variant-index
/content/drive/MyDrive/612 data/ProjectPokemonCleaned/0449hippopotas/poke_capture_0449_000_fd_n_00000000_f_r.png,/content/drive/MyDrive/612 data/PokeSpriteCleaned/0449hippopotas/hippopotas_shiny.png,mapped,variant-index
/content/drive/MyDrive/612 data/ProjectPokemonCleaned/0449hippopotas/poke_capture_0449_000_md_n_00000000_f_n.png,/content/drive/MyDrive/612 data/PokeSpriteCleaned/0449hippopotas/hippopotas.png,mapped,variant-index
/content/drive/MyDrive/612 data/ProjectPokemonCleaned/0449hippopotas/poke_capture_0449_000_md_n_00000000_f_r.png,/content/drive/MyDrive/612 data/PokeSpriteCleaned/0449hippopotas/hippopotas_shiny.png,mapped,variant-index
/content/drive/MyDrive/612 data/ProjectPokemonCleaned/0450hippowdon/poke_capture_0450_000_fd_n_00000000_f_n.png,/content/drive/MyDrive/612 data/PokeSpriteCleaned/0450hippowdon/hippowdon.png,mapped,variant-index
/content/drive/MyDrive/612 data/ProjectPokemonCleaned/0450hippowdon/poke_capture_0450_000_fd_n_00000000_f_r.png,/content/drive/MyDrive/612 data/PokeSpriteCleaned/0450hippowdon/hippowdon_shiny.png,mapped,variant-index
/content/drive/MyDrive/612 data/ProjectPokemonCleaned/0450hippowdon/poke_capture_0450_000_md_n_00000000_f_n.png,/content/drive/MyDrive/612 data/PokeSpriteCleaned/0450hippowdon/hippowdon.png,mapped,variant-index
/content/drive/MyDrive/612 data/ProjectPokemonCleaned/0450hippowdon/poke_capture_0450_000_md_n_00000000_f_r.png,/content/drive/MyDrive/612 data/PokeSpriteCleaned/0450hippowdon/hippowdon_shiny.png,mapped,variant-index
/content/drive/MyDrive/612 data/ProjectPokemonCleaned/0451skorupi/poke_capture_0451_000_mf_n_00000000_f_n.png,/content/drive/MyDrive/612 data/PokeSpriteCleaned/0451skorupi/skorupi.png,mapped,variant-index
/content/drive/MyDrive/612 data/ProjectPokemonCleaned/0451skorupi/poke_capture_0451_000_mf_n_00000000_f_r.png,/content/drive/MyDrive/612 data/PokeSpriteCleaned/0451skorupi/skorupi_shiny.png,mapped,variant-index
/content/drive/MyDrive/612 data/ProjectPokemonCleaned/0452drapion/poke_capture_0452_000_mf_n_00000000_f_n.png,/content/drive/MyDrive/612 data/PokeSpriteCleaned/0452drapion/drapion.png,mapped,variant-index
/content/drive/MyDrive/612 data/ProjectPokemonCleaned/0452drapion/poke_capture_0452_000_mf_n_00000000_f_r.png,/content/drive/MyDrive/612 data/PokeSpriteCleaned/0452drapion/drapion_shiny.png,mapped,variant-index
/content/drive/MyDrive/612 data/ProjectPokemonCleaned/0453croagunk/poke_capture_0453_000_fd_n_00000000_f_n.png,/content/drive/MyDrive/612 data/PokeSpriteCleaned/0453croagunk/croagunk.png,mapped,variant-index
/content/drive/MyDrive/612 data/ProjectPokemonCleaned/0453croagunk/poke_capture_0453_000_fd_n_00000000_f_r.png,/content/drive/MyDrive/612 data/PokeSpriteCleaned/0453croagunk/croagunk_shiny.png,mapped,variant-index
/content/drive/MyDrive/612 data/ProjectPokemonCleaned/0453croagunk/poke_capture_0453_000_md_n_00000000_f_n.png,/content/drive/MyDrive/612 data/PokeSpriteCleaned/0453croagunk/croagunk.png,mapped,variant-index
/content/drive/MyDrive/612 data/ProjectPokemonCleaned/0453croagunk/poke_capture_0453_000_md_n_00000000_f_r.png,/content/drive/MyDrive/612 data/PokeSpriteCleaned/0453croagunk/croagunk_shiny.png,mapped,variant-index
/content/drive/MyDrive/612 data/ProjectPokemonCleaned/0454toxicroak/poke_capture_0454_000_fd_n_00000000_f_n.png,/content/drive/MyDrive/612 data/PokeSpriteCleaned/0454toxicroak/toxicroak.png,mapped,variant-index
/content/drive/MyDrive/612 data/ProjectPokemonCleaned/0454toxicroak/poke_capture_0454_000_fd_n_00000000_f_r.png,/content/drive/MyDrive/612 data/PokeSpriteCleaned/0454toxicroak/toxicroak_shiny.png,mapped,variant-index
/content/drive/MyDrive/612 data/ProjectPokemonCleaned/0454toxicroak/poke_capture_0454_000_md_n_00000000_f_n.png,/content/drive/MyDrive/612 data/PokeSpriteCleaned/0454toxicroak/toxicroak.png,mapped,variant-index
/content/drive/MyDrive/612 data/ProjectPokemonCleaned/0454toxicroak/poke_capture_0454_000_md_n_00000000_f_r.png,/content/drive/MyDrive/612 data/PokeSpriteCleaned/0454toxicroak/toxicroak_shiny.png,mapped,variant-index
/content/drive/MyDrive/612 data/ProjectPokemonCleaned/0455carnivine/poke_capture_0455_000_mf_n_00000000_f_n.png,/content/drive/MyDrive/612 data/PokeSpriteCleaned/0455carnivine/carnivine.png,mapped,variant-index
/content/drive/MyDrive/612 data/ProjectPokemonCleaned/0455carnivine/poke_capture_0455_000_mf_n_00000000_f_r.png,/content/drive/MyDrive/612 data/PokeSpriteCleaned/0455carnivine/carnivine_shiny.png,mapped,variant-index
/content/drive/MyDrive/612 data/ProjectPokemonCleaned/0456finneon/poke_capture_0456_000_fd_n_00000000_f_n.png,/content/drive/MyDrive/612 data/PokeSpriteCleaned/0456finneon/finneon.png,mapped,variant-index
/content/drive/MyDrive/612 data/ProjectPokemonCleaned/0456finneon/poke_capture_0456_000_fd_n_00000000_f_r.png,/content/drive/MyDrive/612 data/PokeSpriteCleaned/0456finneon/finneon_shiny.png,mapped,variant-index
/content/drive/MyDrive/612 data/ProjectPokemonCleaned/0456finneon/poke_capture_0456_000_md_n_00000000_f_n.png,/content/drive/MyDrive/612 data/PokeSpriteCleaned/0456finneon/finneon.png,mapped,variant-index
/content/drive/MyDrive/612 data/ProjectPokemonCleaned/0456finneon/poke_capture_0456_000_md_n_00000000_f_r.png,/content/drive/MyDrive/612 data/PokeSpriteCleaned/0456finneon/finneon_shiny.png,mapped,variant-index
/content/drive/MyDrive/612 data/ProjectPokemonCleaned/0457lumineon/poke_capture_0457_000_fd_n_00000000_f_n.png,/content/drive/MyDrive/612 data/PokeSpriteCleaned/0457lumineon/lumineon.png,mapped,variant-index
/content/drive/MyDrive/612 data/ProjectPokemonCleaned/0457lumineon/poke_capture_0457_000_fd_n_00000000_f_r.png,/content/drive/MyDrive/612 data/PokeSpriteCleaned/0457lumineon/lumineon_shiny.png,mapped,variant-index
/content/drive/MyDrive/612 data/ProjectPokemonCleaned/0457lumineon/poke_capture_0457_000_md_n_00000000_f_n.png,/content/drive/MyDrive/612 data/PokeSpriteCleaned/0457lumineon/lumineon.png,mapped,variant-index
/content/drive/MyDrive/612 data/ProjectPokemonCleaned/0457lumineon/poke_capture_0457_000_md_n_00000000_f_r.png,/content/drive/MyDrive/612 data/PokeSpriteCleaned/0457lumineon/lumineon_shiny.png,mapped,variant-index
/content/drive/MyDrive/612 data/ProjectPokemonCleaned/0458mantyke/poke_capture_0458_000_mf_n_00000000_f_n.png,/content/drive/MyDrive/612 data/PokeSpriteCleaned/0458mantyke/mantyke.png,mapped,variant-index
/content/drive/MyDrive/612 data/ProjectPokemonCleaned/0458mantyke/poke_capture_0458_000_mf_n_00000000_f_r.png,/content/drive/MyDrive/612 data/PokeSpriteCleaned/0458mantyke/mantyke_shiny.png,mapped,variant-index
/content/drive/MyDrive/612 data/ProjectPokemonCleaned/0459snover/poke_capture_0459_000_fd_n_00000000_f_n.png,/content/drive/MyDrive/612 data/PokeSpriteCleaned/0459snover/snover.png,mapped,variant-index
/content/drive/MyDrive/612 data/ProjectPokemonCleaned/0459snover/poke_capture_0459_000_fd_n_00000000_f_r.png,/content/drive/MyDrive/612 data/PokeSpriteCleaned/0459snover/snover_shiny.png,mapped,variant-index
/content/drive/MyDrive/612 data/ProjectPokemonCleaned/0459snover/poke_capture_0459_000_md_n_00000000_f_n.png,/content/drive/MyDrive/612 data/PokeSpriteCleaned/0459snover/snover.png,mapped,variant-index
/content/drive/MyDrive/612 data/ProjectPokemonCleaned/0459snover/poke_capture_0459_000_md_n_00000000_f_r.png,/content/drive/MyDrive/612 data/PokeSpriteCleaned/0459snover/snover_shiny.png,mapped,variant-index
/content/drive/MyDrive/612 data/ProjectPokemonCleaned/0460abomasnow/poke_capture_0460_000_fd_n_00000000_f_n.png,/content/drive/MyDrive/612 data/PokeSpriteCleaned/0460abomasnow/abomasnow.png,mapped,variant-index
/content/drive/MyDrive/612 data/ProjectPokemonCleaned/0460abomasnow/poke_capture_0460_000_fd_n_00000000_f_r.png,/content/drive/MyDrive/612 data/PokeSpriteCleaned/0460abomasnow/abomasnow_shiny.png,mapped,variant-index
/content/drive/MyDrive/612 data/ProjectPokemonCleaned/0460abomasnow/poke_capture_0460_000_md_n_00000000_f_n.png,/content/drive/MyDrive/612 data/PokeSpriteCleaned/0460abomasnow/abomasnow.png,mapped,variant-index
/content/drive/MyDrive/612 data/ProjectPokemonCleaned/0460abomasnow/poke_capture_0460_000_md_n_00000000_f_r.png,/content/drive/MyDrive/612 data/PokeSpriteCleaned/0460abomasnow/abomasnow_shiny.png,mapped,variant-index
/content/drive/MyDrive/612 data/ProjectPokemonCleaned/0460abomasnow/poke_capture_0460_001_mf_n_00000000_f_n.png,/content/drive/MyDrive/612 data/PokeSpriteCleaned/0460abomasnow/abomasnow-mega.png,mapped,variant-index
/content/drive/MyDrive/612 data/ProjectPokemonCleaned/0460abomasnow/poke_capture_0460_001_mf_n_00000000_f_r.png,/content/drive/MyDrive/612 data/PokeSpriteCleaned/0460abomasnow/abomasnow-mega_shiny.png,mapped,variant-index
/content/drive/MyDrive/612 data/ProjectPokemonCleaned/0461weavile/poke_capture_0461_000_fd_n_00000000_f_n.png,/content/drive/MyDrive/612 data/PokeSpriteCleaned/0461weavile/weavile.png,mapped,variant-index
/content/drive/MyDrive/612 data/ProjectPokemonCleaned/0461weavile/poke_capture_0461_000_fd_n_00000000_f_r.png,/content/drive/MyDrive/612 data/PokeSpriteCleaned/0461weavile/weavile_shiny.png,mapped,variant-index
/content/drive/MyDrive/612 data/ProjectPokemonCleaned/0461weavile/poke_capture_0461_000_md_n_00000000_f_n.png,/content/drive/MyDrive/612 data/PokeSpriteCleaned/0461weavile/weavile.png,mapped,variant-index
/content/drive/MyDrive/612 data/ProjectPokemonCleaned/0461weavile/poke_capture_0461_000_md_n_00000000_f_r.png,/content/drive/MyDrive/612 data/PokeSpriteCleaned/0461weavile/weavile_shiny.png,mapped,variant-index
/content/drive/MyDrive/612 data/ProjectPokemonCleaned/0462magnezone/poke_capture_0462_000_uk_n_00000000_f_n.png,/content/drive/MyDrive/612 data/PokeSpriteCleaned/0462magnezone/magnezone.png,mapped,variant-index
/content/drive/MyDrive/612 data/ProjectPokemonCleaned/0462magnezone/poke_capture_0462_000_uk_n_00000000_f_r.png,/content/drive/MyDrive/612 data/PokeSpriteCleaned/0462magnezone/magnezone_shiny.png,mapped,variant-index
/content/drive/MyDrive/612 data/ProjectPokemonCleaned/0463lickilicky/poke_capture_0463_000_mf_n_00000000_f_n.png,/content/drive/MyDrive/612 data/PokeSpriteCleaned/0463lickilicky/lickilicky.png,mapped,variant-index
/content/drive/MyDrive/612 data/ProjectPokemonCleaned/0463lickilicky/poke_capture_0463_000_mf_n_00000000_f_r.png,/content/drive/MyDrive/612 data/PokeSpriteCleaned/0463lickilicky/lickilicky_shiny.png,mapped,variant-index
/content/drive/MyDrive/612 data/ProjectPokemonCleaned/0464rhyperior/poke_capture_0464_000_fd_n_00000000_f_n.png,/content/drive/MyDrive/612 data/PokeSpriteCleaned/0464rhyperior/rhyperior.png,mapped,variant-index
/content/drive/MyDrive/612 data/ProjectPokemonCleaned/0464rhyperior/poke_capture_0464_000_fd_n_00000000_f_r.png,/content/drive/MyDrive/612 data/PokeSpriteCleaned/0464rhyperior/rhyperior_shiny.png,mapped,variant-index
/content/drive/MyDrive/612 data/ProjectPokemonCleaned/0464rhyperior/poke_capture_0464_000_md_n_00000000_f_n.png,/content/drive/MyDrive/612 data/PokeSpriteCleaned/0464rhyperior/rhyperior.png,mapped,variant-index
/content/drive/MyDrive/612 data/ProjectPokemonCleaned/0464rhyperior/poke_capture_0464_000_md_n_00000000_f_r.png,/content/drive/MyDrive/612 data/PokeSpriteCleaned/0464rhyperior/rhyperior_shiny.png,mapped,variant-index
/content/drive/MyDrive/612 data/ProjectPokemonCleaned/0465tangrowth/poke_capture_0465_000_fd_n_00000000_f_n.png,/content/drive/MyDrive/612 data/PokeSpriteCleaned/0465tangrowth/tangrowth.png,mapped,variant-index
/content/drive/MyDrive/612 data/ProjectPokemonCleaned/0465tangrowth/poke_capture_0465_000_fd_n_00000000_f_r.png,/content/drive/MyDrive/612 data/PokeSpriteCleaned/0465tangrowth/tangrowth_shiny.png,mapped,variant-index
/content/drive/MyDrive/612 data/ProjectPokemonCleaned/0465tangrowth/poke_capture_0465_000_md_n_00000000_f_n.png,/content/drive/MyDrive/612 data/PokeSpriteCleaned/0465tangrowth/tangrowth.png,mapped,variant-index
/content/drive/MyDrive/612 data/ProjectPokemonCleaned/0465tangrowth/poke_capture_0465_000_md_n_00000000_f_r.png,/content/drive/MyDrive/612 data/PokeSpriteCleaned/0465tangrowth/tangrowth_shiny.png,mapped,variant-index
/content/drive/MyDrive/612 data/ProjectPokemonCleaned/0466electivire/poke_capture_0466_000_mf_n_00000000_f_n.png,/content/drive/MyDrive/612 data/PokeSpriteCleaned/0466electivire/electivire.png,mapped,variant-index
/content/drive/MyDrive/612 data/ProjectPokemonCleaned/0466electivire/poke_capture_0466_000_mf_n_00000000_f_r.png,/content/drive/MyDrive/612 data/PokeSpriteCleaned/0466electivire/electivire_shiny.png,mapped,variant-index
/content/drive/MyDrive/612 data/ProjectPokemonCleaned/0467magmortar/poke_capture_0467_000_mf_n_00000000_f_n.png,/content/drive/MyDrive/612 data/PokeSpriteCleaned/0467magmortar/magmortar.png,mapped,variant-index
/content/drive/MyDrive/612 data/ProjectPokemonCleaned/0467magmortar/poke_capture_0467_000_mf_n_00000000_f_r.png,/content/drive/MyDrive/612 data/PokeSpriteCleaned/0467magmortar/magmortar_shiny.png,mapped,variant-index
/content/drive/MyDrive/612 data/ProjectPokemonCleaned/0468togekiss/poke_capture_0468_000_mf_n_00000000_f_n.png,/content/drive/MyDrive/612 data/PokeSpriteCleaned/0468togekiss/togekiss.png,mapped,variant-index
/content/drive/MyDrive/612 data/ProjectPokemonCleaned/0468togekiss/poke_capture_0468_000_mf_n_00000000_f_r.png,/content/drive/MyDrive/612 data/PokeSpriteCleaned/0468togekiss/togekiss_shiny.png,mapped,variant-index
/content/drive/MyDrive/612 data/ProjectPokemonCleaned/0469yanmega/poke_capture_0469_000_mf_n_00000000_f_n.png,/content/drive/MyDrive/612 data/PokeSpriteCleaned/0469yanmega/yanmega.png,mapped,variant-index
/content/drive/MyDrive/612 data/ProjectPokemonCleaned/0469yanmega/poke_capture_0469_000_mf_n_00000000_f_r.png,/content/drive/MyDrive/612 data/PokeSpriteCleaned/0469yanmega/yanmega_shiny.png,mapped,variant-index
/content/drive/MyDrive/612 data/ProjectPokemonCleaned/0470leafeon/poke_capture_0470_000_mf_n_00000000_f_n.png,/content/drive/MyDrive/612 data/PokeSpriteCleaned/0470leafeon/leafeon.png,mapped,variant-index
/content/drive/MyDrive/612 data/ProjectPokemonCleaned/0470leafeon/poke_capture_0470_000_mf_n_00000000_f_r.png,/content/drive/MyDrive/612 data/PokeSpriteCleaned/0470leafeon/leafeon_shiny.png,mapped,variant-index
/content/drive/MyDrive/612 data/ProjectPokemonCleaned/0471glaceon/poke_capture_0471_000_mf_n_00000000_f_n.png,/content/drive/MyDrive/612 data/PokeSpriteCleaned/0471glaceon/glaceon.png,mapped,variant-index
/content/drive/MyDrive/612 data/ProjectPokemonCleaned/0471glaceon/poke_capture_0471_000_mf_n_00000000_f_r.png,/content/drive/MyDrive/612 data/PokeSpriteCleaned/0471glaceon/glaceon_shiny.png,mapped,variant-index
/content/drive/MyDrive/612 data/ProjectPokemonCleaned/0472gliscor/poke_capture_0472_000_mf_n_00000000_f_n.png,/content/drive/MyDrive/612 data/PokeSpriteCleaned/0472gliscor/gliscor.png,mapped,variant-index
/content/drive/MyDrive/612 data/ProjectPokemonCleaned/0472gliscor/poke_capture_0472_000_mf_n_00000000_f_r.png,/content/drive/MyDrive/612 data/PokeSpriteCleaned/0472gliscor/gliscor_shiny.png,mapped,variant-index
/content/drive/MyDrive/612 data/ProjectPokemonCleaned/0473mamoswine/poke_capture_0473_000_fd_n_00000000_f_n.png,/content/drive/MyDrive/612 data/PokeSpriteCleaned/0473mamoswine/mamoswine.png,mapped,variant-index
/content/drive/MyDrive/612 data/ProjectPokemonCleaned/0473mamoswine/poke_capture_0473_000_fd_n_00000000_f_r.png,/content/drive/MyDrive/612 data/PokeSpriteCleaned/0473mamoswine/mamoswine_shiny.png,mapped,variant-index
/content/drive/MyDrive/612 data/ProjectPokemonCleaned/0473mamoswine/poke_capture_0473_000_md_n_00000000_f_n.png,/content/drive/MyDrive/612 data/PokeSpriteCleaned/0473mamoswine/mamoswine.png,mapped,variant-index
/content/drive/MyDrive/612 data/ProjectPokemonCleaned/0473mamoswine/poke_capture_0473_000_md_n_00000000_f_r.png,/content/drive/MyDrive/612 data/PokeSpriteCleaned/0473mamoswine/mamoswine_shiny.png,mapped,variant-index
/content/drive/MyDrive/612 data/ProjectPokemonCleaned/0474porygon-z/poke_capture_0474_000_uk_n_00000000_f_n.png,/content/drive/MyDrive/612 data/PokeSpriteCleaned/0474porygon-z/porygon-z.png,mapped,variant-index
/content/drive/MyDrive/612 data/ProjectPokemonCleaned/0474porygon-z/poke_capture_0474_000_uk_n_00000000_f_r.png,/content/drive/MyDrive/612 data/PokeSpriteCleaned/0474porygon-z/porygon-z_shiny.png,mapped,variant-index
/content/drive/MyDrive/612 data/ProjectPokemonCleaned/0475gallade/poke_capture_0475_000_mo_n_00000000_f_n.png,/content/drive/MyDrive/612 data/PokeSpriteCleaned/0475gallade/gallade.png,mapped,variant-index
/content/drive/MyDrive/612 data/ProjectPokemonCleaned/0475gallade/poke_capture_0475_000_mo_n_00000000_f_r.png,/content/drive/MyDrive/612 data/PokeSpriteCleaned/0475gallade/gallade_shiny.png,mapped,variant-index
/content/drive/MyDrive/612 data/ProjectPokemonCleaned/0475gallade/poke_capture_0475_001_mo_n_00000000_f_n.png,/content/drive/MyDrive/612 data/PokeSpriteCleaned/0475gallade/gallade-mega.png,mapped,variant-index
/content/drive/MyDrive/612 data/ProjectPokemonCleaned/0475gallade/poke_capture_0475_001_mo_n_00000000_f_r.png,/content/drive/MyDrive/612 data/PokeSpriteCleaned/0475gallade/gallade-mega_shiny.png,mapped,variant-index
/content/drive/MyDrive/612 data/ProjectPokemonCleaned/0476probopass/poke_capture_0476_000_mf_n_00000000_f_n.png,/content/drive/MyDrive/612 data/PokeSpriteCleaned/0476probopass/probopass.png,mapped,variant-index
/content/drive/MyDrive/612 data/ProjectPokemonCleaned/0476probopass/poke_capture_0476_000_mf_n_00000000_f_r.png,/content/drive/MyDrive/612 data/PokeSpriteCleaned/0476probopass/probopass_shiny.png,mapped,variant-index
/content/drive/MyDrive/612 data/ProjectPokemonCleaned/0477dusknoir/poke_capture_0477_000_mf_n_00000000_f_n.png,/content/drive/MyDrive/612 data/PokeSpriteCleaned/0477dusknoir/dusknoir.png,mapped,variant-index
/content/drive/MyDrive/612 data/ProjectPokemonCleaned/0477dusknoir/poke_capture_0477_000_mf_n_00000000_f_r.png,/content/drive/MyDrive/612 data/PokeSpriteCleaned/0477dusknoir/dusknoir_shiny.png,mapped,variant-index
/content/drive/MyDrive/612 data/ProjectPokemonCleaned/0478froslass/poke_capture_0478_000_fo_n_00000000_f_n.png,/content/drive/MyDrive/612 data/PokeSpriteCleaned/0478froslass/froslass.png,mapped,variant-index
/content/drive/MyDrive/612 data/ProjectPokemonCleaned/0478froslass/poke_capture_0478_000_fo_n_00000000_f_r.png,/content/drive/MyDrive/612 data/PokeSpriteCleaned/0478froslass/froslass_shiny.png,mapped,variant-index
/content/drive/MyDrive/612 data/ProjectPokemonCleaned/0479rotom/poke_capture_0479_000_uk_n_00000000_f_n.png,/content/drive/MyDrive/612 data/PokeSpriteCleaned/0479rotom/rotom.png,mapped,variant-index
/content/drive/MyDrive/612 data/ProjectPokemonCleaned/0479rotom/poke_capture_0479_000_uk_n_00000000_f_r.png,/content/drive/MyDrive/612 data/PokeSpriteCleaned/0479rotom/rotom_shiny.png,mapped,variant-index
/content/drive/MyDrive/612 data/ProjectPokemonCleaned/0479rotom/poke_capture_0479_001_uk_n_00000000_f_n.png,/content/drive/MyDrive/612 data/PokeSpriteCleaned/0479rotom/rotom-fan.png,mapped,variant-index
/content/drive/MyDrive/612 data/ProjectPokemonCleaned/0479rotom/poke_capture_0479_001_uk_n_00000000_f_r.png,/content/drive/MyDrive/612 data/PokeSpriteCleaned/0479rotom/rotom-fan_shiny.png,mapped,variant-index
/content/drive/MyDrive/612 data/ProjectPokemonCleaned/0479rotom/poke_capture_0479_002_uk_n_00000000_f_n.png,/content/drive/MyDrive/612 data/PokeSpriteCleaned/0479rotom/rotom-frost.png,mapped,variant-index
/content/drive/MyDrive/612 data/ProjectPokemonCleaned/0479rotom/poke_capture_0479_002_uk_n_00000000_f_r.png,/content/drive/MyDrive/612 data/PokeSpriteCleaned/0479rotom/rotom-frost_shiny.png,mapped,variant-index
/content/drive/MyDrive/612 data/ProjectPokemonCleaned/0479rotom/poke_capture_0479_003_uk_n_00000000_f_n.png,/content/drive/MyDrive/612 data/PokeSpriteCleaned/0479rotom/rotom-heat.png,mapped,variant-index
/content/drive/MyDrive/612 data/ProjectPokemonCleaned/0479rotom/poke_capture_0479_003_uk_n_00000000_f_r.png,/content/drive/MyDrive/612 data/PokeSpriteCleaned/0479rotom/rotom-heat_shiny.png,mapped,variant-index
/content/drive/MyDrive/612 data/ProjectPokemonCleaned/0479rotom/poke_capture_0479_004_uk_n_00000000_f_n.png,/content/drive/MyDrive/612 data/PokeSpriteCleaned/0479rotom/rotom-mow.png,mapped,variant-index
/content/drive/MyDrive/612 data/ProjectPokemonCleaned/0479rotom/poke_capture_0479_004_uk_n_00000000_f_r.png,/content/drive/MyDrive/612 data/PokeSpriteCleaned/0479rotom/rotom-mow_shiny.png,mapped,variant-index
/content/drive/MyDrive/612 data/ProjectPokemonCleaned/0479rotom/poke_capture_0479_005_uk_n_00000000_f_n.png,/content/drive/MyDrive/612 data/PokeSpriteCleaned/0479rotom/rotom-wash.png,mapped,variant-index
/content/drive/MyDrive/612 data/ProjectPokemonCleaned/0479rotom/poke_capture_0479_005_uk_n_00000000_f_r.png,/content/drive/MyDrive/612 data/PokeSpriteCleaned/0479rotom/rotom-wash_shiny.png,mapped,variant-index
/content/drive/MyDrive/612 data/ProjectPokemonCleaned/0480uxie/poke_capture_0480_000_uk_n_00000000_f_n.png,/content/drive/MyDrive/612 data/PokeSpriteCleaned/0480uxie/uxie.png,mapped,variant-index
/content/drive/MyDrive/612 data/ProjectPokemonCleaned/0480uxie/poke_capture_0480_000_uk_n_00000000_f_r.png,/content/drive/MyDrive/612 data/PokeSpriteCleaned/0480uxie/uxie_shiny.png,mapped,variant-index
/content/drive/MyDrive/612 data/ProjectPokemonCleaned/0481mesprit/poke_capture_0481_000_uk_n_00000000_f_n.png,/content/drive/MyDrive/612 data/PokeSpriteCleaned/0481mesprit/mesprit.png,mapped,variant-index
/content/drive/MyDrive/612 data/ProjectPokemonCleaned/0481mesprit/poke_capture_0481_000_uk_n_00000000_f_r.png,/content/drive/MyDrive/612 data/PokeSpriteCleaned/0481mesprit/mesprit_shiny.png,mapped,variant-index
/content/drive/MyDrive/612 data/ProjectPokemonCleaned/0482azelf/poke_capture_0482_000_uk_n_00000000_f_n.png,/content/drive/MyDrive/612 data/PokeSpriteCleaned/0482azelf/azelf.png,mapped,variant-index
/content/drive/MyDrive/612 data/ProjectPokemonCleaned/0482azelf/poke_capture_0482_000_uk_n_00000000_f_r.png,/content/drive/MyDrive/612 data/PokeSpriteCleaned/0482azelf/azelf_shiny.png,mapped,variant-index
/content/drive/MyDrive/612 data/ProjectPokemonCleaned/0483dialga/poke_capture_0483_000_uk_n_00000000_f_n.png,/content/drive/MyDrive/612 data/PokeSpriteCleaned/0483dialga/dialga.png,mapped,variant-index
/content/drive/MyDrive/612 data/ProjectPokemonCleaned/0483dialga/poke_capture_0483_000_uk_n_00000000_f_r.png,/content/drive/MyDrive/612 data/PokeSpriteCleaned/0483dialga/dialga_shiny.png,mapped,variant-index
/content/drive/MyDrive/612 data/ProjectPokemonCleaned/0484palkia/poke_capture_0484_000_uk_n_00000000_f_n.png,/content/drive/MyDrive/612 data/PokeSpriteCleaned/0484palkia/palkia.png,mapped,variant-index
/content/drive/MyDrive/612 data/ProjectPokemonCleaned/0484palkia/poke_capture_0484_000_uk_n_00000000_f_r.png,/content/drive/MyDrive/612 data/PokeSpriteCleaned/0484palkia/palkia_shiny.png,mapped,variant-index
/content/drive/MyDrive/612 data/ProjectPokemonCleaned/0485heatran/poke_capture_0485_000_mf_n_00000000_f_n.png,/content/drive/MyDrive/612 data/PokeSpriteCleaned/0485heatran/heatran.png,mapped,variant-index
/content/drive/MyDrive/612 data/ProjectPokemonCleaned/0485heatran/poke_capture_0485_000_mf_n_00000000_f_r.png,/content/drive/MyDrive/612 data/PokeSpriteCleaned/0485heatran/heatran_shiny.png,mapped,variant-index
/content/drive/MyDrive/612 data/ProjectPokemonCleaned/0486regigigas/poke_capture_0486_000_uk_n_00000000_f_n.png,/content/drive/MyDrive/612 data/PokeSpriteCleaned/0486regigigas/regigigas.png,mapped,variant-index
/content/drive/MyDrive/612 data/ProjectPokemonCleaned/0486regigigas/poke_capture_0486_000_uk_n_00000000_f_r.png,/content/drive/MyDrive/612 data/PokeSpriteCleaned/0486regigigas/regigigas_shiny.png,mapped,variant-index
/content/drive/MyDrive/612 data/ProjectPokemonCleaned/0487giratina/poke_capture_0487_000_uk_n_00000000_f_n.png,/content/drive/MyDrive/612 data/PokeSpriteCleaned/0487giratina/giratina.png,mapped,variant-index
/content/drive/MyDrive/612 data/ProjectPokemonCleaned/0487giratina/poke_capture_0487_000_uk_n_00000000_f_r.png,/content/drive/MyDrive/612 data/PokeSpriteCleaned/0487giratina/giratina_shiny.png,mapped,variant-index
/content/drive/MyDrive/612 data/ProjectPokemonCleaned/0487giratina/poke_capture_0487_001_uk_n_00000000_f_n.png,/content/drive/MyDrive/612 data/PokeSpriteCleaned/0487giratina/giratina-origin.png,mapped,variant-index
/content/drive/MyDrive/612 data/ProjectPokemonCleaned/0487giratina/poke_capture_0487_001_uk_n_00000000_f_r.png,/content/drive/MyDrive/612 data/PokeSpriteCleaned/0487giratina/giratina-origin_shiny.png,mapped,variant-index
/content/drive/MyDrive/612 data/ProjectPokemonCleaned/0488cresselia/poke_capture_0488_000_fo_n_00000000_f_n.png,/content/drive/MyDrive/612 data/PokeSpriteCleaned/0488cresselia/cresselia.png,mapped,variant-index
/content/drive/MyDrive/612 data/ProjectPokemonCleaned/0488cresselia/poke_capture_0488_000_fo_n_00000000_f_r.png,/content/drive/MyDrive/612 data/PokeSpriteCleaned/0488cresselia/cresselia_shiny.png,mapped,variant-index
/content/drive/MyDrive/612 data/ProjectPokemonCleaned/0489phione/poke_capture_0489_000_uk_n_00000000_f_n.png,/content/drive/MyDrive/612 data/PokeSpriteCleaned/0489phione/phione.png,mapped,variant-index
/content/drive/MyDrive/612 data/ProjectPokemonCleaned/0489phione/poke_capture_0489_000_uk_n_00000000_f_r.png,/content/drive/MyDrive/612 data/PokeSpriteCleaned/0489phione/phione_shiny.png,mapped,variant-index
/content/drive/MyDrive/612 data/ProjectPokemonCleaned/0490manaphy/poke_capture_0490_000_uk_n_00000000_f_n.png,/content/drive/MyDrive/612 data/PokeSpriteCleaned/0490manaphy/manaphy.png,mapped,variant-index
/content/drive/MyDrive/612 data/ProjectPokemonCleaned/0490manaphy/poke_capture_0490_000_uk_n_00000000_f_r.png,/content/drive/MyDrive/612 data/PokeSpriteCleaned/0490manaphy/manaphy_shiny.png,mapped,variant-index
/content/drive/MyDrive/612 data/ProjectPokemonCleaned/0491darkrai/poke_capture_0491_000_uk_n_00000000_f_n.png,/content/drive/MyDrive/612 data/PokeSpriteCleaned/0491darkrai/darkrai.png,mapped,variant-index
/content/drive/MyDrive/612 data/ProjectPokemonCleaned/0491darkrai/poke_capture_0491_000_uk_n_00000000_f_r.png,/content/drive/MyDrive/612 data/PokeSpriteCleaned/0491darkrai/darkrai_shiny.png,mapped,variant-index
/content/drive/MyDrive/612 data/ProjectPokemonCleaned/0492shaymin/poke_capture_0492_000_uk_n_00000000_f_n.png,/content/drive/MyDrive/612 data/PokeSpriteCleaned/0492shaymin/shaymin.png,mapped,variant-index
/content/drive/MyDrive/612 data/ProjectPokemonCleaned/0492shaymin/poke_capture_0492_000_uk_n_00000000_f_r.png,/content/drive/MyDrive/612 data/PokeSpriteCleaned/0492shaymin/shaymin_shiny.png,mapped,variant-index
/content/drive/MyDrive/612 data/ProjectPokemonCleaned/0492shaymin/poke_capture_0492_001_uk_n_00000000_f_n.png,/content/drive/MyDrive/612 data/PokeSpriteCleaned/0492shaymin/shaymin-sky.png,mapped,variant-index
/content/drive/MyDrive/612 data/ProjectPokemonCleaned/0492shaymin/poke_capture_0492_001_uk_n_00000000_f_r.png,/content/drive/MyDrive/612 data/PokeSpriteCleaned/0492shaymin/shaymin-sky_shiny.png,mapped,variant-index
/content/drive/MyDrive/612 data/ProjectPokemonCleaned/0493arceus/poke_capture_0493_000_uk_n_00000000_f_n.png,/content/drive/MyDrive/612 data/PokeSpriteCleaned/0493arceus/arceus.png,mapped,variant-index
/content/drive/MyDrive/612 data/ProjectPokemonCleaned/0493arceus/poke_capture_0493_000_uk_n_00000000_f_r.png,/content/drive/MyDrive/612 data/PokeSpriteCleaned/0493arceus/arceus_shiny.png,mapped,variant-index
/content/drive/MyDrive/612 data/ProjectPokemonCleaned/0493arceus/poke_capture_0493_001_uk_n_00000000_f_n.png,/content/drive/MyDrive/612 data/PokeSpriteCleaned/0493arceus/arceus-bug.png,mapped,variant-index
/content/drive/MyDrive/612 data/ProjectPokemonCleaned/0493arceus/poke_capture_0493_001_uk_n_00000000_f_r.png,/content/drive/MyDrive/612 data/PokeSpriteCleaned/0493arceus/arceus-bug_shiny.png,mapped,variant-index
/content/drive/MyDrive/612 data/ProjectPokemonCleaned/0493arceus/poke_capture_0493_002_uk_n_00000000_f_n.png,/content/drive/MyDrive/612 data/PokeSpriteCleaned/0493arceus/arceus-dark.png,mapped,variant-index
/content/drive/MyDrive/612 data/ProjectPokemonCleaned/0493arceus/poke_capture_0493_002_uk_n_00000000_f_r.png,/content/drive/MyDrive/612 data/PokeSpriteCleaned/0493arceus/arceus-dark_shiny.png,mapped,variant-index
/content/drive/MyDrive/612 data/ProjectPokemonCleaned/0493arceus/poke_capture_0493_003_uk_n_00000000_f_n.png,/content/drive/MyDrive/612 data/PokeSpriteCleaned/0493arceus/arceus-dragon.png,mapped,variant-index
/content/drive/MyDrive/612 data/ProjectPokemonCleaned/0493arceus/poke_capture_0493_003_uk_n_00000000_f_r.png,/content/drive/MyDrive/612 data/PokeSpriteCleaned/0493arceus/arceus-dragon_shiny.png,mapped,variant-index
/content/drive/MyDrive/612 data/ProjectPokemonCleaned/0493arceus/poke_capture_0493_004_uk_n_00000000_f_n.png,/content/drive/MyDrive/612 data/PokeSpriteCleaned/0493arceus/arceus-electric.png,mapped,variant-index
/content/drive/MyDrive/612 data/ProjectPokemonCleaned/0493arceus/poke_capture_0493_004_uk_n_00000000_f_r.png,/content/drive/MyDrive/612 data/PokeSpriteCleaned/0493arceus/arceus-electric_shiny.png,mapped,variant-index
/content/drive/MyDrive/612 data/ProjectPokemonCleaned/0493arceus/poke_capture_0493_005_uk_n_00000000_f_n.png,/content/drive/MyDrive/612 data/PokeSpriteCleaned/0493arceus/arceus-fairy.png,mapped,variant-index
/content/drive/MyDrive/612 data/ProjectPokemonCleaned/0493arceus/poke_capture_0493_005_uk_n_00000000_f_r.png,/content/drive/MyDrive/612 data/PokeSpriteCleaned/0493arceus/arceus-fairy_shiny.png,mapped,variant-index
/content/drive/MyDrive/612 data/ProjectPokemonCleaned/0493arceus/poke_capture_0493_006_uk_n_00000000_f_n.png,/content/drive/MyDrive/612 data/PokeSpriteCleaned/0493arceus/arceus-fighting.png,mapped,variant-index
/content/drive/MyDrive/612 data/ProjectPokemonCleaned/0493arceus/poke_capture_0493_006_uk_n_00000000_f_r.png,/content/drive/MyDrive/612 data/PokeSpriteCleaned/0493arceus/arceus-fighting_shiny.png,mapped,variant-index
/content/drive/MyDrive/612 data/ProjectPokemonCleaned/0493arceus/poke_capture_0493_007_uk_n_00000000_f_n.png,/content/drive/MyDrive/612 data/PokeSpriteCleaned/0493arceus/arceus-fire.png,mapped,variant-index
/content/drive/MyDrive/612 data/ProjectPokemonCleaned/0493arceus/poke_capture_0493_007_uk_n_00000000_f_r.png,/content/drive/MyDrive/612 data/PokeSpriteCleaned/0493arceus/arceus-fire_shiny.png,mapped,variant-index
/content/drive/MyDrive/612 data/ProjectPokemonCleaned/0493arceus/poke_capture_0493_008_uk_n_00000000_f_n.png,/content/drive/MyDrive/612 data/PokeSpriteCleaned/0493arceus/arceus-flying.png,mapped,variant-index
/content/drive/MyDrive/612 data/ProjectPokemonCleaned/0493arceus/poke_capture_0493_008_uk_n_00000000_f_r.png,/content/drive/MyDrive/612 data/PokeSpriteCleaned/0493arceus/arceus-flying_shiny.png,mapped,variant-index
/content/drive/MyDrive/612 data/ProjectPokemonCleaned/0493arceus/poke_capture_0493_009_uk_n_00000000_f_n.png,/content/drive/MyDrive/612 data/PokeSpriteCleaned/0493arceus/arceus-ghost.png,mapped,variant-index
/content/drive/MyDrive/612 data/ProjectPokemonCleaned/0493arceus/poke_capture_0493_009_uk_n_00000000_f_r.png,/content/drive/MyDrive/612 data/PokeSpriteCleaned/0493arceus/arceus-ghost_shiny.png,mapped,variant-index
/content/drive/MyDrive/612 data/ProjectPokemonCleaned/0493arceus/poke_capture_0493_010_uk_n_00000000_f_n.png,/content/drive/MyDrive/612 data/PokeSpriteCleaned/0493arceus/arceus-grass.png,mapped,variant-index
/content/drive/MyDrive/612 data/ProjectPokemonCleaned/0493arceus/poke_capture_0493_010_uk_n_00000000_f_r.png,/content/drive/MyDrive/612 data/PokeSpriteCleaned/0493arceus/arceus-grass_shiny.png,mapped,variant-index
/content/drive/MyDrive/612 data/ProjectPokemonCleaned/0493arceus/poke_capture_0493_011_uk_n_00000000_f_n.png,/content/drive/MyDrive/612 data/PokeSpriteCleaned/0493arceus/arceus-ground.png,mapped,variant-index
/content/drive/MyDrive/612 data/ProjectPokemonCleaned/0493arceus/poke_capture_0493_011_uk_n_00000000_f_r.png,/content/drive/MyDrive/612 data/PokeSpriteCleaned/0493arceus/arceus-ground_shiny.png,mapped,variant-index
/content/drive/MyDrive/612 data/ProjectPokemonCleaned/0493arceus/poke_capture_0493_012_uk_n_00000000_f_n.png,/content/drive/MyDrive/612 data/PokeSpriteCleaned/0493arceus/arceus-ice.png,mapped,variant-index
/content/drive/MyDrive/612 data/ProjectPokemonCleaned/0493arceus/poke_capture_0493_012_uk_n_00000000_f_r.png,/content/drive/MyDrive/612 data/PokeSpriteCleaned/0493arceus/arceus-ice_shiny.png,mapped,variant-index
/content/drive/MyDrive/612 data/ProjectPokemonCleaned/0493arceus/poke_capture_0493_013_uk_n_00000000_f_n.png,/content/drive/MyDrive/612 data/PokeSpriteCleaned/0493arceus/arceus-poison.png,mapped,variant-index
/content/drive/MyDrive/612 data/ProjectPokemonCleaned/0493arceus/poke_capture_0493_013_uk_n_00000000_f_r.png,/content/drive/MyDrive/612 data/PokeSpriteCleaned/0493arceus/arceus-poison_shiny.png,mapped,variant-index
/content/drive/MyDrive/612 data/ProjectPokemonCleaned/0493arceus/poke_capture_0493_014_uk_n_00000000_f_n.png,/content/drive/MyDrive/612 data/PokeSpriteCleaned/0493arceus/arceus-psychic.png,mapped,variant-index
/content/drive/MyDrive/612 data/ProjectPokemonCleaned/0493arceus/poke_capture_0493_014_uk_n_00000000_f_r.png,/content/drive/MyDrive/612 data/PokeSpriteCleaned/0493arceus/arceus-psychic_shiny.png,mapped,variant-index
/content/drive/MyDrive/612 data/ProjectPokemonCleaned/0493arceus/poke_capture_0493_015_uk_n_00000000_f_n.png,/content/drive/MyDrive/612 data/PokeSpriteCleaned/0493arceus/arceus-rock.png,mapped,variant-index
/content/drive/MyDrive/612 data/ProjectPokemonCleaned/0493arceus/poke_capture_0493_015_uk_n_00000000_f_r.png,/content/drive/MyDrive/612 data/PokeSpriteCleaned/0493arceus/arceus-rock_shiny.png,mapped,variant-index
/content/drive/MyDrive/612 data/ProjectPokemonCleaned/0493arceus/poke_capture_0493_016_uk_n_00000000_f_n.png,/content/drive/MyDrive/612 data/PokeSpriteCleaned/0493arceus/arceus-steel.png,mapped,variant-index
/content/drive/MyDrive/612 data/ProjectPokemonCleaned/0493arceus/poke_capture_0493_016_uk_n_00000000_f_r.png,/content/drive/MyDrive/612 data/PokeSpriteCleaned/0493arceus/arceus-steel_shiny.png,mapped,variant-index
/content/drive/MyDrive/612 data/ProjectPokemonCleaned/0493arceus/poke_capture_0493_017_uk_n_00000000_f_n.png,/content/drive/MyDrive/612 data/PokeSpriteCleaned/0493arceus/arceus-unknown.png,mapped,variant-index
/content/drive/MyDrive/612 data/ProjectPokemonCleaned/0493arceus/poke_capture_0493_017_uk_n_00000000_f_r.png,/content/drive/MyDrive/612 data/PokeSpriteCleaned/0493arceus/arceus-unknown_shiny.png,mapped,variant-index
/content/drive/MyDrive/612 data/ProjectPokemonCleaned/0494victini/poke_capture_0494_000_uk_n_00000000_f_n.png,/content/drive/MyDrive/612 data/PokeSpriteCleaned/0494victini/victini.png,mapped,variant-index
/content/drive/MyDrive/612 data/ProjectPokemonCleaned/0494victini/poke_capture_0494_000_uk_n_00000000_f_r.png,/content/drive/MyDrive/612 data/PokeSpriteCleaned/0494victini/victini_shiny.png,mapped,variant-index
/content/drive/MyDrive/612 data/ProjectPokemonCleaned/0495snivy/poke_capture_0495_000_mf_n_00000000_f_n.png,/content/drive/MyDrive/612 data/PokeSpriteCleaned/0495snivy/snivy.png,mapped,variant-index
/content/drive/MyDrive/612 data/ProjectPokemonCleaned/0495snivy/poke_capture_0495_000_mf_n_00000000_f_r.png,/content/drive/MyDrive/612 data/PokeSpriteCleaned/0495snivy/snivy_shiny.png,mapped,variant-index
/content/drive/MyDrive/612 data/ProjectPokemonCleaned/0496servine/poke_capture_0496_000_mf_n_00000000_f_n.png,/content/drive/MyDrive/612 data/PokeSpriteCleaned/0496servine/servine.png,mapped,variant-index
/content/drive/MyDrive/612 data/ProjectPokemonCleaned/0496servine/poke_capture_0496_000_mf_n_00000000_f_r.png,/content/drive/MyDrive/612 data/PokeSpriteCleaned/0496servine/servine_shiny.png,mapped,variant-index
/content/drive/MyDrive/612 data/ProjectPokemonCleaned/0497serperior/poke_capture_0497_000_mf_n_00000000_f_n.png,/content/drive/MyDrive/612 data/PokeSpriteCleaned/0497serperior/serperior.png,mapped,variant-index
/content/drive/MyDrive/612 data/ProjectPokemonCleaned/0497serperior/poke_capture_0497_000_mf_n_00000000_f_r.png,/content/drive/MyDrive/612 data/PokeSpriteCleaned/0497serperior/serperior_shiny.png,mapped,variant-index
/content/drive/MyDrive/612 data/ProjectPokemonCleaned/0498tepig/poke_capture_0498_000_mf_n_00000000_f_n.png,/content/drive/MyDrive/612 data/PokeSpriteCleaned/0498tepig/tepig.png,mapped,variant-index
/content/drive/MyDrive/612 data/ProjectPokemonCleaned/0498tepig/poke_capture_0498_000_mf_n_00000000_f_r.png,/content/drive/MyDrive/612 data/PokeSpriteCleaned/0498tepig/tepig_shiny.png,mapped,variant-index
/content/drive/MyDrive/612 data/ProjectPokemonCleaned/0499pignite/poke_capture_0499_000_mf_n_00000000_f_n.png,/content/drive/MyDrive/612 data/PokeSpriteCleaned/0499pignite/pignite.png,mapped,variant-index
/content/drive/MyDrive/612 data/ProjectPokemonCleaned/0499pignite/poke_capture_0499_000_mf_n_00000000_f_r.png,/content/drive/MyDrive/612 data/PokeSpriteCleaned/0499pignite/pignite_shiny.png,mapped,variant-index
/content/drive/MyDrive/612 data/ProjectPokemonCleaned/0500emboar/poke_capture_0500_000_mf_n_00000000_f_n.png,/content/drive/MyDrive/612 data/PokeSpriteCleaned/0500emboar/emboar.png,mapped,variant-index
/content/drive/MyDrive/612 data/ProjectPokemonCleaned/0500emboar/poke_capture_0500_000_mf_n_00000000_f_r.png,/content/drive/MyDrive/612 data/PokeSpriteCleaned/0500emboar/emboar_shiny.png,mapped,variant-index
/content/drive/MyDrive/612 data/ProjectPokemonCleaned/0501oshawott/poke_capture_0501_000_mf_n_00000000_f_n.png,/content/drive/MyDrive/612 data/PokeSpriteCleaned/0501oshawott/oshawott.png,mapped,variant-index
/content/drive/MyDrive/612 data/ProjectPokemonCleaned/0501oshawott/poke_capture_0501_000_mf_n_00000000_f_r.png,/content/drive/MyDrive/612 data/PokeSpriteCleaned/0501oshawott/oshawott_shiny.png,mapped,variant-index
/content/drive/MyDrive/612 data/ProjectPokemonCleaned/0502dewott/poke_capture_0502_000_mf_n_00000000_f_n.png,/content/drive/MyDrive/612 data/PokeSpriteCleaned/0502dewott/dewott.png,mapped,variant-index
/content/drive/MyDrive/612 data/ProjectPokemonCleaned/0502dewott/poke_capture_0502_000_mf_n_00000000_f_r.png,/content/drive/MyDrive/612 data/PokeSpriteCleaned/0502dewott/dewott_shiny.png,mapped,variant-index
/content/drive/MyDrive/612 data/ProjectPokemonCleaned/0503samurott/poke_capture_0503_000_mf_n_00000000_f_n.png,/content/drive/MyDrive/612 data/PokeSpriteCleaned/0503samurott/samurott hisui.png,mapped,variant-index
/content/drive/MyDrive/612 data/ProjectPokemonCleaned/0503samurott/poke_capture_0503_000_mf_n_00000000_f_r.png,/content/drive/MyDrive/612 data/PokeSpriteCleaned/0503samurott/samurott hisui_shiny.png,mapped,variant-index
/content/drive/MyDrive/612 data/ProjectPokemonCleaned/0504patrat/poke_capture_0504_000_mf_n_00000000_f_n.png,/content/drive/MyDrive/612 data/PokeSpriteCleaned/0504patrat/patrat.png,mapped,variant-index
/content/drive/MyDrive/612 data/ProjectPokemonCleaned/0504patrat/poke_capture_0504_000_mf_n_00000000_f_r.png,/content/drive/MyDrive/612 data/PokeSpriteCleaned/0504patrat/patrat_shiny.png,mapped,variant-index
/content/drive/MyDrive/612 data/ProjectPokemonCleaned/0505watchog/poke_capture_0505_000_mf_n_00000000_f_n.png,/content/drive/MyDrive/612 data/PokeSpriteCleaned/0505watchog/watchog.png,mapped,variant-index
/content/drive/MyDrive/612 data/ProjectPokemonCleaned/0505watchog/poke_capture_0505_000_mf_n_00000000_f_r.png,/content/drive/MyDrive/612 data/PokeSpriteCleaned/0505watchog/watchog_shiny.png,mapped,variant-index
/content/drive/MyDrive/612 data/ProjectPokemonCleaned/0506lillipup/poke_capture_0506_000_mf_n_00000000_f_n.png,/content/drive/MyDrive/612 data/PokeSpriteCleaned/0506lillipup/lillipup.png,mapped,variant-index
/content/drive/MyDrive/612 data/ProjectPokemonCleaned/0506lillipup/poke_capture_0506_000_mf_n_00000000_f_r.png,/content/drive/MyDrive/612 data/PokeSpriteCleaned/0506lillipup/lillipup_shiny.png,mapped,variant-index
/content/drive/MyDrive/612 data/ProjectPokemonCleaned/0507herdier/poke_capture_0507_000_mf_n_00000000_f_n.png,/content/drive/MyDrive/612 data/PokeSpriteCleaned/0507herdier/herdier.png,mapped,variant-index
/content/drive/MyDrive/612 data/ProjectPokemonCleaned/0507herdier/poke_capture_0507_000_mf_n_00000000_f_r.png,/content/drive/MyDrive/612 data/PokeSpriteCleaned/0507herdier/herdier_shiny.png,mapped,variant-index
/content/drive/MyDrive/612 data/ProjectPokemonCleaned/0508stoutland/poke_capture_0508_000_mf_n_00000000_f_n.png,/content/drive/MyDrive/612 data/PokeSpriteCleaned/0508stoutland/stoutland.png,mapped,variant-index
/content/drive/MyDrive/612 data/ProjectPokemonCleaned/0508stoutland/poke_capture_0508_000_mf_n_00000000_f_r.png,/content/drive/MyDrive/612 data/PokeSpriteCleaned/0508stoutland/stoutland_shiny.png,mapped,variant-index
/content/drive/MyDrive/612 data/ProjectPokemonCleaned/0509purrloin/poke_capture_0509_000_mf_n_00000000_f_n.png,/content/drive/MyDrive/612 data/PokeSpriteCleaned/0509purrloin/purrloin.png,mapped,variant-index
/content/drive/MyDrive/612 data/ProjectPokemonCleaned/0509purrloin/poke_capture_0509_000_mf_n_00000000_f_r.png,/content/drive/MyDrive/612 data/PokeSpriteCleaned/0509purrloin/purrloin_shiny.png,mapped,variant-index
/content/drive/MyDrive/612 data/ProjectPokemonCleaned/0510liepard/poke_capture_0510_000_mf_n_00000000_f_n.png,/content/drive/MyDrive/612 data/PokeSpriteCleaned/0510liepard/liepard.png,mapped,variant-index
/content/drive/MyDrive/612 data/ProjectPokemonCleaned/0510liepard/poke_capture_0510_000_mf_n_00000000_f_r.png,/content/drive/MyDrive/612 data/PokeSpriteCleaned/0510liepard/liepard_shiny.png,mapped,variant-index
/content/drive/MyDrive/612 data/ProjectPokemonCleaned/0511pansage/poke_capture_0511_000_mf_n_00000000_f_n.png,/content/drive/MyDrive/612 data/PokeSpriteCleaned/0511pansage/pansage.png,mapped,variant-index
/content/drive/MyDrive/612 data/ProjectPokemonCleaned/0511pansage/poke_capture_0511_000_mf_n_00000000_f_r.png,/content/drive/MyDrive/612 data/PokeSpriteCleaned/0511pansage/pansage_shiny.png,mapped,variant-index
/content/drive/MyDrive/612 data/ProjectPokemonCleaned/0512simisage/poke_capture_0512_000_mf_n_00000000_f_n.png,/content/drive/MyDrive/612 data/PokeSpriteCleaned/0512simisage/simisage.png,mapped,variant-index
/content/drive/MyDrive/612 data/ProjectPokemonCleaned/0512simisage/poke_capture_0512_000_mf_n_00000000_f_r.png,/content/drive/MyDrive/612 data/PokeSpriteCleaned/0512simisage/simisage_shiny.png,mapped,variant-index
/content/drive/MyDrive/612 data/ProjectPokemonCleaned/0513pansear/poke_capture_0513_000_mf_n_00000000_f_n.png,/content/drive/MyDrive/612 data/PokeSpriteCleaned/0513pansear/pansear.png,mapped,variant-index
/content/drive/MyDrive/612 data/ProjectPokemonCleaned/0513pansear/poke_capture_0513_000_mf_n_00000000_f_r.png,/content/drive/MyDrive/612 data/PokeSpriteCleaned/0513pansear/pansear_shiny.png,mapped,variant-index
/content/drive/MyDrive/612 data/ProjectPokemonCleaned/0514simisear/poke_capture_0514_000_mf_n_00000000_f_n.png,/content/drive/MyDrive/612 data/PokeSpriteCleaned/0514simisear/simisear.png,mapped,variant-index
/content/drive/MyDrive/612 data/ProjectPokemonCleaned/0514simisear/poke_capture_0514_000_mf_n_00000000_f_r.png,/content/drive/MyDrive/612 data/PokeSpriteCleaned/0514simisear/simisear_shiny.png,mapped,variant-index
/content/drive/MyDrive/612 data/ProjectPokemonCleaned/0515panpour/poke_capture_0515_000_mf_n_00000000_f_n.png,/content/drive/MyDrive/612 data/PokeSpriteCleaned/0515panpour/panpour.png,mapped,variant-index
/content/drive/MyDrive/612 data/ProjectPokemonCleaned/0515panpour/poke_capture_0515_000_mf_n_00000000_f_r.png,/content/drive/MyDrive/612 data/PokeSpriteCleaned/0515panpour/panpour_shiny.png,mapped,variant-index
/content/drive/MyDrive/612 data/ProjectPokemonCleaned/0516simipour/poke_capture_0516_000_mf_n_00000000_f_n.png,/content/drive/MyDrive/612 data/PokeSpriteCleaned/0516simipour/simipour.png,mapped,variant-index
/content/drive/MyDrive/612 data/ProjectPokemonCleaned/0516simipour/poke_capture_0516_000_mf_n_00000000_f_r.png,/content/drive/MyDrive/612 data/PokeSpriteCleaned/0516simipour/simipour_shiny.png,mapped,variant-index
/content/drive/MyDrive/612 data/ProjectPokemonCleaned/0517munna/poke_capture_0517_000_mf_n_00000000_f_n.png,/content/drive/MyDrive/612 data/PokeSpriteCleaned/0517munna/munna.png,mapped,variant-index
/content/drive/MyDrive/612 data/ProjectPokemonCleaned/0517munna/poke_capture_0517_000_mf_n_00000000_f_r.png,/content/drive/MyDrive/612 data/PokeSpriteCleaned/0517munna/munna_shiny.png,mapped,variant-index
/content/drive/MyDrive/612 data/ProjectPokemonCleaned/0518musharna/poke_capture_0518_000_mf_n_00000000_f_n.png,/content/drive/MyDrive/612 data/PokeSpriteCleaned/0518musharna/musharna.png,mapped,variant-index
/content/drive/MyDrive/612 data/ProjectPokemonCleaned/0518musharna/poke_capture_0518_000_mf_n_00000000_f_r.png,/content/drive/MyDrive/612 data/PokeSpriteCleaned/0518musharna/musharna_shiny.png,mapped,variant-index
/content/drive/MyDrive/612 data/ProjectPokemonCleaned/0519pidove/poke_capture_0519_000_mf_n_00000000_f_n.png,/content/drive/MyDrive/612 data/PokeSpriteCleaned/0519pidove/pidove.png,mapped,variant-index
/content/drive/MyDrive/612 data/ProjectPokemonCleaned/0519pidove/poke_capture_0519_000_mf_n_00000000_f_r.png,/content/drive/MyDrive/612 data/PokeSpriteCleaned/0519pidove/pidove_shiny.png,mapped,variant-index
/content/drive/MyDrive/612 data/ProjectPokemonCleaned/0520tranquill/poke_capture_0520_000_mf_n_00000000_f_n.png,/content/drive/MyDrive/612 data/PokeSpriteCleaned/0520tranquill/tranquill.png,mapped,variant-index
/content/drive/MyDrive/612 data/ProjectPokemonCleaned/0520tranquill/poke_capture_0520_000_mf_n_00000000_f_r.png,/content/drive/MyDrive/612 data/PokeSpriteCleaned/0520tranquill/tranquill_shiny.png,mapped,variant-index
/content/drive/MyDrive/612 data/ProjectPokemonCleaned/0521unfezant/poke_capture_0521_000_fd_n_00000000_f_n.png,/content/drive/MyDrive/612 data/PokeSpriteCleaned/0521unfezant/unfezant.png,mapped,variant-index
/content/drive/MyDrive/612 data/ProjectPokemonCleaned/0521unfezant/poke_capture_0521_000_fd_n_00000000_f_r.png,/content/drive/MyDrive/612 data/PokeSpriteCleaned/0521unfezant/unfezant_shiny.png,mapped,variant-index
/content/drive/MyDrive/612 data/ProjectPokemonCleaned/0521unfezant/poke_capture_0521_000_md_n_00000000_f_n.png,/content/drive/MyDrive/612 data/PokeSpriteCleaned/0521unfezant/unfezant.png,mapped,variant-index
/content/drive/MyDrive/612 data/ProjectPokemonCleaned/0521unfezant/poke_capture_0521_000_md_n_00000000_f_r.png,/content/drive/MyDrive/612 data/PokeSpriteCleaned/0521unfezant/unfezant_shiny.png,mapped,variant-index
/content/drive/MyDrive/612 data/ProjectPokemonCleaned/0522blitzle/poke_capture_0522_000_mf_n_00000000_f_n.png,/content/drive/MyDrive/612 data/PokeSpriteCleaned/0522blitzle/blitzle.png,mapped,variant-index
/content/drive/MyDrive/612 data/ProjectPokemonCleaned/0522blitzle/poke_capture_0522_000_mf_n_00000000_f_r.png,/content/drive/MyDrive/612 data/PokeSpriteCleaned/0522blitzle/blitzle_shiny.png,mapped,variant-index
/content/drive/MyDrive/612 data/ProjectPokemonCleaned/0523zebstrika/poke_capture_0523_000_mf_n_00000000_f_n.png,/content/drive/MyDrive/612 data/PokeSpriteCleaned/0523zebstrika/zebstrika.png,mapped,variant-index
/content/drive/MyDrive/612 data/ProjectPokemonCleaned/0523zebstrika/poke_capture_0523_000_mf_n_00000000_f_r.png,/content/drive/MyDrive/612 data/PokeSpriteCleaned/0523zebstrika/zebstrika_shiny.png,mapped,variant-index
/content/drive/MyDrive/612 data/ProjectPokemonCleaned/0524roggenrola/poke_capture_0524_000_mf_n_00000000_f_n.png,/content/drive/MyDrive/612 data/PokeSpriteCleaned/0524roggenrola/roggenrola.png,mapped,variant-index
/content/drive/MyDrive/612 data/ProjectPokemonCleaned/0524roggenrola/poke_capture_0524_000_mf_n_00000000_f_r.png,/content/drive/MyDrive/612 data/PokeSpriteCleaned/0524roggenrola/roggenrola_shiny.png,mapped,variant-index
/content/drive/MyDrive/612 data/ProjectPokemonCleaned/0525boldore/poke_capture_0525_000_mf_n_00000000_f_n.png,/content/drive/MyDrive/612 data/PokeSpriteCleaned/0525boldore/boldore.png,mapped,variant-index
/content/drive/MyDrive/612 data/ProjectPokemonCleaned/0525boldore/poke_capture_0525_000_mf_n_00000000_f_r.png,/content/drive/MyDrive/612 data/PokeSpriteCleaned/0525boldore/boldore_shiny.png,mapped,variant-index
/content/drive/MyDrive/612 data/ProjectPokemonCleaned/0526gigalith/poke_capture_0526_000_mf_n_00000000_f_n.png,/content/drive/MyDrive/612 data/PokeSpriteCleaned/0526gigalith/gigalith.png,mapped,variant-index
/content/drive/MyDrive/612 data/ProjectPokemonCleaned/0526gigalith/poke_capture_0526_000_mf_n_00000000_f_r.png,/content/drive/MyDrive/612 data/PokeSpriteCleaned/0526gigalith/gigalith_shiny.png,mapped,variant-index
/content/drive/MyDrive/612 data/ProjectPokemonCleaned/0527woobat/poke_capture_0527_000_mf_n_00000000_f_n.png,/content/drive/MyDrive/612 data/PokeSpriteCleaned/0527woobat/woobat.png,mapped,variant-index
/content/drive/MyDrive/612 data/ProjectPokemonCleaned/0527woobat/poke_capture_0527_000_mf_n_00000000_f_r.png,/content/drive/MyDrive/612 data/PokeSpriteCleaned/0527woobat/woobat_shiny.png,mapped,variant-index
/content/drive/MyDrive/612 data/ProjectPokemonCleaned/0528swoobat/poke_capture_0528_000_mf_n_00000000_f_n.png,/content/drive/MyDrive/612 data/PokeSpriteCleaned/0528swoobat/swoobat.png,mapped,variant-index
/content/drive/MyDrive/612 data/ProjectPokemonCleaned/0528swoobat/poke_capture_0528_000_mf_n_00000000_f_r.png,/content/drive/MyDrive/612 data/PokeSpriteCleaned/0528swoobat/swoobat_shiny.png,mapped,variant-index
/content/drive/MyDrive/612 data/ProjectPokemonCleaned/0529drilbur/poke_capture_0529_000_mf_n_00000000_f_n.png,/content/drive/MyDrive/612 data/PokeSpriteCleaned/0529drilbur/drilbur.png,mapped,variant-index
/content/drive/MyDrive/612 data/ProjectPokemonCleaned/0529drilbur/poke_capture_0529_000_mf_n_00000000_f_r.png,/content/drive/MyDrive/612 data/PokeSpriteCleaned/0529drilbur/drilbur_shiny.png,mapped,variant-index
/content/drive/MyDrive/612 data/ProjectPokemonCleaned/0530excadrill/poke_capture_0530_000_mf_n_00000000_f_n.png,/content/drive/MyDrive/612 data/PokeSpriteCleaned/0530excadrill/excadrill.png,mapped,variant-index
/content/drive/MyDrive/612 data/ProjectPokemonCleaned/0530excadrill/poke_capture_0530_000_mf_n_00000000_f_r.png,/content/drive/MyDrive/612 data/PokeSpriteCleaned/0530excadrill/excadrill_shiny.png,mapped,variant-index
/content/drive/MyDrive/612 data/ProjectPokemonCleaned/0531audino/poke_capture_0531_000_mf_n_00000000_f_n.png,/content/drive/MyDrive/612 data/PokeSpriteCleaned/0531audino/audino.png,mapped,variant-index
/content/drive/MyDrive/612 data/ProjectPokemonCleaned/0531audino/poke_capture_0531_000_mf_n_00000000_f_r.png,/content/drive/MyDrive/612 data/PokeSpriteCleaned/0531audino/audino_shiny.png,mapped,variant-index
/content/drive/MyDrive/612 data/ProjectPokemonCleaned/0531audino/poke_capture_0531_001_mf_n_00000000_f_n.png,/content/drive/MyDrive/612 data/PokeSpriteCleaned/0531audino/audino-mega.png,mapped,variant-index
/content/drive/MyDrive/612 data/ProjectPokemonCleaned/0531audino/poke_capture_0531_001_mf_n_00000000_f_r.png,/content/drive/MyDrive/612 data/PokeSpriteCleaned/0531audino/audino-mega_shiny.png,mapped,variant-index
/content/drive/MyDrive/612 data/ProjectPokemonCleaned/0532timburr/poke_capture_0532_000_mf_n_00000000_f_n.png,/content/drive/MyDrive/612 data/PokeSpriteCleaned/0532timburr/timburr.png,mapped,variant-index
/content/drive/MyDrive/612 data/ProjectPokemonCleaned/0532timburr/poke_capture_0532_000_mf_n_00000000_f_r.png,/content/drive/MyDrive/612 data/PokeSpriteCleaned/0532timburr/timburr_shiny.png,mapped,variant-index
/content/drive/MyDrive/612 data/ProjectPokemonCleaned/0533gurdurr/poke_capture_0533_000_mf_n_00000000_f_n.png,/content/drive/MyDrive/612 data/PokeSpriteCleaned/0533gurdurr/gurdurr.png,mapped,variant-index
/content/drive/MyDrive/612 data/ProjectPokemonCleaned/0533gurdurr/poke_capture_0533_000_mf_n_00000000_f_r.png,/content/drive/MyDrive/612 data/PokeSpriteCleaned/0533gurdurr/gurdurr_shiny.png,mapped,variant-index
/content/drive/MyDrive/612 data/ProjectPokemonCleaned/0534conkeldurr/poke_capture_0534_000_mf_n_00000000_f_n.png,/content/drive/MyDrive/612 data/PokeSpriteCleaned/0534conkeldurr/conkeldurr.png,mapped,variant-index
/content/drive/MyDrive/612 data/ProjectPokemonCleaned/0534conkeldurr/poke_capture_0534_000_mf_n_00000000_f_r.png,/content/drive/MyDrive/612 data/PokeSpriteCleaned/0534conkeldurr/conkeldurr_shiny.png,mapped,variant-index
/content/drive/MyDrive/612 data/ProjectPokemonCleaned/0535tympole/poke_capture_0535_000_mf_n_00000000_f_n.png,/content/drive/MyDrive/612 data/PokeSpriteCleaned/0535tympole/tympole.png,mapped,variant-index
/content/drive/MyDrive/612 data/ProjectPokemonCleaned/0535tympole/poke_capture_0535_000_mf_n_00000000_f_r.png,/content/drive/MyDrive/612 data/PokeSpriteCleaned/0535tympole/tympole_shiny.png,mapped,variant-index
/content/drive/MyDrive/612 data/ProjectPokemonCleaned/0536palpitoad/poke_capture_0536_000_mf_n_00000000_f_n.png,/content/drive/MyDrive/612 data/PokeSpriteCleaned/0536palpitoad/palpitoad.png,mapped,variant-index
/content/drive/MyDrive/612 data/ProjectPokemonCleaned/0536palpitoad/poke_capture_0536_000_mf_n_00000000_f_r.png,/content/drive/MyDrive/612 data/PokeSpriteCleaned/0536palpitoad/palpitoad_shiny.png,mapped,variant-index
/content/drive/MyDrive/612 data/ProjectPokemonCleaned/0537seismitoad/poke_capture_0537_000_mf_n_00000000_f_n.png,/content/drive/MyDrive/612 data/PokeSpriteCleaned/0537seismitoad/seismitoad.png,mapped,variant-index
/content/drive/MyDrive/612 data/ProjectPokemonCleaned/0537seismitoad/poke_capture_0537_000_mf_n_00000000_f_r.png,/content/drive/MyDrive/612 data/PokeSpriteCleaned/0537seismitoad/seismitoad_shiny.png,mapped,variant-index
/content/drive/MyDrive/612 data/ProjectPokemonCleaned/0538throh/poke_capture_0538_000_mo_n_00000000_f_n.png,/content/drive/MyDrive/612 data/PokeSpriteCleaned/0538throh/throh.png,mapped,variant-index
/content/drive/MyDrive/612 data/ProjectPokemonCleaned/0538throh/poke_capture_0538_000_mo_n_00000000_f_r.png,/content/drive/MyDrive/612 data/PokeSpriteCleaned/0538throh/throh_shiny.png,mapped,variant-index
/content/drive/MyDrive/612 data/ProjectPokemonCleaned/0539sawk/poke_capture_0539_000_mo_n_00000000_f_n.png,/content/drive/MyDrive/612 data/PokeSpriteCleaned/0539sawk/sawk.png,mapped,variant-index
/content/drive/MyDrive/612 data/ProjectPokemonCleaned/0539sawk/poke_capture_0539_000_mo_n_00000000_f_r.png,/content/drive/MyDrive/612 data/PokeSpriteCleaned/0539sawk/sawk_shiny.png,mapped,variant-index
/content/drive/MyDrive/612 data/ProjectPokemonCleaned/0540sewaddle/poke_capture_0540_000_mf_n_00000000_f_n.png,/content/drive/MyDrive/612 data/PokeSpriteCleaned/0540sewaddle/sewaddle.png,mapped,variant-index
/content/drive/MyDrive/612 data/ProjectPokemonCleaned/0540sewaddle/poke_capture_0540_000_mf_n_00000000_f_r.png,/content/drive/MyDrive/612 data/PokeSpriteCleaned/0540sewaddle/sewaddle_shiny.png,mapped,variant-index
/content/drive/MyDrive/612 data/ProjectPokemonCleaned/0541swadloon/poke_capture_0541_000_mf_n_00000000_f_n.png,/content/drive/MyDrive/612 data/PokeSpriteCleaned/0541swadloon/swadloon.png,mapped,variant-index
/content/drive/MyDrive/612 data/ProjectPokemonCleaned/0541swadloon/poke_capture_0541_000_mf_n_00000000_f_r.png,/content/drive/MyDrive/612 data/PokeSpriteCleaned/0541swadloon/swadloon_shiny.png,mapped,variant-index
/content/drive/MyDrive/612 data/ProjectPokemonCleaned/0542leavanny/poke_capture_0542_000_mf_n_00000000_f_n.png,/content/drive/MyDrive/612 data/PokeSpriteCleaned/0542leavanny/leavanny.png,mapped,variant-index
/content/drive/MyDrive/612 data/ProjectPokemonCleaned/0542leavanny/poke_capture_0542_000_mf_n_00000000_f_r.png,/content/drive/MyDrive/612 data/PokeSpriteCleaned/0542leavanny/leavanny_shiny.png,mapped,variant-index
/content/drive/MyDrive/612 data/ProjectPokemonCleaned/0543venipede/poke_capture_0543_000_mf_n_00000000_f_n.png,/content/drive/MyDrive/612 data/PokeSpriteCleaned/0543venipede/venipede.png,mapped,variant-index
/content/drive/MyDrive/612 data/ProjectPokemonCleaned/0543venipede/poke_capture_0543_000_mf_n_00000000_f_r.png,/content/drive/MyDrive/612 data/PokeSpriteCleaned/0543venipede/venipede_shiny.png,mapped,variant-index
/content/drive/MyDrive/612 data/ProjectPokemonCleaned/0544whirlipede/poke_capture_0544_000_mf_n_00000000_f_n.png,/content/drive/MyDrive/612 data/PokeSpriteCleaned/0544whirlipede/whirlipede.png,mapped,variant-index
/content/drive/MyDrive/612 data/ProjectPokemonCleaned/0544whirlipede/poke_capture_0544_000_mf_n_00000000_f_r.png,/content/drive/MyDrive/612 data/PokeSpriteCleaned/0544whirlipede/whirlipede_shiny.png,mapped,variant-index
/content/drive/MyDrive/612 data/ProjectPokemonCleaned/0545scolipede/poke_capture_0545_000_mf_n_00000000_f_n.png,/content/drive/MyDrive/612 data/PokeSpriteCleaned/0545scolipede/scolipede.png,mapped,variant-index
/content/drive/MyDrive/612 data/ProjectPokemonCleaned/0545scolipede/poke_capture_0545_000_mf_n_00000000_f_r.png,/content/drive/MyDrive/612 data/PokeSpriteCleaned/0545scolipede/scolipede_shiny.png,mapped,variant-index
/content/drive/MyDrive/612 data/ProjectPokemonCleaned/0546cottonee/poke_capture_0546_000_mf_n_00000000_f_n.png,/content/drive/MyDrive/612 data/PokeSpriteCleaned/0546cottonee/cottonee.png,mapped,variant-index
/content/drive/MyDrive/612 data/ProjectPokemonCleaned/0546cottonee/poke_capture_0546_000_mf_n_00000000_f_r.png,/content/drive/MyDrive/612 data/PokeSpriteCleaned/0546cottonee/cottonee_shiny.png,mapped,variant-index
/content/drive/MyDrive/612 data/ProjectPokemonCleaned/0547whimsicott/poke_capture_0547_000_mf_n_00000000_f_n.png,/content/drive/MyDrive/612 data/PokeSpriteCleaned/0547whimsicott/whimsicott.png,mapped,variant-index
/content/drive/MyDrive/612 data/ProjectPokemonCleaned/0547whimsicott/poke_capture_0547_000_mf_n_00000000_f_r.png,/content/drive/MyDrive/612 data/PokeSpriteCleaned/0547whimsicott/whimsicott_shiny.png,mapped,variant-index
/content/drive/MyDrive/612 data/ProjectPokemonCleaned/0548petilil/poke_capture_0548_000_fo_n_00000000_f_n.png,/content/drive/MyDrive/612 data/PokeSpriteCleaned/0548petilil/petilil.png,mapped,variant-index
/content/drive/MyDrive/612 data/ProjectPokemonCleaned/0548petilil/poke_capture_0548_000_fo_n_00000000_f_r.png,/content/drive/MyDrive/612 data/PokeSpriteCleaned/0548petilil/petilil_shiny.png,mapped,variant-index
/content/drive/MyDrive/612 data/ProjectPokemonCleaned/0549lilligant/poke_capture_0549_000_fo_n_00000000_f_n.png,/content/drive/MyDrive/612 data/PokeSpriteCleaned/0549lilligant/lilligant hisui noble.png,mapped,variant-index
/content/drive/MyDrive/612 data/ProjectPokemonCleaned/0549lilligant/poke_capture_0549_000_fo_n_00000000_f_r.png,/content/drive/MyDrive/612 data/PokeSpriteCleaned/0549lilligant/lilligant hisui noble_shiny.png,mapped,variant-index
/content/drive/MyDrive/612 data/ProjectPokemonCleaned/0550basculin/poke_capture_0550_000_mf_n_00000000_f_n.png,/content/drive/MyDrive/612 data/PokeSpriteCleaned/0550basculin/basculin blue striped.png,mapped,variant-index
/content/drive/MyDrive/612 data/ProjectPokemonCleaned/0550basculin/poke_capture_0550_000_mf_n_00000000_f_r.png,/content/drive/MyDrive/612 data/PokeSpriteCleaned/0550basculin/basculin blue striped_shiny.png,mapped,variant-index
/content/drive/MyDrive/612 data/ProjectPokemonCleaned/0550basculin/poke_capture_0550_001_mf_n_00000000_f_n.png,/content/drive/MyDrive/612 data/PokeSpriteCleaned/0550basculin/basculin white striped.png,mapped,variant-index
/content/drive/MyDrive/612 data/ProjectPokemonCleaned/0550basculin/poke_capture_0550_001_mf_n_00000000_f_r.png,/content/drive/MyDrive/612 data/PokeSpriteCleaned/0550basculin/basculin white striped_shiny.png,mapped,variant-index
/content/drive/MyDrive/612 data/ProjectPokemonCleaned/0551sandile/poke_capture_0551_000_mf_n_00000000_f_n.png,/content/drive/MyDrive/612 data/PokeSpriteCleaned/0551sandile/sandile.png,mapped,variant-index
/content/drive/MyDrive/612 data/ProjectPokemonCleaned/0551sandile/poke_capture_0551_000_mf_n_00000000_f_r.png,/content/drive/MyDrive/612 data/PokeSpriteCleaned/0551sandile/sandile_shiny.png,mapped,variant-index
/content/drive/MyDrive/612 data/ProjectPokemonCleaned/0552krokorok/poke_capture_0552_000_mf_n_00000000_f_n.png,/content/drive/MyDrive/612 data/PokeSpriteCleaned/0552krokorok/krokorok.png,mapped,variant-index
/content/drive/MyDrive/612 data/ProjectPokemonCleaned/0552krokorok/poke_capture_0552_000_mf_n_00000000_f_r.png,/content/drive/MyDrive/612 data/PokeSpriteCleaned/0552krokorok/krokorok_shiny.png,mapped,variant-index
/content/drive/MyDrive/612 data/ProjectPokemonCleaned/0553krookodile/poke_capture_0553_000_mf_n_00000000_f_n.png,/content/drive/MyDrive/612 data/PokeSpriteCleaned/0553krookodile/krookodile.png,mapped,variant-index
/content/drive/MyDrive/612 data/ProjectPokemonCleaned/0553krookodile/poke_capture_0553_000_mf_n_00000000_f_r.png,/content/drive/MyDrive/612 data/PokeSpriteCleaned/0553krookodile/krookodile_shiny.png,mapped,variant-index
/content/drive/MyDrive/612 data/ProjectPokemonCleaned/0554darumaka/poke_capture_0554_000_mf_n_00000000_f_n.png,/content/drive/MyDrive/612 data/PokeSpriteCleaned/0554darumaka/darumaka galar.png,mapped,variant-index
/content/drive/MyDrive/612 data/ProjectPokemonCleaned/0554darumaka/poke_capture_0554_000_mf_n_00000000_f_r.png,/content/drive/MyDrive/612 data/PokeSpriteCleaned/0554darumaka/darumaka galar_shiny.png,mapped,variant-index
/content/drive/MyDrive/612 data/ProjectPokemonCleaned/0554darumaka/poke_capture_0554_001_mf_n_00000000_f_n.png,/content/drive/MyDrive/612 data/PokeSpriteCleaned/0554darumaka/darumaka.png,mapped,variant-index
/content/drive/MyDrive/612 data/ProjectPokemonCleaned/0554darumaka/poke_capture_0554_001_mf_n_00000000_f_r.png,/content/drive/MyDrive/612 data/PokeSpriteCleaned/0554darumaka/darumaka_shiny.png,mapped,variant-index
/content/drive/MyDrive/612 data/ProjectPokemonCleaned/0555darmanitan/poke_capture_0555_000_mf_n_00000000_f_n.png,/content/drive/MyDrive/612 data/PokeSpriteCleaned/0555darmanitan/darmanitan galar zen.png,mapped,variant-index
/content/drive/MyDrive/612 data/ProjectPokemonCleaned/0555darmanitan/poke_capture_0555_000_mf_n_00000000_f_r.png,/content/drive/MyDrive/612 data/PokeSpriteCleaned/0555darmanitan/darmanitan galar zen_shiny.png,mapped,variant-index
/content/drive/MyDrive/612 data/ProjectPokemonCleaned/0555darmanitan/poke_capture_0555_001_mf_n_00000000_f_n.png,/content/drive/MyDrive/612 data/PokeSpriteCleaned/0555darmanitan/darmanitan galar.png,mapped,variant-index
/content/drive/MyDrive/612 data/ProjectPokemonCleaned/0555darmanitan/poke_capture_0555_001_mf_n_00000000_f_r.png,/content/drive/MyDrive/612 data/PokeSpriteCleaned/0555darmanitan/darmanitan galar_shiny.png,mapped,variant-index
/content/drive/MyDrive/612 data/ProjectPokemonCleaned/0555darmanitan/poke_capture_0555_002_mf_n_00000000_f_n.png,/content/drive/MyDrive/612 data/PokeSpriteCleaned/0555darmanitan/darmanitan.png,mapped,variant-index
/content/drive/MyDrive/612 data/ProjectPokemonCleaned/0555darmanitan/poke_capture_0555_002_mf_n_00000000_f_r.png,/content/drive/MyDrive/612 data/PokeSpriteCleaned/0555darmanitan/darmanitan_shiny.png,mapped,variant-index
/content/drive/MyDrive/612 data/ProjectPokemonCleaned/0555darmanitan/poke_capture_0555_003_mf_n_00000000_f_n.png,/content/drive/MyDrive/612 data/PokeSpriteCleaned/0555darmanitan/darmanitan-zen.png,mapped,variant-index
/content/drive/MyDrive/612 data/ProjectPokemonCleaned/0555darmanitan/poke_capture_0555_003_mf_n_00000000_f_r.png,/content/drive/MyDrive/612 data/PokeSpriteCleaned/0555darmanitan/darmanitan-zen_shiny.png,mapped,variant-index
/content/drive/MyDrive/612 data/ProjectPokemonCleaned/0556maractus/poke_capture_0556_000_mf_n_00000000_f_n.png,/content/drive/MyDrive/612 data/PokeSpriteCleaned/0556maractus/maractus.png,mapped,variant-index
/content/drive/MyDrive/612 data/ProjectPokemonCleaned/0556maractus/poke_capture_0556_000_mf_n_00000000_f_r.png,/content/drive/MyDrive/612 data/PokeSpriteCleaned/0556maractus/maractus_shiny.png,mapped,variant-index
/content/drive/MyDrive/612 data/ProjectPokemonCleaned/0557dwebble/poke_capture_0557_000_mf_n_00000000_f_n.png,/content/drive/MyDrive/612 data/PokeSpriteCleaned/0557dwebble/dwebble.png,mapped,variant-index
/content/drive/MyDrive/612 data/ProjectPokemonCleaned/0557dwebble/poke_capture_0557_000_mf_n_00000000_f_r.png,/content/drive/MyDrive/612 data/PokeSpriteCleaned/0557dwebble/dwebble_shiny.png,mapped,variant-index
/content/drive/MyDrive/612 data/ProjectPokemonCleaned/0558crustle/poke_capture_0558_000_mf_n_00000000_f_n.png,/content/drive/MyDrive/612 data/PokeSpriteCleaned/0558crustle/crustle.png,mapped,variant-index
/content/drive/MyDrive/612 data/ProjectPokemonCleaned/0558crustle/poke_capture_0558_000_mf_n_00000000_f_r.png,/content/drive/MyDrive/612 data/PokeSpriteCleaned/0558crustle/crustle_shiny.png,mapped,variant-index
/content/drive/MyDrive/612 data/ProjectPokemonCleaned/0559scraggy/poke_capture_0559_000_mf_n_00000000_f_n.png,/content/drive/MyDrive/612 data/PokeSpriteCleaned/0559scraggy/scraggy.png,mapped,variant-index
/content/drive/MyDrive/612 data/ProjectPokemonCleaned/0559scraggy/poke_capture_0559_000_mf_n_00000000_f_r.png,/content/drive/MyDrive/612 data/PokeSpriteCleaned/0559scraggy/scraggy_shiny.png,mapped,variant-index
/content/drive/MyDrive/612 data/ProjectPokemonCleaned/0560scrafty/poke_capture_0560_000_mf_n_00000000_f_n.png,/content/drive/MyDrive/612 data/PokeSpriteCleaned/0560scrafty/scrafty.png,mapped,variant-index
/content/drive/MyDrive/612 data/ProjectPokemonCleaned/0560scrafty/poke_capture_0560_000_mf_n_00000000_f_r.png,/content/drive/MyDrive/612 data/PokeSpriteCleaned/0560scrafty/scrafty_shiny.png,mapped,variant-index
/content/drive/MyDrive/612 data/ProjectPokemonCleaned/0561sigilyph/poke_capture_0561_000_mf_n_00000000_f_n.png,/content/drive/MyDrive/612 data/PokeSpriteCleaned/0561sigilyph/sigilyph.png,mapped,variant-index
/content/drive/MyDrive/612 data/ProjectPokemonCleaned/0561sigilyph/poke_capture_0561_000_mf_n_00000000_f_r.png,/content/drive/MyDrive/612 data/PokeSpriteCleaned/0561sigilyph/sigilyph_shiny.png,mapped,variant-index
/content/drive/MyDrive/612 data/ProjectPokemonCleaned/0562yamask/poke_capture_0562_000_mf_n_00000000_f_n.png,/content/drive/MyDrive/612 data/PokeSpriteCleaned/0562yamask/yamask galar.png,mapped,variant-index
/content/drive/MyDrive/612 data/ProjectPokemonCleaned/0562yamask/poke_capture_0562_000_mf_n_00000000_f_r.png,/content/drive/MyDrive/612 data/PokeSpriteCleaned/0562yamask/yamask galar_shiny.png,mapped,variant-index
/content/drive/MyDrive/612 data/ProjectPokemonCleaned/0562yamask/poke_capture_0562_001_mf_n_00000000_f_n.png,/content/drive/MyDrive/612 data/PokeSpriteCleaned/0562yamask/yamask.png,mapped,variant-index
/content/drive/MyDrive/612 data/ProjectPokemonCleaned/0562yamask/poke_capture_0562_001_mf_n_00000000_f_r.png,/content/drive/MyDrive/612 data/PokeSpriteCleaned/0562yamask/yamask_shiny.png,mapped,variant-index
/content/drive/MyDrive/612 data/ProjectPokemonCleaned/0563cofagrigus/poke_capture_0563_000_mf_n_00000000_f_n.png,/content/drive/MyDrive/612 data/PokeSpriteCleaned/0563cofagrigus/cofagrigus.png,mapped,variant-index
/content/drive/MyDrive/612 data/ProjectPokemonCleaned/0563cofagrigus/poke_capture_0563_000_mf_n_00000000_f_r.png,/content/drive/MyDrive/612 data/PokeSpriteCleaned/0563cofagrigus/cofagrigus_shiny.png,mapped,variant-index
/content/drive/MyDrive/612 data/ProjectPokemonCleaned/0564tirtouga/poke_capture_0564_000_mf_n_00000000_f_n.png,/content/drive/MyDrive/612 data/PokeSpriteCleaned/0564tirtouga/tirtouga.png,mapped,variant-index
/content/drive/MyDrive/612 data/ProjectPokemonCleaned/0564tirtouga/poke_capture_0564_000_mf_n_00000000_f_r.png,/content/drive/MyDrive/612 data/PokeSpriteCleaned/0564tirtouga/tirtouga_shiny.png,mapped,variant-index
/content/drive/MyDrive/612 data/ProjectPokemonCleaned/0565carracosta/poke_capture_0565_000_mf_n_00000000_f_n.png,/content/drive/MyDrive/612 data/PokeSpriteCleaned/0565carracosta/carracosta.png,mapped,variant-index
/content/drive/MyDrive/612 data/ProjectPokemonCleaned/0565carracosta/poke_capture_0565_000_mf_n_00000000_f_r.png,/content/drive/MyDrive/612 data/PokeSpriteCleaned/0565carracosta/carracosta_shiny.png,mapped,variant-index
/content/drive/MyDrive/612 data/ProjectPokemonCleaned/0566archen/poke_capture_0566_000_mf_n_00000000_f_n.png,/content/drive/MyDrive/612 data/PokeSpriteCleaned/0566archen/archen.png,mapped,variant-index
/content/drive/MyDrive/612 data/ProjectPokemonCleaned/0566archen/poke_capture_0566_000_mf_n_00000000_f_r.png,/content/drive/MyDrive/612 data/PokeSpriteCleaned/0566archen/archen_shiny.png,mapped,variant-index
/content/drive/MyDrive/612 data/ProjectPokemonCleaned/0567archeops/poke_capture_0567_000_mf_n_00000000_f_n.png,/content/drive/MyDrive/612 data/PokeSpriteCleaned/0567archeops/archeops.png,mapped,variant-index
/content/drive/MyDrive/612 data/ProjectPokemonCleaned/0567archeops/poke_capture_0567_000_mf_n_00000000_f_r.png,/content/drive/MyDrive/612 data/PokeSpriteCleaned/0567archeops/archeops_shiny.png,mapped,variant-index
/content/drive/MyDrive/612 data/ProjectPokemonCleaned/0568trubbish/poke_capture_0568_000_mf_n_00000000_f_n.png,/content/drive/MyDrive/612 data/PokeSpriteCleaned/0568trubbish/trubbish.png,mapped,variant-index
/content/drive/MyDrive/612 data/ProjectPokemonCleaned/0568trubbish/poke_capture_0568_000_mf_n_00000000_f_r.png,/content/drive/MyDrive/612 data/PokeSpriteCleaned/0568trubbish/trubbish_shiny.png,mapped,variant-index
/content/drive/MyDrive/612 data/ProjectPokemonCleaned/0569garbodor/poke_capture_0569_000_mf_g_00000000_f_n.png,/content/drive/MyDrive/612 data/PokeSpriteCleaned/0569garbodor/garbodor-gmax.png,mapped,gmax-direct
/content/drive/MyDrive/612 data/ProjectPokemonCleaned/0569garbodor/poke_capture_0569_000_mf_g_00000000_f_r.png,/content/drive/MyDrive/612 data/PokeSpriteCleaned/0569garbodor/garbodor-gmax_shiny.png,mapped,gmax-direct
/content/drive/MyDrive/612 data/ProjectPokemonCleaned/0569garbodor/poke_capture_0569_000_mf_n_00000000_f_n.png,/content/drive/MyDrive/612 data/PokeSpriteCleaned/0569garbodor/garbodor.png,mapped,variant-index
/content/drive/MyDrive/612 data/ProjectPokemonCleaned/0569garbodor/poke_capture_0569_000_mf_n_00000000_f_r.png,/content/drive/MyDrive/612 data/PokeSpriteCleaned/0569garbodor/garbodor_shiny.png,mapped,variant-index
/content/drive/MyDrive/612 data/ProjectPokemonCleaned/0570zorua/poke_capture_0570_000_mf_n_00000000_f_n.png,/content/drive/MyDrive/612 data/PokeSpriteCleaned/0570zorua/zorua hisui.png,mapped,variant-index
/content/drive/MyDrive/612 data/ProjectPokemonCleaned/0570zorua/poke_capture_0570_000_mf_n_00000000_f_r.png,/content/drive/MyDrive/612 data/PokeSpriteCleaned/0570zorua/zorua hisui_shiny.png,mapped,variant-index
/content/drive/MyDrive/612 data/ProjectPokemonCleaned/0571zoroark/poke_capture_0571_000_mf_n_00000000_f_n.png,/content/drive/MyDrive/612 data/PokeSpriteCleaned/0571zoroark/zoroark hisui.png,mapped,variant-index
/content/drive/MyDrive/612 data/ProjectPokemonCleaned/0571zoroark/poke_capture_0571_000_mf_n_00000000_f_r.png,/content/drive/MyDrive/612 data/PokeSpriteCleaned/0571zoroark/zoroark hisui_shiny.png,mapped,variant-index
/content/drive/MyDrive/612 data/ProjectPokemonCleaned/0572minccino/poke_capture_0572_000_mf_n_00000000_f_n.png,/content/drive/MyDrive/612 data/PokeSpriteCleaned/0572minccino/minccino.png,mapped,variant-index
/content/drive/MyDrive/612 data/ProjectPokemonCleaned/0572minccino/poke_capture_0572_000_mf_n_00000000_f_r.png,/content/drive/MyDrive/612 data/PokeSpriteCleaned/0572minccino/minccino_shiny.png,mapped,variant-index
/content/drive/MyDrive/612 data/ProjectPokemonCleaned/0573cinccino/poke_capture_0573_000_mf_n_00000000_f_n.png,/content/drive/MyDrive/612 data/PokeSpriteCleaned/0573cinccino/cinccino.png,mapped,variant-index
/content/drive/MyDrive/612 data/ProjectPokemonCleaned/0573cinccino/poke_capture_0573_000_mf_n_00000000_f_r.png,/content/drive/MyDrive/612 data/PokeSpriteCleaned/0573cinccino/cinccino_shiny.png,mapped,variant-index
/content/drive/MyDrive/612 data/ProjectPokemonCleaned/0574gothita/poke_capture_0574_000_mf_n_00000000_f_n.png,/content/drive/MyDrive/612 data/PokeSpriteCleaned/0574gothita/gothita.png,mapped,variant-index
/content/drive/MyDrive/612 data/ProjectPokemonCleaned/0574gothita/poke_capture_0574_000_mf_n_00000000_f_r.png,/content/drive/MyDrive/612 data/PokeSpriteCleaned/0574gothita/gothita_shiny.png,mapped,variant-index
/content/drive/MyDrive/612 data/ProjectPokemonCleaned/0575gothorita/poke_capture_0575_000_mf_n_00000000_f_n.png,/content/drive/MyDrive/612 data/PokeSpriteCleaned/0575gothorita/gothorita.png,mapped,variant-index
/content/drive/MyDrive/612 data/ProjectPokemonCleaned/0575gothorita/poke_capture_0575_000_mf_n_00000000_f_r.png,/content/drive/MyDrive/612 data/PokeSpriteCleaned/0575gothorita/gothorita_shiny.png,mapped,variant-index
/content/drive/MyDrive/612 data/ProjectPokemonCleaned/0576gothitelle/poke_capture_0576_000_mf_n_00000000_f_n.png,/content/drive/MyDrive/612 data/PokeSpriteCleaned/0576gothitelle/gothitelle.png,mapped,variant-index
/content/drive/MyDrive/612 data/ProjectPokemonCleaned/0576gothitelle/poke_capture_0576_000_mf_n_00000000_f_r.png,/content/drive/MyDrive/612 data/PokeSpriteCleaned/0576gothitelle/gothitelle_shiny.png,mapped,variant-index
/content/drive/MyDrive/612 data/ProjectPokemonCleaned/0577solosis/poke_capture_0577_000_mf_n_00000000_f_n.png,/content/drive/MyDrive/612 data/PokeSpriteCleaned/0577solosis/solosis.png,mapped,variant-index
/content/drive/MyDrive/612 data/ProjectPokemonCleaned/0577solosis/poke_capture_0577_000_mf_n_00000000_f_r.png,/content/drive/MyDrive/612 data/PokeSpriteCleaned/0577solosis/solosis_shiny.png,mapped,variant-index
/content/drive/MyDrive/612 data/ProjectPokemonCleaned/0578duosion/poke_capture_0578_000_mf_n_00000000_f_n.png,/content/drive/MyDrive/612 data/PokeSpriteCleaned/0578duosion/duosion.png,mapped,variant-index
/content/drive/MyDrive/612 data/ProjectPokemonCleaned/0578duosion/poke_capture_0578_000_mf_n_00000000_f_r.png,/content/drive/MyDrive/612 data/PokeSpriteCleaned/0578duosion/duosion_shiny.png,mapped,variant-index
/content/drive/MyDrive/612 data/ProjectPokemonCleaned/0579reuniclus/poke_capture_0579_000_mf_n_00000000_f_n.png,/content/drive/MyDrive/612 data/PokeSpriteCleaned/0579reuniclus/reuniclus.png,mapped,variant-index
/content/drive/MyDrive/612 data/ProjectPokemonCleaned/0579reuniclus/poke_capture_0579_000_mf_n_00000000_f_r.png,/content/drive/MyDrive/612 data/PokeSpriteCleaned/0579reuniclus/reuniclus_shiny.png,mapped,variant-index
/content/drive/MyDrive/612 data/ProjectPokemonCleaned/0580ducklett/poke_capture_0580_000_mf_n_00000000_f_n.png,/content/drive/MyDrive/612 data/PokeSpriteCleaned/0580ducklett/ducklett.png,mapped,variant-index
/content/drive/MyDrive/612 data/ProjectPokemonCleaned/0580ducklett/poke_capture_0580_000_mf_n_00000000_f_r.png,/content/drive/MyDrive/612 data/PokeSpriteCleaned/0580ducklett/ducklett_shiny.png,mapped,variant-index
/content/drive/MyDrive/612 data/ProjectPokemonCleaned/0581swanna/poke_capture_0581_000_mf_n_00000000_f_n.png,/content/drive/MyDrive/612 data/PokeSpriteCleaned/0581swanna/swanna.png,mapped,variant-index
/content/drive/MyDrive/612 data/ProjectPokemonCleaned/0581swanna/poke_capture_0581_000_mf_n_00000000_f_r.png,/content/drive/MyDrive/612 data/PokeSpriteCleaned/0581swanna/swanna_shiny.png,mapped,variant-index
/content/drive/MyDrive/612 data/ProjectPokemonCleaned/0582vanillite/poke_capture_0582_000_mf_n_00000000_f_n.png,/content/drive/MyDrive/612 data/PokeSpriteCleaned/0582vanillite/vanillite.png,mapped,variant-index
/content/drive/MyDrive/612 data/ProjectPokemonCleaned/0582vanillite/poke_capture_0582_000_mf_n_00000000_f_r.png,/content/drive/MyDrive/612 data/PokeSpriteCleaned/0582vanillite/vanillite_shiny.png,mapped,variant-index
/content/drive/MyDrive/612 data/ProjectPokemonCleaned/0583vanillish/poke_capture_0583_000_mf_n_00000000_f_n.png,/content/drive/MyDrive/612 data/PokeSpriteCleaned/0583vanillish/vanillish.png,mapped,variant-index
/content/drive/MyDrive/612 data/ProjectPokemonCleaned/0583vanillish/poke_capture_0583_000_mf_n_00000000_f_r.png,/content/drive/MyDrive/612 data/PokeSpriteCleaned/0583vanillish/vanillish_shiny.png,mapped,variant-index
/content/drive/MyDrive/612 data/ProjectPokemonCleaned/0584vanilluxe/poke_capture_0584_000_mf_n_00000000_f_n.png,/content/drive/MyDrive/612 data/PokeSpriteCleaned/0584vanilluxe/vanilluxe.png,mapped,variant-index
/content/drive/MyDrive/612 data/ProjectPokemonCleaned/0584vanilluxe/poke_capture_0584_000_mf_n_00000000_f_r.png,/content/drive/MyDrive/612 data/PokeSpriteCleaned/0584vanilluxe/vanilluxe_shiny.png,mapped,variant-index
/content/drive/MyDrive/612 data/ProjectPokemonCleaned/0585deerling/poke_capture_0585_000_mf_n_00000000_f_n.png,/content/drive/MyDrive/612 data/PokeSpriteCleaned/0585deerling/deerling.png,mapped,variant-index
/content/drive/MyDrive/612 data/ProjectPokemonCleaned/0585deerling/poke_capture_0585_000_mf_n_00000000_f_r.png,/content/drive/MyDrive/612 data/PokeSpriteCleaned/0585deerling/deerling_shiny.png,mapped,variant-index
/content/drive/MyDrive/612 data/ProjectPokemonCleaned/0585deerling/poke_capture_0585_001_mf_n_00000000_f_n.png,/content/drive/MyDrive/612 data/PokeSpriteCleaned/0585deerling/deerling-autumn.png,mapped,variant-index
/content/drive/MyDrive/612 data/ProjectPokemonCleaned/0585deerling/poke_capture_0585_001_mf_n_00000000_f_r.png,/content/drive/MyDrive/612 data/PokeSpriteCleaned/0585deerling/deerling-autumn_shiny.png,mapped,variant-index
/content/drive/MyDrive/612 data/ProjectPokemonCleaned/0585deerling/poke_capture_0585_002_mf_n_00000000_f_n.png,/content/drive/MyDrive/612 data/PokeSpriteCleaned/0585deerling/deerling-summer.png,mapped,variant-index
/content/drive/MyDrive/612 data/ProjectPokemonCleaned/0585deerling/poke_capture_0585_002_mf_n_00000000_f_r.png,/content/drive/MyDrive/612 data/PokeSpriteCleaned/0585deerling/deerling-summer_shiny.png,mapped,variant-index
/content/drive/MyDrive/612 data/ProjectPokemonCleaned/0585deerling/poke_capture_0585_003_mf_n_00000000_f_n.png,/content/drive/MyDrive/612 data/PokeSpriteCleaned/0585deerling/deerling-winter.png,mapped,variant-index
/content/drive/MyDrive/612 data/ProjectPokemonCleaned/0585deerling/poke_capture_0585_003_mf_n_00000000_f_r.png,/content/drive/MyDrive/612 data/PokeSpriteCleaned/0585deerling/deerling-winter_shiny.png,mapped,variant-index
/content/drive/MyDrive/612 data/ProjectPokemonCleaned/0586sawsbuck/poke_capture_0586_000_mf_n_00000000_f_n.png,/content/drive/MyDrive/612 data/PokeSpriteCleaned/0586sawsbuck/sawsbuck.png,mapped,variant-index
/content/drive/MyDrive/612 data/ProjectPokemonCleaned/0586sawsbuck/poke_capture_0586_000_mf_n_00000000_f_r.png,/content/drive/MyDrive/612 data/PokeSpriteCleaned/0586sawsbuck/sawsbuck_shiny.png,mapped,variant-index
/content/drive/MyDrive/612 data/ProjectPokemonCleaned/0586sawsbuck/poke_capture_0586_001_mf_n_00000000_f_n.png,/content/drive/MyDrive/612 data/PokeSpriteCleaned/0586sawsbuck/sawsbuck-autumn.png,mapped,variant-index
/content/drive/MyDrive/612 data/ProjectPokemonCleaned/0586sawsbuck/poke_capture_0586_001_mf_n_00000000_f_r.png,/content/drive/MyDrive/612 data/PokeSpriteCleaned/0586sawsbuck/sawsbuck-autumn_shiny.png,mapped,variant-index
/content/drive/MyDrive/612 data/ProjectPokemonCleaned/0586sawsbuck/poke_capture_0586_002_mf_n_00000000_f_n.png,/content/drive/MyDrive/612 data/PokeSpriteCleaned/0586sawsbuck/sawsbuck-summer.png,mapped,variant-index
/content/drive/MyDrive/612 data/ProjectPokemonCleaned/0586sawsbuck/poke_capture_0586_002_mf_n_00000000_f_r.png,/content/drive/MyDrive/612 data/PokeSpriteCleaned/0586sawsbuck/sawsbuck-summer_shiny.png,mapped,variant-index
/content/drive/MyDrive/612 data/ProjectPokemonCleaned/0586sawsbuck/poke_capture_0586_003_mf_n_00000000_f_n.png,/content/drive/MyDrive/612 data/PokeSpriteCleaned/0586sawsbuck/sawsbuck-winter.png,mapped,variant-index
/content/drive/MyDrive/612 data/ProjectPokemonCleaned/0586sawsbuck/poke_capture_0586_003_mf_n_00000000_f_r.png,/content/drive/MyDrive/612 data/PokeSpriteCleaned/0586sawsbuck/sawsbuck-winter_shiny.png,mapped,variant-index
/content/drive/MyDrive/612 data/ProjectPokemonCleaned/0587emolga/poke_capture_0587_000_mf_n_00000000_f_n.png,/content/drive/MyDrive/612 data/PokeSpriteCleaned/0587emolga/emolga.png,mapped,variant-index
/content/drive/MyDrive/612 data/ProjectPokemonCleaned/0587emolga/poke_capture_0587_000_mf_n_00000000_f_r.png,/content/drive/MyDrive/612 data/PokeSpriteCleaned/0587emolga/emolga_shiny.png,mapped,variant-index
/content/drive/MyDrive/612 data/ProjectPokemonCleaned/0588karrablast/poke_capture_0588_000_mf_n_00000000_f_n.png,/content/drive/MyDrive/612 data/PokeSpriteCleaned/0588karrablast/karrablast.png,mapped,variant-index
/content/drive/MyDrive/612 data/ProjectPokemonCleaned/0588karrablast/poke_capture_0588_000_mf_n_00000000_f_r.png,/content/drive/MyDrive/612 data/PokeSpriteCleaned/0588karrablast/karrablast_shiny.png,mapped,variant-index
/content/drive/MyDrive/612 data/ProjectPokemonCleaned/0589escavalier/poke_capture_0589_000_mf_n_00000000_f_n.png,/content/drive/MyDrive/612 data/PokeSpriteCleaned/0589escavalier/escavalier.png,mapped,variant-index
/content/drive/MyDrive/612 data/ProjectPokemonCleaned/0589escavalier/poke_capture_0589_000_mf_n_00000000_f_r.png,/content/drive/MyDrive/612 data/PokeSpriteCleaned/0589escavalier/escavalier_shiny.png,mapped,variant-index
/content/drive/MyDrive/612 data/ProjectPokemonCleaned/0590foongus/poke_capture_0590_000_mf_n_00000000_f_n.png,/content/drive/MyDrive/612 data/PokeSpriteCleaned/0590foongus/foongus.png,mapped,variant-index
/content/drive/MyDrive/612 data/ProjectPokemonCleaned/0590foongus/poke_capture_0590_000_mf_n_00000000_f_r.png,/content/drive/MyDrive/612 data/PokeSpriteCleaned/0590foongus/foongus_shiny.png,mapped,variant-index
/content/drive/MyDrive/612 data/ProjectPokemonCleaned/0591amoonguss/poke_capture_0591_000_mf_n_00000000_f_n.png,/content/drive/MyDrive/612 data/PokeSpriteCleaned/0591amoonguss/amoonguss.png,mapped,variant-index
/content/drive/MyDrive/612 data/ProjectPokemonCleaned/0591amoonguss/poke_capture_0591_000_mf_n_00000000_f_r.png,/content/drive/MyDrive/612 data/PokeSpriteCleaned/0591amoonguss/amoonguss_shiny.png,mapped,variant-index
/content/drive/MyDrive/612 data/ProjectPokemonCleaned/0592frillish/poke_capture_0592_000_fd_n_00000000_f_n.png,/content/drive/MyDrive/612 data/PokeSpriteCleaned/0592frillish/frillish.png,mapped,variant-index
/content/drive/MyDrive/612 data/ProjectPokemonCleaned/0592frillish/poke_capture_0592_000_fd_n_00000000_f_r.png,/content/drive/MyDrive/612 data/PokeSpriteCleaned/0592frillish/frillish_shiny.png,mapped,variant-index
/content/drive/MyDrive/612 data/ProjectPokemonCleaned/0592frillish/poke_capture_0592_000_md_n_00000000_f_n.png,/content/drive/MyDrive/612 data/PokeSpriteCleaned/0592frillish/frillish.png,mapped,variant-index
/content/drive/MyDrive/612 data/ProjectPokemonCleaned/0592frillish/poke_capture_0592_000_md_n_00000000_f_r.png,/content/drive/MyDrive/612 data/PokeSpriteCleaned/0592frillish/frillish_shiny.png,mapped,variant-index
/content/drive/MyDrive/612 data/ProjectPokemonCleaned/0593jellicent/poke_capture_0593_000_fd_n_00000000_f_n.png,/content/drive/MyDrive/612 data/PokeSpriteCleaned/0593jellicent/jellicent.png,mapped,variant-index
/content/drive/MyDrive/612 data/ProjectPokemonCleaned/0593jellicent/poke_capture_0593_000_fd_n_00000000_f_r.png,/content/drive/MyDrive/612 data/PokeSpriteCleaned/0593jellicent/jellicent_shiny.png,mapped,variant-index
/content/drive/MyDrive/612 data/ProjectPokemonCleaned/0593jellicent/poke_capture_0593_000_md_n_00000000_f_n.png,/content/drive/MyDrive/612 data/PokeSpriteCleaned/0593jellicent/jellicent.png,mapped,variant-index
/content/drive/MyDrive/612 data/ProjectPokemonCleaned/0593jellicent/poke_capture_0593_000_md_n_00000000_f_r.png,/content/drive/MyDrive/612 data/PokeSpriteCleaned/0593jellicent/jellicent_shiny.png,mapped,variant-index
/content/drive/MyDrive/612 data/ProjectPokemonCleaned/0594alomomola/poke_capture_0594_000_mf_n_00000000_f_n.png,/content/drive/MyDrive/612 data/PokeSpriteCleaned/0594alomomola/alomomola.png,mapped,variant-index
/content/drive/MyDrive/612 data/ProjectPokemonCleaned/0594alomomola/poke_capture_0594_000_mf_n_00000000_f_r.png,/content/drive/MyDrive/612 data/PokeSpriteCleaned/0594alomomola/alomomola_shiny.png,mapped,variant-index
/content/drive/MyDrive/612 data/ProjectPokemonCleaned/0595joltik/poke_capture_0595_000_mf_n_00000000_f_n.png,/content/drive/MyDrive/612 data/PokeSpriteCleaned/0595joltik/joltik.png,mapped,variant-index
/content/drive/MyDrive/612 data/ProjectPokemonCleaned/0595joltik/poke_capture_0595_000_mf_n_00000000_f_r.png,/content/drive/MyDrive/612 data/PokeSpriteCleaned/0595joltik/joltik_shiny.png,mapped,variant-index
/content/drive/MyDrive/612 data/ProjectPokemonCleaned/0596galvantula/poke_capture_0596_000_mf_n_00000000_f_n.png,/content/drive/MyDrive/612 data/PokeSpriteCleaned/0596galvantula/galvantula.png,mapped,variant-index
/content/drive/MyDrive/612 data/ProjectPokemonCleaned/0596galvantula/poke_capture_0596_000_mf_n_00000000_f_r.png,/content/drive/MyDrive/612 data/PokeSpriteCleaned/0596galvantula/galvantula_shiny.png,mapped,variant-index
/content/drive/MyDrive/612 data/ProjectPokemonCleaned/0597ferroseed/poke_capture_0597_000_mf_n_00000000_f_n.png,/content/drive/MyDrive/612 data/PokeSpriteCleaned/0597ferroseed/ferroseed.png,mapped,variant-index
/content/drive/MyDrive/612 data/ProjectPokemonCleaned/0597ferroseed/poke_capture_0597_000_mf_n_00000000_f_r.png,/content/drive/MyDrive/612 data/PokeSpriteCleaned/0597ferroseed/ferroseed_shiny.png,mapped,variant-index
/content/drive/MyDrive/612 data/ProjectPokemonCleaned/0598ferrothorn/poke_capture_0598_000_mf_n_00000000_f_n.png,/content/drive/MyDrive/612 data/PokeSpriteCleaned/0598ferrothorn/ferrothorn.png,mapped,variant-index
/content/drive/MyDrive/612 data/ProjectPokemonCleaned/0598ferrothorn/poke_capture_0598_000_mf_n_00000000_f_r.png,/content/drive/MyDrive/612 data/PokeSpriteCleaned/0598ferrothorn/ferrothorn_shiny.png,mapped,variant-index
/content/drive/MyDrive/612 data/ProjectPokemonCleaned/0599klink/poke_capture_0599_000_uk_n_00000000_f_n.png,/content/drive/MyDrive/612 data/PokeSpriteCleaned/0599klink/klink.png,mapped,variant-index
/content/drive/MyDrive/612 data/ProjectPokemonCleaned/0599klink/poke_capture_0599_000_uk_n_00000000_f_r.png,/content/drive/MyDrive/612 data/PokeSpriteCleaned/0599klink/klink_shiny.png,mapped,variant-index
/content/drive/MyDrive/612 data/ProjectPokemonCleaned/0600klang/poke_capture_0600_000_uk_n_00000000_f_n.png,/content/drive/MyDrive/612 data/PokeSpriteCleaned/0600klang/klang.png,mapped,variant-index
/content/drive/MyDrive/612 data/ProjectPokemonCleaned/0600klang/poke_capture_0600_000_uk_n_00000000_f_r.png,/content/drive/MyDrive/612 data/PokeSpriteCleaned/0600klang/klang_shiny.png,mapped,variant-index
/content/drive/MyDrive/612 data/ProjectPokemonCleaned/0601klinklang/poke_capture_0601_000_uk_n_00000000_f_n.png,/content/drive/MyDrive/612 data/PokeSpriteCleaned/0601klinklang/klinklang.png,mapped,variant-index
/content/drive/MyDrive/612 data/ProjectPokemonCleaned/0601klinklang/poke_capture_0601_000_uk_n_00000000_f_r.png,/content/drive/MyDrive/612 data/PokeSpriteCleaned/0601klinklang/klinklang_shiny.png,mapped,variant-index
/content/drive/MyDrive/612 data/ProjectPokemonCleaned/0602tynamo/poke_capture_0602_000_mf_n_00000000_f_n.png,/content/drive/MyDrive/612 data/PokeSpriteCleaned/0602tynamo/tynamo.png,mapped,variant-index
/content/drive/MyDrive/612 data/ProjectPokemonCleaned/0602tynamo/poke_capture_0602_000_mf_n_00000000_f_r.png,/content/drive/MyDrive/612 data/PokeSpriteCleaned/0602tynamo/tynamo_shiny.png,mapped,variant-index
/content/drive/MyDrive/612 data/ProjectPokemonCleaned/0603eelektrik/poke_capture_0603_000_mf_n_00000000_f_n.png,/content/drive/MyDrive/612 data/PokeSpriteCleaned/0603eelektrik/eelektrik.png,mapped,variant-index
/content/drive/MyDrive/612 data/ProjectPokemonCleaned/0603eelektrik/poke_capture_0603_000_mf_n_00000000_f_r.png,/content/drive/MyDrive/612 data/PokeSpriteCleaned/0603eelektrik/eelektrik_shiny.png,mapped,variant-index
/content/drive/MyDrive/612 data/ProjectPokemonCleaned/0604eelektross/poke_capture_0604_000_mf_n_00000000_f_n.png,/content/drive/MyDrive/612 data/PokeSpriteCleaned/0604eelektross/eelektross.png,mapped,variant-index
/content/drive/MyDrive/612 data/ProjectPokemonCleaned/0604eelektross/poke_capture_0604_000_mf_n_00000000_f_r.png,/content/drive/MyDrive/612 data/PokeSpriteCleaned/0604eelektross/eelektross_shiny.png,mapped,variant-index
/content/drive/MyDrive/612 data/ProjectPokemonCleaned/0605elgyem/poke_capture_0605_000_mf_n_00000000_f_n.png,/content/drive/MyDrive/612 data/PokeSpriteCleaned/0605elgyem/elgyem.png,mapped,variant-index
/content/drive/MyDrive/612 data/ProjectPokemonCleaned/0605elgyem/poke_capture_0605_000_mf_n_00000000_f_r.png,/content/drive/MyDrive/612 data/PokeSpriteCleaned/0605elgyem/elgyem_shiny.png,mapped,variant-index
/content/drive/MyDrive/612 data/ProjectPokemonCleaned/0606beheeyem/poke_capture_0606_000_mf_n_00000000_f_n.png,/content/drive/MyDrive/612 data/PokeSpriteCleaned/0606beheeyem/beheeyem.png,mapped,variant-index
/content/drive/MyDrive/612 data/ProjectPokemonCleaned/0606beheeyem/poke_capture_0606_000_mf_n_00000000_f_r.png,/content/drive/MyDrive/612 data/PokeSpriteCleaned/0606beheeyem/beheeyem_shiny.png,mapped,variant-index
/content/drive/MyDrive/612 data/ProjectPokemonCleaned/0607litwick/poke_capture_0607_000_mf_n_00000000_f_n.png,/content/drive/MyDrive/612 data/PokeSpriteCleaned/0607litwick/litwick.png,mapped,variant-index
/content/drive/MyDrive/612 data/ProjectPokemonCleaned/0607litwick/poke_capture_0607_000_mf_n_00000000_f_r.png,/content/drive/MyDrive/612 data/PokeSpriteCleaned/0607litwick/litwick_shiny.png,mapped,variant-index
/content/drive/MyDrive/612 data/ProjectPokemonCleaned/0608lampent/poke_capture_0608_000_mf_n_00000000_f_n.png,/content/drive/MyDrive/612 data/PokeSpriteCleaned/0608lampent/lampent.png,mapped,variant-index
/content/drive/MyDrive/612 data/ProjectPokemonCleaned/0608lampent/poke_capture_0608_000_mf_n_00000000_f_r.png,/content/drive/MyDrive/612 data/PokeSpriteCleaned/0608lampent/lampent_shiny.png,mapped,variant-index
/content/drive/MyDrive/612 data/ProjectPokemonCleaned/0609chandelure/poke_capture_0609_000_mf_n_00000000_f_n.png,/content/drive/MyDrive/612 data/PokeSpriteCleaned/0609chandelure/chandelure.png,mapped,variant-index
/content/drive/MyDrive/612 data/ProjectPokemonCleaned/0609chandelure/poke_capture_0609_000_mf_n_00000000_f_r.png,/content/drive/MyDrive/612 data/PokeSpriteCleaned/0609chandelure/chandelure_shiny.png,mapped,variant-index
/content/drive/MyDrive/612 data/ProjectPokemonCleaned/0610axew/poke_capture_0610_000_mf_n_00000000_f_n.png,/content/drive/MyDrive/612 data/PokeSpriteCleaned/0610axew/axew.png,mapped,variant-index
/content/drive/MyDrive/612 data/ProjectPokemonCleaned/0610axew/poke_capture_0610_000_mf_n_00000000_f_r.png,/content/drive/MyDrive/612 data/PokeSpriteCleaned/0610axew/axew_shiny.png,mapped,variant-index
/content/drive/MyDrive/612 data/ProjectPokemonCleaned/0611fraxure/poke_capture_0611_000_mf_n_00000000_f_n.png,/content/drive/MyDrive/612 data/PokeSpriteCleaned/0611fraxure/fraxure.png,mapped,variant-index
/content/drive/MyDrive/612 data/ProjectPokemonCleaned/0611fraxure/poke_capture_0611_000_mf_n_00000000_f_r.png,/content/drive/MyDrive/612 data/PokeSpriteCleaned/0611fraxure/fraxure_shiny.png,mapped,variant-index
/content/drive/MyDrive/612 data/ProjectPokemonCleaned/0612haxorus/poke_capture_0612_000_mf_n_00000000_f_n.png,/content/drive/MyDrive/612 data/PokeSpriteCleaned/0612haxorus/haxorus.png,mapped,variant-index
/content/drive/MyDrive/612 data/ProjectPokemonCleaned/0612haxorus/poke_capture_0612_000_mf_n_00000000_f_r.png,/content/drive/MyDrive/612 data/PokeSpriteCleaned/0612haxorus/haxorus_shiny.png,mapped,variant-index
/content/drive/MyDrive/612 data/ProjectPokemonCleaned/0613cubchoo/poke_capture_0613_000_mf_n_00000000_f_n.png,/content/drive/MyDrive/612 data/PokeSpriteCleaned/0613cubchoo/cubchoo.png,mapped,variant-index
/content/drive/MyDrive/612 data/ProjectPokemonCleaned/0613cubchoo/poke_capture_0613_000_mf_n_00000000_f_r.png,/content/drive/MyDrive/612 data/PokeSpriteCleaned/0613cubchoo/cubchoo_shiny.png,mapped,variant-index
/content/drive/MyDrive/612 data/ProjectPokemonCleaned/0614beartic/poke_capture_0614_000_mf_n_00000000_f_n.png,/content/drive/MyDrive/612 data/PokeSpriteCleaned/0614beartic/beartic.png,mapped,variant-index
/content/drive/MyDrive/612 data/ProjectPokemonCleaned/0614beartic/poke_capture_0614_000_mf_n_00000000_f_r.png,/content/drive/MyDrive/612 data/PokeSpriteCleaned/0614beartic/beartic_shiny.png,mapped,variant-index
/content/drive/MyDrive/612 data/ProjectPokemonCleaned/0615cryogonal/poke_capture_0615_000_uk_n_00000000_f_n.png,/content/drive/MyDrive/612 data/PokeSpriteCleaned/0615cryogonal/cryogonal.png,mapped,variant-index
/content/drive/MyDrive/612 data/ProjectPokemonCleaned/0615cryogonal/poke_capture_0615_000_uk_n_00000000_f_r.png,/content/drive/MyDrive/612 data/PokeSpriteCleaned/0615cryogonal/cryogonal_shiny.png,mapped,variant-index
/content/drive/MyDrive/612 data/ProjectPokemonCleaned/0616shelmet/poke_capture_0616_000_mf_n_00000000_f_n.png,/content/drive/MyDrive/612 data/PokeSpriteCleaned/0616shelmet/shelmet.png,mapped,variant-index
/content/drive/MyDrive/612 data/ProjectPokemonCleaned/0616shelmet/poke_capture_0616_000_mf_n_00000000_f_r.png,/content/drive/MyDrive/612 data/PokeSpriteCleaned/0616shelmet/shelmet_shiny.png,mapped,variant-index
/content/drive/MyDrive/612 data/ProjectPokemonCleaned/0617accelgor/poke_capture_0617_000_mf_n_00000000_f_n.png,/content/drive/MyDrive/612 data/PokeSpriteCleaned/0617accelgor/accelgor.png,mapped,variant-index
/content/drive/MyDrive/612 data/ProjectPokemonCleaned/0617accelgor/poke_capture_0617_000_mf_n_00000000_f_r.png,/content/drive/MyDrive/612 data/PokeSpriteCleaned/0617accelgor/accelgor_shiny.png,mapped,variant-index
/content/drive/MyDrive/612 data/ProjectPokemonCleaned/0618stunfisk/poke_capture_0618_000_mf_n_00000000_f_n.png,/content/drive/MyDrive/612 data/PokeSpriteCleaned/0618stunfisk/stunfisk galar.png,mapped,variant-index
/content/drive/MyDrive/612 data/ProjectPokemonCleaned/0618stunfisk/poke_capture_0618_000_mf_n_00000000_f_r.png,/content/drive/MyDrive/612 data/PokeSpriteCleaned/0618stunfisk/stunfisk galar_shiny.png,mapped,variant-index
/content/drive/MyDrive/612 data/ProjectPokemonCleaned/0618stunfisk/poke_capture_0618_001_mf_n_00000000_f_n.png,/content/drive/MyDrive/612 data/PokeSpriteCleaned/0618stunfisk/stunfisk.png,mapped,variant-index
/content/drive/MyDrive/612 data/ProjectPokemonCleaned/0618stunfisk/poke_capture_0618_001_mf_n_00000000_f_r.png,/content/drive/MyDrive/612 data/PokeSpriteCleaned/0618stunfisk/stunfisk_shiny.png,mapped,variant-index
/content/drive/MyDrive/612 data/ProjectPokemonCleaned/0619mienfoo/poke_capture_0619_000_mf_n_00000000_f_n.png,/content/drive/MyDrive/612 data/PokeSpriteCleaned/0619mienfoo/mienfoo.png,mapped,variant-index
/content/drive/MyDrive/612 data/ProjectPokemonCleaned/0619mienfoo/poke_capture_0619_000_mf_n_00000000_f_r.png,/content/drive/MyDrive/612 data/PokeSpriteCleaned/0619mienfoo/mienfoo_shiny.png,mapped,variant-index
/content/drive/MyDrive/612 data/ProjectPokemonCleaned/0620mienshao/poke_capture_0620_000_mf_n_00000000_f_n.png,/content/drive/MyDrive/612 data/PokeSpriteCleaned/0620mienshao/mienshao.png,mapped,variant-index
/content/drive/MyDrive/612 data/ProjectPokemonCleaned/0620mienshao/poke_capture_0620_000_mf_n_00000000_f_r.png,/content/drive/MyDrive/612 data/PokeSpriteCleaned/0620mienshao/mienshao_shiny.png,mapped,variant-index
/content/drive/MyDrive/612 data/ProjectPokemonCleaned/0621druddigon/poke_capture_0621_000_mf_n_00000000_f_n.png,/content/drive/MyDrive/612 data/PokeSpriteCleaned/0621druddigon/druddigon.png,mapped,variant-index
/content/drive/MyDrive/612 data/ProjectPokemonCleaned/0621druddigon/poke_capture_0621_000_mf_n_00000000_f_r.png,/content/drive/MyDrive/612 data/PokeSpriteCleaned/0621druddigon/druddigon_shiny.png,mapped,variant-index
/content/drive/MyDrive/612 data/ProjectPokemonCleaned/0622golett/poke_capture_0622_000_uk_n_00000000_f_n.png,/content/drive/MyDrive/612 data/PokeSpriteCleaned/0622golett/golett.png,mapped,variant-index
/content/drive/MyDrive/612 data/ProjectPokemonCleaned/0622golett/poke_capture_0622_000_uk_n_00000000_f_r.png,/content/drive/MyDrive/612 data/PokeSpriteCleaned/0622golett/golett_shiny.png,mapped,variant-index
/content/drive/MyDrive/612 data/ProjectPokemonCleaned/0623golurk/poke_capture_0623_000_uk_n_00000000_f_n.png,/content/drive/MyDrive/612 data/PokeSpriteCleaned/0623golurk/golurk.png,mapped,variant-index
/content/drive/MyDrive/612 data/ProjectPokemonCleaned/0623golurk/poke_capture_0623_000_uk_n_00000000_f_r.png,/content/drive/MyDrive/612 data/PokeSpriteCleaned/0623golurk/golurk_shiny.png,mapped,variant-index
/content/drive/MyDrive/612 data/ProjectPokemonCleaned/0624pawniard/poke_capture_0624_000_mf_n_00000000_f_n.png,/content/drive/MyDrive/612 data/PokeSpriteCleaned/0624pawniard/pawniard.png,mapped,variant-index
/content/drive/MyDrive/612 data/ProjectPokemonCleaned/0624pawniard/poke_capture_0624_000_mf_n_00000000_f_r.png,/content/drive/MyDrive/612 data/PokeSpriteCleaned/0624pawniard/pawniard_shiny.png,mapped,variant-index
/content/drive/MyDrive/612 data/ProjectPokemonCleaned/0625bisharp/poke_capture_0625_000_mf_n_00000000_f_n.png,/content/drive/MyDrive/612 data/PokeSpriteCleaned/0625bisharp/bisharp.png,mapped,variant-index
/content/drive/MyDrive/612 data/ProjectPokemonCleaned/0625bisharp/poke_capture_0625_000_mf_n_00000000_f_r.png,/content/drive/MyDrive/612 data/PokeSpriteCleaned/0625bisharp/bisharp_shiny.png,mapped,variant-index
/content/drive/MyDrive/612 data/ProjectPokemonCleaned/0626bouffalant/poke_capture_0626_000_mf_n_00000000_f_n.png,/content/drive/MyDrive/612 data/PokeSpriteCleaned/0626bouffalant/bouffalant.png,mapped,variant-index
/content/drive/MyDrive/612 data/ProjectPokemonCleaned/0626bouffalant/poke_capture_0626_000_mf_n_00000000_f_r.png,/content/drive/MyDrive/612 data/PokeSpriteCleaned/0626bouffalant/bouffalant_shiny.png,mapped,variant-index
/content/drive/MyDrive/612 data/ProjectPokemonCleaned/0627rufflet/poke_capture_0627_000_mo_n_00000000_f_n.png,/content/drive/MyDrive/612 data/PokeSpriteCleaned/0627rufflet/rufflet.png,mapped,variant-index
/content/drive/MyDrive/612 data/ProjectPokemonCleaned/0627rufflet/poke_capture_0627_000_mo_n_00000000_f_r.png,/content/drive/MyDrive/612 data/PokeSpriteCleaned/0627rufflet/rufflet_shiny.png,mapped,variant-index
/content/drive/MyDrive/612 data/ProjectPokemonCleaned/0628braviary/poke_capture_0628_000_mo_n_00000000_f_n.png,/content/drive/MyDrive/612 data/PokeSpriteCleaned/0628braviary/braviary hisui.png,mapped,variant-index
/content/drive/MyDrive/612 data/ProjectPokemonCleaned/0628braviary/poke_capture_0628_000_mo_n_00000000_f_r.png,/content/drive/MyDrive/612 data/PokeSpriteCleaned/0628braviary/braviary hisui_shiny.png,mapped,variant-index
/content/drive/MyDrive/612 data/ProjectPokemonCleaned/0629vullaby/poke_capture_0629_000_fo_n_00000000_f_n.png,/content/drive/MyDrive/612 data/PokeSpriteCleaned/0629vullaby/vullaby.png,mapped,variant-index
/content/drive/MyDrive/612 data/ProjectPokemonCleaned/0629vullaby/poke_capture_0629_000_fo_n_00000000_f_r.png,/content/drive/MyDrive/612 data/PokeSpriteCleaned/0629vullaby/vullaby_shiny.png,mapped,variant-index
/content/drive/MyDrive/612 data/ProjectPokemonCleaned/0630mandibuzz/poke_capture_0630_000_fo_n_00000000_f_n.png,/content/drive/MyDrive/612 data/PokeSpriteCleaned/0630mandibuzz/mandibuzz.png,mapped,variant-index
/content/drive/MyDrive/612 data/ProjectPokemonCleaned/0630mandibuzz/poke_capture_0630_000_fo_n_00000000_f_r.png,/content/drive/MyDrive/612 data/PokeSpriteCleaned/0630mandibuzz/mandibuzz_shiny.png,mapped,variant-index
/content/drive/MyDrive/612 data/ProjectPokemonCleaned/0631heatmor/poke_capture_0631_000_mf_n_00000000_f_n.png,/content/drive/MyDrive/612 data/PokeSpriteCleaned/0631heatmor/heatmor.png,mapped,variant-index
/content/drive/MyDrive/612 data/ProjectPokemonCleaned/0631heatmor/poke_capture_0631_000_mf_n_00000000_f_r.png,/content/drive/MyDrive/612 data/PokeSpriteCleaned/0631heatmor/heatmor_shiny.png,mapped,variant-index
/content/drive/MyDrive/612 data/ProjectPokemonCleaned/0632durant/poke_capture_0632_000_mf_n_00000000_f_n.png,/content/drive/MyDrive/612 data/PokeSpriteCleaned/0632durant/durant.png,mapped,variant-index
/content/drive/MyDrive/612 data/ProjectPokemonCleaned/0632durant/poke_capture_0632_000_mf_n_00000000_f_r.png,/content/drive/MyDrive/612 data/PokeSpriteCleaned/0632durant/durant_shiny.png,mapped,variant-index
/content/drive/MyDrive/612 data/ProjectPokemonCleaned/0633deino/poke_capture_0633_000_mf_n_00000000_f_n.png,/content/drive/MyDrive/612 data/PokeSpriteCleaned/0633deino/deino.png,mapped,variant-index
/content/drive/MyDrive/612 data/ProjectPokemonCleaned/0633deino/poke_capture_0633_000_mf_n_00000000_f_r.png,/content/drive/MyDrive/612 data/PokeSpriteCleaned/0633deino/deino_shiny.png,mapped,variant-index
/content/drive/MyDrive/612 data/ProjectPokemonCleaned/0634zweilous/poke_capture_0634_000_mf_n_00000000_f_n.png,/content/drive/MyDrive/612 data/PokeSpriteCleaned/0634zweilous/zweilous.png,mapped,variant-index
/content/drive/MyDrive/612 data/ProjectPokemonCleaned/0634zweilous/poke_capture_0634_000_mf_n_00000000_f_r.png,/content/drive/MyDrive/612 data/PokeSpriteCleaned/0634zweilous/zweilous_shiny.png,mapped,variant-index
/content/drive/MyDrive/612 data/ProjectPokemonCleaned/0635hydreigon/poke_capture_0635_000_mf_n_00000000_f_n.png,/content/drive/MyDrive/612 data/PokeSpriteCleaned/0635hydreigon/hydreigon.png,mapped,variant-index
/content/drive/MyDrive/612 data/ProjectPokemonCleaned/0635hydreigon/poke_capture_0635_000_mf_n_00000000_f_r.png,/content/drive/MyDrive/612 data/PokeSpriteCleaned/0635hydreigon/hydreigon_shiny.png,mapped,variant-index
/content/drive/MyDrive/612 data/ProjectPokemonCleaned/0636larvesta/poke_capture_0636_000_mf_n_00000000_f_n.png,/content/drive/MyDrive/612 data/PokeSpriteCleaned/0636larvesta/larvesta.png,mapped,variant-index
/content/drive/MyDrive/612 data/ProjectPokemonCleaned/0636larvesta/poke_capture_0636_000_mf_n_00000000_f_r.png,/content/drive/MyDrive/612 data/PokeSpriteCleaned/0636larvesta/larvesta_shiny.png,mapped,variant-index
/content/drive/MyDrive/612 data/ProjectPokemonCleaned/0637volcarona/poke_capture_0637_000_mf_n_00000000_f_n.png,/content/drive/MyDrive/612 data/PokeSpriteCleaned/0637volcarona/volcarona.png,mapped,variant-index
/content/drive/MyDrive/612 data/ProjectPokemonCleaned/0637volcarona/poke_capture_0637_000_mf_n_00000000_f_r.png,/content/drive/MyDrive/612 data/PokeSpriteCleaned/0637volcarona/volcarona_shiny.png,mapped,variant-index
/content/drive/MyDrive/612 data/ProjectPokemonCleaned/0638cobalion/poke_capture_0638_000_uk_n_00000000_f_n.png,/content/drive/MyDrive/612 data/PokeSpriteCleaned/0638cobalion/cobalion.png,mapped,variant-index
/content/drive/MyDrive/612 data/ProjectPokemonCleaned/0638cobalion/poke_capture_0638_000_uk_n_00000000_f_r.png,/content/drive/MyDrive/612 data/PokeSpriteCleaned/0638cobalion/cobalion_shiny.png,mapped,variant-index
/content/drive/MyDrive/612 data/ProjectPokemonCleaned/0639terrakion/poke_capture_0639_000_uk_n_00000000_f_n.png,/content/drive/MyDrive/612 data/PokeSpriteCleaned/0639terrakion/terrakion.png,mapped,variant-index
/content/drive/MyDrive/612 data/ProjectPokemonCleaned/0639terrakion/poke_capture_0639_000_uk_n_00000000_f_r.png,/content/drive/MyDrive/612 data/PokeSpriteCleaned/0639terrakion/terrakion_shiny.png,mapped,variant-index
/content/drive/MyDrive/612 data/ProjectPokemonCleaned/0640virizion/poke_capture_0640_000_uk_n_00000000_f_n.png,/content/drive/MyDrive/612 data/PokeSpriteCleaned/0640virizion/virizion.png,mapped,variant-index
/content/drive/MyDrive/612 data/ProjectPokemonCleaned/0640virizion/poke_capture_0640_000_uk_n_00000000_f_r.png,/content/drive/MyDrive/612 data/PokeSpriteCleaned/0640virizion/virizion_shiny.png,mapped,variant-index
/content/drive/MyDrive/612 data/ProjectPokemonCleaned/0641tornadus/poke_capture_0641_000_mo_n_00000000_f_n.png,/content/drive/MyDrive/612 data/PokeSpriteCleaned/0641tornadus/tornadus.png,mapped,variant-index
/content/drive/MyDrive/612 data/ProjectPokemonCleaned/0641tornadus/poke_capture_0641_000_mo_n_00000000_f_r.png,/content/drive/MyDrive/612 data/PokeSpriteCleaned/0641tornadus/tornadus_shiny.png,mapped,variant-index
/content/drive/MyDrive/612 data/ProjectPokemonCleaned/0641tornadus/poke_capture_0641_001_mo_n_00000000_f_n.png,/content/drive/MyDrive/612 data/PokeSpriteCleaned/0641tornadus/tornadus-therian.png,mapped,variant-index
/content/drive/MyDrive/612 data/ProjectPokemonCleaned/0641tornadus/poke_capture_0641_001_mo_n_00000000_f_r.png,/content/drive/MyDrive/612 data/PokeSpriteCleaned/0641tornadus/tornadus-therian_shiny.png,mapped,variant-index
/content/drive/MyDrive/612 data/ProjectPokemonCleaned/0642thundurus/poke_capture_0642_000_mo_n_00000000_f_n.png,/content/drive/MyDrive/612 data/PokeSpriteCleaned/0642thundurus/thundurus.png,mapped,variant-index
/content/drive/MyDrive/612 data/ProjectPokemonCleaned/0642thundurus/poke_capture_0642_000_mo_n_00000000_f_r.png,/content/drive/MyDrive/612 data/PokeSpriteCleaned/0642thundurus/thundurus_shiny.png,mapped,variant-index
/content/drive/MyDrive/612 data/ProjectPokemonCleaned/0642thundurus/poke_capture_0642_001_mo_n_00000000_f_n.png,/content/drive/MyDrive/612 data/PokeSpriteCleaned/0642thundurus/thundurus-therian.png,mapped,variant-index
/content/drive/MyDrive/612 data/ProjectPokemonCleaned/0642thundurus/poke_capture_0642_001_mo_n_00000000_f_r.png,/content/drive/MyDrive/612 data/PokeSpriteCleaned/0642thundurus/thundurus-therian_shiny.png,mapped,variant-index
/content/drive/MyDrive/612 data/ProjectPokemonCleaned/0643reshiram/poke_capture_0643_000_uk_n_00000000_f_n.png,/content/drive/MyDrive/612 data/PokeSpriteCleaned/0643reshiram/reshiram.png,mapped,variant-index
/content/drive/MyDrive/612 data/ProjectPokemonCleaned/0643reshiram/poke_capture_0643_000_uk_n_00000000_f_r.png,/content/drive/MyDrive/612 data/PokeSpriteCleaned/0643reshiram/reshiram_shiny.png,mapped,variant-index
/content/drive/MyDrive/612 data/ProjectPokemonCleaned/0644zekrom/poke_capture_0644_000_uk_n_00000000_f_n.png,/content/drive/MyDrive/612 data/PokeSpriteCleaned/0644zekrom/zekrom.png,mapped,variant-index
/content/drive/MyDrive/612 data/ProjectPokemonCleaned/0644zekrom/poke_capture_0644_000_uk_n_00000000_f_r.png,/content/drive/MyDrive/612 data/PokeSpriteCleaned/0644zekrom/zekrom_shiny.png,mapped,variant-index
/content/drive/MyDrive/612 data/ProjectPokemonCleaned/0645landorus/poke_capture_0645_000_mo_n_00000000_f_n.png,/content/drive/MyDrive/612 data/PokeSpriteCleaned/0645landorus/landorus.png,mapped,variant-index
/content/drive/MyDrive/612 data/ProjectPokemonCleaned/0645landorus/poke_capture_0645_000_mo_n_00000000_f_r.png,/content/drive/MyDrive/612 data/PokeSpriteCleaned/0645landorus/landorus_shiny.png,mapped,variant-index
/content/drive/MyDrive/612 data/ProjectPokemonCleaned/0645landorus/poke_capture_0645_001_mo_n_00000000_f_n.png,/content/drive/MyDrive/612 data/PokeSpriteCleaned/0645landorus/landorus-therian.png,mapped,variant-index
/content/drive/MyDrive/612 data/ProjectPokemonCleaned/0645landorus/poke_capture_0645_001_mo_n_00000000_f_r.png,/content/drive/MyDrive/612 data/PokeSpriteCleaned/0645landorus/landorus-therian_shiny.png,mapped,variant-index
/content/drive/MyDrive/612 data/ProjectPokemonCleaned/0646kyurem/poke_capture_0646_000_uk_n_00000000_f_n.png,/content/drive/MyDrive/612 data/PokeSpriteCleaned/0646kyurem/kyurem.png,mapped,variant-index
/content/drive/MyDrive/612 data/ProjectPokemonCleaned/0646kyurem/poke_capture_0646_000_uk_n_00000000_f_r.png,/content/drive/MyDrive/612 data/PokeSpriteCleaned/0646kyurem/kyurem_shiny.png,mapped,variant-index
/content/drive/MyDrive/612 data/ProjectPokemonCleaned/0646kyurem/poke_capture_0646_001_uk_n_00000000_f_n.png,/content/drive/MyDrive/612 data/PokeSpriteCleaned/0646kyurem/kyurem-black.png,mapped,variant-index
/content/drive/MyDrive/612 data/ProjectPokemonCleaned/0646kyurem/poke_capture_0646_001_uk_n_00000000_f_r.png,/content/drive/MyDrive/612 data/PokeSpriteCleaned/0646kyurem/kyurem-black_shiny.png,mapped,variant-index
/content/drive/MyDrive/612 data/ProjectPokemonCleaned/0646kyurem/poke_capture_0646_002_uk_n_00000000_f_n.png,/content/drive/MyDrive/612 data/PokeSpriteCleaned/0646kyurem/kyurem-white.png,mapped,variant-index
/content/drive/MyDrive/612 data/ProjectPokemonCleaned/0646kyurem/poke_capture_0646_002_uk_n_00000000_f_r.png,/content/drive/MyDrive/612 data/PokeSpriteCleaned/0646kyurem/kyurem-white_shiny.png,mapped,variant-index
/content/drive/MyDrive/612 data/ProjectPokemonCleaned/0647keldeo/poke_capture_0647_000_uk_n_00000000_f_n.png,/content/drive/MyDrive/612 data/PokeSpriteCleaned/0647keldeo/keldeo.png,mapped,variant-index
/content/drive/MyDrive/612 data/ProjectPokemonCleaned/0647keldeo/poke_capture_0647_000_uk_n_00000000_f_r.png,/content/drive/MyDrive/612 data/PokeSpriteCleaned/0647keldeo/keldeo_shiny.png,mapped,variant-index
/content/drive/MyDrive/612 data/ProjectPokemonCleaned/0647keldeo/poke_capture_0647_001_uk_n_00000000_f_n.png,/content/drive/MyDrive/612 data/PokeSpriteCleaned/0647keldeo/keldeo-resolute.png,mapped,variant-index
/content/drive/MyDrive/612 data/ProjectPokemonCleaned/0647keldeo/poke_capture_0647_001_uk_n_00000000_f_r.png,/content/drive/MyDrive/612 data/PokeSpriteCleaned/0647keldeo/keldeo-resolute_shiny.png,mapped,variant-index
/content/drive/MyDrive/612 data/ProjectPokemonCleaned/0648meloetta/poke_capture_0648_000_uk_n_00000000_f_n.png,/content/drive/MyDrive/612 data/PokeSpriteCleaned/0648meloetta/meloetta.png,mapped,variant-index
/content/drive/MyDrive/612 data/ProjectPokemonCleaned/0648meloetta/poke_capture_0648_000_uk_n_00000000_f_r.png,/content/drive/MyDrive/612 data/PokeSpriteCleaned/0648meloetta/meloetta_shiny.png,mapped,variant-index
/content/drive/MyDrive/612 data/ProjectPokemonCleaned/0648meloetta/poke_capture_0648_001_uk_n_00000000_f_n.png,/content/drive/MyDrive/612 data/PokeSpriteCleaned/0648meloetta/meloetta_right.png,mapped,variant-index
/content/drive/MyDrive/612 data/ProjectPokemonCleaned/0648meloetta/poke_capture_0648_001_uk_n_00000000_f_r.png,/content/drive/MyDrive/612 data/PokeSpriteCleaned/0648meloetta/meloetta-pirouette_shiny.png,mapped,variant-index
/content/drive/MyDrive/612 data/ProjectPokemonCleaned/0649genesect/poke_capture_0649_000_uk_n_00000000_f_n.png,/content/drive/MyDrive/612 data/PokeSpriteCleaned/0649genesect/genesect.png,mapped,variant-index
/content/drive/MyDrive/612 data/ProjectPokemonCleaned/0649genesect/poke_capture_0649_000_uk_n_00000000_f_r.png,/content/drive/MyDrive/612 data/PokeSpriteCleaned/0649genesect/genesect_shiny.png,mapped,variant-index
/content/drive/MyDrive/612 data/ProjectPokemonCleaned/0649genesect/poke_capture_0649_001_uk_n_00000000_f_n.png,/content/drive/MyDrive/612 data/PokeSpriteCleaned/0649genesect/genesect-burn.png,mapped,variant-index
/content/drive/MyDrive/612 data/ProjectPokemonCleaned/0649genesect/poke_capture_0649_001_uk_n_00000000_f_r.png,/content/drive/MyDrive/612 data/PokeSpriteCleaned/0649genesect/genesect-burn_shiny.png,mapped,variant-index
/content/drive/MyDrive/612 data/ProjectPokemonCleaned/0649genesect/poke_capture_0649_002_uk_n_00000000_f_n.png,/content/drive/MyDrive/612 data/PokeSpriteCleaned/0649genesect/genesect-chill.png,mapped,variant-index
/content/drive/MyDrive/612 data/ProjectPokemonCleaned/0649genesect/poke_capture_0649_002_uk_n_00000000_f_r.png,/content/drive/MyDrive/612 data/PokeSpriteCleaned/0649genesect/genesect-chill_shiny.png,mapped,variant-index
/content/drive/MyDrive/612 data/ProjectPokemonCleaned/0649genesect/poke_capture_0649_003_uk_n_00000000_f_n.png,/content/drive/MyDrive/612 data/PokeSpriteCleaned/0649genesect/genesect-douse.png,mapped,variant-index
/content/drive/MyDrive/612 data/ProjectPokemonCleaned/0649genesect/poke_capture_0649_003_uk_n_00000000_f_r.png,/content/drive/MyDrive/612 data/PokeSpriteCleaned/0649genesect/genesect-douse_shiny.png,mapped,variant-index
/content/drive/MyDrive/612 data/ProjectPokemonCleaned/0649genesect/poke_capture_0649_004_uk_n_00000000_f_n.png,/content/drive/MyDrive/612 data/PokeSpriteCleaned/0649genesect/genesect-shock.png,mapped,variant-index
/content/drive/MyDrive/612 data/ProjectPokemonCleaned/0649genesect/poke_capture_0649_004_uk_n_00000000_f_r.png,/content/drive/MyDrive/612 data/PokeSpriteCleaned/0649genesect/genesect-shock_shiny.png,mapped,variant-index
/content/drive/MyDrive/612 data/ProjectPokemonCleaned/0650chespin/poke_capture_0650_000_mf_n_00000000_f_n.png,/content/drive/MyDrive/612 data/PokeSpriteCleaned/0650chespin/chespin.png,mapped,variant-index
/content/drive/MyDrive/612 data/ProjectPokemonCleaned/0650chespin/poke_capture_0650_000_mf_n_00000000_f_r.png,/content/drive/MyDrive/612 data/PokeSpriteCleaned/0650chespin/chespin_shiny.png,mapped,variant-index
/content/drive/MyDrive/612 data/ProjectPokemonCleaned/0651quilladin/poke_capture_0651_000_mf_n_00000000_f_n.png,/content/drive/MyDrive/612 data/PokeSpriteCleaned/0651quilladin/quilladin.png,mapped,variant-index
/content/drive/MyDrive/612 data/ProjectPokemonCleaned/0651quilladin/poke_capture_0651_000_mf_n_00000000_f_r.png,/content/drive/MyDrive/612 data/PokeSpriteCleaned/0651quilladin/quilladin_shiny.png,mapped,variant-index
/content/drive/MyDrive/612 data/ProjectPokemonCleaned/0652chesnaught/poke_capture_0652_000_mf_n_00000000_f_n.png,/content/drive/MyDrive/612 data/PokeSpriteCleaned/0652chesnaught/chesnaught.png,mapped,variant-index
/content/drive/MyDrive/612 data/ProjectPokemonCleaned/0652chesnaught/poke_capture_0652_000_mf_n_00000000_f_r.png,/content/drive/MyDrive/612 data/PokeSpriteCleaned/0652chesnaught/chesnaught_shiny.png,mapped,variant-index
/content/drive/MyDrive/612 data/ProjectPokemonCleaned/0653fennekin/poke_capture_0653_000_mf_n_00000000_f_n.png,/content/drive/MyDrive/612 data/PokeSpriteCleaned/0653fennekin/fennekin.png,mapped,variant-index
/content/drive/MyDrive/612 data/ProjectPokemonCleaned/0653fennekin/poke_capture_0653_000_mf_n_00000000_f_r.png,/content/drive/MyDrive/612 data/PokeSpriteCleaned/0653fennekin/fennekin_shiny.png,mapped,variant-index
/content/drive/MyDrive/612 data/ProjectPokemonCleaned/0654braixen/poke_capture_0654_000_mf_n_00000000_f_n.png,/content/drive/MyDrive/612 data/PokeSpriteCleaned/0654braixen/braixen.png,mapped,variant-index
/content/drive/MyDrive/612 data/ProjectPokemonCleaned/0654braixen/poke_capture_0654_000_mf_n_00000000_f_r.png,/content/drive/MyDrive/612 data/PokeSpriteCleaned/0654braixen/braixen_shiny.png,mapped,variant-index
/content/drive/MyDrive/612 data/ProjectPokemonCleaned/0655delphox/poke_capture_0655_000_mf_n_00000000_f_n.png,/content/drive/MyDrive/612 data/PokeSpriteCleaned/0655delphox/delphox.png,mapped,variant-index
/content/drive/MyDrive/612 data/ProjectPokemonCleaned/0655delphox/poke_capture_0655_000_mf_n_00000000_f_r.png,/content/drive/MyDrive/612 data/PokeSpriteCleaned/0655delphox/delphox_shiny.png,mapped,variant-index
/content/drive/MyDrive/612 data/ProjectPokemonCleaned/0656froakie/poke_capture_0656_000_mf_n_00000000_f_n.png,/content/drive/MyDrive/612 data/PokeSpriteCleaned/0656froakie/froakie.png,mapped,variant-index
/content/drive/MyDrive/612 data/ProjectPokemonCleaned/0656froakie/poke_capture_0656_000_mf_n_00000000_f_r.png,/content/drive/MyDrive/612 data/PokeSpriteCleaned/0656froakie/froakie_shiny.png,mapped,variant-index
/content/drive/MyDrive/612 data/ProjectPokemonCleaned/0657frogadier/poke_capture_0657_000_mf_n_00000000_f_n.png,/content/drive/MyDrive/612 data/PokeSpriteCleaned/0657frogadier/frogadier.png,mapped,variant-index
/content/drive/MyDrive/612 data/ProjectPokemonCleaned/0657frogadier/poke_capture_0657_000_mf_n_00000000_f_r.png,/content/drive/MyDrive/612 data/PokeSpriteCleaned/0657frogadier/frogadier_shiny.png,mapped,variant-index
/content/drive/MyDrive/612 data/ProjectPokemonCleaned/0658greninja/poke_capture_0658_000_mf_n_00000000_f_n.png,/content/drive/MyDrive/612 data/PokeSpriteCleaned/0658greninja/greninja.png,mapped,variant-index
/content/drive/MyDrive/612 data/ProjectPokemonCleaned/0658greninja/poke_capture_0658_000_mf_n_00000000_f_r.png,/content/drive/MyDrive/612 data/PokeSpriteCleaned/0658greninja/greninja_shiny.png,mapped,variant-index
/content/drive/MyDrive/612 data/ProjectPokemonCleaned/0658greninja/poke_capture_0658_002_mo_n_00000000_f_n.png,/content/drive/MyDrive/612 data/PokeSpriteCleaned/0658greninja/greninja_shiny_right.png,mapped,variant-index
/content/drive/MyDrive/612 data/ProjectPokemonCleaned/0658greninja/poke_capture_0658_002_mo_n_00000000_f_r.png,/content/drive/MyDrive/612 data/PokeSpriteCleaned/0658greninja/greninja-ash_shiny.png,mapped,variant-out-of-range-fallback
/content/drive/MyDrive/612 data/ProjectPokemonCleaned/0659bunnelby/poke_capture_0659_000_mf_n_00000000_f_n.png,/content/drive/MyDrive/612 data/PokeSpriteCleaned/0659bunnelby/bunnelby.png,mapped,variant-index
/content/drive/MyDrive/612 data/ProjectPokemonCleaned/0659bunnelby/poke_capture_0659_000_mf_n_00000000_f_r.png,/content/drive/MyDrive/612 data/PokeSpriteCleaned/0659bunnelby/bunnelby_shiny.png,mapped,variant-index
/content/drive/MyDrive/612 data/ProjectPokemonCleaned/0660diggersby/poke_capture_0660_000_mf_n_00000000_f_n.png,/content/drive/MyDrive/612 data/PokeSpriteCleaned/0660diggersby/diggersby.png,mapped,variant-index
/content/drive/MyDrive/612 data/ProjectPokemonCleaned/0660diggersby/poke_capture_0660_000_mf_n_00000000_f_r.png,/content/drive/MyDrive/612 data/PokeSpriteCleaned/0660diggersby/diggersby_shiny.png,mapped,variant-index
/content/drive/MyDrive/612 data/ProjectPokemonCleaned/0661fletchling/poke_capture_0661_000_mf_n_00000000_f_n.png,/content/drive/MyDrive/612 data/PokeSpriteCleaned/0661fletchling/fletchling.png,mapped,variant-index
/content/drive/MyDrive/612 data/ProjectPokemonCleaned/0661fletchling/poke_capture_0661_000_mf_n_00000000_f_r.png,/content/drive/MyDrive/612 data/PokeSpriteCleaned/0661fletchling/fletchling_shiny.png,mapped,variant-index
/content/drive/MyDrive/612 data/ProjectPokemonCleaned/0662fletchinder/poke_capture_0662_000_mf_n_00000000_f_n.png,/content/drive/MyDrive/612 data/PokeSpriteCleaned/0662fletchinder/fletchinder.png,mapped,variant-index
/content/drive/MyDrive/612 data/ProjectPokemonCleaned/0662fletchinder/poke_capture_0662_000_mf_n_00000000_f_r.png,/content/drive/MyDrive/612 data/PokeSpriteCleaned/0662fletchinder/fletchinder_shiny.png,mapped,variant-index
/content/drive/MyDrive/612 data/ProjectPokemonCleaned/0663talonflame/poke_capture_0663_000_mf_n_00000000_f_n.png,/content/drive/MyDrive/612 data/PokeSpriteCleaned/0663talonflame/talonflame.png,mapped,variant-index
/content/drive/MyDrive/612 data/ProjectPokemonCleaned/0663talonflame/poke_capture_0663_000_mf_n_00000000_f_r.png,/content/drive/MyDrive/612 data/PokeSpriteCleaned/0663talonflame/talonflame_shiny.png,mapped,variant-index
/content/drive/MyDrive/612 data/ProjectPokemonCleaned/0664scatterbug/poke_capture_0664_000_mf_n_00000000_f_n.png,/content/drive/MyDrive/612 data/PokeSpriteCleaned/0664scatterbug/scatterbug.png,mapped,variant-index
/content/drive/MyDrive/612 data/ProjectPokemonCleaned/0664scatterbug/poke_capture_0664_000_mf_n_00000000_f_r.png,/content/drive/MyDrive/612 data/PokeSpriteCleaned/0664scatterbug/scatterbug_shiny.png,mapped,variant-index
/content/drive/MyDrive/612 data/ProjectPokemonCleaned/0665spewpa/poke_capture_0665_000_mf_n_00000000_f_n.png,/content/drive/MyDrive/612 data/PokeSpriteCleaned/0665spewpa/spewpa.png,mapped,variant-index
/content/drive/MyDrive/612 data/ProjectPokemonCleaned/0665spewpa/poke_capture_0665_000_mf_n_00000000_f_r.png,/content/drive/MyDrive/612 data/PokeSpriteCleaned/0665spewpa/spewpa_shiny.png,mapped,variant-index
/content/drive/MyDrive/612 data/ProjectPokemonCleaned/0666vivillon/poke_capture_0666_000_mf_n_00000000_f_n.png,/content/drive/MyDrive/612 data/PokeSpriteCleaned/0666vivillon/vivillon.png,mapped,variant-index
/content/drive/MyDrive/612 data/ProjectPokemonCleaned/0666vivillon/poke_capture_0666_000_mf_n_00000000_f_r.png,/content/drive/MyDrive/612 data/PokeSpriteCleaned/0666vivillon/vivillon_shiny.png,mapped,variant-index
/content/drive/MyDrive/612 data/ProjectPokemonCleaned/0666vivillon/poke_capture_0666_001_mf_n_00000000_f_n.png,/content/drive/MyDrive/612 data/PokeSpriteCleaned/0666vivillon/vivillon-archipelago.png,mapped,variant-index
/content/drive/MyDrive/612 data/ProjectPokemonCleaned/0666vivillon/poke_capture_0666_001_mf_n_00000000_f_r.png,/content/drive/MyDrive/612 data/PokeSpriteCleaned/0666vivillon/vivillon-archipelago_shiny.png,mapped,variant-index
/content/drive/MyDrive/612 data/ProjectPokemonCleaned/0666vivillon/poke_capture_0666_002_mf_n_00000000_f_n.png,/content/drive/MyDrive/612 data/PokeSpriteCleaned/0666vivillon/vivillon-continental.png,mapped,variant-index
/content/drive/MyDrive/612 data/ProjectPokemonCleaned/0666vivillon/poke_capture_0666_002_mf_n_00000000_f_r.png,/content/drive/MyDrive/612 data/PokeSpriteCleaned/0666vivillon/vivillon-continental_shiny.png,mapped,variant-index
/content/drive/MyDrive/612 data/ProjectPokemonCleaned/0666vivillon/poke_capture_0666_003_mf_n_00000000_f_n.png,/content/drive/MyDrive/612 data/PokeSpriteCleaned/0666vivillon/vivillon-elegant.png,mapped,variant-index
/content/drive/MyDrive/612 data/ProjectPokemonCleaned/0666vivillon/poke_capture_0666_003_mf_n_00000000_f_r.png,/content/drive/MyDrive/612 data/PokeSpriteCleaned/0666vivillon/vivillon-elegant_shiny.png,mapped,variant-index
/content/drive/MyDrive/612 data/ProjectPokemonCleaned/0666vivillon/poke_capture_0666_004_mf_n_00000000_f_n.png,/content/drive/MyDrive/612 data/PokeSpriteCleaned/0666vivillon/vivillon-fancy.png,mapped,variant-index
/content/drive/MyDrive/612 data/ProjectPokemonCleaned/0666vivillon/poke_capture_0666_004_mf_n_00000000_f_r.png,/content/drive/MyDrive/612 data/PokeSpriteCleaned/0666vivillon/vivillon-fancy_shiny.png,mapped,variant-index
/content/drive/MyDrive/612 data/ProjectPokemonCleaned/0666vivillon/poke_capture_0666_005_mf_n_00000000_f_n.png,/content/drive/MyDrive/612 data/PokeSpriteCleaned/0666vivillon/vivillon-garden.png,mapped,variant-index
/content/drive/MyDrive/612 data/ProjectPokemonCleaned/0666vivillon/poke_capture_0666_005_mf_n_00000000_f_r.png,/content/drive/MyDrive/612 data/PokeSpriteCleaned/0666vivillon/vivillon-garden_shiny.png,mapped,variant-index
/content/drive/MyDrive/612 data/ProjectPokemonCleaned/0666vivillon/poke_capture_0666_006_mf_n_00000000_f_n.png,/content/drive/MyDrive/612 data/PokeSpriteCleaned/0666vivillon/vivillon-high-plains.png,mapped,variant-index
/content/drive/MyDrive/612 data/ProjectPokemonCleaned/0666vivillon/poke_capture_0666_006_mf_n_00000000_f_r.png,/content/drive/MyDrive/612 data/PokeSpriteCleaned/0666vivillon/vivillon-high-plains_shiny.png,mapped,variant-index
/content/drive/MyDrive/612 data/ProjectPokemonCleaned/0666vivillon/poke_capture_0666_007_mf_n_00000000_f_n.png,/content/drive/MyDrive/612 data/PokeSpriteCleaned/0666vivillon/vivillon-icy-snow.png,mapped,variant-index
/content/drive/MyDrive/612 data/ProjectPokemonCleaned/0666vivillon/poke_capture_0666_007_mf_n_00000000_f_r.png,/content/drive/MyDrive/612 data/PokeSpriteCleaned/0666vivillon/vivillon-icy-snow_shiny.png,mapped,variant-index
/content/drive/MyDrive/612 data/ProjectPokemonCleaned/0666vivillon/poke_capture_0666_008_mf_n_00000000_f_n.png,/content/drive/MyDrive/612 data/PokeSpriteCleaned/0666vivillon/vivillon-jungle.png,mapped,variant-index
/content/drive/MyDrive/612 data/ProjectPokemonCleaned/0666vivillon/poke_capture_0666_008_mf_n_00000000_f_r.png,/content/drive/MyDrive/612 data/PokeSpriteCleaned/0666vivillon/vivillon-jungle_shiny.png,mapped,variant-index
/content/drive/MyDrive/612 data/ProjectPokemonCleaned/0666vivillon/poke_capture_0666_009_mf_n_00000000_f_n.png,/content/drive/MyDrive/612 data/PokeSpriteCleaned/0666vivillon/vivillon-marine.png,mapped,variant-index
/content/drive/MyDrive/612 data/ProjectPokemonCleaned/0666vivillon/poke_capture_0666_009_mf_n_00000000_f_r.png,/content/drive/MyDrive/612 data/PokeSpriteCleaned/0666vivillon/vivillon-marine_shiny.png,mapped,variant-index
/content/drive/MyDrive/612 data/ProjectPokemonCleaned/0666vivillon/poke_capture_0666_010_mf_n_00000000_f_n.png,/content/drive/MyDrive/612 data/PokeSpriteCleaned/0666vivillon/vivillon-modern.png,mapped,variant-index
/content/drive/MyDrive/612 data/ProjectPokemonCleaned/0666vivillon/poke_capture_0666_010_mf_n_00000000_f_r.png,/content/drive/MyDrive/612 data/PokeSpriteCleaned/0666vivillon/vivillon-modern_shiny.png,mapped,variant-index
/content/drive/MyDrive/612 data/ProjectPokemonCleaned/0666vivillon/poke_capture_0666_011_mf_n_00000000_f_n.png,/content/drive/MyDrive/612 data/PokeSpriteCleaned/0666vivillon/vivillon-monsoon.png,mapped,variant-index
/content/drive/MyDrive/612 data/ProjectPokemonCleaned/0666vivillon/poke_capture_0666_011_mf_n_00000000_f_r.png,/content/drive/MyDrive/612 data/PokeSpriteCleaned/0666vivillon/vivillon-monsoon_shiny.png,mapped,variant-index
/content/drive/MyDrive/612 data/ProjectPokemonCleaned/0666vivillon/poke_capture_0666_012_mf_n_00000000_f_n.png,/content/drive/MyDrive/612 data/PokeSpriteCleaned/0666vivillon/vivillon-ocean.png,mapped,variant-index
/content/drive/MyDrive/612 data/ProjectPokemonCleaned/0666vivillon/poke_capture_0666_012_mf_n_00000000_f_r.png,/content/drive/MyDrive/612 data/PokeSpriteCleaned/0666vivillon/vivillon-ocean_shiny.png,mapped,variant-index
/content/drive/MyDrive/612 data/ProjectPokemonCleaned/0666vivillon/poke_capture_0666_013_mf_n_00000000_f_n.png,/content/drive/MyDrive/612 data/PokeSpriteCleaned/0666vivillon/vivillon-poke-ball.png,mapped,variant-index
/content/drive/MyDrive/612 data/ProjectPokemonCleaned/0666vivillon/poke_capture_0666_013_mf_n_00000000_f_r.png,/content/drive/MyDrive/612 data/PokeSpriteCleaned/0666vivillon/vivillon-poke-ball_shiny.png,mapped,variant-index
/content/drive/MyDrive/612 data/ProjectPokemonCleaned/0666vivillon/poke_capture_0666_014_mf_n_00000000_f_n.png,/content/drive/MyDrive/612 data/PokeSpriteCleaned/0666vivillon/vivillon-polar.png,mapped,variant-index
/content/drive/MyDrive/612 data/ProjectPokemonCleaned/0666vivillon/poke_capture_0666_014_mf_n_00000000_f_r.png,/content/drive/MyDrive/612 data/PokeSpriteCleaned/0666vivillon/vivillon-polar_shiny.png,mapped,variant-index
/content/drive/MyDrive/612 data/ProjectPokemonCleaned/0666vivillon/poke_capture_0666_015_mf_n_00000000_f_n.png,/content/drive/MyDrive/612 data/PokeSpriteCleaned/0666vivillon/vivillon-river.png,mapped,variant-index
/content/drive/MyDrive/612 data/ProjectPokemonCleaned/0666vivillon/poke_capture_0666_015_mf_n_00000000_f_r.png,/content/drive/MyDrive/612 data/PokeSpriteCleaned/0666vivillon/vivillon-river_shiny.png,mapped,variant-index
/content/drive/MyDrive/612 data/ProjectPokemonCleaned/0666vivillon/poke_capture_0666_016_mf_n_00000000_f_n.png,/content/drive/MyDrive/612 data/PokeSpriteCleaned/0666vivillon/vivillon-sandstorm.png,mapped,variant-index
/content/drive/MyDrive/612 data/ProjectPokemonCleaned/0666vivillon/poke_capture_0666_016_mf_n_00000000_f_r.png,/content/drive/MyDrive/612 data/PokeSpriteCleaned/0666vivillon/vivillon-sandstorm_shiny.png,mapped,variant-index
/content/drive/MyDrive/612 data/ProjectPokemonCleaned/0666vivillon/poke_capture_0666_017_mf_n_00000000_f_n.png,/content/drive/MyDrive/612 data/PokeSpriteCleaned/0666vivillon/vivillon-savanna.png,mapped,variant-index
/content/drive/MyDrive/612 data/ProjectPokemonCleaned/0666vivillon/poke_capture_0666_017_mf_n_00000000_f_r.png,/content/drive/MyDrive/612 data/PokeSpriteCleaned/0666vivillon/vivillon-savanna_shiny.png,mapped,variant-index
/content/drive/MyDrive/612 data/ProjectPokemonCleaned/0666vivillon/poke_capture_0666_018_mf_n_00000000_f_n.png,/content/drive/MyDrive/612 data/PokeSpriteCleaned/0666vivillon/vivillon-sun.png,mapped,variant-index
/content/drive/MyDrive/612 data/ProjectPokemonCleaned/0666vivillon/poke_capture_0666_018_mf_n_00000000_f_r.png,/content/drive/MyDrive/612 data/PokeSpriteCleaned/0666vivillon/vivillon-sun_shiny.png,mapped,variant-index
/content/drive/MyDrive/612 data/ProjectPokemonCleaned/0666vivillon/poke_capture_0666_019_mf_n_00000000_f_n.png,/content/drive/MyDrive/612 data/PokeSpriteCleaned/0666vivillon/vivillon-tundra.png,mapped,variant-index
/content/drive/MyDrive/612 data/ProjectPokemonCleaned/0666vivillon/poke_capture_0666_019_mf_n_00000000_f_r.png,/content/drive/MyDrive/612 data/PokeSpriteCleaned/0666vivillon/vivillon-tundra_shiny.png,mapped,variant-index
/content/drive/MyDrive/612 data/ProjectPokemonCleaned/0667litleo/poke_capture_0667_000_mf_n_00000000_f_n.png,/content/drive/MyDrive/612 data/PokeSpriteCleaned/0667litleo/litleo.png,mapped,variant-index
/content/drive/MyDrive/612 data/ProjectPokemonCleaned/0667litleo/poke_capture_0667_000_mf_n_00000000_f_r.png,/content/drive/MyDrive/612 data/PokeSpriteCleaned/0667litleo/litleo_shiny.png,mapped,variant-index
/content/drive/MyDrive/612 data/ProjectPokemonCleaned/0668pyroar/poke_capture_0668_000_fd_n_00000000_f_n.png,/content/drive/MyDrive/612 data/PokeSpriteCleaned/0668pyroar/pyroar.png,mapped,variant-index
/content/drive/MyDrive/612 data/ProjectPokemonCleaned/0668pyroar/poke_capture_0668_000_fd_n_00000000_f_r.png,/content/drive/MyDrive/612 data/PokeSpriteCleaned/0668pyroar/pyroar_shiny.png,mapped,variant-index
/content/drive/MyDrive/612 data/ProjectPokemonCleaned/0668pyroar/poke_capture_0668_000_md_n_00000000_f_n.png,/content/drive/MyDrive/612 data/PokeSpriteCleaned/0668pyroar/pyroar.png,mapped,variant-index
/content/drive/MyDrive/612 data/ProjectPokemonCleaned/0668pyroar/poke_capture_0668_000_md_n_00000000_f_r.png,/content/drive/MyDrive/612 data/PokeSpriteCleaned/0668pyroar/pyroar_shiny.png,mapped,variant-index
/content/drive/MyDrive/612 data/ProjectPokemonCleaned/0669flabébé/poke_capture_0669_000_fo_n_00000000_f_n.png,/content/drive/MyDrive/612 data/PokeSpriteCleaned/0669flabébé/flabebe.png,mapped,variant-index
/content/drive/MyDrive/612 data/ProjectPokemonCleaned/0669flabébé/poke_capture_0669_000_fo_n_00000000_f_r.png,/content/drive/MyDrive/612 data/PokeSpriteCleaned/0669flabébé/flabebe_shiny.png,mapped,variant-index
/content/drive/MyDrive/612 data/ProjectPokemonCleaned/0669flabébé/poke_capture_0669_001_fo_n_00000000_f_n.png,/content/drive/MyDrive/612 data/PokeSpriteCleaned/0669flabébé/flabebe-blue.png,mapped,variant-index
/content/drive/MyDrive/612 data/ProjectPokemonCleaned/0669flabébé/poke_capture_0669_001_fo_n_00000000_f_r.png,/content/drive/MyDrive/612 data/PokeSpriteCleaned/0669flabébé/flabebe-blue_shiny.png,mapped,variant-index
/content/drive/MyDrive/612 data/ProjectPokemonCleaned/0669flabébé/poke_capture_0669_002_fo_n_00000000_f_n.png,/content/drive/MyDrive/612 data/PokeSpriteCleaned/0669flabébé/flabebe-orange.png,mapped,variant-index
/content/drive/MyDrive/612 data/ProjectPokemonCleaned/0669flabébé/poke_capture_0669_002_fo_n_00000000_f_r.png,/content/drive/MyDrive/612 data/PokeSpriteCleaned/0669flabébé/flabebe-orange_shiny.png,mapped,variant-index
/content/drive/MyDrive/612 data/ProjectPokemonCleaned/0669flabébé/poke_capture_0669_003_fo_n_00000000_f_n.png,/content/drive/MyDrive/612 data/PokeSpriteCleaned/0669flabébé/flabebe-white.png,mapped,variant-index
/content/drive/MyDrive/612 data/ProjectPokemonCleaned/0669flabébé/poke_capture_0669_003_fo_n_00000000_f_r.png,/content/drive/MyDrive/612 data/PokeSpriteCleaned/0669flabébé/flabebe-white_shiny.png,mapped,variant-index
/content/drive/MyDrive/612 data/ProjectPokemonCleaned/0669flabébé/poke_capture_0669_004_fo_n_00000000_f_n.png,/content/drive/MyDrive/612 data/PokeSpriteCleaned/0669flabébé/flabebe-yellow.png,mapped,variant-index
/content/drive/MyDrive/612 data/ProjectPokemonCleaned/0669flabébé/poke_capture_0669_004_fo_n_00000000_f_r.png,/content/drive/MyDrive/612 data/PokeSpriteCleaned/0669flabébé/flabebe-yellow_shiny.png,mapped,variant-index
/content/drive/MyDrive/612 data/ProjectPokemonCleaned/0670floette/poke_capture_0670_000_fo_n_00000000_f_n.png,/content/drive/MyDrive/612 data/PokeSpriteCleaned/0670floette/floette.png,mapped,variant-index
/content/drive/MyDrive/612 data/ProjectPokemonCleaned/0670floette/poke_capture_0670_000_fo_n_00000000_f_r.png,/content/drive/MyDrive/612 data/PokeSpriteCleaned/0670floette/floette_shiny.png,mapped,variant-index
/content/drive/MyDrive/612 data/ProjectPokemonCleaned/0670floette/poke_capture_0670_001_fo_n_00000000_f_n.png,/content/drive/MyDrive/612 data/PokeSpriteCleaned/0670floette/floette-blue.png,mapped,variant-index
/content/drive/MyDrive/612 data/ProjectPokemonCleaned/0670floette/poke_capture_0670_001_fo_n_00000000_f_r.png,/content/drive/MyDrive/612 data/PokeSpriteCleaned/0670floette/floette-blue_shiny.png,mapped,variant-index
/content/drive/MyDrive/612 data/ProjectPokemonCleaned/0670floette/poke_capture_0670_002_fo_n_00000000_f_n.png,/content/drive/MyDrive/612 data/PokeSpriteCleaned/0670floette/floette-eternal.png,mapped,variant-index
/content/drive/MyDrive/612 data/ProjectPokemonCleaned/0670floette/poke_capture_0670_002_fo_n_00000000_f_r.png,/content/drive/MyDrive/612 data/PokeSpriteCleaned/0670floette/floette-eternal_shiny.png,mapped,variant-index
/content/drive/MyDrive/612 data/ProjectPokemonCleaned/0670floette/poke_capture_0670_003_fo_n_00000000_f_n.png,/content/drive/MyDrive/612 data/PokeSpriteCleaned/0670floette/floette-orange.png,mapped,variant-index
/content/drive/MyDrive/612 data/ProjectPokemonCleaned/0670floette/poke_capture_0670_003_fo_n_00000000_f_r.png,/content/drive/MyDrive/612 data/PokeSpriteCleaned/0670floette/floette-orange_shiny.png,mapped,variant-index
/content/drive/MyDrive/612 data/ProjectPokemonCleaned/0670floette/poke_capture_0670_004_fo_n_00000000_f_n.png,/content/drive/MyDrive/612 data/PokeSpriteCleaned/0670floette/floette-white.png,mapped,variant-index
/content/drive/MyDrive/612 data/ProjectPokemonCleaned/0670floette/poke_capture_0670_004_fo_n_00000000_f_r.png,/content/drive/MyDrive/612 data/PokeSpriteCleaned/0670floette/floette-white_shiny.png,mapped,variant-index
/content/drive/MyDrive/612 data/ProjectPokemonCleaned/0670floette/poke_capture_0670_005_fo_n_00000000_f_n.png,/content/drive/MyDrive/612 data/PokeSpriteCleaned/0670floette/floette-yellow.png,mapped,variant-index
/content/drive/MyDrive/612 data/ProjectPokemonCleaned/0671florges/poke_capture_0671_000_fo_n_00000000_f_n.png,/content/drive/MyDrive/612 data/PokeSpriteCleaned/0671florges/florges.png,mapped,variant-index
/content/drive/MyDrive/612 data/ProjectPokemonCleaned/0671florges/poke_capture_0671_000_fo_n_00000000_f_r.png,/content/drive/MyDrive/612 data/PokeSpriteCleaned/0671florges/florges_shiny.png,mapped,variant-index
/content/drive/MyDrive/612 data/ProjectPokemonCleaned/0671florges/poke_capture_0671_001_fo_n_00000000_f_n.png,/content/drive/MyDrive/612 data/PokeSpriteCleaned/0671florges/florges-blue.png,mapped,variant-index
/content/drive/MyDrive/612 data/ProjectPokemonCleaned/0671florges/poke_capture_0671_001_fo_n_00000000_f_r.png,/content/drive/MyDrive/612 data/PokeSpriteCleaned/0671florges/florges-blue_shiny.png,mapped,variant-index
/content/drive/MyDrive/612 data/ProjectPokemonCleaned/0671florges/poke_capture_0671_002_fo_n_00000000_f_n.png,/content/drive/MyDrive/612 data/PokeSpriteCleaned/0671florges/florges-orange.png,mapped,variant-index
/content/drive/MyDrive/612 data/ProjectPokemonCleaned/0671florges/poke_capture_0671_002_fo_n_00000000_f_r.png,/content/drive/MyDrive/612 data/PokeSpriteCleaned/0671florges/florges-orange_shiny.png,mapped,variant-index
/content/drive/MyDrive/612 data/ProjectPokemonCleaned/0671florges/poke_capture_0671_003_fo_n_00000000_f_n.png,/content/drive/MyDrive/612 data/PokeSpriteCleaned/0671florges/florges-white.png,mapped,variant-index
/content/drive/MyDrive/612 data/ProjectPokemonCleaned/0671florges/poke_capture_0671_003_fo_n_00000000_f_r.png,/content/drive/MyDrive/612 data/PokeSpriteCleaned/0671florges/florges-white_shiny.png,mapped,variant-index
/content/drive/MyDrive/612 data/ProjectPokemonCleaned/0671florges/poke_capture_0671_004_fo_n_00000000_f_n.png,/content/drive/MyDrive/612 data/PokeSpriteCleaned/0671florges/florges-yellow.png,mapped,variant-index
/content/drive/MyDrive/612 data/ProjectPokemonCleaned/0671florges/poke_capture_0671_004_fo_n_00000000_f_r.png,/content/drive/MyDrive/612 data/PokeSpriteCleaned/0671florges/florges-yellow_shiny.png,mapped,variant-index
/content/drive/MyDrive/612 data/ProjectPokemonCleaned/0672skiddo/poke_capture_0672_000_mf_n_00000000_f_n.png,/content/drive/MyDrive/612 data/PokeSpriteCleaned/0672skiddo/skiddo.png,mapped,variant-index
/content/drive/MyDrive/612 data/ProjectPokemonCleaned/0672skiddo/poke_capture_0672_000_mf_n_00000000_f_r.png,/content/drive/MyDrive/612 data/PokeSpriteCleaned/0672skiddo/skiddo_shiny.png,mapped,variant-index
/content/drive/MyDrive/612 data/ProjectPokemonCleaned/0673gogoat/poke_capture_0673_000_mf_n_00000000_f_n.png,/content/drive/MyDrive/612 data/PokeSpriteCleaned/0673gogoat/gogoat.png,mapped,variant-index
/content/drive/MyDrive/612 data/ProjectPokemonCleaned/0673gogoat/poke_capture_0673_000_mf_n_00000000_f_r.png,/content/drive/MyDrive/612 data/PokeSpriteCleaned/0673gogoat/gogoat_shiny.png,mapped,variant-index
/content/drive/MyDrive/612 data/ProjectPokemonCleaned/0674pancham/poke_capture_0674_000_mf_n_00000000_f_n.png,/content/drive/MyDrive/612 data/PokeSpriteCleaned/0674pancham/pancham.png,mapped,variant-index
/content/drive/MyDrive/612 data/ProjectPokemonCleaned/0674pancham/poke_capture_0674_000_mf_n_00000000_f_r.png,/content/drive/MyDrive/612 data/PokeSpriteCleaned/0674pancham/pancham_shiny.png,mapped,variant-index
/content/drive/MyDrive/612 data/ProjectPokemonCleaned/0675pangoro/poke_capture_0675_000_mf_n_00000000_f_n.png,/content/drive/MyDrive/612 data/PokeSpriteCleaned/0675pangoro/pangoro.png,mapped,variant-index
/content/drive/MyDrive/612 data/ProjectPokemonCleaned/0675pangoro/poke_capture_0675_000_mf_n_00000000_f_r.png,/content/drive/MyDrive/612 data/PokeSpriteCleaned/0675pangoro/pangoro_shiny.png,mapped,variant-index
/content/drive/MyDrive/612 data/ProjectPokemonCleaned/0676furfrou/poke_capture_0676_000_mf_n_00000000_f_n.png,/content/drive/MyDrive/612 data/PokeSpriteCleaned/0676furfrou/furfrou.png,mapped,variant-index
/content/drive/MyDrive/612 data/ProjectPokemonCleaned/0676furfrou/poke_capture_0676_000_mf_n_00000000_f_r.png,/content/drive/MyDrive/612 data/PokeSpriteCleaned/0676furfrou/furfrou_shiny.png,mapped,variant-index
/content/drive/MyDrive/612 data/ProjectPokemonCleaned/0676furfrou/poke_capture_0676_001_mf_n_00000000_f_n.png,/content/drive/MyDrive/612 data/PokeSpriteCleaned/0676furfrou/furfrou-dandy.png,mapped,variant-index
/content/drive/MyDrive/612 data/ProjectPokemonCleaned/0676furfrou/poke_capture_0676_001_mf_n_00000000_f_r.png,/content/drive/MyDrive/612 data/PokeSpriteCleaned/0676furfrou/furfrou-dandy_shiny.png,mapped,variant-index
/content/drive/MyDrive/612 data/ProjectPokemonCleaned/0676furfrou/poke_capture_0676_002_mf_n_00000000_f_n.png,/content/drive/MyDrive/612 data/PokeSpriteCleaned/0676furfrou/furfrou-debutante.png,mapped,variant-index
/content/drive/MyDrive/612 data/ProjectPokemonCleaned/0676furfrou/poke_capture_0676_002_mf_n_00000000_f_r.png,/content/drive/MyDrive/612 data/PokeSpriteCleaned/0676furfrou/furfrou-debutante_shiny.png,mapped,variant-index
/content/drive/MyDrive/612 data/ProjectPokemonCleaned/0676furfrou/poke_capture_0676_003_mf_n_00000000_f_n.png,/content/drive/MyDrive/612 data/PokeSpriteCleaned/0676furfrou/furfrou-debutante_right.png,mapped,variant-index
/content/drive/MyDrive/612 data/ProjectPokemonCleaned/0676furfrou/poke_capture_0676_003_mf_n_00000000_f_r.png,/content/drive/MyDrive/612 data/PokeSpriteCleaned/0676furfrou/furfrou-diamond_shiny.png,mapped,variant-index
/content/drive/MyDrive/612 data/ProjectPokemonCleaned/0676furfrou/poke_capture_0676_004_mf_n_00000000_f_n.png,/content/drive/MyDrive/612 data/PokeSpriteCleaned/0676furfrou/furfrou-debutante_shiny_right.png,mapped,variant-index
/content/drive/MyDrive/612 data/ProjectPokemonCleaned/0676furfrou/poke_capture_0676_004_mf_n_00000000_f_r.png,/content/drive/MyDrive/612 data/PokeSpriteCleaned/0676furfrou/furfrou-heart_shiny.png,mapped,variant-index
/content/drive/MyDrive/612 data/ProjectPokemonCleaned/0676furfrou/poke_capture_0676_005_mf_n_00000000_f_n.png,/content/drive/MyDrive/612 data/PokeSpriteCleaned/0676furfrou/furfrou-diamond.png,mapped,variant-index
/content/drive/MyDrive/612 data/ProjectPokemonCleaned/0676furfrou/poke_capture_0676_005_mf_n_00000000_f_r.png,/content/drive/MyDrive/612 data/PokeSpriteCleaned/0676furfrou/furfrou-kabuki_shiny.png,mapped,variant-index
/content/drive/MyDrive/612 data/ProjectPokemonCleaned/0676furfrou/poke_capture_0676_006_mf_n_00000000_f_n.png,/content/drive/MyDrive/612 data/PokeSpriteCleaned/0676furfrou/furfrou-heart.png,mapped,variant-index
/content/drive/MyDrive/612 data/ProjectPokemonCleaned/0676furfrou/poke_capture_0676_006_mf_n_00000000_f_r.png,/content/drive/MyDrive/612 data/PokeSpriteCleaned/0676furfrou/furfrou-la-reine_shiny.png,mapped,variant-index
/content/drive/MyDrive/612 data/ProjectPokemonCleaned/0676furfrou/poke_capture_0676_007_mf_n_00000000_f_n.png,/content/drive/MyDrive/612 data/PokeSpriteCleaned/0676furfrou/furfrou-kabuki.png,mapped,variant-index
/content/drive/MyDrive/612 data/ProjectPokemonCleaned/0676furfrou/poke_capture_0676_007_mf_n_00000000_f_r.png,/content/drive/MyDrive/612 data/PokeSpriteCleaned/0676furfrou/furfrou-matron_shiny.png,mapped,variant-index
/content/drive/MyDrive/612 data/ProjectPokemonCleaned/0676furfrou/poke_capture_0676_008_mf_n_00000000_f_n.png,/content/drive/MyDrive/612 data/PokeSpriteCleaned/0676furfrou/furfrou-la-reine.png,mapped,variant-index
/content/drive/MyDrive/612 data/ProjectPokemonCleaned/0676furfrou/poke_capture_0676_008_mf_n_00000000_f_r.png,/content/drive/MyDrive/612 data/PokeSpriteCleaned/0676furfrou/furfrou-pharaoh_shiny.png,mapped,variant-index
/content/drive/MyDrive/612 data/ProjectPokemonCleaned/0676furfrou/poke_capture_0676_009_mf_n_00000000_f_n.png,/content/drive/MyDrive/612 data/PokeSpriteCleaned/0676furfrou/furfrou-matron.png,mapped,variant-index
/content/drive/MyDrive/612 data/ProjectPokemonCleaned/0676furfrou/poke_capture_0676_009_mf_n_00000000_f_r.png,/content/drive/MyDrive/612 data/PokeSpriteCleaned/0676furfrou/furfrou-star_shiny.png,mapped,variant-index
/content/drive/MyDrive/612 data/ProjectPokemonCleaned/0677espurr/poke_capture_0677_000_mf_n_00000000_f_n.png,/content/drive/MyDrive/612 data/PokeSpriteCleaned/0677espurr/espurr.png,mapped,variant-index
/content/drive/MyDrive/612 data/ProjectPokemonCleaned/0677espurr/poke_capture_0677_000_mf_n_00000000_f_r.png,/content/drive/MyDrive/612 data/PokeSpriteCleaned/0677espurr/espurr_shiny.png,mapped,variant-index
/content/drive/MyDrive/612 data/ProjectPokemonCleaned/0678meowstic/poke_capture_0678_000_mo_n_00000000_f_n.png,/content/drive/MyDrive/612 data/PokeSpriteCleaned/0678meowstic/meowstic.png,mapped,variant-index
/content/drive/MyDrive/612 data/ProjectPokemonCleaned/0678meowstic/poke_capture_0678_000_mo_n_00000000_f_r.png,/content/drive/MyDrive/612 data/PokeSpriteCleaned/0678meowstic/meowstic_shiny.png,mapped,variant-index
/content/drive/MyDrive/612 data/ProjectPokemonCleaned/0678meowstic/poke_capture_0678_001_fo_n_00000000_f_n.png,/content/drive/MyDrive/612 data/PokeSpriteCleaned/0678meowstic/meowstic_female.png,mapped,variant-index
/content/drive/MyDrive/612 data/ProjectPokemonCleaned/0678meowstic/poke_capture_0678_001_fo_n_00000000_f_r.png,/content/drive/MyDrive/612 data/PokeSpriteCleaned/0678meowstic/meowstic_shiny.png,mapped,variant-out-of-range-fallback
/content/drive/MyDrive/612 data/ProjectPokemonCleaned/0679honedge/poke_capture_0679_000_mf_n_00000000_f_n.png,/content/drive/MyDrive/612 data/PokeSpriteCleaned/0679honedge/honedge.png,mapped,variant-index
/content/drive/MyDrive/612 data/ProjectPokemonCleaned/0679honedge/poke_capture_0679_000_mf_n_00000000_f_r.png,/content/drive/MyDrive/612 data/PokeSpriteCleaned/0679honedge/honedge_shiny.png,mapped,variant-index
/content/drive/MyDrive/612 data/ProjectPokemonCleaned/0680doublade/poke_capture_0680_000_mf_n_00000000_f_n.png,/content/drive/MyDrive/612 data/PokeSpriteCleaned/0680doublade/doublade.png,mapped,variant-index
/content/drive/MyDrive/612 data/ProjectPokemonCleaned/0680doublade/poke_capture_0680_000_mf_n_00000000_f_r.png,/content/drive/MyDrive/612 data/PokeSpriteCleaned/0680doublade/doublade_shiny.png,mapped,variant-index
/content/drive/MyDrive/612 data/ProjectPokemonCleaned/0681aegislash/poke_capture_0681_000_mf_n_00000000_f_n.png,/content/drive/MyDrive/612 data/PokeSpriteCleaned/0681aegislash/aegislash.png,mapped,variant-index
/content/drive/MyDrive/612 data/ProjectPokemonCleaned/0681aegislash/poke_capture_0681_000_mf_n_00000000_f_r.png,/content/drive/MyDrive/612 data/PokeSpriteCleaned/0681aegislash/aegislash_shiny.png,mapped,variant-index
/content/drive/MyDrive/612 data/ProjectPokemonCleaned/0681aegislash/poke_capture_0681_001_mf_n_00000000_f_n.png,/content/drive/MyDrive/612 data/PokeSpriteCleaned/0681aegislash/aegislash-blade.png,mapped,variant-index
/content/drive/MyDrive/612 data/ProjectPokemonCleaned/0681aegislash/poke_capture_0681_001_mf_n_00000000_f_r.png,/content/drive/MyDrive/612 data/PokeSpriteCleaned/0681aegislash/aegislash-blade_shiny.png,mapped,variant-index
/content/drive/MyDrive/612 data/ProjectPokemonCleaned/0682spritzee/poke_capture_0682_000_mf_n_00000000_f_n.png,/content/drive/MyDrive/612 data/PokeSpriteCleaned/0682spritzee/spritzee.png,mapped,variant-index
/content/drive/MyDrive/612 data/ProjectPokemonCleaned/0682spritzee/poke_capture_0682_000_mf_n_00000000_f_r.png,/content/drive/MyDrive/612 data/PokeSpriteCleaned/0682spritzee/spritzee_shiny.png,mapped,variant-index
/content/drive/MyDrive/612 data/ProjectPokemonCleaned/0683aromatisse/poke_capture_0683_000_mf_n_00000000_f_n.png,/content/drive/MyDrive/612 data/PokeSpriteCleaned/0683aromatisse/aromatisse.png,mapped,variant-index
/content/drive/MyDrive/612 data/ProjectPokemonCleaned/0683aromatisse/poke_capture_0683_000_mf_n_00000000_f_r.png,/content/drive/MyDrive/612 data/PokeSpriteCleaned/0683aromatisse/aromatisse_shiny.png,mapped,variant-index
/content/drive/MyDrive/612 data/ProjectPokemonCleaned/0684swirlix/poke_capture_0684_000_mf_n_00000000_f_n.png,/content/drive/MyDrive/612 data/PokeSpriteCleaned/0684swirlix/swirlix.png,mapped,variant-index
/content/drive/MyDrive/612 data/ProjectPokemonCleaned/0684swirlix/poke_capture_0684_000_mf_n_00000000_f_r.png,/content/drive/MyDrive/612 data/PokeSpriteCleaned/0684swirlix/swirlix_shiny.png,mapped,variant-index
/content/drive/MyDrive/612 data/ProjectPokemonCleaned/0685slurpuff/poke_capture_0685_000_mf_n_00000000_f_n.png,/content/drive/MyDrive/612 data/PokeSpriteCleaned/0685slurpuff/slurpuff.png,mapped,variant-index
/content/drive/MyDrive/612 data/ProjectPokemonCleaned/0685slurpuff/poke_capture_0685_000_mf_n_00000000_f_r.png,/content/drive/MyDrive/612 data/PokeSpriteCleaned/0685slurpuff/slurpuff_shiny.png,mapped,variant-index
/content/drive/MyDrive/612 data/ProjectPokemonCleaned/0686inkay/poke_capture_0686_000_mf_n_00000000_f_n.png,/content/drive/MyDrive/612 data/PokeSpriteCleaned/0686inkay/inkay.png,mapped,variant-index
/content/drive/MyDrive/612 data/ProjectPokemonCleaned/0686inkay/poke_capture_0686_000_mf_n_00000000_f_r.png,/content/drive/MyDrive/612 data/PokeSpriteCleaned/0686inkay/inkay_shiny.png,mapped,variant-index
/content/drive/MyDrive/612 data/ProjectPokemonCleaned/0687malamar/poke_capture_0687_000_mf_n_00000000_f_n.png,/content/drive/MyDrive/612 data/PokeSpriteCleaned/0687malamar/malamar.png,mapped,variant-index
/content/drive/MyDrive/612 data/ProjectPokemonCleaned/0687malamar/poke_capture_0687_000_mf_n_00000000_f_r.png,/content/drive/MyDrive/612 data/PokeSpriteCleaned/0687malamar/malamar_shiny.png,mapped,variant-index
/content/drive/MyDrive/612 data/ProjectPokemonCleaned/0688binacle/poke_capture_0688_000_mf_n_00000000_f_n.png,/content/drive/MyDrive/612 data/PokeSpriteCleaned/0688binacle/binacle.png,mapped,variant-index
/content/drive/MyDrive/612 data/ProjectPokemonCleaned/0688binacle/poke_capture_0688_000_mf_n_00000000_f_r.png,/content/drive/MyDrive/612 data/PokeSpriteCleaned/0688binacle/binacle_shiny.png,mapped,variant-index
/content/drive/MyDrive/612 data/ProjectPokemonCleaned/0689barbaracle/poke_capture_0689_000_mf_n_00000000_f_n.png,/content/drive/MyDrive/612 data/PokeSpriteCleaned/0689barbaracle/barbaracle.png,mapped,variant-index
/content/drive/MyDrive/612 data/ProjectPokemonCleaned/0689barbaracle/poke_capture_0689_000_mf_n_00000000_f_r.png,/content/drive/MyDrive/612 data/PokeSpriteCleaned/0689barbaracle/barbaracle_shiny.png,mapped,variant-index
/content/drive/MyDrive/612 data/ProjectPokemonCleaned/0690skrelp/poke_capture_0690_000_mf_n_00000000_f_n.png,/content/drive/MyDrive/612 data/PokeSpriteCleaned/0690skrelp/skrelp.png,mapped,variant-index
/content/drive/MyDrive/612 data/ProjectPokemonCleaned/0690skrelp/poke_capture_0690_000_mf_n_00000000_f_r.png,/content/drive/MyDrive/612 data/PokeSpriteCleaned/0690skrelp/skrelp_shiny.png,mapped,variant-index
/content/drive/MyDrive/612 data/ProjectPokemonCleaned/0691dragalge/poke_capture_0691_000_mf_n_00000000_f_n.png,/content/drive/MyDrive/612 data/PokeSpriteCleaned/0691dragalge/dragalge.png,mapped,variant-index
/content/drive/MyDrive/612 data/ProjectPokemonCleaned/0691dragalge/poke_capture_0691_000_mf_n_00000000_f_r.png,/content/drive/MyDrive/612 data/PokeSpriteCleaned/0691dragalge/dragalge_shiny.png,mapped,variant-index
/content/drive/MyDrive/612 data/ProjectPokemonCleaned/0692clauncher/poke_capture_0692_000_mf_n_00000000_f_n.png,/content/drive/MyDrive/612 data/PokeSpriteCleaned/0692clauncher/clauncher.png,mapped,variant-index
/content/drive/MyDrive/612 data/ProjectPokemonCleaned/0692clauncher/poke_capture_0692_000_mf_n_00000000_f_r.png,/content/drive/MyDrive/612 data/PokeSpriteCleaned/0692clauncher/clauncher_shiny.png,mapped,variant-index
/content/drive/MyDrive/612 data/ProjectPokemonCleaned/0693clawitzer/poke_capture_0693_000_mf_n_00000000_f_n.png,/content/drive/MyDrive/612 data/PokeSpriteCleaned/0693clawitzer/clawitzer.png,mapped,variant-index
/content/drive/MyDrive/612 data/ProjectPokemonCleaned/0693clawitzer/poke_capture_0693_000_mf_n_00000000_f_r.png,/content/drive/MyDrive/612 data/PokeSpriteCleaned/0693clawitzer/clawitzer_shiny.png,mapped,variant-index
/content/drive/MyDrive/612 data/ProjectPokemonCleaned/0694helioptile/poke_capture_0694_000_mf_n_00000000_f_n.png,/content/drive/MyDrive/612 data/PokeSpriteCleaned/0694helioptile/helioptile.png,mapped,variant-index
/content/drive/MyDrive/612 data/ProjectPokemonCleaned/0694helioptile/poke_capture_0694_000_mf_n_00000000_f_r.png,/content/drive/MyDrive/612 data/PokeSpriteCleaned/0694helioptile/helioptile_shiny.png,mapped,variant-index
/content/drive/MyDrive/612 data/ProjectPokemonCleaned/0695heliolisk/poke_capture_0695_000_mf_n_00000000_f_n.png,/content/drive/MyDrive/612 data/PokeSpriteCleaned/0695heliolisk/heliolisk.png,mapped,variant-index
/content/drive/MyDrive/612 data/ProjectPokemonCleaned/0695heliolisk/poke_capture_0695_000_mf_n_00000000_f_r.png,/content/drive/MyDrive/612 data/PokeSpriteCleaned/0695heliolisk/heliolisk_shiny.png,mapped,variant-index
/content/drive/MyDrive/612 data/ProjectPokemonCleaned/0696tyrunt/poke_capture_0696_000_mf_n_00000000_f_n.png,/content/drive/MyDrive/612 data/PokeSpriteCleaned/0696tyrunt/tyrunt.png,mapped,variant-index
/content/drive/MyDrive/612 data/ProjectPokemonCleaned/0696tyrunt/poke_capture_0696_000_mf_n_00000000_f_r.png,/content/drive/MyDrive/612 data/PokeSpriteCleaned/0696tyrunt/tyrunt_shiny.png,mapped,variant-index
/content/drive/MyDrive/612 data/ProjectPokemonCleaned/0697tyrantrum/poke_capture_0697_000_mf_n_00000000_f_n.png,/content/drive/MyDrive/612 data/PokeSpriteCleaned/0697tyrantrum/tyrantrum.png,mapped,variant-index
/content/drive/MyDrive/612 data/ProjectPokemonCleaned/0697tyrantrum/poke_capture_0697_000_mf_n_00000000_f_r.png,/content/drive/MyDrive/612 data/PokeSpriteCleaned/0697tyrantrum/tyrantrum_shiny.png,mapped,variant-index
/content/drive/MyDrive/612 data/ProjectPokemonCleaned/0698amaura/poke_capture_0698_000_mf_n_00000000_f_n.png,/content/drive/MyDrive/612 data/PokeSpriteCleaned/0698amaura/amaura.png,mapped,variant-index
/content/drive/MyDrive/612 data/ProjectPokemonCleaned/0698amaura/poke_capture_0698_000_mf_n_00000000_f_r.png,/content/drive/MyDrive/612 data/PokeSpriteCleaned/0698amaura/amaura_shiny.png,mapped,variant-index
/content/drive/MyDrive/612 data/ProjectPokemonCleaned/0699aurorus/poke_capture_0699_000_mf_n_00000000_f_n.png,/content/drive/MyDrive/612 data/PokeSpriteCleaned/0699aurorus/aurorus.png,mapped,variant-index
/content/drive/MyDrive/612 data/ProjectPokemonCleaned/0699aurorus/poke_capture_0699_000_mf_n_00000000_f_r.png,/content/drive/MyDrive/612 data/PokeSpriteCleaned/0699aurorus/aurorus_shiny.png,mapped,variant-index
/content/drive/MyDrive/612 data/ProjectPokemonCleaned/0700sylveon/poke_capture_0700_000_mf_n_00000000_f_n.png,/content/drive/MyDrive/612 data/PokeSpriteCleaned/0700sylveon/sylveon.png,mapped,variant-index
/content/drive/MyDrive/612 data/ProjectPokemonCleaned/0700sylveon/poke_capture_0700_000_mf_n_00000000_f_r.png,/content/drive/MyDrive/612 data/PokeSpriteCleaned/0700sylveon/sylveon_shiny.png,mapped,variant-index
/content/drive/MyDrive/612 data/ProjectPokemonCleaned/0701hawlucha/poke_capture_0701_000_mf_n_00000000_f_n.png,/content/drive/MyDrive/612 data/PokeSpriteCleaned/0701hawlucha/hawlucha.png,mapped,variant-index
/content/drive/MyDrive/612 data/ProjectPokemonCleaned/0701hawlucha/poke_capture_0701_000_mf_n_00000000_f_r.png,/content/drive/MyDrive/612 data/PokeSpriteCleaned/0701hawlucha/hawlucha_shiny.png,mapped,variant-index
/content/drive/MyDrive/612 data/ProjectPokemonCleaned/0702dedenne/poke_capture_0702_000_mf_n_00000000_f_n.png,/content/drive/MyDrive/612 data/PokeSpriteCleaned/0702dedenne/dedenne.png,mapped,variant-index
/content/drive/MyDrive/612 data/ProjectPokemonCleaned/0702dedenne/poke_capture_0702_000_mf_n_00000000_f_r.png,/content/drive/MyDrive/612 data/PokeSpriteCleaned/0702dedenne/dedenne_shiny.png,mapped,variant-index
/content/drive/MyDrive/612 data/ProjectPokemonCleaned/0703carbink/poke_capture_0703_000_uk_n_00000000_f_n.png,/content/drive/MyDrive/612 data/PokeSpriteCleaned/0703carbink/carbink.png,mapped,variant-index
/content/drive/MyDrive/612 data/ProjectPokemonCleaned/0703carbink/poke_capture_0703_000_uk_n_00000000_f_r.png,/content/drive/MyDrive/612 data/PokeSpriteCleaned/0703carbink/carbink_shiny.png,mapped,variant-index
/content/drive/MyDrive/612 data/ProjectPokemonCleaned/0704goomy/poke_capture_0704_000_mf_n_00000000_f_n.png,/content/drive/MyDrive/612 data/PokeSpriteCleaned/0704goomy/goomy.png,mapped,variant-index
/content/drive/MyDrive/612 data/ProjectPokemonCleaned/0704goomy/poke_capture_0704_000_mf_n_00000000_f_r.png,/content/drive/MyDrive/612 data/PokeSpriteCleaned/0704goomy/goomy_shiny.png,mapped,variant-index
/content/drive/MyDrive/612 data/ProjectPokemonCleaned/0705sliggoo/poke_capture_0705_000_mf_n_00000000_f_n.png,/content/drive/MyDrive/612 data/PokeSpriteCleaned/0705sliggoo/sliggoo hisui.png,mapped,variant-index
/content/drive/MyDrive/612 data/ProjectPokemonCleaned/0705sliggoo/poke_capture_0705_000_mf_n_00000000_f_r.png,/content/drive/MyDrive/612 data/PokeSpriteCleaned/0705sliggoo/sliggoo hisui_shiny.png,mapped,variant-index
/content/drive/MyDrive/612 data/ProjectPokemonCleaned/0706goodra/poke_capture_0706_000_mf_n_00000000_f_n.png,/content/drive/MyDrive/612 data/PokeSpriteCleaned/0706goodra/goodra hisui.png,mapped,variant-index
/content/drive/MyDrive/612 data/ProjectPokemonCleaned/0706goodra/poke_capture_0706_000_mf_n_00000000_f_r.png,/content/drive/MyDrive/612 data/PokeSpriteCleaned/0706goodra/goodra hisui_shiny.png,mapped,variant-index
/content/drive/MyDrive/612 data/ProjectPokemonCleaned/0707klefki/poke_capture_0707_000_mf_n_00000000_f_n.png,/content/drive/MyDrive/612 data/PokeSpriteCleaned/0707klefki/klefki.png,mapped,variant-index
/content/drive/MyDrive/612 data/ProjectPokemonCleaned/0707klefki/poke_capture_0707_000_mf_n_00000000_f_r.png,/content/drive/MyDrive/612 data/PokeSpriteCleaned/0707klefki/klefki_shiny.png,mapped,variant-index
/content/drive/MyDrive/612 data/ProjectPokemonCleaned/0708phantump/poke_capture_0708_000_mf_n_00000000_f_n.png,/content/drive/MyDrive/612 data/PokeSpriteCleaned/0708phantump/phantump.png,mapped,variant-index
/content/drive/MyDrive/612 data/ProjectPokemonCleaned/0708phantump/poke_capture_0708_000_mf_n_00000000_f_r.png,/content/drive/MyDrive/612 data/PokeSpriteCleaned/0708phantump/phantump_shiny.png,mapped,variant-index
/content/drive/MyDrive/612 data/ProjectPokemonCleaned/0709trevenant/poke_capture_0709_000_mf_n_00000000_f_n.png,/content/drive/MyDrive/612 data/PokeSpriteCleaned/0709trevenant/trevenant.png,mapped,variant-index
/content/drive/MyDrive/612 data/ProjectPokemonCleaned/0709trevenant/poke_capture_0709_000_mf_n_00000000_f_r.png,/content/drive/MyDrive/612 data/PokeSpriteCleaned/0709trevenant/trevenant_shiny.png,mapped,variant-index
/content/drive/MyDrive/612 data/ProjectPokemonCleaned/0710pumpkaboo/poke_capture_0710_000_mf_n_00000000_f_n.png,/content/drive/MyDrive/612 data/PokeSpriteCleaned/0710pumpkaboo/pumpkaboo.png,mapped,variant-index
/content/drive/MyDrive/612 data/ProjectPokemonCleaned/0710pumpkaboo/poke_capture_0710_000_mf_n_00000000_f_r.png,/content/drive/MyDrive/612 data/PokeSpriteCleaned/0710pumpkaboo/pumpkaboo_shiny.png,mapped,variant-index
/content/drive/MyDrive/612 data/ProjectPokemonCleaned/0710pumpkaboo/poke_capture_0710_001_mf_n_00000000_f_n.png,/content/drive/MyDrive/612 data/PokeSpriteCleaned/0710pumpkaboo/pumpkaboo-large.png,mapped,variant-index
/content/drive/MyDrive/612 data/ProjectPokemonCleaned/0710pumpkaboo/poke_capture_0710_001_mf_n_00000000_f_r.png,/content/drive/MyDrive/612 data/PokeSpriteCleaned/0710pumpkaboo/pumpkaboo-large_shiny.png,mapped,variant-index
/content/drive/MyDrive/612 data/ProjectPokemonCleaned/0710pumpkaboo/poke_capture_0710_002_mf_n_00000000_f_n.png,/content/drive/MyDrive/612 data/PokeSpriteCleaned/0710pumpkaboo/pumpkaboo-small.png,mapped,variant-index
/content/drive/MyDrive/612 data/ProjectPokemonCleaned/0710pumpkaboo/poke_capture_0710_002_mf_n_00000000_f_r.png,/content/drive/MyDrive/612 data/PokeSpriteCleaned/0710pumpkaboo/pumpkaboo-small_shiny.png,mapped,variant-index
/content/drive/MyDrive/612 data/ProjectPokemonCleaned/0710pumpkaboo/poke_capture_0710_003_mf_n_00000000_f_n.png,/content/drive/MyDrive/612 data/PokeSpriteCleaned/0710pumpkaboo/pumpkaboo-super.png,mapped,variant-index
/content/drive/MyDrive/612 data/ProjectPokemonCleaned/0710pumpkaboo/poke_capture_0710_003_mf_n_00000000_f_r.png,/content/drive/MyDrive/612 data/PokeSpriteCleaned/0710pumpkaboo/pumpkaboo-super_shiny.png,mapped,variant-index
/content/drive/MyDrive/612 data/ProjectPokemonCleaned/0711gourgeist/poke_capture_0711_000_mf_n_00000000_f_n.png,/content/drive/MyDrive/612 data/PokeSpriteCleaned/0711gourgeist/gourgeist.png,mapped,variant-index
/content/drive/MyDrive/612 data/ProjectPokemonCleaned/0711gourgeist/poke_capture_0711_000_mf_n_00000000_f_r.png,/content/drive/MyDrive/612 data/PokeSpriteCleaned/0711gourgeist/gourgeist_shiny.png,mapped,variant-index
/content/drive/MyDrive/612 data/ProjectPokemonCleaned/0711gourgeist/poke_capture_0711_001_mf_n_00000000_f_n.png,/content/drive/MyDrive/612 data/PokeSpriteCleaned/0711gourgeist/gourgeist.png,mapped,variant-out-of-range-fallback
/content/drive/MyDrive/612 data/ProjectPokemonCleaned/0711gourgeist/poke_capture_0711_001_mf_n_00000000_f_r.png,/content/drive/MyDrive/612 data/PokeSpriteCleaned/0711gourgeist/gourgeist_shiny.png,mapped,variant-out-of-range-fallback
/content/drive/MyDrive/612 data/ProjectPokemonCleaned/0711gourgeist/poke_capture_0711_002_mf_n_00000000_f_n.png,/content/drive/MyDrive/612 data/PokeSpriteCleaned/0711gourgeist/gourgeist.png,mapped,variant-out-of-range-fallback
/content/drive/MyDrive/612 data/ProjectPokemonCleaned/0711gourgeist/poke_capture_0711_002_mf_n_00000000_f_r.png,/content/drive/MyDrive/612 data/PokeSpriteCleaned/0711gourgeist/gourgeist_shiny.png,mapped,variant-out-of-range-fallback
/content/drive/MyDrive/612 data/ProjectPokemonCleaned/0711gourgeist/poke_capture_0711_003_mf_n_00000000_f_n.png,/content/drive/MyDrive/612 data/PokeSpriteCleaned/0711gourgeist/gourgeist.png,mapped,variant-out-of-range-fallback
/content/drive/MyDrive/612 data/ProjectPokemonCleaned/0711gourgeist/poke_capture_0711_003_mf_n_00000000_f_r.png,/content/drive/MyDrive/612 data/PokeSpriteCleaned/0711gourgeist/gourgeist_shiny.png,mapped,variant-out-of-range-fallback
/content/drive/MyDrive/612 data/ProjectPokemonCleaned/0712bergmite/poke_capture_0712_000_mf_n_00000000_f_n.png,/content/drive/MyDrive/612 data/PokeSpriteCleaned/0712bergmite/bergmite.png,mapped,variant-index
/content/drive/MyDrive/612 data/ProjectPokemonCleaned/0712bergmite/poke_capture_0712_000_mf_n_00000000_f_r.png,/content/drive/MyDrive/612 data/PokeSpriteCleaned/0712bergmite/bergmite_shiny.png,mapped,variant-index
/content/drive/MyDrive/612 data/ProjectPokemonCleaned/0713avalugg/poke_capture_0713_000_mf_n_00000000_f_n.png,/content/drive/MyDrive/612 data/PokeSpriteCleaned/0713avalugg/avalugg hisui noble.png,mapped,variant-index
/content/drive/MyDrive/612 data/ProjectPokemonCleaned/0713avalugg/poke_capture_0713_000_mf_n_00000000_f_r.png,/content/drive/MyDrive/612 data/PokeSpriteCleaned/0713avalugg/avalugg hisui noble_shiny.png,mapped,variant-index
/content/drive/MyDrive/612 data/ProjectPokemonCleaned/0714noibat/poke_capture_0714_000_mf_n_00000000_f_n.png,/content/drive/MyDrive/612 data/PokeSpriteCleaned/0714noibat/noibat.png,mapped,variant-index
/content/drive/MyDrive/612 data/ProjectPokemonCleaned/0714noibat/poke_capture_0714_000_mf_n_00000000_f_r.png,/content/drive/MyDrive/612 data/PokeSpriteCleaned/0714noibat/noibat_shiny.png,mapped,variant-index
/content/drive/MyDrive/612 data/ProjectPokemonCleaned/0715noivern/poke_capture_0715_000_mf_n_00000000_f_n.png,/content/drive/MyDrive/612 data/PokeSpriteCleaned/0715noivern/noivern.png,mapped,variant-index
/content/drive/MyDrive/612 data/ProjectPokemonCleaned/0715noivern/poke_capture_0715_000_mf_n_00000000_f_r.png,/content/drive/MyDrive/612 data/PokeSpriteCleaned/0715noivern/noivern_shiny.png,mapped,variant-index
/content/drive/MyDrive/612 data/ProjectPokemonCleaned/0716xerneas/poke_capture_0716_000_uk_n_00000000_f_n.png,/content/drive/MyDrive/612 data/PokeSpriteCleaned/0716xerneas/xerneas.png,mapped,variant-index
/content/drive/MyDrive/612 data/ProjectPokemonCleaned/0716xerneas/poke_capture_0716_000_uk_n_00000000_f_r.png,/content/drive/MyDrive/612 data/PokeSpriteCleaned/0716xerneas/xerneas_shiny.png,mapped,variant-index
/content/drive/MyDrive/612 data/ProjectPokemonCleaned/0716xerneas/poke_capture_0716_001_uk_n_00000000_f_n.png,/content/drive/MyDrive/612 data/PokeSpriteCleaned/0716xerneas/xerneas-active.png,mapped,variant-index
/content/drive/MyDrive/612 data/ProjectPokemonCleaned/0716xerneas/poke_capture_0716_001_uk_n_00000000_f_r.png,/content/drive/MyDrive/612 data/PokeSpriteCleaned/0716xerneas/xerneas-active_shiny.png,mapped,variant-index
/content/drive/MyDrive/612 data/ProjectPokemonCleaned/0717yveltal/poke_capture_0717_000_uk_n_00000000_f_n.png,/content/drive/MyDrive/612 data/PokeSpriteCleaned/0717yveltal/yveltal.png,mapped,variant-index
/content/drive/MyDrive/612 data/ProjectPokemonCleaned/0717yveltal/poke_capture_0717_000_uk_n_00000000_f_r.png,/content/drive/MyDrive/612 data/PokeSpriteCleaned/0717yveltal/yveltal_shiny.png,mapped,variant-index
/content/drive/MyDrive/612 data/ProjectPokemonCleaned/0718zygarde/poke_capture_0718_000_uk_n_00000000_f_n.png,/content/drive/MyDrive/612 data/PokeSpriteCleaned/0718zygarde/zygarde.png,mapped,variant-index
/content/drive/MyDrive/612 data/ProjectPokemonCleaned/0718zygarde/poke_capture_0718_000_uk_n_00000000_f_r.png,/content/drive/MyDrive/612 data/PokeSpriteCleaned/0718zygarde/zygarde_shiny.png,mapped,variant-index
/content/drive/MyDrive/612 data/ProjectPokemonCleaned/0718zygarde/poke_capture_0718_001_uk_n_00000000_f_n.png,/content/drive/MyDrive/612 data/PokeSpriteCleaned/0718zygarde/zygarde-10.png,mapped,variant-index
/content/drive/MyDrive/612 data/ProjectPokemonCleaned/0718zygarde/poke_capture_0718_001_uk_n_00000000_f_r.png,/content/drive/MyDrive/612 data/PokeSpriteCleaned/0718zygarde/zygarde-10_shiny.png,mapped,variant-index
/content/drive/MyDrive/612 data/ProjectPokemonCleaned/0718zygarde/poke_capture_0718_004_uk_n_00000000_f_n.png,/content/drive/MyDrive/612 data/PokeSpriteCleaned/0718zygarde/zygarde-complete.png,mapped,variant-out-of-range-fallback
/content/drive/MyDrive/612 data/ProjectPokemonCleaned/0718zygarde/poke_capture_0718_004_uk_n_00000000_f_r.png,/content/drive/MyDrive/612 data/PokeSpriteCleaned/0718zygarde/zygarde-complete_shiny.png,mapped,variant-out-of-range-fallback
/content/drive/MyDrive/612 data/ProjectPokemonCleaned/0719diancie/poke_capture_0719_000_uk_n_00000000_f_n.png,/content/drive/MyDrive/612 data/PokeSpriteCleaned/0719diancie/diancie.png,mapped,variant-index
/content/drive/MyDrive/612 data/ProjectPokemonCleaned/0719diancie/poke_capture_0719_000_uk_n_00000000_f_r.png,/content/drive/MyDrive/612 data/PokeSpriteCleaned/0719diancie/diancie_shiny.png,mapped,variant-index
/content/drive/MyDrive/612 data/ProjectPokemonCleaned/0719diancie/poke_capture_0719_001_uk_n_00000000_f_n.png,/content/drive/MyDrive/612 data/PokeSpriteCleaned/0719diancie/diancie-mega.png,mapped,variant-index
/content/drive/MyDrive/612 data/ProjectPokemonCleaned/0719diancie/poke_capture_0719_001_uk_n_00000000_f_r.png,/content/drive/MyDrive/612 data/PokeSpriteCleaned/0719diancie/diancie-mega_shiny.png,mapped,variant-index
/content/drive/MyDrive/612 data/ProjectPokemonCleaned/0720hoopa/poke_capture_0720_000_uk_n_00000000_f_n.png,/content/drive/MyDrive/612 data/PokeSpriteCleaned/0720hoopa/hoopa.png,mapped,variant-index
/content/drive/MyDrive/612 data/ProjectPokemonCleaned/0720hoopa/poke_capture_0720_000_uk_n_00000000_f_r.png,/content/drive/MyDrive/612 data/PokeSpriteCleaned/0720hoopa/hoopa_shiny.png,mapped,variant-index
/content/drive/MyDrive/612 data/ProjectPokemonCleaned/0720hoopa/poke_capture_0720_001_uk_n_00000000_f_n.png,/content/drive/MyDrive/612 data/PokeSpriteCleaned/0720hoopa/hoopa-unbound.png,mapped,variant-index
/content/drive/MyDrive/612 data/ProjectPokemonCleaned/0720hoopa/poke_capture_0720_001_uk_n_00000000_f_r.png,/content/drive/MyDrive/612 data/PokeSpriteCleaned/0720hoopa/hoopa-unbound_shiny.png,mapped,variant-index
/content/drive/MyDrive/612 data/ProjectPokemonCleaned/0721volcanion/poke_capture_0721_000_uk_n_00000000_f_n.png,/content/drive/MyDrive/612 data/PokeSpriteCleaned/0721volcanion/volcanion.png,mapped,variant-index
/content/drive/MyDrive/612 data/ProjectPokemonCleaned/0721volcanion/poke_capture_0721_000_uk_n_00000000_f_r.png,/content/drive/MyDrive/612 data/PokeSpriteCleaned/0721volcanion/volcanion_shiny.png,mapped,variant-index
/content/drive/MyDrive/612 data/ProjectPokemonCleaned/0722rowlet/poke_capture_0722_000_mf_n_00000000_f_n.png,/content/drive/MyDrive/612 data/PokeSpriteCleaned/0722rowlet/rowlet.png,mapped,variant-index
/content/drive/MyDrive/612 data/ProjectPokemonCleaned/0722rowlet/poke_capture_0722_000_mf_n_00000000_f_r.png,/content/drive/MyDrive/612 data/PokeSpriteCleaned/0722rowlet/rowlet_shiny.png,mapped,variant-index
/content/drive/MyDrive/612 data/ProjectPokemonCleaned/0723dartrix/poke_capture_0723_000_mf_n_00000000_f_n.png,/content/drive/MyDrive/612 data/PokeSpriteCleaned/0723dartrix/dartrix.png,mapped,variant-index
/content/drive/MyDrive/612 data/ProjectPokemonCleaned/0723dartrix/poke_capture_0723_000_mf_n_00000000_f_r.png,/content/drive/MyDrive/612 data/PokeSpriteCleaned/0723dartrix/dartrix_shiny.png,mapped,variant-index
/content/drive/MyDrive/612 data/ProjectPokemonCleaned/0724decidueye/poke_capture_0724_000_mf_n_00000000_f_n.png,/content/drive/MyDrive/612 data/PokeSpriteCleaned/0724decidueye/decidueye hisui.png,mapped,variant-index
/content/drive/MyDrive/612 data/ProjectPokemonCleaned/0724decidueye/poke_capture_0724_000_mf_n_00000000_f_r.png,/content/drive/MyDrive/612 data/PokeSpriteCleaned/0724decidueye/decidueye hisui_shiny.png,mapped,variant-index
/content/drive/MyDrive/612 data/ProjectPokemonCleaned/0725litten/poke_capture_0725_000_mf_n_00000000_f_n.png,/content/drive/MyDrive/612 data/PokeSpriteCleaned/0725litten/litten.png,mapped,variant-index
/content/drive/MyDrive/612 data/ProjectPokemonCleaned/0725litten/poke_capture_0725_000_mf_n_00000000_f_r.png,/content/drive/MyDrive/612 data/PokeSpriteCleaned/0725litten/litten_shiny.png,mapped,variant-index
/content/drive/MyDrive/612 data/ProjectPokemonCleaned/0726torracat/poke_capture_0726_000_mf_n_00000000_f_n.png,/content/drive/MyDrive/612 data/PokeSpriteCleaned/0726torracat/torracat.png,mapped,variant-index
/content/drive/MyDrive/612 data/ProjectPokemonCleaned/0726torracat/poke_capture_0726_000_mf_n_00000000_f_r.png,/content/drive/MyDrive/612 data/PokeSpriteCleaned/0726torracat/torracat_shiny.png,mapped,variant-index
/content/drive/MyDrive/612 data/ProjectPokemonCleaned/0727incineroar/poke_capture_0727_000_mf_n_00000000_f_n.png,/content/drive/MyDrive/612 data/PokeSpriteCleaned/0727incineroar/incineroar.png,mapped,variant-index
/content/drive/MyDrive/612 data/ProjectPokemonCleaned/0727incineroar/poke_capture_0727_000_mf_n_00000000_f_r.png,/content/drive/MyDrive/612 data/PokeSpriteCleaned/0727incineroar/incineroar_shiny.png,mapped,variant-index
/content/drive/MyDrive/612 data/ProjectPokemonCleaned/0728popplio/poke_capture_0728_000_mf_n_00000000_f_n.png,/content/drive/MyDrive/612 data/PokeSpriteCleaned/0728popplio/popplio.png,mapped,variant-index
/content/drive/MyDrive/612 data/ProjectPokemonCleaned/0728popplio/poke_capture_0728_000_mf_n_00000000_f_r.png,/content/drive/MyDrive/612 data/PokeSpriteCleaned/0728popplio/popplio_shiny.png,mapped,variant-index
/content/drive/MyDrive/612 data/ProjectPokemonCleaned/0729brionne/poke_capture_0729_000_mf_n_00000000_f_n.png,/content/drive/MyDrive/612 data/PokeSpriteCleaned/0729brionne/brionne.png,mapped,variant-index
/content/drive/MyDrive/612 data/ProjectPokemonCleaned/0729brionne/poke_capture_0729_000_mf_n_00000000_f_r.png,/content/drive/MyDrive/612 data/PokeSpriteCleaned/0729brionne/brionne_shiny.png,mapped,variant-index
/content/drive/MyDrive/612 data/ProjectPokemonCleaned/0730primarina/poke_capture_0730_000_mf_n_00000000_f_n.png,/content/drive/MyDrive/612 data/PokeSpriteCleaned/0730primarina/primarina.png,mapped,variant-index
/content/drive/MyDrive/612 data/ProjectPokemonCleaned/0730primarina/poke_capture_0730_000_mf_n_00000000_f_r.png,/content/drive/MyDrive/612 data/PokeSpriteCleaned/0730primarina/primarina_shiny.png,mapped,variant-index
/content/drive/MyDrive/612 data/ProjectPokemonCleaned/0731pikipek/poke_capture_0731_000_mf_n_00000000_f_n.png,/content/drive/MyDrive/612 data/PokeSpriteCleaned/0731pikipek/pikipek.png,mapped,variant-index
/content/drive/MyDrive/612 data/ProjectPokemonCleaned/0731pikipek/poke_capture_0731_000_mf_n_00000000_f_r.png,/content/drive/MyDrive/612 data/PokeSpriteCleaned/0731pikipek/pikipek_shiny.png,mapped,variant-index
/content/drive/MyDrive/612 data/ProjectPokemonCleaned/0732trumbeak/poke_capture_0732_000_mf_n_00000000_f_n.png,/content/drive/MyDrive/612 data/PokeSpriteCleaned/0732trumbeak/trumbeak.png,mapped,variant-index
/content/drive/MyDrive/612 data/ProjectPokemonCleaned/0732trumbeak/poke_capture_0732_000_mf_n_00000000_f_r.png,/content/drive/MyDrive/612 data/PokeSpriteCleaned/0732trumbeak/trumbeak_shiny.png,mapped,variant-index
/content/drive/MyDrive/612 data/ProjectPokemonCleaned/0733toucannon/poke_capture_0733_000_mf_n_00000000_f_n.png,/content/drive/MyDrive/612 data/PokeSpriteCleaned/0733toucannon/toucannon.png,mapped,variant-index
/content/drive/MyDrive/612 data/ProjectPokemonCleaned/0733toucannon/poke_capture_0733_000_mf_n_00000000_f_r.png,/content/drive/MyDrive/612 data/PokeSpriteCleaned/0733toucannon/toucannon_shiny.png,mapped,variant-index
/content/drive/MyDrive/612 data/ProjectPokemonCleaned/0734yungoos/poke_capture_0734_000_mf_n_00000000_f_n.png,/content/drive/MyDrive/612 data/PokeSpriteCleaned/0734yungoos/yungoos.png,mapped,variant-index
/content/drive/MyDrive/612 data/ProjectPokemonCleaned/0734yungoos/poke_capture_0734_000_mf_n_00000000_f_r.png,/content/drive/MyDrive/612 data/PokeSpriteCleaned/0734yungoos/yungoos_shiny.png,mapped,variant-index
/content/drive/MyDrive/612 data/ProjectPokemonCleaned/0735gumshoos/poke_capture_0735_000_mf_n_00000000_f_n.png,/content/drive/MyDrive/612 data/PokeSpriteCleaned/0735gumshoos/gumshoos.png,mapped,variant-index
/content/drive/MyDrive/612 data/ProjectPokemonCleaned/0735gumshoos/poke_capture_0735_000_mf_n_00000000_f_r.png,/content/drive/MyDrive/612 data/PokeSpriteCleaned/0735gumshoos/gumshoos_shiny.png,mapped,variant-index
/content/drive/MyDrive/612 data/ProjectPokemonCleaned/0736grubbin/poke_capture_0736_000_mf_n_00000000_f_n.png,/content/drive/MyDrive/612 data/PokeSpriteCleaned/0736grubbin/grubbin.png,mapped,variant-index
/content/drive/MyDrive/612 data/ProjectPokemonCleaned/0736grubbin/poke_capture_0736_000_mf_n_00000000_f_r.png,/content/drive/MyDrive/612 data/PokeSpriteCleaned/0736grubbin/grubbin_shiny.png,mapped,variant-index
/content/drive/MyDrive/612 data/ProjectPokemonCleaned/0737charjabug/poke_capture_0737_000_mf_n_00000000_f_n.png,/content/drive/MyDrive/612 data/PokeSpriteCleaned/0737charjabug/charjabug.png,mapped,variant-index
/content/drive/MyDrive/612 data/ProjectPokemonCleaned/0737charjabug/poke_capture_0737_000_mf_n_00000000_f_r.png,/content/drive/MyDrive/612 data/PokeSpriteCleaned/0737charjabug/charjabug_shiny.png,mapped,variant-index
/content/drive/MyDrive/612 data/ProjectPokemonCleaned/0738vikavolt/poke_capture_0738_000_mf_n_00000000_f_n.png,/content/drive/MyDrive/612 data/PokeSpriteCleaned/0738vikavolt/vikavolt.png,mapped,variant-index
/content/drive/MyDrive/612 data/ProjectPokemonCleaned/0738vikavolt/poke_capture_0738_000_mf_n_00000000_f_r.png,/content/drive/MyDrive/612 data/PokeSpriteCleaned/0738vikavolt/vikavolt_shiny.png,mapped,variant-index
/content/drive/MyDrive/612 data/ProjectPokemonCleaned/0739crabrawler/poke_capture_0739_000_mf_n_00000000_f_n.png,/content/drive/MyDrive/612 data/PokeSpriteCleaned/0739crabrawler/crabrawler.png,mapped,variant-index
/content/drive/MyDrive/612 data/ProjectPokemonCleaned/0739crabrawler/poke_capture_0739_000_mf_n_00000000_f_r.png,/content/drive/MyDrive/612 data/PokeSpriteCleaned/0739crabrawler/crabrawler_shiny.png,mapped,variant-index
/content/drive/MyDrive/612 data/ProjectPokemonCleaned/0740crabominable/poke_capture_0740_000_mf_n_00000000_f_n.png,/content/drive/MyDrive/612 data/PokeSpriteCleaned/0740crabominable/crabominable.png,mapped,variant-index
/content/drive/MyDrive/612 data/ProjectPokemonCleaned/0740crabominable/poke_capture_0740_000_mf_n_00000000_f_r.png,/content/drive/MyDrive/612 data/PokeSpriteCleaned/0740crabominable/crabominable_shiny.png,mapped,variant-index
/content/drive/MyDrive/612 data/ProjectPokemonCleaned/0741oricorio/poke_capture_0741_000_mf_n_00000000_f_n.png,/content/drive/MyDrive/612 data/PokeSpriteCleaned/0741oricorio/oricorio.png,mapped,variant-index
/content/drive/MyDrive/612 data/ProjectPokemonCleaned/0741oricorio/poke_capture_0741_000_mf_n_00000000_f_r.png,/content/drive/MyDrive/612 data/PokeSpriteCleaned/0741oricorio/oricorio_shiny.png,mapped,variant-index
/content/drive/MyDrive/612 data/ProjectPokemonCleaned/0741oricorio/poke_capture_0741_001_mf_n_00000000_f_n.png,/content/drive/MyDrive/612 data/PokeSpriteCleaned/0741oricorio/oricorio-pau.png,mapped,variant-index
/content/drive/MyDrive/612 data/ProjectPokemonCleaned/0741oricorio/poke_capture_0741_001_mf_n_00000000_f_r.png,/content/drive/MyDrive/612 data/PokeSpriteCleaned/0741oricorio/oricorio-pau_shiny.png,mapped,variant-index
/content/drive/MyDrive/612 data/ProjectPokemonCleaned/0741oricorio/poke_capture_0741_002_mf_n_00000000_f_n.png,/content/drive/MyDrive/612 data/PokeSpriteCleaned/0741oricorio/oricorio-pom-pom.png,mapped,variant-index
/content/drive/MyDrive/612 data/ProjectPokemonCleaned/0741oricorio/poke_capture_0741_002_mf_n_00000000_f_r.png,/content/drive/MyDrive/612 data/PokeSpriteCleaned/0741oricorio/oricorio-pom-pom_shiny.png,mapped,variant-index
/content/drive/MyDrive/612 data/ProjectPokemonCleaned/0741oricorio/poke_capture_0741_003_mf_n_00000000_f_n.png,/content/drive/MyDrive/612 data/PokeSpriteCleaned/0741oricorio/oricorio-sensu.png,mapped,variant-index
/content/drive/MyDrive/612 data/ProjectPokemonCleaned/0741oricorio/poke_capture_0741_003_mf_n_00000000_f_r.png,/content/drive/MyDrive/612 data/PokeSpriteCleaned/0741oricorio/oricorio-sensu_shiny.png,mapped,variant-index
/content/drive/MyDrive/612 data/ProjectPokemonCleaned/0742cutiefly/poke_capture_0742_000_mf_n_00000000_f_n.png,/content/drive/MyDrive/612 data/PokeSpriteCleaned/0742cutiefly/cutiefly.png,mapped,variant-index
/content/drive/MyDrive/612 data/ProjectPokemonCleaned/0742cutiefly/poke_capture_0742_000_mf_n_00000000_f_r.png,/content/drive/MyDrive/612 data/PokeSpriteCleaned/0742cutiefly/cutiefly_shiny.png,mapped,variant-index
/content/drive/MyDrive/612 data/ProjectPokemonCleaned/0743ribombee/poke_capture_0743_000_mf_n_00000000_f_n.png,/content/drive/MyDrive/612 data/PokeSpriteCleaned/0743ribombee/ribombee.png,mapped,variant-index
/content/drive/MyDrive/612 data/ProjectPokemonCleaned/0743ribombee/poke_capture_0743_000_mf_n_00000000_f_r.png,/content/drive/MyDrive/612 data/PokeSpriteCleaned/0743ribombee/ribombee_shiny.png,mapped,variant-index
/content/drive/MyDrive/612 data/ProjectPokemonCleaned/0744rockruff/poke_capture_0744_000_mf_n_00000000_f_n.png,/content/drive/MyDrive/612 data/PokeSpriteCleaned/0744rockruff/rockruff.png,mapped,variant-index
/content/drive/MyDrive/612 data/ProjectPokemonCleaned/0744rockruff/poke_capture_0744_000_mf_n_00000000_f_r.png,/content/drive/MyDrive/612 data/PokeSpriteCleaned/0744rockruff/rockruff_shiny.png,mapped,variant-index
/content/drive/MyDrive/612 data/ProjectPokemonCleaned/0745lycanroc/poke_capture_0745_000_mf_n_00000000_f_n.png,/content/drive/MyDrive/612 data/PokeSpriteCleaned/0745lycanroc/lycanroc.png,mapped,variant-index
/content/drive/MyDrive/612 data/ProjectPokemonCleaned/0745lycanroc/poke_capture_0745_000_mf_n_00000000_f_r.png,/content/drive/MyDrive/612 data/PokeSpriteCleaned/0745lycanroc/lycanroc_shiny.png,mapped,variant-index
/content/drive/MyDrive/612 data/ProjectPokemonCleaned/0745lycanroc/poke_capture_0745_001_mf_n_00000000_f_n.png,/content/drive/MyDrive/612 data/PokeSpriteCleaned/0745lycanroc/lycanroc-dusk.png,mapped,variant-index
/content/drive/MyDrive/612 data/ProjectPokemonCleaned/0745lycanroc/poke_capture_0745_001_mf_n_00000000_f_r.png,/content/drive/MyDrive/612 data/PokeSpriteCleaned/0745lycanroc/lycanroc-dusk_shiny.png,mapped,variant-index
/content/drive/MyDrive/612 data/ProjectPokemonCleaned/0745lycanroc/poke_capture_0745_002_mf_n_00000000_f_n.png,/content/drive/MyDrive/612 data/PokeSpriteCleaned/0745lycanroc/lycanroc-midnight.png,mapped,variant-index
/content/drive/MyDrive/612 data/ProjectPokemonCleaned/0745lycanroc/poke_capture_0745_002_mf_n_00000000_f_r.png,/content/drive/MyDrive/612 data/PokeSpriteCleaned/0745lycanroc/lycanroc-midnight_shiny.png,mapped,variant-index
/content/drive/MyDrive/612 data/ProjectPokemonCleaned/0746wishiwashi/poke_capture_0746_000_mf_n_00000000_f_n.png,/content/drive/MyDrive/612 data/PokeSpriteCleaned/0746wishiwashi/wishiwashi.png,mapped,variant-index
/content/drive/MyDrive/612 data/ProjectPokemonCleaned/0746wishiwashi/poke_capture_0746_000_mf_n_00000000_f_r.png,/content/drive/MyDrive/612 data/PokeSpriteCleaned/0746wishiwashi/wishiwashi_shiny.png,mapped,variant-index
/content/drive/MyDrive/612 data/ProjectPokemonCleaned/0746wishiwashi/poke_capture_0746_001_mf_n_00000000_f_n.png,/content/drive/MyDrive/612 data/PokeSpriteCleaned/0746wishiwashi/wishiwashi-school.png,mapped,variant-index
/content/drive/MyDrive/612 data/ProjectPokemonCleaned/0746wishiwashi/poke_capture_0746_001_mf_n_00000000_f_r.png,/content/drive/MyDrive/612 data/PokeSpriteCleaned/0746wishiwashi/wishiwashi-school_shiny.png,mapped,variant-index
/content/drive/MyDrive/612 data/ProjectPokemonCleaned/0747mareanie/poke_capture_0747_000_mf_n_00000000_f_n.png,/content/drive/MyDrive/612 data/PokeSpriteCleaned/0747mareanie/mareanie.png,mapped,variant-index
/content/drive/MyDrive/612 data/ProjectPokemonCleaned/0747mareanie/poke_capture_0747_000_mf_n_00000000_f_r.png,/content/drive/MyDrive/612 data/PokeSpriteCleaned/0747mareanie/mareanie_shiny.png,mapped,variant-index
/content/drive/MyDrive/612 data/ProjectPokemonCleaned/0748toxapex/poke_capture_0748_000_mf_n_00000000_f_n.png,/content/drive/MyDrive/612 data/PokeSpriteCleaned/0748toxapex/toxapex.png,mapped,variant-index
/content/drive/MyDrive/612 data/ProjectPokemonCleaned/0748toxapex/poke_capture_0748_000_mf_n_00000000_f_r.png,/content/drive/MyDrive/612 data/PokeSpriteCleaned/0748toxapex/toxapex_shiny.png,mapped,variant-index
/content/drive/MyDrive/612 data/ProjectPokemonCleaned/0749mudbray/poke_capture_0749_000_mf_n_00000000_f_n.png,/content/drive/MyDrive/612 data/PokeSpriteCleaned/0749mudbray/mudbray.png,mapped,variant-index
/content/drive/MyDrive/612 data/ProjectPokemonCleaned/0749mudbray/poke_capture_0749_000_mf_n_00000000_f_r.png,/content/drive/MyDrive/612 data/PokeSpriteCleaned/0749mudbray/mudbray_shiny.png,mapped,variant-index
/content/drive/MyDrive/612 data/ProjectPokemonCleaned/0750mudsdale/poke_capture_0750_000_mf_n_00000000_f_n.png,/content/drive/MyDrive/612 data/PokeSpriteCleaned/0750mudsdale/mudsdale.png,mapped,variant-index
/content/drive/MyDrive/612 data/ProjectPokemonCleaned/0750mudsdale/poke_capture_0750_000_mf_n_00000000_f_r.png,/content/drive/MyDrive/612 data/PokeSpriteCleaned/0750mudsdale/mudsdale_shiny.png,mapped,variant-index
/content/drive/MyDrive/612 data/ProjectPokemonCleaned/0751dewpider/poke_capture_0751_000_mf_n_00000000_f_n.png,/content/drive/MyDrive/612 data/PokeSpriteCleaned/0751dewpider/dewpider.png,mapped,variant-index
/content/drive/MyDrive/612 data/ProjectPokemonCleaned/0751dewpider/poke_capture_0751_000_mf_n_00000000_f_r.png,/content/drive/MyDrive/612 data/PokeSpriteCleaned/0751dewpider/dewpider_shiny.png,mapped,variant-index
/content/drive/MyDrive/612 data/ProjectPokemonCleaned/0752araquanid/poke_capture_0752_000_mf_n_00000000_f_n.png,/content/drive/MyDrive/612 data/PokeSpriteCleaned/0752araquanid/araquanid.png,mapped,variant-index
/content/drive/MyDrive/612 data/ProjectPokemonCleaned/0752araquanid/poke_capture_0752_000_mf_n_00000000_f_r.png,/content/drive/MyDrive/612 data/PokeSpriteCleaned/0752araquanid/araquanid_shiny.png,mapped,variant-index
/content/drive/MyDrive/612 data/ProjectPokemonCleaned/0753fomantis/poke_capture_0753_000_mf_n_00000000_f_n.png,/content/drive/MyDrive/612 data/PokeSpriteCleaned/0753fomantis/fomantis.png,mapped,variant-index
/content/drive/MyDrive/612 data/ProjectPokemonCleaned/0753fomantis/poke_capture_0753_000_mf_n_00000000_f_r.png,/content/drive/MyDrive/612 data/PokeSpriteCleaned/0753fomantis/fomantis_shiny.png,mapped,variant-index
/content/drive/MyDrive/612 data/ProjectPokemonCleaned/0754lurantis/poke_capture_0754_000_mf_n_00000000_f_n.png,/content/drive/MyDrive/612 data/PokeSpriteCleaned/0754lurantis/lurantis.png,mapped,variant-index
/content/drive/MyDrive/612 data/ProjectPokemonCleaned/0754lurantis/poke_capture_0754_000_mf_n_00000000_f_r.png,/content/drive/MyDrive/612 data/PokeSpriteCleaned/0754lurantis/lurantis_shiny.png,mapped,variant-index
/content/drive/MyDrive/612 data/ProjectPokemonCleaned/0755morelull/poke_capture_0755_000_mf_n_00000000_f_n.png,/content/drive/MyDrive/612 data/PokeSpriteCleaned/0755morelull/morelull.png,mapped,variant-index
/content/drive/MyDrive/612 data/ProjectPokemonCleaned/0755morelull/poke_capture_0755_000_mf_n_00000000_f_r.png,/content/drive/MyDrive/612 data/PokeSpriteCleaned/0755morelull/morelull_shiny.png,mapped,variant-index
/content/drive/MyDrive/612 data/ProjectPokemonCleaned/0756shiinotic/poke_capture_0756_000_mf_n_00000000_f_n.png,/content/drive/MyDrive/612 data/PokeSpriteCleaned/0756shiinotic/shiinotic.png,mapped,variant-index
/content/drive/MyDrive/612 data/ProjectPokemonCleaned/0756shiinotic/poke_capture_0756_000_mf_n_00000000_f_r.png,/content/drive/MyDrive/612 data/PokeSpriteCleaned/0756shiinotic/shiinotic_shiny.png,mapped,variant-index
/content/drive/MyDrive/612 data/ProjectPokemonCleaned/0757salandit/poke_capture_0757_000_mf_n_00000000_f_n.png,/content/drive/MyDrive/612 data/PokeSpriteCleaned/0757salandit/salandit.png,mapped,variant-index
/content/drive/MyDrive/612 data/ProjectPokemonCleaned/0757salandit/poke_capture_0757_000_mf_n_00000000_f_r.png,/content/drive/MyDrive/612 data/PokeSpriteCleaned/0757salandit/salandit_shiny.png,mapped,variant-index
/content/drive/MyDrive/612 data/ProjectPokemonCleaned/0758salazzle/poke_capture_0758_000_fo_n_00000000_f_n.png,/content/drive/MyDrive/612 data/PokeSpriteCleaned/0758salazzle/salazzle.png,mapped,variant-index
/content/drive/MyDrive/612 data/ProjectPokemonCleaned/0758salazzle/poke_capture_0758_000_fo_n_00000000_f_r.png,/content/drive/MyDrive/612 data/PokeSpriteCleaned/0758salazzle/salazzle_shiny.png,mapped,variant-index
/content/drive/MyDrive/612 data/ProjectPokemonCleaned/0759stufful/poke_capture_0759_000_mf_n_00000000_f_n.png,/content/drive/MyDrive/612 data/PokeSpriteCleaned/0759stufful/stufful.png,mapped,variant-index
/content/drive/MyDrive/612 data/ProjectPokemonCleaned/0759stufful/poke_capture_0759_000_mf_n_00000000_f_r.png,/content/drive/MyDrive/612 data/PokeSpriteCleaned/0759stufful/stufful_shiny.png,mapped,variant-index
/content/drive/MyDrive/612 data/ProjectPokemonCleaned/0760bewear/poke_capture_0760_000_mf_n_00000000_f_n.png,/content/drive/MyDrive/612 data/PokeSpriteCleaned/0760bewear/bewear.png,mapped,variant-index
/content/drive/MyDrive/612 data/ProjectPokemonCleaned/0760bewear/poke_capture_0760_000_mf_n_00000000_f_r.png,/content/drive/MyDrive/612 data/PokeSpriteCleaned/0760bewear/bewear_shiny.png,mapped,variant-index
/content/drive/MyDrive/612 data/ProjectPokemonCleaned/0761bounsweet/poke_capture_0761_000_fo_n_00000000_f_n.png,/content/drive/MyDrive/612 data/PokeSpriteCleaned/0761bounsweet/bounsweet.png,mapped,variant-index
/content/drive/MyDrive/612 data/ProjectPokemonCleaned/0761bounsweet/poke_capture_0761_000_fo_n_00000000_f_r.png,/content/drive/MyDrive/612 data/PokeSpriteCleaned/0761bounsweet/bounsweet_shiny.png,mapped,variant-index
/content/drive/MyDrive/612 data/ProjectPokemonCleaned/0762steenee/poke_capture_0762_000_fo_n_00000000_f_n.png,/content/drive/MyDrive/612 data/PokeSpriteCleaned/0762steenee/steenee.png,mapped,variant-index
/content/drive/MyDrive/612 data/ProjectPokemonCleaned/0762steenee/poke_capture_0762_000_fo_n_00000000_f_r.png,/content/drive/MyDrive/612 data/PokeSpriteCleaned/0762steenee/steenee_shiny.png,mapped,variant-index
/content/drive/MyDrive/612 data/ProjectPokemonCleaned/0763tsareena/poke_capture_0763_000_fo_n_00000000_f_n.png,/content/drive/MyDrive/612 data/PokeSpriteCleaned/0763tsareena/tsareena.png,mapped,variant-index
/content/drive/MyDrive/612 data/ProjectPokemonCleaned/0763tsareena/poke_capture_0763_000_fo_n_00000000_f_r.png,/content/drive/MyDrive/612 data/PokeSpriteCleaned/0763tsareena/tsareena_shiny.png,mapped,variant-index
/content/drive/MyDrive/612 data/ProjectPokemonCleaned/0764comfey/poke_capture_0764_000_mf_n_00000000_f_n.png,/content/drive/MyDrive/612 data/PokeSpriteCleaned/0764comfey/comfey.png,mapped,variant-index
/content/drive/MyDrive/612 data/ProjectPokemonCleaned/0764comfey/poke_capture_0764_000_mf_n_00000000_f_r.png,/content/drive/MyDrive/612 data/PokeSpriteCleaned/0764comfey/comfey_shiny.png,mapped,variant-index
/content/drive/MyDrive/612 data/ProjectPokemonCleaned/0765oranguru/poke_capture_0765_000_mf_n_00000000_f_n.png,/content/drive/MyDrive/612 data/PokeSpriteCleaned/0765oranguru/oranguru.png,mapped,variant-index
/content/drive/MyDrive/612 data/ProjectPokemonCleaned/0765oranguru/poke_capture_0765_000_mf_n_00000000_f_r.png,/content/drive/MyDrive/612 data/PokeSpriteCleaned/0765oranguru/oranguru_shiny.png,mapped,variant-index
/content/drive/MyDrive/612 data/ProjectPokemonCleaned/0766passimian/poke_capture_0766_000_mf_n_00000000_f_n.png,/content/drive/MyDrive/612 data/PokeSpriteCleaned/0766passimian/passimian.png,mapped,variant-index
/content/drive/MyDrive/612 data/ProjectPokemonCleaned/0766passimian/poke_capture_0766_000_mf_n_00000000_f_r.png,/content/drive/MyDrive/612 data/PokeSpriteCleaned/0766passimian/passimian_shiny.png,mapped,variant-index
/content/drive/MyDrive/612 data/ProjectPokemonCleaned/0767wimpod/poke_capture_0767_000_mf_n_00000000_f_n.png,/content/drive/MyDrive/612 data/PokeSpriteCleaned/0767wimpod/wimpod.png,mapped,variant-index
/content/drive/MyDrive/612 data/ProjectPokemonCleaned/0767wimpod/poke_capture_0767_000_mf_n_00000000_f_r.png,/content/drive/MyDrive/612 data/PokeSpriteCleaned/0767wimpod/wimpod_shiny.png,mapped,variant-index
/content/drive/MyDrive/612 data/ProjectPokemonCleaned/0768golisopod/poke_capture_0768_000_mf_n_00000000_f_n.png,/content/drive/MyDrive/612 data/PokeSpriteCleaned/0768golisopod/golisopod.png,mapped,variant-index
/content/drive/MyDrive/612 data/ProjectPokemonCleaned/0768golisopod/poke_capture_0768_000_mf_n_00000000_f_r.png,/content/drive/MyDrive/612 data/PokeSpriteCleaned/0768golisopod/golisopod_shiny.png,mapped,variant-index
/content/drive/MyDrive/612 data/ProjectPokemonCleaned/0769sandygast/poke_capture_0769_000_mf_n_00000000_f_n.png,/content/drive/MyDrive/612 data/PokeSpriteCleaned/0769sandygast/sandygast.png,mapped,variant-index
/content/drive/MyDrive/612 data/ProjectPokemonCleaned/0769sandygast/poke_capture_0769_000_mf_n_00000000_f_r.png,/content/drive/MyDrive/612 data/PokeSpriteCleaned/0769sandygast/sandygast_shiny.png,mapped,variant-index
/content/drive/MyDrive/612 data/ProjectPokemonCleaned/0770palossand/poke_capture_0770_000_mf_n_00000000_f_n.png,/content/drive/MyDrive/612 data/PokeSpriteCleaned/0770palossand/palossand.png,mapped,variant-index
/content/drive/MyDrive/612 data/ProjectPokemonCleaned/0770palossand/poke_capture_0770_000_mf_n_00000000_f_r.png,/content/drive/MyDrive/612 data/PokeSpriteCleaned/0770palossand/palossand_shiny.png,mapped,variant-index
/content/drive/MyDrive/612 data/ProjectPokemonCleaned/0771pyukumuku/poke_capture_0771_000_mf_n_00000000_f_n.png,/content/drive/MyDrive/612 data/PokeSpriteCleaned/0771pyukumuku/pyukumuku.png,mapped,variant-index
/content/drive/MyDrive/612 data/ProjectPokemonCleaned/0771pyukumuku/poke_capture_0771_000_mf_n_00000000_f_r.png,/content/drive/MyDrive/612 data/PokeSpriteCleaned/0771pyukumuku/pyukumuku_shiny.png,mapped,variant-index
/content/drive/MyDrive/612 data/ProjectPokemonCleaned/0772type null/poke_capture_0772_000_uk_n_00000000_f_n.png,/content/drive/MyDrive/612 data/PokeSpriteCleaned/0772type null/type-null.png,mapped,variant-index
/content/drive/MyDrive/612 data/ProjectPokemonCleaned/0772type null/poke_capture_0772_000_uk_n_00000000_f_r.png,/content/drive/MyDrive/612 data/PokeSpriteCleaned/0772type null/type-null_shiny.png,mapped,variant-index
/content/drive/MyDrive/612 data/ProjectPokemonCleaned/0773silvally/poke_capture_0773_000_uk_n_00000000_f_n.png,/content/drive/MyDrive/612 data/PokeSpriteCleaned/0773silvally/silvally.png,mapped,variant-index
/content/drive/MyDrive/612 data/ProjectPokemonCleaned/0773silvally/poke_capture_0773_000_uk_n_00000000_f_r.png,/content/drive/MyDrive/612 data/PokeSpriteCleaned/0773silvally/silvally_shiny.png,mapped,variant-index
/content/drive/MyDrive/612 data/ProjectPokemonCleaned/0773silvally/poke_capture_0773_001_uk_n_00000000_f_n.png,/content/drive/MyDrive/612 data/PokeSpriteCleaned/0773silvally/silvally-bug.png,mapped,variant-index
/content/drive/MyDrive/612 data/ProjectPokemonCleaned/0773silvally/poke_capture_0773_001_uk_n_00000000_f_r.png,/content/drive/MyDrive/612 data/PokeSpriteCleaned/0773silvally/silvally-bug_shiny.png,mapped,variant-index
/content/drive/MyDrive/612 data/ProjectPokemonCleaned/0773silvally/poke_capture_0773_002_uk_n_00000000_f_n.png,/content/drive/MyDrive/612 data/PokeSpriteCleaned/0773silvally/silvally-dark.png,mapped,variant-index
/content/drive/MyDrive/612 data/ProjectPokemonCleaned/0773silvally/poke_capture_0773_002_uk_n_00000000_f_r.png,/content/drive/MyDrive/612 data/PokeSpriteCleaned/0773silvally/silvally-dark_shiny.png,mapped,variant-index
/content/drive/MyDrive/612 data/ProjectPokemonCleaned/0773silvally/poke_capture_0773_003_uk_n_00000000_f_n.png,/content/drive/MyDrive/612 data/PokeSpriteCleaned/0773silvally/silvally-dragon.png,mapped,variant-index
/content/drive/MyDrive/612 data/ProjectPokemonCleaned/0773silvally/poke_capture_0773_003_uk_n_00000000_f_r.png,/content/drive/MyDrive/612 data/PokeSpriteCleaned/0773silvally/silvally-dragon_shiny.png,mapped,variant-index
/content/drive/MyDrive/612 data/ProjectPokemonCleaned/0773silvally/poke_capture_0773_004_uk_n_00000000_f_n.png,/content/drive/MyDrive/612 data/PokeSpriteCleaned/0773silvally/silvally-electric.png,mapped,variant-index
/content/drive/MyDrive/612 data/ProjectPokemonCleaned/0773silvally/poke_capture_0773_004_uk_n_00000000_f_r.png,/content/drive/MyDrive/612 data/PokeSpriteCleaned/0773silvally/silvally-electric_shiny.png,mapped,variant-index
/content/drive/MyDrive/612 data/ProjectPokemonCleaned/0773silvally/poke_capture_0773_005_uk_n_00000000_f_n.png,/content/drive/MyDrive/612 data/PokeSpriteCleaned/0773silvally/silvally-fairy.png,mapped,variant-index
/content/drive/MyDrive/612 data/ProjectPokemonCleaned/0773silvally/poke_capture_0773_005_uk_n_00000000_f_r.png,/content/drive/MyDrive/612 data/PokeSpriteCleaned/0773silvally/silvally-fairy_shiny.png,mapped,variant-index
/content/drive/MyDrive/612 data/ProjectPokemonCleaned/0773silvally/poke_capture_0773_006_uk_n_00000000_f_n.png,/content/drive/MyDrive/612 data/PokeSpriteCleaned/0773silvally/silvally-fighting.png,mapped,variant-index
/content/drive/MyDrive/612 data/ProjectPokemonCleaned/0773silvally/poke_capture_0773_006_uk_n_00000000_f_r.png,/content/drive/MyDrive/612 data/PokeSpriteCleaned/0773silvally/silvally-fighting_shiny.png,mapped,variant-index
/content/drive/MyDrive/612 data/ProjectPokemonCleaned/0773silvally/poke_capture_0773_007_uk_n_00000000_f_n.png,/content/drive/MyDrive/612 data/PokeSpriteCleaned/0773silvally/silvally-fire.png,mapped,variant-index
/content/drive/MyDrive/612 data/ProjectPokemonCleaned/0773silvally/poke_capture_0773_007_uk_n_00000000_f_r.png,/content/drive/MyDrive/612 data/PokeSpriteCleaned/0773silvally/silvally-fire_shiny.png,mapped,variant-index
/content/drive/MyDrive/612 data/ProjectPokemonCleaned/0773silvally/poke_capture_0773_008_uk_n_00000000_f_n.png,/content/drive/MyDrive/612 data/PokeSpriteCleaned/0773silvally/silvally-flying.png,mapped,variant-index
/content/drive/MyDrive/612 data/ProjectPokemonCleaned/0773silvally/poke_capture_0773_008_uk_n_00000000_f_r.png,/content/drive/MyDrive/612 data/PokeSpriteCleaned/0773silvally/silvally-flying_shiny.png,mapped,variant-index
/content/drive/MyDrive/612 data/ProjectPokemonCleaned/0773silvally/poke_capture_0773_009_uk_n_00000000_f_n.png,/content/drive/MyDrive/612 data/PokeSpriteCleaned/0773silvally/silvally-ghost.png,mapped,variant-index
/content/drive/MyDrive/612 data/ProjectPokemonCleaned/0773silvally/poke_capture_0773_009_uk_n_00000000_f_r.png,/content/drive/MyDrive/612 data/PokeSpriteCleaned/0773silvally/silvally-ghost_shiny.png,mapped,variant-index
/content/drive/MyDrive/612 data/ProjectPokemonCleaned/0773silvally/poke_capture_0773_010_uk_n_00000000_f_n.png,/content/drive/MyDrive/612 data/PokeSpriteCleaned/0773silvally/silvally-grass.png,mapped,variant-index
/content/drive/MyDrive/612 data/ProjectPokemonCleaned/0773silvally/poke_capture_0773_010_uk_n_00000000_f_r.png,/content/drive/MyDrive/612 data/PokeSpriteCleaned/0773silvally/silvally-grass_shiny.png,mapped,variant-index
/content/drive/MyDrive/612 data/ProjectPokemonCleaned/0773silvally/poke_capture_0773_011_uk_n_00000000_f_n.png,/content/drive/MyDrive/612 data/PokeSpriteCleaned/0773silvally/silvally-ground.png,mapped,variant-index
/content/drive/MyDrive/612 data/ProjectPokemonCleaned/0773silvally/poke_capture_0773_011_uk_n_00000000_f_r.png,/content/drive/MyDrive/612 data/PokeSpriteCleaned/0773silvally/silvally-ground_shiny.png,mapped,variant-index
/content/drive/MyDrive/612 data/ProjectPokemonCleaned/0773silvally/poke_capture_0773_012_uk_n_00000000_f_n.png,/content/drive/MyDrive/612 data/PokeSpriteCleaned/0773silvally/silvally-ice.png,mapped,variant-index
/content/drive/MyDrive/612 data/ProjectPokemonCleaned/0773silvally/poke_capture_0773_012_uk_n_00000000_f_r.png,/content/drive/MyDrive/612 data/PokeSpriteCleaned/0773silvally/silvally-ice_shiny.png,mapped,variant-index
/content/drive/MyDrive/612 data/ProjectPokemonCleaned/0773silvally/poke_capture_0773_013_uk_n_00000000_f_n.png,/content/drive/MyDrive/612 data/PokeSpriteCleaned/0773silvally/silvally-poison.png,mapped,variant-index
/content/drive/MyDrive/612 data/ProjectPokemonCleaned/0773silvally/poke_capture_0773_013_uk_n_00000000_f_r.png,/content/drive/MyDrive/612 data/PokeSpriteCleaned/0773silvally/silvally-poison_shiny.png,mapped,variant-index
/content/drive/MyDrive/612 data/ProjectPokemonCleaned/0773silvally/poke_capture_0773_014_uk_n_00000000_f_n.png,/content/drive/MyDrive/612 data/PokeSpriteCleaned/0773silvally/silvally-psychic.png,mapped,variant-index
/content/drive/MyDrive/612 data/ProjectPokemonCleaned/0773silvally/poke_capture_0773_014_uk_n_00000000_f_r.png,/content/drive/MyDrive/612 data/PokeSpriteCleaned/0773silvally/silvally-psychic_shiny.png,mapped,variant-index
/content/drive/MyDrive/612 data/ProjectPokemonCleaned/0773silvally/poke_capture_0773_015_uk_n_00000000_f_n.png,/content/drive/MyDrive/612 data/PokeSpriteCleaned/0773silvally/silvally-rock.png,mapped,variant-index
/content/drive/MyDrive/612 data/ProjectPokemonCleaned/0773silvally/poke_capture_0773_015_uk_n_00000000_f_r.png,/content/drive/MyDrive/612 data/PokeSpriteCleaned/0773silvally/silvally-rock_shiny.png,mapped,variant-index
/content/drive/MyDrive/612 data/ProjectPokemonCleaned/0773silvally/poke_capture_0773_016_uk_n_00000000_f_n.png,/content/drive/MyDrive/612 data/PokeSpriteCleaned/0773silvally/silvally-steel.png,mapped,variant-index
/content/drive/MyDrive/612 data/ProjectPokemonCleaned/0773silvally/poke_capture_0773_016_uk_n_00000000_f_r.png,/content/drive/MyDrive/612 data/PokeSpriteCleaned/0773silvally/silvally-steel_shiny.png,mapped,variant-index
/content/drive/MyDrive/612 data/ProjectPokemonCleaned/0773silvally/poke_capture_0773_017_uk_n_00000000_f_n.png,/content/drive/MyDrive/612 data/PokeSpriteCleaned/0773silvally/silvally-water.png,mapped,variant-index
/content/drive/MyDrive/612 data/ProjectPokemonCleaned/0773silvally/poke_capture_0773_017_uk_n_00000000_f_r.png,/content/drive/MyDrive/612 data/PokeSpriteCleaned/0773silvally/silvally-water_shiny.png,mapped,variant-index
/content/drive/MyDrive/612 data/ProjectPokemonCleaned/0774minior/poke_capture_0774_000_uk_n_00000000_f_n.png,/content/drive/MyDrive/612 data/PokeSpriteCleaned/0774minior/minior.png,mapped,variant-index
/content/drive/MyDrive/612 data/ProjectPokemonCleaned/0774minior/poke_capture_0774_007_uk_n_00000000_f_n.png,/content/drive/MyDrive/612 data/PokeSpriteCleaned/0774minior/minior-blue_right.png,mapped,variant-index
/content/drive/MyDrive/612 data/ProjectPokemonCleaned/0774minior/poke_capture_0774_007_uk_n_00000000_f_r.png,/content/drive/MyDrive/612 data/PokeSpriteCleaned/0774minior/minior-orange_shiny.png,mapped,variant-index
/content/drive/MyDrive/612 data/ProjectPokemonCleaned/0774minior/poke_capture_0774_008_uk_n_00000000_f_n.png,/content/drive/MyDrive/612 data/PokeSpriteCleaned/0774minior/minior-blue_shiny_right.png,mapped,variant-index
/content/drive/MyDrive/612 data/ProjectPokemonCleaned/0774minior/poke_capture_0774_009_uk_n_00000000_f_n.png,/content/drive/MyDrive/612 data/PokeSpriteCleaned/0774minior/minior-green.png,mapped,variant-index
/content/drive/MyDrive/612 data/ProjectPokemonCleaned/0774minior/poke_capture_0774_010_uk_n_00000000_f_n.png,/content/drive/MyDrive/612 data/PokeSpriteCleaned/0774minior/minior-green-gen7.png,mapped,variant-index
/content/drive/MyDrive/612 data/ProjectPokemonCleaned/0774minior/poke_capture_0774_011_uk_n_00000000_f_n.png,/content/drive/MyDrive/612 data/PokeSpriteCleaned/0774minior/minior-green-gen7_right.png,mapped,variant-index
/content/drive/MyDrive/612 data/ProjectPokemonCleaned/0774minior/poke_capture_0774_012_uk_n_00000000_f_n.png,/content/drive/MyDrive/612 data/PokeSpriteCleaned/0774minior/minior-green-gen7_shiny_right.png,mapped,variant-index
/content/drive/MyDrive/612 data/ProjectPokemonCleaned/0774minior/poke_capture_0774_013_uk_n_00000000_f_n.png,/content/drive/MyDrive/612 data/PokeSpriteCleaned/0774minior/minior-green_right.png,mapped,variant-index
/content/drive/MyDrive/612 data/ProjectPokemonCleaned/0775komala/poke_capture_0775_000_mf_n_00000000_f_n.png,/content/drive/MyDrive/612 data/PokeSpriteCleaned/0775komala/komala.png,mapped,variant-index
/content/drive/MyDrive/612 data/ProjectPokemonCleaned/0775komala/poke_capture_0775_000_mf_n_00000000_f_r.png,/content/drive/MyDrive/612 data/PokeSpriteCleaned/0775komala/komala_shiny.png,mapped,variant-index
/content/drive/MyDrive/612 data/ProjectPokemonCleaned/0776turtonator/poke_capture_0776_000_mf_n_00000000_f_n.png,/content/drive/MyDrive/612 data/PokeSpriteCleaned/0776turtonator/turtonator.png,mapped,variant-index
/content/drive/MyDrive/612 data/ProjectPokemonCleaned/0776turtonator/poke_capture_0776_000_mf_n_00000000_f_r.png,/content/drive/MyDrive/612 data/PokeSpriteCleaned/0776turtonator/turtonator_shiny.png,mapped,variant-index
/content/drive/MyDrive/612 data/ProjectPokemonCleaned/0777togedemaru/poke_capture_0777_000_mf_n_00000000_f_n.png,/content/drive/MyDrive/612 data/PokeSpriteCleaned/0777togedemaru/togedemaru.png,mapped,variant-index
/content/drive/MyDrive/612 data/ProjectPokemonCleaned/0777togedemaru/poke_capture_0777_000_mf_n_00000000_f_r.png,/content/drive/MyDrive/612 data/PokeSpriteCleaned/0777togedemaru/togedemaru_shiny.png,mapped,variant-index
/content/drive/MyDrive/612 data/ProjectPokemonCleaned/0778mimikyu/poke_capture_0778_000_mf_n_00000000_f_n.png,/content/drive/MyDrive/612 data/PokeSpriteCleaned/0778mimikyu/mimikyu.png,mapped,variant-index
/content/drive/MyDrive/612 data/ProjectPokemonCleaned/0778mimikyu/poke_capture_0778_000_mf_n_00000000_f_r.png,/content/drive/MyDrive/612 data/PokeSpriteCleaned/0778mimikyu/mimikyu_shiny.png,mapped,variant-index
/content/drive/MyDrive/612 data/ProjectPokemonCleaned/0778mimikyu/poke_capture_0778_001_mf_n_00000000_f_n.png,/content/drive/MyDrive/612 data/PokeSpriteCleaned/0778mimikyu/mimikyu.png,mapped,variant-out-of-range-fallback
/content/drive/MyDrive/612 data/ProjectPokemonCleaned/0778mimikyu/poke_capture_0778_001_mf_n_00000000_f_r.png,/content/drive/MyDrive/612 data/PokeSpriteCleaned/0778mimikyu/mimikyu_shiny.png,mapped,variant-out-of-range-fallback
/content/drive/MyDrive/612 data/ProjectPokemonCleaned/0779bruxish/poke_capture_0779_000_mf_n_00000000_f_n.png,/content/drive/MyDrive/612 data/PokeSpriteCleaned/0779bruxish/bruxish.png,mapped,variant-index
/content/drive/MyDrive/612 data/ProjectPokemonCleaned/0779bruxish/poke_capture_0779_000_mf_n_00000000_f_r.png,/content/drive/MyDrive/612 data/PokeSpriteCleaned/0779bruxish/bruxish_shiny.png,mapped,variant-index
/content/drive/MyDrive/612 data/ProjectPokemonCleaned/0780drampa/poke_capture_0780_000_mf_n_00000000_f_n.png,/content/drive/MyDrive/612 data/PokeSpriteCleaned/0780drampa/drampa.png,mapped,variant-index
/content/drive/MyDrive/612 data/ProjectPokemonCleaned/0780drampa/poke_capture_0780_000_mf_n_00000000_f_r.png,/content/drive/MyDrive/612 data/PokeSpriteCleaned/0780drampa/drampa_shiny.png,mapped,variant-index
/content/drive/MyDrive/612 data/ProjectPokemonCleaned/0781dhelmise/poke_capture_0781_000_uk_n_00000000_f_n.png,/content/drive/MyDrive/612 data/PokeSpriteCleaned/0781dhelmise/dhelmise.png,mapped,variant-index
/content/drive/MyDrive/612 data/ProjectPokemonCleaned/0781dhelmise/poke_capture_0781_000_uk_n_00000000_f_r.png,/content/drive/MyDrive/612 data/PokeSpriteCleaned/0781dhelmise/dhelmise_shiny.png,mapped,variant-index
/content/drive/MyDrive/612 data/ProjectPokemonCleaned/0782jangmo-o/poke_capture_0782_000_mf_n_00000000_f_n.png,/content/drive/MyDrive/612 data/PokeSpriteCleaned/0782jangmo-o/jangmo-o.png,mapped,variant-index
/content/drive/MyDrive/612 data/ProjectPokemonCleaned/0782jangmo-o/poke_capture_0782_000_mf_n_00000000_f_r.png,/content/drive/MyDrive/612 data/PokeSpriteCleaned/0782jangmo-o/jangmo-o_shiny.png,mapped,variant-index
/content/drive/MyDrive/612 data/ProjectPokemonCleaned/0783hakamo-o/poke_capture_0783_000_mf_n_00000000_f_n.png,/content/drive/MyDrive/612 data/PokeSpriteCleaned/0783hakamo-o/hakamo-o.png,mapped,variant-index
/content/drive/MyDrive/612 data/ProjectPokemonCleaned/0783hakamo-o/poke_capture_0783_000_mf_n_00000000_f_r.png,/content/drive/MyDrive/612 data/PokeSpriteCleaned/0783hakamo-o/hakamo-o_shiny.png,mapped,variant-index
/content/drive/MyDrive/612 data/ProjectPokemonCleaned/0784kommo-o/poke_capture_0784_000_mf_n_00000000_f_n.png,/content/drive/MyDrive/612 data/PokeSpriteCleaned/0784kommo-o/kommo-o.png,mapped,variant-index
/content/drive/MyDrive/612 data/ProjectPokemonCleaned/0784kommo-o/poke_capture_0784_000_mf_n_00000000_f_r.png,/content/drive/MyDrive/612 data/PokeSpriteCleaned/0784kommo-o/kommo-o_shiny.png,mapped,variant-index
/content/drive/MyDrive/612 data/ProjectPokemonCleaned/0785tapu koko/poke_capture_0785_000_uk_n_00000000_f_n.png,/content/drive/MyDrive/612 data/PokeSpriteCleaned/0785tapu koko/tapu koko.png,mapped,variant-index
/content/drive/MyDrive/612 data/ProjectPokemonCleaned/0785tapu koko/poke_capture_0785_000_uk_n_00000000_f_r.png,/content/drive/MyDrive/612 data/PokeSpriteCleaned/0785tapu koko/tapu koko_shiny.png,mapped,variant-index
/content/drive/MyDrive/612 data/ProjectPokemonCleaned/0786tapu lele/poke_capture_0786_000_uk_n_00000000_f_n.png,/content/drive/MyDrive/612 data/PokeSpriteCleaned/0786tapu lele/tapu lele.png,mapped,variant-index
/content/drive/MyDrive/612 data/ProjectPokemonCleaned/0786tapu lele/poke_capture_0786_000_uk_n_00000000_f_r.png,/content/drive/MyDrive/612 data/PokeSpriteCleaned/0786tapu lele/tapu lele_shiny.png,mapped,variant-index
/content/drive/MyDrive/612 data/ProjectPokemonCleaned/0787tapu bulu/poke_capture_0787_000_uk_n_00000000_f_n.png,/content/drive/MyDrive/612 data/PokeSpriteCleaned/0787tapu bulu/tapu bulu.png,mapped,variant-index
/content/drive/MyDrive/612 data/ProjectPokemonCleaned/0787tapu bulu/poke_capture_0787_000_uk_n_00000000_f_r.png,/content/drive/MyDrive/612 data/PokeSpriteCleaned/0787tapu bulu/tapu bulu_shiny.png,mapped,variant-index
/content/drive/MyDrive/612 data/ProjectPokemonCleaned/0788tapu fini/poke_capture_0788_000_uk_n_00000000_f_n.png,/content/drive/MyDrive/612 data/PokeSpriteCleaned/0788tapu fini/tapu fini.png,mapped,variant-index
/content/drive/MyDrive/612 data/ProjectPokemonCleaned/0788tapu fini/poke_capture_0788_000_uk_n_00000000_f_r.png,/content/drive/MyDrive/612 data/PokeSpriteCleaned/0788tapu fini/tapu fini_shiny.png,mapped,variant-index
/content/drive/MyDrive/612 data/ProjectPokemonCleaned/0789cosmog/poke_capture_0789_000_uk_n_00000000_f_n.png,/content/drive/MyDrive/612 data/PokeSpriteCleaned/0789cosmog/cosmog.png,mapped,variant-index
/content/drive/MyDrive/612 data/ProjectPokemonCleaned/0789cosmog/poke_capture_0789_000_uk_n_00000000_f_r.png,/content/drive/MyDrive/612 data/PokeSpriteCleaned/0789cosmog/cosmog_shiny.png,mapped,variant-index
/content/drive/MyDrive/612 data/ProjectPokemonCleaned/0790cosmoem/poke_capture_0790_000_uk_n_00000000_f_n.png,/content/drive/MyDrive/612 data/PokeSpriteCleaned/0790cosmoem/cosmoem.png,mapped,variant-index
/content/drive/MyDrive/612 data/ProjectPokemonCleaned/0790cosmoem/poke_capture_0790_000_uk_n_00000000_f_r.png,/content/drive/MyDrive/612 data/PokeSpriteCleaned/0790cosmoem/cosmoem_shiny.png,mapped,variant-index
/content/drive/MyDrive/612 data/ProjectPokemonCleaned/0791solgaleo/poke_capture_0791_000_uk_n_00000000_f_n.png,/content/drive/MyDrive/612 data/PokeSpriteCleaned/0791solgaleo/solgaleo.png,mapped,variant-index
/content/drive/MyDrive/612 data/ProjectPokemonCleaned/0791solgaleo/poke_capture_0791_000_uk_n_00000000_f_r.png,/content/drive/MyDrive/612 data/PokeSpriteCleaned/0791solgaleo/solgaleo_shiny.png,mapped,variant-index
/content/drive/MyDrive/612 data/ProjectPokemonCleaned/0792lunala/poke_capture_0792_000_uk_n_00000000_f_n.png,/content/drive/MyDrive/612 data/PokeSpriteCleaned/0792lunala/lunala.png,mapped,variant-index
/content/drive/MyDrive/612 data/ProjectPokemonCleaned/0792lunala/poke_capture_0792_000_uk_n_00000000_f_r.png,/content/drive/MyDrive/612 data/PokeSpriteCleaned/0792lunala/lunala_shiny.png,mapped,variant-index
/content/drive/MyDrive/612 data/ProjectPokemonCleaned/0793nihilego/poke_capture_0793_000_uk_n_00000000_f_n.png,/content/drive/MyDrive/612 data/PokeSpriteCleaned/0793nihilego/nihilego.png,mapped,variant-index
/content/drive/MyDrive/612 data/ProjectPokemonCleaned/0793nihilego/poke_capture_0793_000_uk_n_00000000_f_r.png,/content/drive/MyDrive/612 data/PokeSpriteCleaned/0793nihilego/nihilego_shiny.png,mapped,variant-index
/content/drive/MyDrive/612 data/ProjectPokemonCleaned/0794buzzwole/poke_capture_0794_000_uk_n_00000000_f_n.png,/content/drive/MyDrive/612 data/PokeSpriteCleaned/0794buzzwole/buzzwole.png,mapped,variant-index
/content/drive/MyDrive/612 data/ProjectPokemonCleaned/0794buzzwole/poke_capture_0794_000_uk_n_00000000_f_r.png,/content/drive/MyDrive/612 data/PokeSpriteCleaned/0794buzzwole/buzzwole_shiny.png,mapped,variant-index
/content/drive/MyDrive/612 data/ProjectPokemonCleaned/0795pheromosa/poke_capture_0795_000_uk_n_00000000_f_n.png,/content/drive/MyDrive/612 data/PokeSpriteCleaned/0795pheromosa/pheromosa.png,mapped,variant-index
/content/drive/MyDrive/612 data/ProjectPokemonCleaned/0795pheromosa/poke_capture_0795_000_uk_n_00000000_f_r.png,/content/drive/MyDrive/612 data/PokeSpriteCleaned/0795pheromosa/pheromosa_shiny.png,mapped,variant-index
/content/drive/MyDrive/612 data/ProjectPokemonCleaned/0796xurkitree/poke_capture_0796_000_uk_n_00000000_f_n.png,/content/drive/MyDrive/612 data/PokeSpriteCleaned/0796xurkitree/xurkitree.png,mapped,variant-index
/content/drive/MyDrive/612 data/ProjectPokemonCleaned/0796xurkitree/poke_capture_0796_000_uk_n_00000000_f_r.png,/content/drive/MyDrive/612 data/PokeSpriteCleaned/0796xurkitree/xurkitree_shiny.png,mapped,variant-index
/content/drive/MyDrive/612 data/ProjectPokemonCleaned/0797celesteela/poke_capture_0797_000_uk_n_00000000_f_n.png,/content/drive/MyDrive/612 data/PokeSpriteCleaned/0797celesteela/celesteela.png,mapped,variant-index
/content/drive/MyDrive/612 data/ProjectPokemonCleaned/0797celesteela/poke_capture_0797_000_uk_n_00000000_f_r.png,/content/drive/MyDrive/612 data/PokeSpriteCleaned/0797celesteela/celesteela_shiny.png,mapped,variant-index
/content/drive/MyDrive/612 data/ProjectPokemonCleaned/0798kartana/poke_capture_0798_000_uk_n_00000000_f_n.png,/content/drive/MyDrive/612 data/PokeSpriteCleaned/0798kartana/kartana.png,mapped,variant-index
/content/drive/MyDrive/612 data/ProjectPokemonCleaned/0798kartana/poke_capture_0798_000_uk_n_00000000_f_r.png,/content/drive/MyDrive/612 data/PokeSpriteCleaned/0798kartana/kartana_shiny.png,mapped,variant-index
/content/drive/MyDrive/612 data/ProjectPokemonCleaned/0799guzzlord/poke_capture_0799_000_uk_n_00000000_f_n.png,/content/drive/MyDrive/612 data/PokeSpriteCleaned/0799guzzlord/guzzlord.png,mapped,variant-index
/content/drive/MyDrive/612 data/ProjectPokemonCleaned/0799guzzlord/poke_capture_0799_000_uk_n_00000000_f_r.png,/content/drive/MyDrive/612 data/PokeSpriteCleaned/0799guzzlord/guzzlord_shiny.png,mapped,variant-index
/content/drive/MyDrive/612 data/ProjectPokemonCleaned/0800necrozma/poke_capture_0800_000_uk_n_00000000_f_n.png,/content/drive/MyDrive/612 data/PokeSpriteCleaned/0800necrozma/necrozma.png,mapped,variant-index
/content/drive/MyDrive/612 data/ProjectPokemonCleaned/0800necrozma/poke_capture_0800_000_uk_n_00000000_f_r.png,/content/drive/MyDrive/612 data/PokeSpriteCleaned/0800necrozma/necrozma_shiny.png,mapped,variant-index
/content/drive/MyDrive/612 data/ProjectPokemonCleaned/0800necrozma/poke_capture_0800_001_uk_n_00000000_f_n.png,/content/drive/MyDrive/612 data/PokeSpriteCleaned/0800necrozma/necrozma_right.png,mapped,variant-index
/content/drive/MyDrive/612 data/ProjectPokemonCleaned/0800necrozma/poke_capture_0800_001_uk_n_00000000_f_r.png,/content/drive/MyDrive/612 data/PokeSpriteCleaned/0800necrozma/necrozma-dawn_shiny.png,mapped,variant-index
/content/drive/MyDrive/612 data/ProjectPokemonCleaned/0800necrozma/poke_capture_0800_002_uk_n_00000000_f_n.png,/content/drive/MyDrive/612 data/PokeSpriteCleaned/0800necrozma/necrozma_shiny_right.png,mapped,variant-index
/content/drive/MyDrive/612 data/ProjectPokemonCleaned/0800necrozma/poke_capture_0800_002_uk_n_00000000_f_r.png,/content/drive/MyDrive/612 data/PokeSpriteCleaned/0800necrozma/necrozma-dusk_shiny.png,mapped,variant-index
/content/drive/MyDrive/612 data/ProjectPokemonCleaned/0800necrozma/poke_capture_0800_003_uk_n_00000000_f_n.png,/content/drive/MyDrive/612 data/PokeSpriteCleaned/0800necrozma/necrozma-dawn.png,mapped,variant-index
/content/drive/MyDrive/612 data/ProjectPokemonCleaned/0800necrozma/poke_capture_0800_003_uk_n_00000000_f_r.png,/content/drive/MyDrive/612 data/PokeSpriteCleaned/0800necrozma/necrozma-ultra_shiny.png,mapped,variant-index
/content/drive/MyDrive/612 data/ProjectPokemonCleaned/0801magearna/poke_capture_0801_000_uk_n_00000000_f_n.png,/content/drive/MyDrive/612 data/PokeSpriteCleaned/0801magearna/magearna.png,mapped,variant-index
/content/drive/MyDrive/612 data/ProjectPokemonCleaned/0801magearna/poke_capture_0801_000_uk_n_00000000_f_r.png,/content/drive/MyDrive/612 data/PokeSpriteCleaned/0801magearna/magearna_shiny.png,mapped,variant-index
/content/drive/MyDrive/612 data/ProjectPokemonCleaned/0801magearna/poke_capture_0801_001_uk_n_00000000_f_n.png,/content/drive/MyDrive/612 data/PokeSpriteCleaned/0801magearna/magearna-original.png,mapped,variant-index
/content/drive/MyDrive/612 data/ProjectPokemonCleaned/0801magearna/poke_capture_0801_001_uk_n_00000000_f_r.png,/content/drive/MyDrive/612 data/PokeSpriteCleaned/0801magearna/magearna-original_shiny.png,mapped,variant-index
/content/drive/MyDrive/612 data/ProjectPokemonCleaned/0802marshadow/poke_capture_0802_000_uk_n_00000000_f_n.png,/content/drive/MyDrive/612 data/PokeSpriteCleaned/0802marshadow/marshadow.png,mapped,variant-index
/content/drive/MyDrive/612 data/ProjectPokemonCleaned/0802marshadow/poke_capture_0802_000_uk_n_00000000_f_r.png,/content/drive/MyDrive/612 data/PokeSpriteCleaned/0802marshadow/marshadow_shiny.png,mapped,variant-index
/content/drive/MyDrive/612 data/ProjectPokemonCleaned/0803poipole/poke_capture_0803_000_uk_n_00000000_f_n.png,/content/drive/MyDrive/612 data/PokeSpriteCleaned/0803poipole/poipole.png,mapped,variant-index
/content/drive/MyDrive/612 data/ProjectPokemonCleaned/0803poipole/poke_capture_0803_000_uk_n_00000000_f_r.png,/content/drive/MyDrive/612 data/PokeSpriteCleaned/0803poipole/poipole_shiny.png,mapped,variant-index
/content/drive/MyDrive/612 data/ProjectPokemonCleaned/0804naganadel/poke_capture_0804_000_uk_n_00000000_f_n.png,/content/drive/MyDrive/612 data/PokeSpriteCleaned/0804naganadel/naganadel.png,mapped,variant-index
/content/drive/MyDrive/612 data/ProjectPokemonCleaned/0804naganadel/poke_capture_0804_000_uk_n_00000000_f_r.png,/content/drive/MyDrive/612 data/PokeSpriteCleaned/0804naganadel/naganadel_shiny.png,mapped,variant-index
/content/drive/MyDrive/612 data/ProjectPokemonCleaned/0805stakataka/poke_capture_0805_000_uk_n_00000000_f_n.png,/content/drive/MyDrive/612 data/PokeSpriteCleaned/0805stakataka/stakataka.png,mapped,variant-index
/content/drive/MyDrive/612 data/ProjectPokemonCleaned/0805stakataka/poke_capture_0805_000_uk_n_00000000_f_r.png,/content/drive/MyDrive/612 data/PokeSpriteCleaned/0805stakataka/stakataka_shiny.png,mapped,variant-index
/content/drive/MyDrive/612 data/ProjectPokemonCleaned/0806blacephalon/poke_capture_0806_000_uk_n_00000000_f_n.png,/content/drive/MyDrive/612 data/PokeSpriteCleaned/0806blacephalon/blacephalon.png,mapped,variant-index
/content/drive/MyDrive/612 data/ProjectPokemonCleaned/0806blacephalon/poke_capture_0806_000_uk_n_00000000_f_r.png,/content/drive/MyDrive/612 data/PokeSpriteCleaned/0806blacephalon/blacephalon_shiny.png,mapped,variant-index
/content/drive/MyDrive/612 data/ProjectPokemonCleaned/0807zeraora/poke_capture_0807_000_uk_n_00000000_f_n.png,/content/drive/MyDrive/612 data/PokeSpriteCleaned/0807zeraora/zeraora.png,mapped,variant-index
/content/drive/MyDrive/612 data/ProjectPokemonCleaned/0807zeraora/poke_capture_0807_000_uk_n_00000000_f_r.png,/content/drive/MyDrive/612 data/PokeSpriteCleaned/0807zeraora/zeraora_shiny.png,mapped,variant-index
/content/drive/MyDrive/612 data/ProjectPokemonCleaned/0808meltan/poke_capture_0808_000_uk_n_00000000_f_n.png,/content/drive/MyDrive/612 data/PokeSpriteCleaned/0808meltan/meltan.png,mapped,variant-index
/content/drive/MyDrive/612 data/ProjectPokemonCleaned/0808meltan/poke_capture_0808_000_uk_n_00000000_f_r.png,/content/drive/MyDrive/612 data/PokeSpriteCleaned/0808meltan/meltan_shiny.png,mapped,variant-index
/content/drive/MyDrive/612 data/ProjectPokemonCleaned/0809melmetal/poke_capture_0809_000_uk_g_00000000_f_n.png,/content/drive/MyDrive/612 data/PokeSpriteCleaned/0809melmetal/melmetal-gmax.png,mapped,gmax-direct
/content/drive/MyDrive/612 data/ProjectPokemonCleaned/0809melmetal/poke_capture_0809_000_uk_g_00000000_f_r.png,/content/drive/MyDrive/612 data/PokeSpriteCleaned/0809melmetal/melmetal-gmax_shiny.png,mapped,gmax-direct
/content/drive/MyDrive/612 data/ProjectPokemonCleaned/0809melmetal/poke_capture_0809_000_uk_n_00000000_f_n.png,/content/drive/MyDrive/612 data/PokeSpriteCleaned/0809melmetal/melmetal.png,mapped,variant-index
/content/drive/MyDrive/612 data/ProjectPokemonCleaned/0809melmetal/poke_capture_0809_000_uk_n_00000000_f_r.png,/content/drive/MyDrive/612 data/PokeSpriteCleaned/0809melmetal/melmetal_shiny.png,mapped,variant-index
/content/drive/MyDrive/612 data/ProjectPokemonCleaned/0810grookey/poke_capture_0810_000_mf_n_00000000_f_n.png,/content/drive/MyDrive/612 data/PokeSpriteCleaned/0810grookey/grookey.png,mapped,variant-index
/content/drive/MyDrive/612 data/ProjectPokemonCleaned/0810grookey/poke_capture_0810_000_mf_n_00000000_f_r.png,/content/drive/MyDrive/612 data/PokeSpriteCleaned/0810grookey/grookey_shiny.png,mapped,variant-index
/content/drive/MyDrive/612 data/ProjectPokemonCleaned/0811thwackey/poke_capture_0811_000_mf_n_00000000_f_n.png,/content/drive/MyDrive/612 data/PokeSpriteCleaned/0811thwackey/thwackey.png,mapped,variant-index
/content/drive/MyDrive/612 data/ProjectPokemonCleaned/0811thwackey/poke_capture_0811_000_mf_n_00000000_f_r.png,/content/drive/MyDrive/612 data/PokeSpriteCleaned/0811thwackey/thwackey_shiny.png,mapped,variant-index
/content/drive/MyDrive/612 data/ProjectPokemonCleaned/0812rillaboom/poke_capture_0812_000_mf_g_00000000_f_n.png,/content/drive/MyDrive/612 data/PokeSpriteCleaned/0812rillaboom/rillaboom-gmax.png,mapped,gmax-direct
/content/drive/MyDrive/612 data/ProjectPokemonCleaned/0812rillaboom/poke_capture_0812_000_mf_g_00000000_f_r.png,/content/drive/MyDrive/612 data/PokeSpriteCleaned/0812rillaboom/rillaboom-gmax_shiny.png,mapped,gmax-direct
/content/drive/MyDrive/612 data/ProjectPokemonCleaned/0812rillaboom/poke_capture_0812_000_mf_n_00000000_f_n.png,/content/drive/MyDrive/612 data/PokeSpriteCleaned/0812rillaboom/rillaboom.png,mapped,variant-index
/content/drive/MyDrive/612 data/ProjectPokemonCleaned/0812rillaboom/poke_capture_0812_000_mf_n_00000000_f_r.png,/content/drive/MyDrive/612 data/PokeSpriteCleaned/0812rillaboom/rillaboom_shiny.png,mapped,variant-index
/content/drive/MyDrive/612 data/ProjectPokemonCleaned/0813scorbunny/poke_capture_0813_000_mf_n_00000000_f_n.png,/content/drive/MyDrive/612 data/PokeSpriteCleaned/0813scorbunny/scorbunny.png,mapped,variant-index
/content/drive/MyDrive/612 data/ProjectPokemonCleaned/0813scorbunny/poke_capture_0813_000_mf_n_00000000_f_r.png,/content/drive/MyDrive/612 data/PokeSpriteCleaned/0813scorbunny/scorbunny_shiny.png,mapped,variant-index
/content/drive/MyDrive/612 data/ProjectPokemonCleaned/0814raboot/poke_capture_0814_000_mf_n_00000000_f_n.png,/content/drive/MyDrive/612 data/PokeSpriteCleaned/0814raboot/raboot.png,mapped,variant-index
/content/drive/MyDrive/612 data/ProjectPokemonCleaned/0814raboot/poke_capture_0814_000_mf_n_00000000_f_r.png,/content/drive/MyDrive/612 data/PokeSpriteCleaned/0814raboot/raboot_shiny.png,mapped,variant-index
/content/drive/MyDrive/612 data/ProjectPokemonCleaned/0815cinderace/poke_capture_0815_000_mf_g_00000000_f_n.png,/content/drive/MyDrive/612 data/PokeSpriteCleaned/0815cinderace/cinderace-gmax.png,mapped,gmax-direct
/content/drive/MyDrive/612 data/ProjectPokemonCleaned/0815cinderace/poke_capture_0815_000_mf_g_00000000_f_r.png,/content/drive/MyDrive/612 data/PokeSpriteCleaned/0815cinderace/cinderace-gmax_shiny.png,mapped,gmax-direct
/content/drive/MyDrive/612 data/ProjectPokemonCleaned/0815cinderace/poke_capture_0815_000_mf_n_00000000_f_n.png,/content/drive/MyDrive/612 data/PokeSpriteCleaned/0815cinderace/cinderace.png,mapped,variant-index
/content/drive/MyDrive/612 data/ProjectPokemonCleaned/0815cinderace/poke_capture_0815_000_mf_n_00000000_f_r.png,/content/drive/MyDrive/612 data/PokeSpriteCleaned/0815cinderace/cinderace_shiny.png,mapped,variant-index
/content/drive/MyDrive/612 data/ProjectPokemonCleaned/0816sobble/poke_capture_0816_000_mf_n_00000000_f_n.png,/content/drive/MyDrive/612 data/PokeSpriteCleaned/0816sobble/sobble.png,mapped,variant-index
/content/drive/MyDrive/612 data/ProjectPokemonCleaned/0816sobble/poke_capture_0816_000_mf_n_00000000_f_r.png,/content/drive/MyDrive/612 data/PokeSpriteCleaned/0816sobble/sobble_shiny.png,mapped,variant-index
/content/drive/MyDrive/612 data/ProjectPokemonCleaned/0817drizzile/poke_capture_0817_000_mf_n_00000000_f_n.png,/content/drive/MyDrive/612 data/PokeSpriteCleaned/0817drizzile/drizzile.png,mapped,variant-index
/content/drive/MyDrive/612 data/ProjectPokemonCleaned/0817drizzile/poke_capture_0817_000_mf_n_00000000_f_r.png,/content/drive/MyDrive/612 data/PokeSpriteCleaned/0817drizzile/drizzile_shiny.png,mapped,variant-index
/content/drive/MyDrive/612 data/ProjectPokemonCleaned/0818inteleon/poke_capture_0818_000_mf_g_00000000_f_n.png,/content/drive/MyDrive/612 data/PokeSpriteCleaned/0818inteleon/inteleon-gmax.png,mapped,gmax-direct
/content/drive/MyDrive/612 data/ProjectPokemonCleaned/0818inteleon/poke_capture_0818_000_mf_g_00000000_f_r.png,/content/drive/MyDrive/612 data/PokeSpriteCleaned/0818inteleon/inteleon-gmax_shiny.png,mapped,gmax-direct
/content/drive/MyDrive/612 data/ProjectPokemonCleaned/0818inteleon/poke_capture_0818_000_mf_n_00000000_f_n.png,/content/drive/MyDrive/612 data/PokeSpriteCleaned/0818inteleon/inteleon.png,mapped,variant-index
/content/drive/MyDrive/612 data/ProjectPokemonCleaned/0818inteleon/poke_capture_0818_000_mf_n_00000000_f_r.png,/content/drive/MyDrive/612 data/PokeSpriteCleaned/0818inteleon/inteleon_shiny.png,mapped,variant-index
/content/drive/MyDrive/612 data/ProjectPokemonCleaned/0819skwovet/poke_capture_0819_000_mf_n_00000000_f_n.png,/content/drive/MyDrive/612 data/PokeSpriteCleaned/0819skwovet/skwovet.png,mapped,variant-index
/content/drive/MyDrive/612 data/ProjectPokemonCleaned/0819skwovet/poke_capture_0819_000_mf_n_00000000_f_r.png,/content/drive/MyDrive/612 data/PokeSpriteCleaned/0819skwovet/skwovet_shiny.png,mapped,variant-index
/content/drive/MyDrive/612 data/ProjectPokemonCleaned/0820greedent/poke_capture_0820_000_mf_n_00000000_f_n.png,/content/drive/MyDrive/612 data/PokeSpriteCleaned/0820greedent/greedent.png,mapped,variant-index
/content/drive/MyDrive/612 data/ProjectPokemonCleaned/0820greedent/poke_capture_0820_000_mf_n_00000000_f_r.png,/content/drive/MyDrive/612 data/PokeSpriteCleaned/0820greedent/greedent_shiny.png,mapped,variant-index
/content/drive/MyDrive/612 data/ProjectPokemonCleaned/0821rookidee/poke_capture_0821_000_mf_n_00000000_f_n.png,/content/drive/MyDrive/612 data/PokeSpriteCleaned/0821rookidee/rookidee.png,mapped,variant-index
/content/drive/MyDrive/612 data/ProjectPokemonCleaned/0821rookidee/poke_capture_0821_000_mf_n_00000000_f_r.png,/content/drive/MyDrive/612 data/PokeSpriteCleaned/0821rookidee/rookidee_shiny.png,mapped,variant-index
/content/drive/MyDrive/612 data/ProjectPokemonCleaned/0822corvisquire/poke_capture_0822_000_mf_n_00000000_f_n.png,/content/drive/MyDrive/612 data/PokeSpriteCleaned/0822corvisquire/corvisquire.png,mapped,variant-index
/content/drive/MyDrive/612 data/ProjectPokemonCleaned/0822corvisquire/poke_capture_0822_000_mf_n_00000000_f_r.png,/content/drive/MyDrive/612 data/PokeSpriteCleaned/0822corvisquire/corvisquire_shiny.png,mapped,variant-index
/content/drive/MyDrive/612 data/ProjectPokemonCleaned/0823corviknight/poke_capture_0823_000_mf_g_00000000_f_n.png,/content/drive/MyDrive/612 data/PokeSpriteCleaned/0823corviknight/corviknight-gmax.png,mapped,gmax-direct
/content/drive/MyDrive/612 data/ProjectPokemonCleaned/0823corviknight/poke_capture_0823_000_mf_g_00000000_f_r.png,/content/drive/MyDrive/612 data/PokeSpriteCleaned/0823corviknight/corviknight-gmax_shiny.png,mapped,gmax-direct
/content/drive/MyDrive/612 data/ProjectPokemonCleaned/0823corviknight/poke_capture_0823_000_mf_n_00000000_f_n.png,/content/drive/MyDrive/612 data/PokeSpriteCleaned/0823corviknight/corviknight.png,mapped,variant-index
/content/drive/MyDrive/612 data/ProjectPokemonCleaned/0823corviknight/poke_capture_0823_000_mf_n_00000000_f_r.png,/content/drive/MyDrive/612 data/PokeSpriteCleaned/0823corviknight/corviknight_shiny.png,mapped,variant-index
/content/drive/MyDrive/612 data/ProjectPokemonCleaned/0824blipbug/poke_capture_0824_000_mf_n_00000000_f_n.png,/content/drive/MyDrive/612 data/PokeSpriteCleaned/0824blipbug/blipbug.png,mapped,variant-index
/content/drive/MyDrive/612 data/ProjectPokemonCleaned/0824blipbug/poke_capture_0824_000_mf_n_00000000_f_r.png,/content/drive/MyDrive/612 data/PokeSpriteCleaned/0824blipbug/blipbug_shiny.png,mapped,variant-index
/content/drive/MyDrive/612 data/ProjectPokemonCleaned/0825dottler/poke_capture_0825_000_mf_n_00000000_f_n.png,/content/drive/MyDrive/612 data/PokeSpriteCleaned/0825dottler/dottler.png,mapped,variant-index
/content/drive/MyDrive/612 data/ProjectPokemonCleaned/0825dottler/poke_capture_0825_000_mf_n_00000000_f_r.png,/content/drive/MyDrive/612 data/PokeSpriteCleaned/0825dottler/dottler_shiny.png,mapped,variant-index
/content/drive/MyDrive/612 data/ProjectPokemonCleaned/0826orbeetle/poke_capture_0826_000_mf_g_00000000_f_n.png,/content/drive/MyDrive/612 data/PokeSpriteCleaned/0826orbeetle/orbeetle-gmax.png,mapped,gmax-direct
/content/drive/MyDrive/612 data/ProjectPokemonCleaned/0826orbeetle/poke_capture_0826_000_mf_g_00000000_f_r.png,/content/drive/MyDrive/612 data/PokeSpriteCleaned/0826orbeetle/orbeetle-gmax_shiny.png,mapped,gmax-direct
/content/drive/MyDrive/612 data/ProjectPokemonCleaned/0826orbeetle/poke_capture_0826_000_mf_n_00000000_f_n.png,/content/drive/MyDrive/612 data/PokeSpriteCleaned/0826orbeetle/orbeetle.png,mapped,variant-index
/content/drive/MyDrive/612 data/ProjectPokemonCleaned/0826orbeetle/poke_capture_0826_000_mf_n_00000000_f_r.png,/content/drive/MyDrive/612 data/PokeSpriteCleaned/0826orbeetle/orbeetle_shiny.png,mapped,variant-index
/content/drive/MyDrive/612 data/ProjectPokemonCleaned/0827nickit/poke_capture_0827_000_mf_n_00000000_f_n.png,/content/drive/MyDrive/612 data/PokeSpriteCleaned/0827nickit/nickit.png,mapped,variant-index
/content/drive/MyDrive/612 data/ProjectPokemonCleaned/0827nickit/poke_capture_0827_000_mf_n_00000000_f_r.png,/content/drive/MyDrive/612 data/PokeSpriteCleaned/0827nickit/nickit_shiny.png,mapped,variant-index
/content/drive/MyDrive/612 data/ProjectPokemonCleaned/0828thievul/poke_capture_0828_000_mf_n_00000000_f_n.png,/content/drive/MyDrive/612 data/PokeSpriteCleaned/0828thievul/thievul.png,mapped,variant-index
/content/drive/MyDrive/612 data/ProjectPokemonCleaned/0828thievul/poke_capture_0828_000_mf_n_00000000_f_r.png,/content/drive/MyDrive/612 data/PokeSpriteCleaned/0828thievul/thievul_shiny.png,mapped,variant-index
/content/drive/MyDrive/612 data/ProjectPokemonCleaned/0829gossifleur/poke_capture_0829_000_mf_n_00000000_f_n.png,/content/drive/MyDrive/612 data/PokeSpriteCleaned/0829gossifleur/gossifleur.png,mapped,variant-index
/content/drive/MyDrive/612 data/ProjectPokemonCleaned/0829gossifleur/poke_capture_0829_000_mf_n_00000000_f_r.png,/content/drive/MyDrive/612 data/PokeSpriteCleaned/0829gossifleur/gossifleur_shiny.png,mapped,variant-index
/content/drive/MyDrive/612 data/ProjectPokemonCleaned/0830eldegoss/poke_capture_0830_000_mf_n_00000000_f_n.png,/content/drive/MyDrive/612 data/PokeSpriteCleaned/0830eldegoss/eldegoss.png,mapped,variant-index
/content/drive/MyDrive/612 data/ProjectPokemonCleaned/0830eldegoss/poke_capture_0830_000_mf_n_00000000_f_r.png,/content/drive/MyDrive/612 data/PokeSpriteCleaned/0830eldegoss/eldegoss_shiny.png,mapped,variant-index
/content/drive/MyDrive/612 data/ProjectPokemonCleaned/0831wooloo/poke_capture_0831_000_mf_n_00000000_f_n.png,/content/drive/MyDrive/612 data/PokeSpriteCleaned/0831wooloo/wooloo.png,mapped,variant-index
/content/drive/MyDrive/612 data/ProjectPokemonCleaned/0831wooloo/poke_capture_0831_000_mf_n_00000000_f_r.png,/content/drive/MyDrive/612 data/PokeSpriteCleaned/0831wooloo/wooloo_shiny.png,mapped,variant-index
/content/drive/MyDrive/612 data/ProjectPokemonCleaned/0832dubwool/poke_capture_0832_000_mf_n_00000000_f_n.png,/content/drive/MyDrive/612 data/PokeSpriteCleaned/0832dubwool/dubwool.png,mapped,variant-index
/content/drive/MyDrive/612 data/ProjectPokemonCleaned/0832dubwool/poke_capture_0832_000_mf_n_00000000_f_r.png,/content/drive/MyDrive/612 data/PokeSpriteCleaned/0832dubwool/dubwool_shiny.png,mapped,variant-index
/content/drive/MyDrive/612 data/ProjectPokemonCleaned/0833chewtle/poke_capture_0833_000_mf_n_00000000_f_n.png,/content/drive/MyDrive/612 data/PokeSpriteCleaned/0833chewtle/chewtle.png,mapped,variant-index
/content/drive/MyDrive/612 data/ProjectPokemonCleaned/0833chewtle/poke_capture_0833_000_mf_n_00000000_f_r.png,/content/drive/MyDrive/612 data/PokeSpriteCleaned/0833chewtle/chewtle_shiny.png,mapped,variant-index
/content/drive/MyDrive/612 data/ProjectPokemonCleaned/0834drednaw/poke_capture_0834_000_mf_g_00000000_f_n.png,/content/drive/MyDrive/612 data/PokeSpriteCleaned/0834drednaw/drednaw-gmax.png,mapped,gmax-direct
/content/drive/MyDrive/612 data/ProjectPokemonCleaned/0834drednaw/poke_capture_0834_000_mf_g_00000000_f_r.png,/content/drive/MyDrive/612 data/PokeSpriteCleaned/0834drednaw/drednaw-gmax_shiny.png,mapped,gmax-direct
/content/drive/MyDrive/612 data/ProjectPokemonCleaned/0834drednaw/poke_capture_0834_000_mf_n_00000000_f_n.png,/content/drive/MyDrive/612 data/PokeSpriteCleaned/0834drednaw/drednaw.png,mapped,variant-index
/content/drive/MyDrive/612 data/ProjectPokemonCleaned/0834drednaw/poke_capture_0834_000_mf_n_00000000_f_r.png,/content/drive/MyDrive/612 data/PokeSpriteCleaned/0834drednaw/drednaw_shiny.png,mapped,variant-index
/content/drive/MyDrive/612 data/ProjectPokemonCleaned/0835yamper/poke_capture_0835_000_mf_n_00000000_f_n.png,/content/drive/MyDrive/612 data/PokeSpriteCleaned/0835yamper/yamper.png,mapped,variant-index
/content/drive/MyDrive/612 data/ProjectPokemonCleaned/0835yamper/poke_capture_0835_000_mf_n_00000000_f_r.png,/content/drive/MyDrive/612 data/PokeSpriteCleaned/0835yamper/yamper_shiny.png,mapped,variant-index
/content/drive/MyDrive/612 data/ProjectPokemonCleaned/0836boltund/poke_capture_0836_000_mf_n_00000000_f_n.png,/content/drive/MyDrive/612 data/PokeSpriteCleaned/0836boltund/boltund.png,mapped,variant-index
/content/drive/MyDrive/612 data/ProjectPokemonCleaned/0836boltund/poke_capture_0836_000_mf_n_00000000_f_r.png,/content/drive/MyDrive/612 data/PokeSpriteCleaned/0836boltund/boltund_shiny.png,mapped,variant-index
/content/drive/MyDrive/612 data/ProjectPokemonCleaned/0837rolycoly/poke_capture_0837_000_mf_n_00000000_f_n.png,/content/drive/MyDrive/612 data/PokeSpriteCleaned/0837rolycoly/rolycoly.png,mapped,variant-index
/content/drive/MyDrive/612 data/ProjectPokemonCleaned/0837rolycoly/poke_capture_0837_000_mf_n_00000000_f_r.png,/content/drive/MyDrive/612 data/PokeSpriteCleaned/0837rolycoly/rolycoly_shiny.png,mapped,variant-index
/content/drive/MyDrive/612 data/ProjectPokemonCleaned/0838carkol/poke_capture_0838_000_mf_n_00000000_f_n.png,/content/drive/MyDrive/612 data/PokeSpriteCleaned/0838carkol/carkol.png,mapped,variant-index
/content/drive/MyDrive/612 data/ProjectPokemonCleaned/0838carkol/poke_capture_0838_000_mf_n_00000000_f_r.png,/content/drive/MyDrive/612 data/PokeSpriteCleaned/0838carkol/carkol_shiny.png,mapped,variant-index
/content/drive/MyDrive/612 data/ProjectPokemonCleaned/0839coalossal/poke_capture_0839_000_mf_g_00000000_f_n.png,/content/drive/MyDrive/612 data/PokeSpriteCleaned/0839coalossal/coalossal-gmax.png,mapped,gmax-direct
/content/drive/MyDrive/612 data/ProjectPokemonCleaned/0839coalossal/poke_capture_0839_000_mf_g_00000000_f_r.png,/content/drive/MyDrive/612 data/PokeSpriteCleaned/0839coalossal/coalossal-gmax_shiny.png,mapped,gmax-direct
/content/drive/MyDrive/612 data/ProjectPokemonCleaned/0839coalossal/poke_capture_0839_000_mf_n_00000000_f_n.png,/content/drive/MyDrive/612 data/PokeSpriteCleaned/0839coalossal/coalossal.png,mapped,variant-index
/content/drive/MyDrive/612 data/ProjectPokemonCleaned/0839coalossal/poke_capture_0839_000_mf_n_00000000_f_r.png,/content/drive/MyDrive/612 data/PokeSpriteCleaned/0839coalossal/coalossal_shiny.png,mapped,variant-index
/content/drive/MyDrive/612 data/ProjectPokemonCleaned/0840applin/poke_capture_0840_000_mf_n_00000000_f_n.png,/content/drive/MyDrive/612 data/PokeSpriteCleaned/0840applin/applin.png,mapped,variant-index
/content/drive/MyDrive/612 data/ProjectPokemonCleaned/0840applin/poke_capture_0840_000_mf_n_00000000_f_r.png,/content/drive/MyDrive/612 data/PokeSpriteCleaned/0840applin/applin_shiny.png,mapped,variant-index
/content/drive/MyDrive/612 data/ProjectPokemonCleaned/0841flapple/poke_capture_0841_000_mf_g_00000000_f_n.png,/content/drive/MyDrive/612 data/PokeSpriteCleaned/0841flapple/flapple-gmax.png,mapped,gmax-direct
/content/drive/MyDrive/612 data/ProjectPokemonCleaned/0841flapple/poke_capture_0841_000_mf_g_00000000_f_r.png,/content/drive/MyDrive/612 data/PokeSpriteCleaned/0841flapple/flapple-gmax_shiny.png,mapped,gmax-direct
/content/drive/MyDrive/612 data/ProjectPokemonCleaned/0841flapple/poke_capture_0841_000_mf_n_00000000_f_n.png,/content/drive/MyDrive/612 data/PokeSpriteCleaned/0841flapple/flapple.png,mapped,variant-index
/content/drive/MyDrive/612 data/ProjectPokemonCleaned/0841flapple/poke_capture_0841_000_mf_n_00000000_f_r.png,/content/drive/MyDrive/612 data/PokeSpriteCleaned/0841flapple/flapple_shiny.png,mapped,variant-index
/content/drive/MyDrive/612 data/ProjectPokemonCleaned/0842appletun/poke_capture_0842_000_mf_n_00000000_f_n.png,/content/drive/MyDrive/612 data/PokeSpriteCleaned/0842appletun/appletun.png,mapped,variant-index
/content/drive/MyDrive/612 data/ProjectPokemonCleaned/0842appletun/poke_capture_0842_000_mf_n_00000000_f_r.png,/content/drive/MyDrive/612 data/PokeSpriteCleaned/0842appletun/appletun_shiny.png,mapped,variant-index
/content/drive/MyDrive/612 data/ProjectPokemonCleaned/0843silicobra/poke_capture_0843_000_mf_n_00000000_f_n.png,/content/drive/MyDrive/612 data/PokeSpriteCleaned/0843silicobra/silicobra.png,mapped,variant-index
/content/drive/MyDrive/612 data/ProjectPokemonCleaned/0843silicobra/poke_capture_0843_000_mf_n_00000000_f_r.png,/content/drive/MyDrive/612 data/PokeSpriteCleaned/0843silicobra/silicobra_shiny.png,mapped,variant-index
/content/drive/MyDrive/612 data/ProjectPokemonCleaned/0844sandaconda/poke_capture_0844_000_mf_g_00000000_f_n.png,/content/drive/MyDrive/612 data/PokeSpriteCleaned/0844sandaconda/sandaconda-gmax.png,mapped,gmax-direct
/content/drive/MyDrive/612 data/ProjectPokemonCleaned/0844sandaconda/poke_capture_0844_000_mf_g_00000000_f_r.png,/content/drive/MyDrive/612 data/PokeSpriteCleaned/0844sandaconda/sandaconda-gmax_shiny.png,mapped,gmax-direct
/content/drive/MyDrive/612 data/ProjectPokemonCleaned/0844sandaconda/poke_capture_0844_000_mf_n_00000000_f_n.png,/content/drive/MyDrive/612 data/PokeSpriteCleaned/0844sandaconda/sandaconda.png,mapped,variant-index
/content/drive/MyDrive/612 data/ProjectPokemonCleaned/0844sandaconda/poke_capture_0844_000_mf_n_00000000_f_r.png,/content/drive/MyDrive/612 data/PokeSpriteCleaned/0844sandaconda/sandaconda_shiny.png,mapped,variant-index
/content/drive/MyDrive/612 data/ProjectPokemonCleaned/0845cramorant/poke_capture_0845_000_mf_n_00000000_f_n.png,/content/drive/MyDrive/612 data/PokeSpriteCleaned/0845cramorant/cramorant.png,mapped,variant-index
/content/drive/MyDrive/612 data/ProjectPokemonCleaned/0845cramorant/poke_capture_0845_000_mf_n_00000000_f_r.png,/content/drive/MyDrive/612 data/PokeSpriteCleaned/0845cramorant/cramorant_shiny.png,mapped,variant-index
/content/drive/MyDrive/612 data/ProjectPokemonCleaned/0845cramorant/poke_capture_0845_001_mf_n_00000000_f_n.png,/content/drive/MyDrive/612 data/PokeSpriteCleaned/0845cramorant/cramorant-gorging.png,mapped,variant-index
/content/drive/MyDrive/612 data/ProjectPokemonCleaned/0845cramorant/poke_capture_0845_001_mf_n_00000000_f_r.png,/content/drive/MyDrive/612 data/PokeSpriteCleaned/0845cramorant/cramorant-gorging_shiny.png,mapped,variant-index
/content/drive/MyDrive/612 data/ProjectPokemonCleaned/0845cramorant/poke_capture_0845_002_mf_n_00000000_f_n.png,/content/drive/MyDrive/612 data/PokeSpriteCleaned/0845cramorant/cramorant-gulping.png,mapped,variant-index
/content/drive/MyDrive/612 data/ProjectPokemonCleaned/0845cramorant/poke_capture_0845_002_mf_n_00000000_f_r.png,/content/drive/MyDrive/612 data/PokeSpriteCleaned/0845cramorant/cramorant-gulping_shiny.png,mapped,variant-index
/content/drive/MyDrive/612 data/ProjectPokemonCleaned/0846arrokuda/poke_capture_0846_000_mf_n_00000000_f_n.png,/content/drive/MyDrive/612 data/PokeSpriteCleaned/0846arrokuda/arrokuda.png,mapped,variant-index
/content/drive/MyDrive/612 data/ProjectPokemonCleaned/0846arrokuda/poke_capture_0846_000_mf_n_00000000_f_r.png,/content/drive/MyDrive/612 data/PokeSpriteCleaned/0846arrokuda/arrokuda_shiny.png,mapped,variant-index
/content/drive/MyDrive/612 data/ProjectPokemonCleaned/0847barraskewda/poke_capture_0847_000_mf_n_00000000_f_n.png,/content/drive/MyDrive/612 data/PokeSpriteCleaned/0847barraskewda/barraskewda.png,mapped,variant-index
/content/drive/MyDrive/612 data/ProjectPokemonCleaned/0847barraskewda/poke_capture_0847_000_mf_n_00000000_f_r.png,/content/drive/MyDrive/612 data/PokeSpriteCleaned/0847barraskewda/barraskewda_shiny.png,mapped,variant-index
/content/drive/MyDrive/612 data/ProjectPokemonCleaned/0848toxel/poke_capture_0848_000_mf_n_00000000_f_n.png,/content/drive/MyDrive/612 data/PokeSpriteCleaned/0848toxel/toxel.png,mapped,variant-index
/content/drive/MyDrive/612 data/ProjectPokemonCleaned/0848toxel/poke_capture_0848_000_mf_n_00000000_f_r.png,/content/drive/MyDrive/612 data/PokeSpriteCleaned/0848toxel/toxel_shiny.png,mapped,variant-index
/content/drive/MyDrive/612 data/ProjectPokemonCleaned/0849toxtricity/poke_capture_0849_000_mf_g_00000000_f_n.png,/content/drive/MyDrive/612 data/PokeSpriteCleaned/0849toxtricity/toxtricity-gmax.png,mapped,gmax-direct
/content/drive/MyDrive/612 data/ProjectPokemonCleaned/0849toxtricity/poke_capture_0849_000_mf_g_00000000_f_r.png,/content/drive/MyDrive/612 data/PokeSpriteCleaned/0849toxtricity/toxtricity-gmax_shiny.png,mapped,gmax-direct
/content/drive/MyDrive/612 data/ProjectPokemonCleaned/0849toxtricity/poke_capture_0849_000_mf_n_00000000_f_n.png,/content/drive/MyDrive/612 data/PokeSpriteCleaned/0849toxtricity/toxtricity.png,mapped,variant-index
/content/drive/MyDrive/612 data/ProjectPokemonCleaned/0849toxtricity/poke_capture_0849_000_mf_n_00000000_f_r.png,/content/drive/MyDrive/612 data/PokeSpriteCleaned/0849toxtricity/toxtricity_shiny.png,mapped,variant-index
/content/drive/MyDrive/612 data/ProjectPokemonCleaned/0849toxtricity/poke_capture_0849_001_mf_n_00000000_f_n.png,/content/drive/MyDrive/612 data/PokeSpriteCleaned/0849toxtricity/toxtricity-low-key.png,mapped,variant-index
/content/drive/MyDrive/612 data/ProjectPokemonCleaned/0849toxtricity/poke_capture_0849_001_mf_n_00000000_f_r.png,/content/drive/MyDrive/612 data/PokeSpriteCleaned/0849toxtricity/toxtricity-low-key_shiny.png,mapped,variant-index
/content/drive/MyDrive/612 data/ProjectPokemonCleaned/0850sizzlipede/poke_capture_0850_000_mf_n_00000000_f_n.png,/content/drive/MyDrive/612 data/PokeSpriteCleaned/0850sizzlipede/sizzlipede.png,mapped,variant-index
/content/drive/MyDrive/612 data/ProjectPokemonCleaned/0850sizzlipede/poke_capture_0850_000_mf_n_00000000_f_r.png,/content/drive/MyDrive/612 data/PokeSpriteCleaned/0850sizzlipede/sizzlipede_shiny.png,mapped,variant-index
/content/drive/MyDrive/612 data/ProjectPokemonCleaned/0851centiskorch/poke_capture_0851_000_mf_g_00000000_f_n.png,/content/drive/MyDrive/612 data/PokeSpriteCleaned/0851centiskorch/centiskorch-gmax.png,mapped,gmax-direct
/content/drive/MyDrive/612 data/ProjectPokemonCleaned/0851centiskorch/poke_capture_0851_000_mf_g_00000000_f_r.png,/content/drive/MyDrive/612 data/PokeSpriteCleaned/0851centiskorch/centiskorch-gmax_shiny.png,mapped,gmax-direct
/content/drive/MyDrive/612 data/ProjectPokemonCleaned/0851centiskorch/poke_capture_0851_000_mf_n_00000000_f_n.png,/content/drive/MyDrive/612 data/PokeSpriteCleaned/0851centiskorch/centiskorch.png,mapped,variant-index
/content/drive/MyDrive/612 data/ProjectPokemonCleaned/0851centiskorch/poke_capture_0851_000_mf_n_00000000_f_r.png,/content/drive/MyDrive/612 data/PokeSpriteCleaned/0851centiskorch/centiskorch_shiny.png,mapped,variant-index
/content/drive/MyDrive/612 data/ProjectPokemonCleaned/0852clobbopus/poke_capture_0852_000_mf_n_00000000_f_n.png,/content/drive/MyDrive/612 data/PokeSpriteCleaned/0852clobbopus/clobbopus.png,mapped,variant-index
/content/drive/MyDrive/612 data/ProjectPokemonCleaned/0852clobbopus/poke_capture_0852_000_mf_n_00000000_f_r.png,/content/drive/MyDrive/612 data/PokeSpriteCleaned/0852clobbopus/clobbopus_shiny.png,mapped,variant-index
/content/drive/MyDrive/612 data/ProjectPokemonCleaned/0853grapploct/poke_capture_0853_000_mf_n_00000000_f_n.png,/content/drive/MyDrive/612 data/PokeSpriteCleaned/0853grapploct/grapploct.png,mapped,variant-index
/content/drive/MyDrive/612 data/ProjectPokemonCleaned/0853grapploct/poke_capture_0853_000_mf_n_00000000_f_r.png,/content/drive/MyDrive/612 data/PokeSpriteCleaned/0853grapploct/grapploct_shiny.png,mapped,variant-index
/content/drive/MyDrive/612 data/ProjectPokemonCleaned/0854sinistea/poke_capture_0854_000_uk_n_00000000_f_n.png,/content/drive/MyDrive/612 data/PokeSpriteCleaned/0854sinistea/sinistea.png,mapped,variant-index
/content/drive/MyDrive/612 data/ProjectPokemonCleaned/0854sinistea/poke_capture_0854_000_uk_n_00000000_f_r.png,/content/drive/MyDrive/612 data/PokeSpriteCleaned/0854sinistea/sinistea_shiny.png,mapped,variant-index
/content/drive/MyDrive/612 data/ProjectPokemonCleaned/0855polteageist/poke_capture_0855_000_uk_n_00000000_f_n.png,/content/drive/MyDrive/612 data/PokeSpriteCleaned/0855polteageist/polteageist.png,mapped,variant-index
/content/drive/MyDrive/612 data/ProjectPokemonCleaned/0855polteageist/poke_capture_0855_000_uk_n_00000000_f_r.png,/content/drive/MyDrive/612 data/PokeSpriteCleaned/0855polteageist/polteageist_shiny.png,mapped,variant-index
/content/drive/MyDrive/612 data/ProjectPokemonCleaned/0856hatenna/poke_capture_0856_000_fo_n_00000000_f_n.png,/content/drive/MyDrive/612 data/PokeSpriteCleaned/0856hatenna/hatenna.png,mapped,variant-index
/content/drive/MyDrive/612 data/ProjectPokemonCleaned/0856hatenna/poke_capture_0856_000_fo_n_00000000_f_r.png,/content/drive/MyDrive/612 data/PokeSpriteCleaned/0856hatenna/hatenna_shiny.png,mapped,variant-index
/content/drive/MyDrive/612 data/ProjectPokemonCleaned/0857hattrem/poke_capture_0857_000_fo_n_00000000_f_n.png,/content/drive/MyDrive/612 data/PokeSpriteCleaned/0857hattrem/hattrem.png,mapped,variant-index
/content/drive/MyDrive/612 data/ProjectPokemonCleaned/0857hattrem/poke_capture_0857_000_fo_n_00000000_f_r.png,/content/drive/MyDrive/612 data/PokeSpriteCleaned/0857hattrem/hattrem_shiny.png,mapped,variant-index
/content/drive/MyDrive/612 data/ProjectPokemonCleaned/0858hatterene/poke_capture_0858_000_fo_g_00000000_f_n.png,/content/drive/MyDrive/612 data/PokeSpriteCleaned/0858hatterene/hatterene-gmax.png,mapped,gmax-direct
/content/drive/MyDrive/612 data/ProjectPokemonCleaned/0858hatterene/poke_capture_0858_000_fo_g_00000000_f_r.png,/content/drive/MyDrive/612 data/PokeSpriteCleaned/0858hatterene/hatterene-gmax_shiny.png,mapped,gmax-direct
/content/drive/MyDrive/612 data/ProjectPokemonCleaned/0858hatterene/poke_capture_0858_000_fo_n_00000000_f_n.png,/content/drive/MyDrive/612 data/PokeSpriteCleaned/0858hatterene/hatterene.png,mapped,variant-index
/content/drive/MyDrive/612 data/ProjectPokemonCleaned/0858hatterene/poke_capture_0858_000_fo_n_00000000_f_r.png,/content/drive/MyDrive/612 data/PokeSpriteCleaned/0858hatterene/hatterene_shiny.png,mapped,variant-index
/content/drive/MyDrive/612 data/ProjectPokemonCleaned/0859impidimp/poke_capture_0859_000_mo_n_00000000_f_n.png,/content/drive/MyDrive/612 data/PokeSpriteCleaned/0859impidimp/impidimp.png,mapped,variant-index
/content/drive/MyDrive/612 data/ProjectPokemonCleaned/0859impidimp/poke_capture_0859_000_mo_n_00000000_f_r.png,/content/drive/MyDrive/612 data/PokeSpriteCleaned/0859impidimp/impidimp_shiny.png,mapped,variant-index
/content/drive/MyDrive/612 data/ProjectPokemonCleaned/0860morgrem/poke_capture_0860_000_mo_n_00000000_f_n.png,/content/drive/MyDrive/612 data/PokeSpriteCleaned/0860morgrem/morgrem.png,mapped,variant-index
/content/drive/MyDrive/612 data/ProjectPokemonCleaned/0860morgrem/poke_capture_0860_000_mo_n_00000000_f_r.png,/content/drive/MyDrive/612 data/PokeSpriteCleaned/0860morgrem/morgrem_shiny.png,mapped,variant-index
/content/drive/MyDrive/612 data/ProjectPokemonCleaned/0861grimmsnarl/poke_capture_0861_000_mo_g_00000000_f_n.png,/content/drive/MyDrive/612 data/PokeSpriteCleaned/0861grimmsnarl/grimmsnarl-gmax.png,mapped,gmax-direct
/content/drive/MyDrive/612 data/ProjectPokemonCleaned/0861grimmsnarl/poke_capture_0861_000_mo_g_00000000_f_r.png,/content/drive/MyDrive/612 data/PokeSpriteCleaned/0861grimmsnarl/grimmsnarl-gmax_shiny.png,mapped,gmax-direct
/content/drive/MyDrive/612 data/ProjectPokemonCleaned/0861grimmsnarl/poke_capture_0861_000_mo_n_00000000_f_n.png,/content/drive/MyDrive/612 data/PokeSpriteCleaned/0861grimmsnarl/grimmsnarl.png,mapped,variant-index
/content/drive/MyDrive/612 data/ProjectPokemonCleaned/0861grimmsnarl/poke_capture_0861_000_mo_n_00000000_f_r.png,/content/drive/MyDrive/612 data/PokeSpriteCleaned/0861grimmsnarl/grimmsnarl_shiny.png,mapped,variant-index
/content/drive/MyDrive/612 data/ProjectPokemonCleaned/0862obstagoon/poke_capture_0862_000_mf_n_00000000_f_n.png,/content/drive/MyDrive/612 data/PokeSpriteCleaned/0862obstagoon/obstagoon.png,mapped,variant-index
/content/drive/MyDrive/612 data/ProjectPokemonCleaned/0862obstagoon/poke_capture_0862_000_mf_n_00000000_f_r.png,/content/drive/MyDrive/612 data/PokeSpriteCleaned/0862obstagoon/obstagoon_shiny.png,mapped,variant-index
/content/drive/MyDrive/612 data/ProjectPokemonCleaned/0863perrserker/poke_capture_0863_000_mf_n_00000000_f_n.png,/content/drive/MyDrive/612 data/PokeSpriteCleaned/0863perrserker/perrserker.png,mapped,variant-index
/content/drive/MyDrive/612 data/ProjectPokemonCleaned/0863perrserker/poke_capture_0863_000_mf_n_00000000_f_r.png,/content/drive/MyDrive/612 data/PokeSpriteCleaned/0863perrserker/perrserker_shiny.png,mapped,variant-index
/content/drive/MyDrive/612 data/ProjectPokemonCleaned/0864cursola/poke_capture_0864_000_mf_n_00000000_f_n.png,/content/drive/MyDrive/612 data/PokeSpriteCleaned/0864cursola/cursola.png,mapped,variant-index
/content/drive/MyDrive/612 data/ProjectPokemonCleaned/0864cursola/poke_capture_0864_000_mf_n_00000000_f_r.png,/content/drive/MyDrive/612 data/PokeSpriteCleaned/0864cursola/cursola_shiny.png,mapped,variant-index
/content/drive/MyDrive/612 data/ProjectPokemonCleaned/0865sirfetch_d/poke_capture_0865_000_mf_n_00000000_f_n.png,/content/drive/MyDrive/612 data/PokeSpriteCleaned/0865sirfetch_d/sirfetch_d.png,mapped,variant-index
/content/drive/MyDrive/612 data/ProjectPokemonCleaned/0865sirfetch_d/poke_capture_0865_000_mf_n_00000000_f_r.png,/content/drive/MyDrive/612 data/PokeSpriteCleaned/0865sirfetch_d/sirfetch_d_shiny.png,mapped,variant-index
/content/drive/MyDrive/612 data/ProjectPokemonCleaned/0866mr. rime/poke_capture_0866_000_mf_n_00000000_f_n.png,/content/drive/MyDrive/612 data/PokeSpriteCleaned/0866mr. rime/mr. rime.png,mapped,variant-index
/content/drive/MyDrive/612 data/ProjectPokemonCleaned/0866mr. rime/poke_capture_0866_000_mf_n_00000000_f_r.png,/content/drive/MyDrive/612 data/PokeSpriteCleaned/0866mr. rime/mr. rime_shiny.png,mapped,variant-index
/content/drive/MyDrive/612 data/ProjectPokemonCleaned/0867runerigus/poke_capture_0867_000_mf_n_00000000_f_n.png,/content/drive/MyDrive/612 data/PokeSpriteCleaned/0867runerigus/runerigus.png,mapped,variant-index
/content/drive/MyDrive/612 data/ProjectPokemonCleaned/0867runerigus/poke_capture_0867_000_mf_n_00000000_f_r.png,/content/drive/MyDrive/612 data/PokeSpriteCleaned/0867runerigus/runerigus_shiny.png,mapped,variant-index
/content/drive/MyDrive/612 data/ProjectPokemonCleaned/0868milcery/poke_capture_0868_000_fo_n_00000000_f_n.png,/content/drive/MyDrive/612 data/PokeSpriteCleaned/0868milcery/milcery.png,mapped,variant-index
/content/drive/MyDrive/612 data/ProjectPokemonCleaned/0868milcery/poke_capture_0868_000_fo_n_00000000_f_r.png,/content/drive/MyDrive/612 data/PokeSpriteCleaned/0868milcery/milcery_shiny.png,mapped,variant-index
/content/drive/MyDrive/612 data/ProjectPokemonCleaned/0869alcremie/poke_capture_0869_000_fo_g_00000000_f_n.png,/content/drive/MyDrive/612 data/PokeSpriteCleaned/0869alcremie/alcremie-gmax.png,mapped,gmax-direct
/content/drive/MyDrive/612 data/ProjectPokemonCleaned/0869alcremie/poke_capture_0869_000_fo_g_00000000_f_r.png,/content/drive/MyDrive/612 data/PokeSpriteCleaned/0869alcremie/alcremie-gmax_shiny.png,mapped,gmax-direct
/content/drive/MyDrive/612 data/ProjectPokemonCleaned/0869alcremie/poke_capture_0869_000_fo_n_00000006_f_n.png,/content/drive/MyDrive/612 data/PokeSpriteCleaned/0869alcremie/alcremie.png,mapped,variant-index
/content/drive/MyDrive/612 data/ProjectPokemonCleaned/0869alcremie/poke_capture_0869_000_fo_n_00000006_f_r.png,/content/drive/MyDrive/612 data/PokeSpriteCleaned/0869alcremie/alcremie_shiny.png,mapped,variant-index
/content/drive/MyDrive/612 data/ProjectPokemonCleaned/0869alcremie/poke_capture_0869_001_fo_n_00000006_f_n.png,/content/drive/MyDrive/612 data/PokeSpriteCleaned/0869alcremie/alcremie-caramel-swirl-berry.png,mapped,variant-index
/content/drive/MyDrive/612 data/ProjectPokemonCleaned/0869alcremie/poke_capture_0869_002_fo_n_00000006_f_n.png,/content/drive/MyDrive/612 data/PokeSpriteCleaned/0869alcremie/alcremie-caramel-swirl-clover.png,mapped,variant-index
/content/drive/MyDrive/612 data/ProjectPokemonCleaned/0869alcremie/poke_capture_0869_003_fo_n_00000006_f_n.png,/content/drive/MyDrive/612 data/PokeSpriteCleaned/0869alcremie/alcremie-caramel-swirl-flower.png,mapped,variant-index
/content/drive/MyDrive/612 data/ProjectPokemonCleaned/0869alcremie/poke_capture_0869_004_fo_n_00000006_f_n.png,/content/drive/MyDrive/612 data/PokeSpriteCleaned/0869alcremie/alcremie-caramel-swirl-love.png,mapped,variant-index
/content/drive/MyDrive/612 data/ProjectPokemonCleaned/0869alcremie/poke_capture_0869_005_fo_n_00000006_f_n.png,/content/drive/MyDrive/612 data/PokeSpriteCleaned/0869alcremie/alcremie-caramel-swirl-plain.png,mapped,variant-index
/content/drive/MyDrive/612 data/ProjectPokemonCleaned/0869alcremie/poke_capture_0869_006_fo_n_00000006_f_n.png,/content/drive/MyDrive/612 data/PokeSpriteCleaned/0869alcremie/alcremie-caramel-swirl-ribbon.png,mapped,variant-index
/content/drive/MyDrive/612 data/ProjectPokemonCleaned/0869alcremie/poke_capture_0869_007_fo_n_00000006_f_n.png,/content/drive/MyDrive/612 data/PokeSpriteCleaned/0869alcremie/alcremie-caramel-swirl-star.png,mapped,variant-index
/content/drive/MyDrive/612 data/ProjectPokemonCleaned/0869alcremie/poke_capture_0869_008_fo_n_00000006_f_n.png,/content/drive/MyDrive/612 data/PokeSpriteCleaned/0869alcremie/alcremie-caramel-swirl-strawberry.png,mapped,variant-index
/content/drive/MyDrive/612 data/ProjectPokemonCleaned/0870falinks/poke_capture_0870_000_uk_n_00000000_f_n.png,/content/drive/MyDrive/612 data/PokeSpriteCleaned/0870falinks/falinks.png,mapped,variant-index
/content/drive/MyDrive/612 data/ProjectPokemonCleaned/0870falinks/poke_capture_0870_000_uk_n_00000000_f_r.png,/content/drive/MyDrive/612 data/PokeSpriteCleaned/0870falinks/falinks_shiny.png,mapped,variant-index
/content/drive/MyDrive/612 data/ProjectPokemonCleaned/0871pincurchin/poke_capture_0871_000_mf_n_00000000_f_n.png,/content/drive/MyDrive/612 data/PokeSpriteCleaned/0871pincurchin/pincurchin.png,mapped,variant-index
/content/drive/MyDrive/612 data/ProjectPokemonCleaned/0871pincurchin/poke_capture_0871_000_mf_n_00000000_f_r.png,/content/drive/MyDrive/612 data/PokeSpriteCleaned/0871pincurchin/pincurchin_shiny.png,mapped,variant-index
/content/drive/MyDrive/612 data/ProjectPokemonCleaned/0872snom/poke_capture_0872_000_mf_n_00000000_f_n.png,/content/drive/MyDrive/612 data/PokeSpriteCleaned/0872snom/snom.png,mapped,variant-index
/content/drive/MyDrive/612 data/ProjectPokemonCleaned/0872snom/poke_capture_0872_000_mf_n_00000000_f_r.png,/content/drive/MyDrive/612 data/PokeSpriteCleaned/0872snom/snom_shiny.png,mapped,variant-index
/content/drive/MyDrive/612 data/ProjectPokemonCleaned/0873frosmoth/poke_capture_0873_000_mf_n_00000000_f_n.png,/content/drive/MyDrive/612 data/PokeSpriteCleaned/0873frosmoth/frosmoth.png,mapped,variant-index
/content/drive/MyDrive/612 data/ProjectPokemonCleaned/0873frosmoth/poke_capture_0873_000_mf_n_00000000_f_r.png,/content/drive/MyDrive/612 data/PokeSpriteCleaned/0873frosmoth/frosmoth_shiny.png,mapped,variant-index
/content/drive/MyDrive/612 data/ProjectPokemonCleaned/0874stonjourner/poke_capture_0874_000_mf_n_00000000_f_n.png,/content/drive/MyDrive/612 data/PokeSpriteCleaned/0874stonjourner/stonjourner.png,mapped,variant-index
/content/drive/MyDrive/612 data/ProjectPokemonCleaned/0874stonjourner/poke_capture_0874_000_mf_n_00000000_f_r.png,/content/drive/MyDrive/612 data/PokeSpriteCleaned/0874stonjourner/stonjourner_shiny.png,mapped,variant-index
/content/drive/MyDrive/612 data/ProjectPokemonCleaned/0875eiscue/poke_capture_0875_000_mf_n_00000000_f_n.png,/content/drive/MyDrive/612 data/PokeSpriteCleaned/0875eiscue/eiscue.png,mapped,variant-index
/content/drive/MyDrive/612 data/ProjectPokemonCleaned/0875eiscue/poke_capture_0875_000_mf_n_00000000_f_r.png,/content/drive/MyDrive/612 data/PokeSpriteCleaned/0875eiscue/eiscue_shiny.png,mapped,variant-index
/content/drive/MyDrive/612 data/ProjectPokemonCleaned/0875eiscue/poke_capture_0875_001_mf_n_00000000_f_n.png,/content/drive/MyDrive/612 data/PokeSpriteCleaned/0875eiscue/eiscue-noice.png,mapped,variant-index
/content/drive/MyDrive/612 data/ProjectPokemonCleaned/0875eiscue/poke_capture_0875_001_mf_n_00000000_f_r.png,/content/drive/MyDrive/612 data/PokeSpriteCleaned/0875eiscue/eiscue-noice_shiny.png,mapped,variant-index
/content/drive/MyDrive/612 data/ProjectPokemonCleaned/0876indeedee/poke_capture_0876_000_mo_n_00000000_f_n.png,/content/drive/MyDrive/612 data/PokeSpriteCleaned/0876indeedee/indeedee.png,mapped,variant-index
/content/drive/MyDrive/612 data/ProjectPokemonCleaned/0876indeedee/poke_capture_0876_000_mo_n_00000000_f_r.png,/content/drive/MyDrive/612 data/PokeSpriteCleaned/0876indeedee/indeedee_shiny.png,mapped,variant-index
/content/drive/MyDrive/612 data/ProjectPokemonCleaned/0876indeedee/poke_capture_0876_001_fo_n_00000000_f_n.png,/content/drive/MyDrive/612 data/PokeSpriteCleaned/0876indeedee/indeedee_female.png,mapped,variant-index
/content/drive/MyDrive/612 data/ProjectPokemonCleaned/0876indeedee/poke_capture_0876_001_fo_n_00000000_f_r.png,/content/drive/MyDrive/612 data/PokeSpriteCleaned/0876indeedee/indeedee_shiny.png,mapped,variant-out-of-range-fallback
/content/drive/MyDrive/612 data/ProjectPokemonCleaned/0877morpeko/poke_capture_0877_000_mf_n_00000000_f_n.png,/content/drive/MyDrive/612 data/PokeSpriteCleaned/0877morpeko/morpeko.png,mapped,variant-index
/content/drive/MyDrive/612 data/ProjectPokemonCleaned/0877morpeko/poke_capture_0877_000_mf_n_00000000_f_r.png,/content/drive/MyDrive/612 data/PokeSpriteCleaned/0877morpeko/morpeko_shiny.png,mapped,variant-index
/content/drive/MyDrive/612 data/ProjectPokemonCleaned/0877morpeko/poke_capture_0877_001_mf_n_00000000_f_n.png,/content/drive/MyDrive/612 data/PokeSpriteCleaned/0877morpeko/morpeko-hangry.png,mapped,variant-index
/content/drive/MyDrive/612 data/ProjectPokemonCleaned/0877morpeko/poke_capture_0877_001_mf_n_00000000_f_r.png,/content/drive/MyDrive/612 data/PokeSpriteCleaned/0877morpeko/morpeko-hangry_shiny.png,mapped,variant-index
/content/drive/MyDrive/612 data/ProjectPokemonCleaned/0878cufant/poke_capture_0878_000_mf_n_00000000_f_n.png,/content/drive/MyDrive/612 data/PokeSpriteCleaned/0878cufant/cufant.png,mapped,variant-index
/content/drive/MyDrive/612 data/ProjectPokemonCleaned/0878cufant/poke_capture_0878_000_mf_n_00000000_f_r.png,/content/drive/MyDrive/612 data/PokeSpriteCleaned/0878cufant/cufant_shiny.png,mapped,variant-index
/content/drive/MyDrive/612 data/ProjectPokemonCleaned/0879copperajah/poke_capture_0879_000_mf_g_00000000_f_n.png,/content/drive/MyDrive/612 data/PokeSpriteCleaned/0879copperajah/copperajah-gmax.png,mapped,gmax-direct
/content/drive/MyDrive/612 data/ProjectPokemonCleaned/0879copperajah/poke_capture_0879_000_mf_g_00000000_f_r.png,/content/drive/MyDrive/612 data/PokeSpriteCleaned/0879copperajah/copperajah-gmax_shiny.png,mapped,gmax-direct
/content/drive/MyDrive/612 data/ProjectPokemonCleaned/0879copperajah/poke_capture_0879_000_mf_n_00000000_f_n.png,/content/drive/MyDrive/612 data/PokeSpriteCleaned/0879copperajah/copperajah.png,mapped,variant-index
/content/drive/MyDrive/612 data/ProjectPokemonCleaned/0879copperajah/poke_capture_0879_000_mf_n_00000000_f_r.png,/content/drive/MyDrive/612 data/PokeSpriteCleaned/0879copperajah/copperajah_shiny.png,mapped,variant-index
/content/drive/MyDrive/612 data/ProjectPokemonCleaned/0880dracozolt/poke_capture_0880_000_uk_n_00000000_f_n.png,/content/drive/MyDrive/612 data/PokeSpriteCleaned/0880dracozolt/dracozolt.png,mapped,variant-index
/content/drive/MyDrive/612 data/ProjectPokemonCleaned/0880dracozolt/poke_capture_0880_000_uk_n_00000000_f_r.png,/content/drive/MyDrive/612 data/PokeSpriteCleaned/0880dracozolt/dracozolt_shiny.png,mapped,variant-index
/content/drive/MyDrive/612 data/ProjectPokemonCleaned/0881arctozolt/poke_capture_0881_000_uk_n_00000000_f_n.png,/content/drive/MyDrive/612 data/PokeSpriteCleaned/0881arctozolt/arctozolt.png,mapped,variant-index
/content/drive/MyDrive/612 data/ProjectPokemonCleaned/0881arctozolt/poke_capture_0881_000_uk_n_00000000_f_r.png,/content/drive/MyDrive/612 data/PokeSpriteCleaned/0881arctozolt/arctozolt_shiny.png,mapped,variant-index
/content/drive/MyDrive/612 data/ProjectPokemonCleaned/0882dracovish/poke_capture_0882_000_uk_n_00000000_f_n.png,/content/drive/MyDrive/612 data/PokeSpriteCleaned/0882dracovish/dracovish.png,mapped,variant-index
/content/drive/MyDrive/612 data/ProjectPokemonCleaned/0882dracovish/poke_capture_0882_000_uk_n_00000000_f_r.png,/content/drive/MyDrive/612 data/PokeSpriteCleaned/0882dracovish/dracovish_shiny.png,mapped,variant-index
/content/drive/MyDrive/612 data/ProjectPokemonCleaned/0883arctovish/poke_capture_0883_000_uk_n_00000000_f_n.png,/content/drive/MyDrive/612 data/PokeSpriteCleaned/0883arctovish/arctovish.png,mapped,variant-index
/content/drive/MyDrive/612 data/ProjectPokemonCleaned/0883arctovish/poke_capture_0883_000_uk_n_00000000_f_r.png,/content/drive/MyDrive/612 data/PokeSpriteCleaned/0883arctovish/arctovish_shiny.png,mapped,variant-index
/content/drive/MyDrive/612 data/ProjectPokemonCleaned/0884duraludon/poke_capture_0884_000_mf_g_00000000_f_n.png,/content/drive/MyDrive/612 data/PokeSpriteCleaned/0884duraludon/duraludon-gmax.png,mapped,gmax-direct
/content/drive/MyDrive/612 data/ProjectPokemonCleaned/0884duraludon/poke_capture_0884_000_mf_g_00000000_f_r.png,/content/drive/MyDrive/612 data/PokeSpriteCleaned/0884duraludon/duraludon-gmax_shiny.png,mapped,gmax-direct
/content/drive/MyDrive/612 data/ProjectPokemonCleaned/0884duraludon/poke_capture_0884_000_mf_n_00000000_f_n.png,/content/drive/MyDrive/612 data/PokeSpriteCleaned/0884duraludon/duraludon.png,mapped,variant-index
/content/drive/MyDrive/612 data/ProjectPokemonCleaned/0884duraludon/poke_capture_0884_000_mf_n_00000000_f_r.png,/content/drive/MyDrive/612 data/PokeSpriteCleaned/0884duraludon/duraludon_shiny.png,mapped,variant-index
/content/drive/MyDrive/612 data/ProjectPokemonCleaned/0885dreepy/poke_capture_0885_000_mf_n_00000000_f_n.png,/content/drive/MyDrive/612 data/PokeSpriteCleaned/0885dreepy/dreepy.png,mapped,variant-index
/content/drive/MyDrive/612 data/ProjectPokemonCleaned/0885dreepy/poke_capture_0885_000_mf_n_00000000_f_r.png,/content/drive/MyDrive/612 data/PokeSpriteCleaned/0885dreepy/dreepy_shiny.png,mapped,variant-index
/content/drive/MyDrive/612 data/ProjectPokemonCleaned/0886drakloak/poke_capture_0886_000_mf_n_00000000_f_n.png,/content/drive/MyDrive/612 data/PokeSpriteCleaned/0886drakloak/drakloak.png,mapped,variant-index
/content/drive/MyDrive/612 data/ProjectPokemonCleaned/0886drakloak/poke_capture_0886_000_mf_n_00000000_f_r.png,/content/drive/MyDrive/612 data/PokeSpriteCleaned/0886drakloak/drakloak_shiny.png,mapped,variant-index
/content/drive/MyDrive/612 data/ProjectPokemonCleaned/0887dragapult/poke_capture_0887_000_mf_n_00000000_f_n.png,/content/drive/MyDrive/612 data/PokeSpriteCleaned/0887dragapult/dragapult.png,mapped,variant-index
/content/drive/MyDrive/612 data/ProjectPokemonCleaned/0887dragapult/poke_capture_0887_000_mf_n_00000000_f_r.png,/content/drive/MyDrive/612 data/PokeSpriteCleaned/0887dragapult/dragapult_shiny.png,mapped,variant-index
/content/drive/MyDrive/612 data/ProjectPokemonCleaned/0888zacian/poke_capture_0888_000_uk_n_00000000_f_n.png,/content/drive/MyDrive/612 data/PokeSpriteCleaned/0888zacian/zacian.png,mapped,variant-index
/content/drive/MyDrive/612 data/ProjectPokemonCleaned/0888zacian/poke_capture_0888_000_uk_n_00000000_f_r.png,/content/drive/MyDrive/612 data/PokeSpriteCleaned/0888zacian/zacian_shiny.png,mapped,variant-index
/content/drive/MyDrive/612 data/ProjectPokemonCleaned/0888zacian/poke_capture_0888_001_uk_n_00000000_f_n.png,/content/drive/MyDrive/612 data/PokeSpriteCleaned/0888zacian/zacian-crowned.png,mapped,variant-index
/content/drive/MyDrive/612 data/ProjectPokemonCleaned/0888zacian/poke_capture_0888_001_uk_n_00000000_f_r.png,/content/drive/MyDrive/612 data/PokeSpriteCleaned/0888zacian/zacian-crowned_shiny.png,mapped,variant-index
/content/drive/MyDrive/612 data/ProjectPokemonCleaned/0889zamazenta/poke_capture_0889_000_uk_n_00000000_f_n.png,/content/drive/MyDrive/612 data/PokeSpriteCleaned/0889zamazenta/zamazenta.png,mapped,variant-index
/content/drive/MyDrive/612 data/ProjectPokemonCleaned/0889zamazenta/poke_capture_0889_000_uk_n_00000000_f_r.png,/content/drive/MyDrive/612 data/PokeSpriteCleaned/0889zamazenta/zamazenta_shiny.png,mapped,variant-index
/content/drive/MyDrive/612 data/ProjectPokemonCleaned/0889zamazenta/poke_capture_0889_001_uk_n_00000000_f_n.png,/content/drive/MyDrive/612 data/PokeSpriteCleaned/0889zamazenta/zamazenta-crowned.png,mapped,variant-index
/content/drive/MyDrive/612 data/ProjectPokemonCleaned/0889zamazenta/poke_capture_0889_001_uk_n_00000000_f_r.png,/content/drive/MyDrive/612 data/PokeSpriteCleaned/0889zamazenta/zamazenta-crowned_shiny.png,mapped,variant-index
/content/drive/MyDrive/612 data/ProjectPokemonCleaned/0890eternatus/poke_capture_0890_000_uk_n_00000000_f_n.png,/content/drive/MyDrive/612 data/PokeSpriteCleaned/0890eternatus/eternatus.png,mapped,variant-index
/content/drive/MyDrive/612 data/ProjectPokemonCleaned/0890eternatus/poke_capture_0890_000_uk_n_00000000_f_r.png,/content/drive/MyDrive/612 data/PokeSpriteCleaned/0890eternatus/eternatus_shiny.png,mapped,variant-index
/content/drive/MyDrive/612 data/ProjectPokemonCleaned/0890eternatus/poke_capture_0890_001_uk_n_00000000_f_n.png,/content/drive/MyDrive/612 data/PokeSpriteCleaned/0890eternatus/eternatus-eternamax.png,mapped,variant-index
/content/drive/MyDrive/612 data/ProjectPokemonCleaned/0890eternatus/poke_capture_0890_001_uk_n_00000000_f_r.png,/content/drive/MyDrive/612 data/PokeSpriteCleaned/0890eternatus/eternatus-eternamax_shiny.png,mapped,variant-index
/content/drive/MyDrive/612 data/ProjectPokemonCleaned/0891kubfu/poke_capture_0891_000_mf_n_00000000_f_n.png,/content/drive/MyDrive/612 data/PokeSpriteCleaned/0891kubfu/kubfu.png,mapped,variant-index
/content/drive/MyDrive/612 data/ProjectPokemonCleaned/0891kubfu/poke_capture_0891_000_mf_n_00000000_f_r.png,/content/drive/MyDrive/612 data/PokeSpriteCleaned/0891kubfu/kubfu_shiny.png,mapped,variant-index
/content/drive/MyDrive/612 data/ProjectPokemonCleaned/0892urshifu/poke_capture_0892_000_mf_n_00000000_f_n.png,/content/drive/MyDrive/612 data/PokeSpriteCleaned/0892urshifu/urshifu.png,mapped,variant-index
/content/drive/MyDrive/612 data/ProjectPokemonCleaned/0892urshifu/poke_capture_0892_000_mf_n_00000000_f_r.png,/content/drive/MyDrive/612 data/PokeSpriteCleaned/0892urshifu/urshifu_shiny.png,mapped,variant-index
/content/drive/MyDrive/612 data/ProjectPokemonCleaned/0892urshifu/poke_capture_0892_001_mf_g_00000000_f_n.png,/content/drive/MyDrive/612 data/PokeSpriteCleaned/0892urshifu/urshifu-gmax.png,mapped,gmax-direct
/content/drive/MyDrive/612 data/ProjectPokemonCleaned/0892urshifu/poke_capture_0892_001_mf_g_00000000_f_r.png,/content/drive/MyDrive/612 data/PokeSpriteCleaned/0892urshifu/urshifu-gmax_shiny.png,mapped,gmax-direct
/content/drive/MyDrive/612 data/ProjectPokemonCleaned/0892urshifu/poke_capture_0892_001_mf_n_00000000_f_n.png,/content/drive/MyDrive/612 data/PokeSpriteCleaned/0892urshifu/urshifu.png,mapped,variant-out-of-range-fallback
/content/drive/MyDrive/612 data/ProjectPokemonCleaned/0892urshifu/poke_capture_0892_001_mf_n_00000000_f_r.png,/content/drive/MyDrive/612 data/PokeSpriteCleaned/0892urshifu/urshifu_shiny.png,mapped,variant-out-of-range-fallback
/content/drive/MyDrive/612 data/ProjectPokemonCleaned/0893zarude/poke_capture_0893_000_uk_n_00000000_f_n.png,/content/drive/MyDrive/612 data/PokeSpriteCleaned/0893zarude/zarude.png,mapped,variant-index
/content/drive/MyDrive/612 data/ProjectPokemonCleaned/0893zarude/poke_capture_0893_000_uk_n_00000000_f_r.png,/content/drive/MyDrive/612 data/PokeSpriteCleaned/0893zarude/zarude_shiny.png,mapped,variant-index
/content/drive/MyDrive/612 data/ProjectPokemonCleaned/0893zarude/poke_capture_0893_001_uk_n_00000000_f_n.png,/content/drive/MyDrive/612 data/PokeSpriteCleaned/0893zarude/zarude-dada.png,mapped,variant-index
/content/drive/MyDrive/612 data/ProjectPokemonCleaned/0893zarude/poke_capture_0893_001_uk_n_00000000_f_r.png,/content/drive/MyDrive/612 data/PokeSpriteCleaned/0893zarude/zarude-dada_shiny.png,mapped,variant-index
/content/drive/MyDrive/612 data/ProjectPokemonCleaned/0894regieleki/poke_capture_0894_000_uk_n_00000000_f_n.png,/content/drive/MyDrive/612 data/PokeSpriteCleaned/0894regieleki/regieleki.png,mapped,variant-index
/content/drive/MyDrive/612 data/ProjectPokemonCleaned/0894regieleki/poke_capture_0894_000_uk_n_00000000_f_r.png,/content/drive/MyDrive/612 data/PokeSpriteCleaned/0894regieleki/regieleki_shiny.png,mapped,variant-index
/content/drive/MyDrive/612 data/ProjectPokemonCleaned/0895regidrago/poke_capture_0895_000_uk_n_00000000_f_n.png,/content/drive/MyDrive/612 data/PokeSpriteCleaned/0895regidrago/regidrago.png,mapped,variant-index
/content/drive/MyDrive/612 data/ProjectPokemonCleaned/0895regidrago/poke_capture_0895_000_uk_n_00000000_f_r.png,/content/drive/MyDrive/612 data/PokeSpriteCleaned/0895regidrago/regidrago_shiny.png,mapped,variant-index
/content/drive/MyDrive/612 data/ProjectPokemonCleaned/0896glastrier/poke_capture_0896_000_uk_n_00000000_f_n.png,/content/drive/MyDrive/612 data/PokeSpriteCleaned/0896glastrier/glastrier.png,mapped,variant-index
/content/drive/MyDrive/612 data/ProjectPokemonCleaned/0896glastrier/poke_capture_0896_000_uk_n_00000000_f_r.png,/content/drive/MyDrive/612 data/PokeSpriteCleaned/0896glastrier/glastrier_shiny.png,mapped,variant-index
/content/drive/MyDrive/612 data/ProjectPokemonCleaned/0897spectrier/poke_capture_0897_000_uk_n_00000000_f_n.png,/content/drive/MyDrive/612 data/PokeSpriteCleaned/0897spectrier/spectrier.png,mapped,variant-index
/content/drive/MyDrive/612 data/ProjectPokemonCleaned/0897spectrier/poke_capture_0897_000_uk_n_00000000_f_r.png,/content/drive/MyDrive/612 data/PokeSpriteCleaned/0897spectrier/spectrier_shiny.png,mapped,variant-index
/content/drive/MyDrive/612 data/ProjectPokemonCleaned/0898calyrex/poke_capture_0898_000_uk_n_00000000_f_n.png,/content/drive/MyDrive/612 data/PokeSpriteCleaned/0898calyrex/calyrex.png,mapped,variant-index
/content/drive/MyDrive/612 data/ProjectPokemonCleaned/0898calyrex/poke_capture_0898_000_uk_n_00000000_f_r.png,/content/drive/MyDrive/612 data/PokeSpriteCleaned/0898calyrex/calyrex_shiny.png,mapped,variant-index
/content/drive/MyDrive/612 data/ProjectPokemonCleaned/0898calyrex/poke_capture_0898_001_uk_n_00000000_f_n.png,/content/drive/MyDrive/612 data/PokeSpriteCleaned/0898calyrex/calyrex-ice-rider.png,mapped,variant-index
/content/drive/MyDrive/612 data/ProjectPokemonCleaned/0898calyrex/poke_capture_0898_001_uk_n_00000000_f_r.png,/content/drive/MyDrive/612 data/PokeSpriteCleaned/0898calyrex/calyrex-ice-rider_shiny.png,mapped,variant-index
/content/drive/MyDrive/612 data/ProjectPokemonCleaned/0898calyrex/poke_capture_0898_002_uk_n_00000000_f_n.png,/content/drive/MyDrive/612 data/PokeSpriteCleaned/0898calyrex/calyrex-shadow-rider.png,mapped,variant-index
/content/drive/MyDrive/612 data/ProjectPokemonCleaned/0898calyrex/poke_capture_0898_002_uk_n_00000000_f_r.png,/content/drive/MyDrive/612 data/PokeSpriteCleaned/0898calyrex/calyrex-shadow-rider_shiny.png,mapped,variant-index
/content/drive/MyDrive/612 data/ProjectPokemonCleaned/0899wyrdeer/wyrdeer.jpg,/content/drive/MyDrive/612 data/PokeSpriteCleaned/0899wyrdeer/wyrdeer.png,mapped,manual
/content/drive/MyDrive/612 data/ProjectPokemonCleaned/0900kleavor/kleavor.jpg,/content/drive/MyDrive/612 data/PokeSpriteCleaned/0900kleavor/kleavor.png,mapped,manual
/content/drive/MyDrive/612 data/ProjectPokemonCleaned/0901ursaluna/ursaluna.jpg,/content/drive/MyDrive/612 data/PokeSpriteCleaned/0901ursaluna/ursaluna.png,mapped,manual
/content/drive/MyDrive/612 data/ProjectPokemonCleaned/0902basculegion/basculegion.jpg,/content/drive/MyDrive/612 data/PokeSpriteCleaned/0902basculegion/basculegion.png,mapped,manual
/content/drive/MyDrive/612 data/ProjectPokemonCleaned/0903sneasler/sneasler.jpg,/content/drive/MyDrive/612 data/PokeSpriteCleaned/0903sneasler/sneasler.png,mapped,manual
/content/drive/MyDrive/612 data/ProjectPokemonCleaned/0904overqwil/overqwil.jpg,/content/drive/MyDrive/612 data/PokeSpriteCleaned/0904overqwil/overqwil.png,mapped,manual
/content/drive/MyDrive/612 data/ProjectPokemonCleaned/0905enamorus/enamorus.jpg,/content/drive/MyDrive/612 data/PokeSpriteCleaned/0905enamorus/enamorus.png,mapped,manual