model_folder,model_file,sprite_folder,sprite_file
0001bulbasaur,poke_capture_0001_000_mf_n_00000000_f_n.png,0001bulbasaur,bulbasaur.png
0001bulbasaur,poke_capture_0001_000_mf_n_00000000_f_r.png,0001bulbasaur,bulbasaur_shiny.png
0002ivysaur,poke_capture_0002_000_mf_n_00000000_f_n.png,0002ivysaur,ivysaur.png
0002ivysaur,poke_capture_0002_000_mf_n_00000000_f_r.png,0002ivysaur,ivysaur_shiny.png
0003venusaur,poke_capture_0003_000_fd_n_00000000_f_n.png,0003venusaur,venusaur.png
0003venusaur,poke_capture_0003_000_fd_n_00000000_f_r.png,0003venusaur,venusaur_shiny.png
0003venusaur,poke_capture_0003_000_md_n_00000000_f_n.png,0003venusaur,venusaur.png
0003venusaur,poke_capture_0003_000_md_n_00000000_f_r.png,0003venusaur,venusaur_shiny.png
0003venusaur,poke_capture_0003_000_mf_g_00000000_f_n.png,0003venusaur,venusaur-gmax.png
0003venusaur,poke_capture_0003_000_mf_g_00000000_f_r.png,0003venusaur,venusaur-gmax_shiny.png
0003venusaur,poke_capture_0003_001_mf_n_00000000_f_n.png,0003venusaur,venusaur-mega.png
0003venusaur,poke_capture_0003_001_mf_n_00000000_f_r.png,0003venusaur,venusaur-mega_shiny.png
0004charmander,poke_capture_0004_000_mf_n_00000000_f_n.png,0004charmander,charmander.png
0004charmander,poke_capture_0004_000_mf_n_00000000_f_r.png,0004charmander,charmander_shiny.png
0005charmeleon,poke_capture_0005_000_mf_n_00000000_f_n.png,0005charmeleon,charmeleon.png
0005charmeleon,poke_capture_0005_000_mf_n_00000000_f_r.png,0005charmeleon,charmeleon_shiny.png
0006charizard,poke_capture_0006_000_mf_g_00000000_f_n.png,0006charizard,charizard-gmax.png
0006charizard,poke_capture_0006_000_mf_g_00000000_f_r.png,0006charizard,charizard-gmax_shiny.png
0006charizard,poke_capture_0006_000_mf_n_00000000_f_n.png,0006charizard,charizard.png
0006charizard,poke_capture_0006_000_mf_n_00000000_f_r.png,0006charizard,charizard_shiny.png
0006charizard,poke_capture_0006_001_mf_n_00000000_f_n.png,0006charizard,charizard-mega-x.png
0006charizard,poke_capture_0006_001_mf_n_00000000_f_r.png,0006charizard,charizard-mega-x_shiny.png
0006charizard,poke_capture_0006_002_mf_n_00000000_f_n.png,0006charizard,charizard-mega-y.png
0006charizard,poke_capture_0006_002_mf_n_00000000_f_r.png,0006charizard,charizard-mega-y_shiny.png
0007squirtle,poke_capture_0007_000_mf_n_00000000_f_n.png,0007squirtle,squirtle.png
0007squirtle,poke_capture_0007_000_mf_n_00000000_f_r.png,0007squirtle,squirtle_shiny.png
0008wartortle,poke_capture_0008_000_mf_n_00000000_f_n.png,0008wartortle,wartortle.png
0008wartortle,poke_capture_0008_000_mf_n_00000000_f_r.png,0008wartortle,wartortle_shiny.png
0009blastoise,poke_capture_0009_000_mf_g_00000000_f_n.png,0009blastoise,blastoise-gmax.png
0009blastoise,poke_capture_0009_000_mf_g_00000000_f_r.png,0009blastoise,blastoise-gmax_shiny.png
0009blastoise,poke_capture_0009_000_mf_n_00000000_f_n.png,0009blastoise,blastoise.png
0009blastoise,poke_capture_0009_000_mf_n_00000000_f_r.png,0009blastoise,blastoise_shiny.png
0009blastoise,poke_capture_0009_001_mf_n_00000000_f_n.png,0009blastoise,blastoise-mega.png
0009blastoise,poke_capture_0009_001_mf_n_00000000_f_r.png,0009blastoise,blastoise-mega_shiny.png
0010caterpie,poke_capture_0010_000_mf_n_00000000_f_n.png,0010caterpie,caterpie.png
0010caterpie,poke_capture_0010_000_mf_n_00000000_f_r.png,0010caterpie,caterpie_shiny.png
0011metapod,poke_capture_0011_000_mf_n_00000000_f_n.png,0011metapod,metapod.png
0011metapod,poke_capture_0011_000_mf_n_00000000_f_r.png,0011metapod,metapod_shiny.png
0012butterfree,poke_capture_0012_000_fd_n_00000000_f_n.png,0012butterfree,butterfree.png
0012butterfree,poke_capture_0012_000_fd_n_00000000_f_r.png,0012butterfree,butterfree_shiny.png
0012butterfree,poke_capture_0012_000_md_n_00000000_f_n.png,0012butterfree,butterfree.png
0012butterfree,poke_capture_0012_000_md_n_00000000_f_r.png,0012butterfree,butterfree_shiny.png
0012butterfree,poke_capture_0012_000_mf_g_00000000_f_n.png,0012butterfree,butterfree-gmax.png
0012butterfree,poke_capture_0012_000_mf_g_00000000_f_r.png,0012butterfree,butterfree-gmax_shiny.png
0013weedle,poke_capture_0013_000_mf_n_00000000_f_n.png,0013weedle,weedle.png
0013weedle,poke_capture_0013_000_mf_n_00000000_f_r.png,0013weedle,weedle_shiny.png
0014kakuna,poke_capture_0014_000_mf_n_00000000_f_n.png,0014kakuna,kakuna.png
0014kakuna,poke_capture_0014_000_mf_n_00000000_f_r.png,0014kakuna,kakuna_shiny.png
0015beedrill,poke_capture_0015_000_mf_n_00000000_f_n.png,0015beedrill,beedrill.png
0015beedrill,poke_capture_0015_000_mf_n_00000000_f_r.png,0015beedrill,beedrill_shiny.png
0015beedrill,poke_capture_0015_001_mf_n_00000000_f_n.png,0015beedrill,beedrill-mega.png
0015beedrill,poke_capture_0015_001_mf_n_00000000_f_r.png,0015beedrill,beedrill-mega_shiny.png
0016pidgey,poke_capture_0016_000_mf_n_00000000_f_n.png,0016pidgey,pidgey.png
0016pidgey,poke_capture_0016_000_mf_n_00000000_f_r.png,0016pidgey,pidgey_shiny.png
0017pidgeotto,poke_capture_0017_000_mf_n_00000000_f_n.png,0017pidgeotto,pidgeotto.png
0017pidgeotto,poke_capture_0017_000_mf_n_00000000_f_r.png,0017pidgeotto,pidgeotto_shiny.png
0018pidgeot,poke_capture_0018_000_mf_n_00000000_f_n.png,0018pidgeot,pidgeot.png
0018pidgeot,poke_capture_0018_000_mf_n_00000000_f_r.png,0018pidgeot,pidgeot_shiny.png
0018pidgeot,poke_capture_0018_001_mf_n_00000000_f_n.png,0018pidgeot,pidgeot-mega.png
0018pidgeot,poke_capture_0018_001_mf_n_00000000_f_r.png,0018pidgeot,pidgeot-mega_shiny.png
0019rattata,poke_capture_0019_000_fd_n_00000000_f_n.png,0019rattata,rattata.png
0019rattata,poke_capture_0019_000_fd_n_00000000_f_r.png,0019rattata,rattata_shiny.png
0019rattata,poke_capture_0019_000_md_n_00000000_f_n.png,0019rattata,rattata.png
0019rattata,poke_capture_0019_000_md_n_00000000_f_r.png,0019rattata,rattata_shiny.png
0019rattata,poke_capture_0019_001_mf_n_00000000_f_n.png,0019rattata,rattata alola.png
0019rattata,poke_capture_0019_001_mf_n_00000000_f_r.png,0019rattata,rattata alola_shiny.png
0020raticate,poke_capture_0020_000_fd_n_00000000_f_n.png,0020raticate,raticate.png
0020raticate,poke_capture_0020_000_fd_n_00000000_f_r.png,0020raticate,raticate_shiny.png
0020raticate,poke_capture_0020_000_md_n_00000000_f_n.png,0020raticate,raticate.png
0020raticate,poke_capture_0020_000_md_n_00000000_f_r.png,0020raticate,raticate_shiny.png
0020raticate,poke_capture_0020_001_mf_n_00000000_f_n.png,0020raticate,raticate alola.png
0020raticate,poke_capture_0020_001_mf_n_00000000_f_r.png,0020raticate,raticate alola_shiny.png
0021spearow,poke_capture_0021_000_mf_n_00000000_f_n.png,0021spearow,spearow.png
0021spearow,poke_capture_0021_000_mf_n_00000000_f_r.png,0021spearow,spearow_shiny.png
0022fearow,poke_capture_0022_000_mf_n_00000000_f_n.png,0022fearow,fearow.png
0022fearow,poke_capture_0022_000_mf_n_00000000_f_r.png,0022fearow,fearow_shiny.png
0023ekans,poke_capture_0023_000_mf_n_00000000_f_n.png,0023ekans,ekans.png
0023ekans,poke_capture_0023_000_mf_n_00000000_f_r.png,0023ekans,ekans_shiny.png
0024arbok,poke_capture_0024_000_mf_n_00000000_f_n.png,0024arbok,arbok.png
0024arbok,poke_capture_0024_000_mf_n_00000000_f_r.png,0024arbok,arbok_shiny.png
0025pikachu,poke_capture_0025_000_fd_n_00000000_f_n.png,0025pikachu,pikachu_female.png
0025pikachu,poke_capture_0025_000_fd_n_00000000_f_r.png,0025pikachu,pikachu_shiny_female.png
0025pikachu,poke_capture_0025_000_md_n_00000000_f_n.png,0025pikachu,pikachu.png
0025pikachu,poke_capture_0025_000_md_n_00000000_f_r.png,0025pikachu,pikachu_shiny.png
0025pikachu,poke_capture_0025_000_mf_g_00000000_f_n.png,0025pikachu,pikachu-gmax.png
0025pikachu,poke_capture_0025_000_mf_g_00000000_f_r.png,0025pikachu,pikachu-gmax_shiny.png
0025pikachu,poke_capture_0025_001_mo_n_00000000_f_n.png,0025pikachu,pikachu-original-cap.png
0025pikachu,poke_capture_0025_002_mo_n_00000000_f_n.png,0025pikachu,pikachu-hoenn-cap.png
0025pikachu,poke_capture_0025_003_mo_n_00000000_f_n.png,0025pikachu,pikachu-sinnoh-cap.png
0025pikachu,poke_capture_0025_004_mo_n_00000000_f_n.png,0025pikachu,pikachu-unova-cap.png
0025pikachu,poke_capture_0025_005_mo_n_00000000_f_n.png,0025pikachu,pikachu-kalos-cap.png
0025pikachu,poke_capture_0025_006_mo_n_00000000_f_n.png,0025pikachu,pikachu alola cap.png
0025pikachu,poke_capture_0025_007_mo_n_00000000_f_n.png,0025pikachu,pikachu-partner-cap.png
0025pikachu,poke_capture_0025_008_fd_n_00000000_f_n.png,0025pikachu,pikachu_female.png
0025pikachu,poke_capture_0025_008_fd_n_00000000_f_r.png,0025pikachu,pikachu_shiny_female.png
0025pikachu,poke_capture_0025_008_md_n_00000000_f_n.png,0025pikachu,pikachu.png
0025pikachu,poke_capture_0025_008_md_n_00000000_f_r.png,0025pikachu,pikachu_shiny.png
0025pikachu,poke_capture_0025_009_mo_n_00000000_f_n.png,0025pikachu,pikachu-world-cap.png
0026raichu,poke_capture_0026_000_fd_n_00000000_f_n.png,0026raichu,raichu.png
0026raichu,poke_capture_0026_000_fd_n_00000000_f_r.png,0026raichu,raichu_shiny.png
0026raichu,poke_capture_0026_000_md_n_00000000_f_n.png,0026raichu,raichu.png
0026raichu,poke_capture_0026_000_md_n_00000000_f_r.png,0026raichu,raichu_shiny.png
0026raichu,poke_capture_0026_001_mf_n_00000000_f_n.png,0026raichu,raichu alola.png
0026raichu,poke_capture_0026_001_mf_n_00000000_f_r.png,0026raichu,raichu alola_shiny.png
0027sandshrew,poke_capture_0027_000_mf_n_00000000_f_n.png,0027sandshrew,sandshrew.png
0027sandshrew,poke_capture_0027_000_mf_n_00000000_f_r.png,0027sandshrew,sandshrew_shiny.png
0027sandshrew,poke_capture_0027_001_mf_n_00000000_f_n.png,0027sandshrew,sandshrew alola.png
0027sandshrew,poke_capture_0027_001_mf_n_00000000_f_r.png,0027sandshrew,sandshrew alola_shiny.png
0028sandslash,poke_capture_0028_000_mf_n_00000000_f_n.png,0028sandslash,sandslash.png
0028sandslash,poke_capture_0028_000_mf_n_00000000_f_r.png,0028sandslash,sandslash_shiny.png
0028sandslash,poke_capture_0028_001_mf_n_00000000_f_n.png,0028sandslash,sandslash alola.png
0028sandslash,poke_capture_0028_001_mf_n_00000000_f_r.png,0028sandslash,sandslash alola_shiny.png
0029nidoran-f,poke_capture_0029_000_fo_n_00000000_f_n.png,0029nidoran-f,nidoran-f.png
0029nidoran-f,poke_capture_0029_000_fo_n_00000000_f_r.png,0029nidoran-f,nidoran-f_shiny.png
0030nidorina,poke_capture_0030_000_fo_n_00000000_f_n.png,0030nidorina,nidorina.png
0030nidorina,poke_capture_0030_000_fo_n_00000000_f_r.png,0030nidorina,nidorina_shiny.png
0031nidoqueen,poke_capture_0031_000_fo_n_00000000_f_n.png,0031nidoqueen,nidoqueen.png
0031nidoqueen,poke_capture_0031_000_fo_n_00000000_f_r.png,0031nidoqueen,nidoqueen_shiny.png
0032nidoran-m,poke_capture_0032_000_mo_n_00000000_f_n.png,0032nidoran-m,nidoran-m.png
0032nidoran-m,poke_capture_0032_000_mo_n_00000000_f_r.png,0032nidoran-m,nidoran-m_shiny.png
0033nidorino,poke_capture_0033_000_mo_n_00000000_f_n.png,0033nidorino,nidorino.png
0033nidorino,poke_capture_0033_000_mo_n_00000000_f_r.png,0033nidorino,nidorino_shiny.png
0034nidoking,poke_capture_0034_000_mo_n_00000000_f_n.png,0034nidoking,nidoking.png
0034nidoking,poke_capture_0034_000_mo_n_00000000_f_r.png,0034nidoking,nidoking_shiny.png
0035clefairy,poke_capture_0035_000_mf_n_00000000_f_n.png,0035clefairy,clefairy.png
0035clefairy,poke_capture_0035_000_mf_n_00000000_f_r.png,0035clefairy,clefairy_shiny.png
0036clefable,poke_capture_0036_000_mf_n_00000000_f_n.png,0036clefable,clefable.png
0036clefable,poke_capture_0036_000_mf_n_00000000_f_r.png,0036clefable,clefable_shiny.png
0037vulpix,poke_capture_0037_000_mf_n_00000000_f_n.png,0037vulpix,vulpix.png
0037vulpix,poke_capture_0037_000_mf_n_00000000_f_r.png,0037vulpix,vulpix_shiny.png
0037vulpix,poke_capture_0037_001_mf_n_00000000_f_n.png,0037vulpix,vulpix alola.png
0037vulpix,poke_capture_0037_001_mf_n_00000000_f_r.png,0037vulpix,vulpix alola_shiny.png
0038ninetales,poke_capture_0038_000_mf_n_00000000_f_n.png,0038ninetales,ninetales.png
0038ninetales,poke_capture_0038_000_mf_n_00000000_f_r.png,0038ninetales,ninetales_shiny.png
0038ninetales,poke_capture_0038_001_mf_n_00000000_f_n.png,0038ninetales,ninetales alola.png
0038ninetales,poke_capture_0038_001_mf_n_00000000_f_r.png,0038ninetales,ninetales alola_shiny.png
0039jigglypuff,poke_capture_0039_000_mf_n_00000000_f_n.png,0039jigglypuff,jigglypuff.png
0039jigglypuff,poke_capture_0039_000_mf_n_00000000_f_r.png,0039jigglypuff,jigglypuff_shiny.png
0040wigglytuff,poke_capture_0040_000_mf_n_00000000_f_n.png,0040wigglytuff,wigglytuff.png
0040wigglytuff,poke_capture_0040_000_mf_n_00000000_f_r.png,0040wigglytuff,wigglytuff_shiny.png
0041zubat,poke_capture_0041_000_fd_n_00000000_f_n.png,0041zubat,zubat.png
0041zubat,poke_capture_0041_000_fd_n_00000000_f_r.png,0041zubat,zubat_shiny.png
0041zubat,poke_capture_0041_000_md_n_00000000_f_n.png,0041zubat,zubat.png
0041zubat,poke_capture_0041_000_md_n_00000000_f_r.png,0041zubat,zubat_shiny.png
0042golbat,poke_capture_0042_000_fd_n_00000000_f_n.png,0042golbat,golbat.png
0042golbat,poke_capture_0042_000_fd_n_00000000_f_r.png,0042golbat,golbat_shiny.png
0042golbat,poke_capture_0042_000_md_n_00000000_f_n.png,0042golbat,golbat.png
0042golbat,poke_capture_0042_000_md_n_00000000_f_r.png,0042golbat,golbat_shiny.png
0043oddish,poke_capture_0043_000_mf_n_00000000_f_n.png,0043oddish,oddish.png
0043oddish,poke_capture_0043_000_mf_n_00000000_f_r.png,0043oddish,oddish_shiny.png
0044gloom,poke_capture_0044_000_fd_n_00000000_f_n.png,0044gloom,gloom.png
0044gloom,poke_capture_0044_000_fd_n_00000000_f_r.png,0044gloom,gloom_shiny.png
0044gloom,poke_capture_0044_000_md_n_00000000_f_n.png,0044gloom,gloom.png
0044gloom,poke_capture_0044_000_md_n_00000000_f_r.png,0044gloom,gloom_shiny.png
0045vileplume,poke_capture_0045_000_fd_n_00000000_f_n.png,0045vileplume,vileplume.png
0045vileplume,poke_capture_0045_000_fd_n_00000000_f_r.png,0045vileplume,vileplume_shiny.png
0045vileplume,poke_capture_0045_000_md_n_00000000_f_n.png,0045vileplume,vileplume.png
0045vileplume,poke_capture_0045_000_md_n_00000000_f_r.png,0045vileplume,vileplume_shiny.png
0046paras,poke_capture_0046_000_mf_n_00000000_f_n.png,0046paras,paras.png
0046paras,poke_capture_0046_000_mf_n_00000000_f_r.png,0046paras,paras_shiny.png
0047parasect,poke_capture_0047_000_mf_n_00000000_f_n.png,0047parasect,parasect.png
0047parasect,poke_capture_0047_000_mf_n_00000000_f_r.png,0047parasect,parasect_shiny.png
0048venonat,poke_capture_0048_000_mf_n_00000000_f_n.png,0048venonat,venonat.png
0048venonat,poke_capture_0048_000_mf_n_00000000_f_r.png,0048venonat,venonat_shiny.png
0049venomoth,poke_capture_0049_000_mf_n_00000000_f_n.png,0049venomoth,venomoth.png
0049venomoth,poke_capture_0049_000_mf_n_00000000_f_r.png,0049venomoth,venomoth_shiny.png
0050diglett,poke_capture_0050_000_mf_n_00000000_f_n.png,0050diglett,diglett.png
0050diglett,poke_capture_0050_000_mf_n_00000000_f_r.png,0050diglett,diglett_shiny.png
0050diglett,poke_capture_0050_001_mf_n_00000000_f_n.png,0050diglett,diglett alola.png
0050diglett,poke_capture_0050_001_mf_n_00000000_f_r.png,0050diglett,diglett alola_shiny.png
0051dugtrio,poke_capture_0051_000_mf_n_00000000_f_n.png,0051dugtrio,dugtrio.png
0051dugtrio,poke_capture_0051_000_mf_n_00000000_f_r.png,0051dugtrio,dugtrio_shiny.png
0051dugtrio,poke_capture_0051_001_mf_n_00000000_f_n.png,0051dugtrio,dugtrio alola.png
0051dugtrio,poke_capture_0051_001_mf_n_00000000_f_r.png,0051dugtrio,dugtrio alola_shiny.png
0052meowth,poke_capture_0052_000_mf_g_00000000_f_n.png,0052meowth,meowth-gmax.png
0052meowth,poke_capture_0052_000_mf_g_00000000_f_r.png,0052meowth,meowth-gmax_shiny.png
0052meowth,poke_capture_0052_000_mf_n_00000000_f_n.png,0052meowth,meowth.png
0052meowth,poke_capture_0052_000_mf_n_00000000_f_r.png,0052meowth,meowth_shiny.png
0052meowth,poke_capture_0052_001_mf_n_00000000_f_n.png,0052meowth,meowth alola.png
0052meowth,poke_capture_0052_001_mf_n_00000000_f_r.png,0052meowth,meowth alola_shiny.png
0052meowth,poke_capture_0052_002_mf_n_00000000_f_n.png,0052meowth,meowth galar.png
0052meowth,poke_capture_0052_002_mf_n_00000000_f_r.png,0052meowth,meowth galar_shiny.png
0053persian,poke_capture_0053_000_mf_n_00000000_f_n.png,0053persian,persian.png
0053persian,poke_capture_0053_000_mf_n_00000000_f_r.png,0053persian,persian_shiny.png
0053persian,poke_capture_0053_001_mf_n_00000000_f_n.png,0053persian,persian alola.png
0053persian,poke_capture_0053_001_mf_n_00000000_f_r.png,0053persian,persian alola_shiny.png
0054psyduck,poke_capture_0054_000_mf_n_00000000_f_n.png,0054psyduck,psyduck.png
0054psyduck,poke_capture_0054_000_mf_n_00000000_f_r.png,0054psyduck,psyduck_shiny.png
0055golduck,poke_capture_0055_000_mf_n_00000000_f_n.png,0055golduck,golduck.png
0055golduck,poke_capture_0055_000_mf_n_00000000_f_r.png,0055golduck,golduck_shiny.png
0056mankey,poke_capture_0056_000_mf_n_00000000_f_n.png,0056mankey,mankey.png
0056mankey,poke_capture_0056_000_mf_n_00000000_f_r.png,0056mankey,mankey_shiny.png
0057primeape,poke_capture_0057_000_mf_n_00000000_f_n.png,0057primeape,primeape.png
0057primeape,poke_capture_0057_000_mf_n_00000000_f_r.png,0057primeape,primeape_shiny.png
0058growlithe,poke_capture_0058_000_mf_n_00000000_f_n.png,0058growlithe,growlithe.png
0058growlithe,poke_capture_0058_000_mf_n_00000000_f_r.png,0058growlithe,growlithe_shiny.png
0059arcanine,poke_capture_0059_000_mf_n_00000000_f_n.png,0059arcanine,arcanine.png
0059arcanine,poke_capture_0059_000_mf_n_00000000_f_r.png,0059arcanine,arcanine_shiny.png
0060poliwag,poke_capture_0060_000_mf_n_00000000_f_n.png,0060poliwag,poliwag.png
0060poliwag,poke_capture_0060_000_mf_n_00000000_f_r.png,0060poliwag,poliwag_shiny.png
0061poliwhirl,poke_capture_0061_000_mf_n_00000000_f_n.png,0061poliwhirl,poliwhirl.png
0061poliwhirl,poke_capture_0061_000_mf_n_00000000_f_r.png,0061poliwhirl,poliwhirl_shiny.png
0062poliwrath,poke_capture_0062_000_mf_n_00000000_f_n.png,0062poliwrath,poliwrath.png
0062poliwrath,poke_capture_0062_000_mf_n_00000000_f_r.png,0062poliwrath,poliwrath_shiny.png
0063abra,poke_capture_0063_000_mf_n_00000000_f_n.png,0063abra,abra.png
0063abra,poke_capture_0063_000_mf_n_00000000_f_r.png,0063abra,abra_shiny.png
0064kadabra,poke_capture_0064_000_fd_n_00000000_f_n.png,0064kadabra,kadabra.png
0064kadabra,poke_capture_0064_000_fd_n_00000000_f_r.png,0064kadabra,kadabra_shiny.png
0064kadabra,poke_capture_0064_000_md_n_00000000_f_n.png,0064kadabra,kadabra.png
0064kadabra,poke_capture_0064_000_md_n_00000000_f_r.png,0064kadabra,kadabra_shiny.png
0065alakazam,poke_capture_0065_000_fd_n_00000000_f_n.png,0065alakazam,alakazam.png
0065alakazam,poke_capture_0065_000_fd_n_00000000_f_r.png,0065alakazam,alakazam_shiny.png
0065alakazam,poke_capture_0065_000_md_n_00000000_f_n.png,0065alakazam,alakazam.png
0065alakazam,poke_capture_0065_000_md_n_00000000_f_r.png,0065alakazam,alakazam_shiny.png
0065alakazam,poke_capture_0065_001_mf_n_00000000_f_n.png,0065alakazam,alakazam-mega.png
0065alakazam,poke_capture_0065_001_mf_n_00000000_f_r.png,0065alakazam,alakazam-mega_shiny.png
0066machop,poke_capture_0066_000_mf_n_00000000_f_n.png,0066machop,machop.png
0066machop,poke_capture_0066_000_mf_n_00000000_f_r.png,0066machop,machop_shiny.png
0067machoke,poke_capture_0067_000_mf_n_00000000_f_n.png,0067machoke,machoke.png
0067machoke,poke_capture_0067_000_mf_n_00000000_f_r.png,0067machoke,machoke_shiny.png
0068machamp,poke_capture_0068_000_mf_g_00000000_f_n.png,0068machamp,machamp-gmax.png
0068machamp,poke_capture_0068_000_mf_g_00000000_f_r.png,0068machamp,machamp-gmax_shiny.png
0068machamp,poke_capture_0068_000_mf_n_00000000_f_n.png,0068machamp,machamp.png
0068machamp,poke_capture_0068_000_mf_n_00000000_f_r.png,0068machamp,machamp_shiny.png
0069bellsprout,poke_capture_0069_000_mf_n_00000000_f_n.png,0069bellsprout,bellsprout.png
0069bellsprout,poke_capture_0069_000_mf_n_00000000_f_r.png,0069bellsprout,bellsprout_shiny.png
0070weepinbell,poke_capture_0070_000_mf_n_00000000_f_n.png,0070weepinbell,weepinbell.png
0070weepinbell,poke_capture_0070_000_mf_n_00000000_f_r.png,0070weepinbell,weepinbell_shiny.png
0071victreebel,poke_capture_0071_000_mf_n_00000000_f_n.png,0071victreebel,victreebel.png
0071victreebel,poke_capture_0071_000_mf_n_00000000_f_r.png,0071victreebel,victreebel_shiny.png
0072tentacool,poke_capture_0072_000_mf_n_00000000_f_n.png,0072tentacool,tentacool.png
0072tentacool,poke_capture_0072_000_mf_n_00000000_f_r.png,0072tentacool,tentacool_shiny.png
0073tentacruel,poke_capture_0073_000_mf_n_00000000_f_n.png,0073tentacruel,tentacruel.png
0073tentacruel,poke_capture_0073_000_mf_n_00000000_f_r.png,0073tentacruel,tentacruel_shiny.png
0074geodude,poke_capture_0074_000_mf_n_00000000_f_n.png,0074geodude,geodude.png
0074geodude,poke_capture_0074_000_mf_n_00000000_f_r.png,0074geodude,geodude_shiny.png
0074geodude,poke_capture_0074_001_mf_n_00000000_f_n.png,0074geodude,geodude alola.png
0074geodude,poke_capture_0074_001_mf_n_00000000_f_r.png,0074geodude,geodude alola_shiny.png
0075graveler,poke_capture_0075_000_mf_n_00000000_f_n.png,0075graveler,graveler.png
0075graveler,poke_capture_0075_000_mf_n_00000000_f_r.png,0075graveler,graveler_shiny.png
0075graveler,poke_capture_0075_001_mf_n_00000000_f_n.png,0075graveler,graveler alola.png
0075graveler,poke_capture_0075_001_mf_n_00000000_f_r.png,0075graveler,graveler alola_shiny.png
0076golem,poke_capture_0076_000_mf_n_00000000_f_n.png,0076golem,golem.png
0076golem,poke_capture_0076_000_mf_n_00000000_f_r.png,0076golem,golem_shiny.png
0076golem,poke_capture_0076_001_mf_n_00000000_f_n.png,0076golem,golem alola.png
0076golem,poke_capture_0076_001_mf_n_00000000_f_r.png,0076golem,golem alola_shiny.png
0077ponyta,poke_capture_0077_000_mf_n_00000000_f_n.png,0077ponyta,ponyta.png
0077ponyta,poke_capture_0077_000_mf_n_00000000_f_r.png,0077ponyta,ponyta_shiny.png
0077ponyta,poke_capture_0077_001_mf_n_00000000_f_n.png,0077ponyta,ponyta galar.png
0077ponyta,poke_capture_0077_001_mf_n_00000000_f_r.png,0077ponyta,ponyta galar_shiny.png
0078rapidash,poke_capture_0078_000_mf_n_00000000_f_n.png,0078rapidash,rapidash.png
0078rapidash,poke_capture_0078_000_mf_n_00000000_f_r.png,0078rapidash,rapidash_shiny.png
0078rapidash,poke_capture_0078_001_mf_n_00000000_f_n.png,0078rapidash,rapidash galar.png
0078rapidash,poke_capture_0078_001_mf_n_00000000_f_r.png,0078rapidash,rapidash galar_shiny.png
0079slowpoke,poke_capture_0079_000_mf_n_00000000_f_n.png,0079slowpoke,slowpoke.png
0079slowpoke,poke_capture_0079_000_mf_n_00000000_f_r.png,0079slowpoke,slowpoke_shiny.png
0079slowpoke,poke_capture_0079_001_mf_n_00000000_f_n.png,0079slowpoke,slowpoke galar.png
0079slowpoke,poke_capture_0079_001_mf_n_00000000_f_r.png,0079slowpoke,slowpoke galar_shiny.png
0080slowbro,poke_capture_0080_000_mf_n_00000000_f_n.png,0080slowbro,slowbro.png
0080slowbro,poke_capture_0080_000_mf_n_00000000_f_r.png,0080slowbro,slowbro_shiny.png
0080slowbro,poke_capture_0080_001_mf_n_00000000_f_n.png,0080slowbro,slowbro-mega.png
0080slowbro,poke_capture_0080_001_mf_n_00000000_f_r.png,0080slowbro,slowbro-mega_shiny.png
0080slowbro,poke_capture_0080_002_mf_n_00000000_f_n.png,0080slowbro,slowbro galar.png
0080slowbro,poke_capture_0080_002_mf_n_00000000_f_r.png,0080slowbro,slowbro galar_shiny.png
0081magnemite,poke_capture_0081_000_uk_n_00000000_f_n.png,0081magnemite,magnemite.png
0081magnemite,poke_capture_0081_000_uk_n_00000000_f_r.png,0081magnemite,magnemite_shiny.png
0082magneton,poke_capture_0082_000_uk_n_00000000_f_n.png,0082magneton,magneton.png
0082magneton,poke_capture_0082_000_uk_n_00000000_f_r.png,0082magneton,magneton_shiny.png
0083farfetch'd,poke_capture_0083_000_mf_n_00000000_f_n.png,0083farfetch'd,farfetch_d.png
0083farfetch'd,poke_capture_0083_000_mf_n_00000000_f_r.png,0083farfetch'd,farfetch_d_shiny.png
0083farfetch'd,poke_capture_0083_001_mf_n_00000000_f_n.png,0083farfetch'd,farfetch_d_galar.png
0083farfetch'd,poke_capture_0083_001_mf_n_00000000_f_r.png,0083farfetch'd,farfetch_d_galar_shiny.png
0084doduo,poke_capture_0084_000_fd_n_00000000_f_n.png,0084doduo,doduo.png
0084doduo,poke_capture_0084_000_fd_n_00000000_f_r.png,0084doduo,doduo_shiny.png
0084doduo,poke_capture_0084_000_md_n_00000000_f_n.png,0084doduo,doduo.png
0084doduo,poke_capture_0084_000_md_n_00000000_f_r.png,0084doduo,doduo_shiny.png
0085dodrio,poke_capture_0085_000_fd_n_00000000_f_n.png,0085dodrio,dodrio.png
0085dodrio,poke_capture_0085_000_fd_n_00000000_f_r.png,0085dodrio,dodrio_shiny.png
0085dodrio,poke_capture_0085_000_md_n_00000000_f_n.png,0085dodrio,dodrio.png
0085dodrio,poke_capture_0085_000_md_n_00000000_f_r.png,0085dodrio,dodrio_shiny.png
0086seel,poke_capture_0086_000_mf_n_00000000_f_n.png,0086seel,seel.png
0086seel,poke_capture_0086_000_mf_n_00000000_f_r.png,0086seel,seel_shiny.png
0087dewgong,poke_capture_0087_000_mf_n_00000000_f_n.png,0087dewgong,dewgong.png
0087dewgong,poke_capture_0087_000_mf_n_00000000_f_r.png,0087dewgong,dewgong_shiny.png
0088grimer,poke_capture_0088_000_mf_n_00000000_f_n.png,0088grimer,grimer.png
0088grimer,poke_capture_0088_000_mf_n_00000000_f_r.png,0088grimer,grimer_shiny.png
0088grimer,poke_capture_0088_001_mf_n_00000000_f_n.png,0088grimer,grimer alola.png
0088grimer,poke_capture_0088_001_mf_n_00000000_f_r.png,0088grimer,grimer alola_shiny.png
0089muk,poke_capture_0089_000_mf_n_00000000_f_n.png,0089muk,muk.png
0089muk,poke_capture_0089_000_mf_n_00000000_f_r.png,0089muk,muk_shiny.png
0089muk,poke_capture_0089_001_mf_n_00000000_f_n.png,0089muk,muk alola.png
0089muk,poke_capture_0089_001_mf_n_00000000_f_r.png,0089muk,muk alola_shiny.png
0090shellder,poke_capture_0090_000_mf_n_00000000_f_n.png,0090shellder,shellder.png
0090shellder,poke_capture_0090_000_mf_n_00000000_f_r.png,0090shellder,shellder_shiny.png
0091cloyster,poke_capture_0091_000_mf_n_00000000_f_n.png,0091cloyster,cloyster.png
0091cloyster,poke_capture_0091_000_mf_n_00000000_f_r.png,0091cloyster,cloyster_shiny.png
0092gastly,poke_capture_0092_000_mf_n_00000000_f_n.png,0092gastly,gastly.png
0092gastly,poke_capture_0092_000_mf_n_00000000_f_r.png,0092gastly,gastly_shiny.png
0093haunter,poke_capture_0093_000_mf_n_00000000_f_n.png,0093haunter,haunter.png
0093haunter,poke_capture_0093_000_mf_n_00000000_f_r.png,0093haunter,haunter_shiny.png
0094gengar,poke_capture_0094_000_mf_g_00000000_f_n.png,0094gengar,gengar-gmax.png
0094gengar,poke_capture_0094_000_mf_g_00000000_f_r.png,0094gengar,gengar-gmax_shiny.png
0094gengar,poke_capture_0094_000_mf_n_00000000_f_n.png,0094gengar,gengar.png
0094gengar,poke_capture_0094_000_mf_n_00000000_f_r.png,0094gengar,gengar_shiny.png
0094gengar,poke_capture_0094_001_mf_n_00000000_f_n.png,0094gengar,gengar-mega.png
0094gengar,poke_capture_0094_001_mf_n_00000000_f_r.png,0094gengar,gengar-mega_shiny.png
0095onix,poke_capture_0095_000_mf_n_00000000_f_n.png,0095onix,onix.png
0095onix,poke_capture_0095_000_mf_n_00000000_f_r.png,0095onix,onix_shiny.png
0096drowzee,poke_capture_0096_000_mf_n_00000000_f_n.png,0096drowzee,drowzee.png
0096drowzee,poke_capture_0096_000_mf_n_00000000_f_r.png,0096drowzee,drowzee_shiny.png
0097hypno,poke_capture_0097_000_fd_n_00000000_f_n.png,0097hypno,hypno.png
0097hypno,poke_capture_0097_000_fd_n_00000000_f_r.png,0097hypno,hypno_shiny.png
0097hypno,poke_capture_0097_000_md_n_00000000_f_n.png,0097hypno,hypno.png
0097hypno,poke_capture_0097_000_md_n_00000000_f_r.png,0097hypno,hypno_shiny.png
0098krabby,poke_capture_0098_000_mf_n_00000000_f_n.png,0098krabby,krabby.png
0098krabby,poke_capture_0098_000_mf_n_00000000_f_r.png,0098krabby,krabby_shiny.png
0099kingler,poke_capture_0099_000_mf_g_00000000_f_n.png,0099kingler,kingler-gmax.png
0099kingler,poke_capture_0099_000_mf_g_00000000_f_r.png,0099kingler,kingler-gmax_shiny.png
0099kingler,poke_capture_0099_000_mf_n_00000000_f_n.png,0099kingler,kingler.png
0099kingler,poke_capture_0099_000_mf_n_00000000_f_r.png,0099kingler,kingler_shiny.png
0100voltorb,poke_capture_0100_000_uk_n_00000000_f_n.png,0100voltorb,voltorb.png
0100voltorb,poke_capture_0100_000_uk_n_00000000_f_r.png,0100voltorb,voltorb_shiny.png
0101electrode,poke_capture_0101_000_uk_n_00000000_f_n.png,0101electrode,electrode.png
0101electrode,poke_capture_0101_000_uk_n_00000000_f_r.png,0101electrode,electrode_shiny.png
0102exeggcute,poke_capture_0102_000_mf_n_00000000_f_n.png,0102exeggcute,exeggcute.png
0102exeggcute,poke_capture_0102_000_mf_n_00000000_f_r.png,0102exeggcute,exeggcute_shiny.png
0103exeggutor,poke_capture_0103_000_mf_n_00000000_f_n.png,0103exeggutor,exeggutor.png
0103exeggutor,poke_capture_0103_000_mf_n_00000000_f_r.png,0103exeggutor,exeggutor_shiny.png
0103exeggutor,poke_capture_0103_001_mf_n_00000000_f_n.png,0103exeggutor,exeggutor alola.png
0103exeggutor,poke_capture_0103_001_mf_n_00000000_f_r.png,0103exeggutor,exeggutor alola_shiny.png
0104cubone,poke_capture_0104_000_mf_n_00000000_f_n.png,0104cubone,cubone.png
0104cubone,poke_capture_0104_000_mf_n_00000000_f_r.png,0104cubone,cubone_shiny.png
0105marowak,poke_capture_0105_000_mf_n_00000000_f_n.png,0105marowak,marowak.png
0105marowak,poke_capture_0105_000_mf_n_00000000_f_r.png,0105marowak,marowak_shiny.png
0105marowak,poke_capture_0105_001_mf_n_00000000_f_n.png,0105marowak,marowak alola.png
0105marowak,poke_capture_0105_001_mf_n_00000000_f_r.png,0105marowak,marowak alola_shiny.png
0106hitmonlee,poke_capture_0106_000_mo_n_00000000_f_n.png,0106hitmonlee,hitmonlee.png
0106hitmonlee,poke_capture_0106_000_mo_n_00000000_f_r.png,0106hitmonlee,hitmonlee_shiny.png
0107hitmonchan,poke_capture_0107_000_mo_n_00000000_f_n.png,0107hitmonchan,hitmonchan.png
0107hitmonchan,poke_capture_0107_000_mo_n_00000000_f_r.png,0107hitmonchan,hitmonchan_shiny.png
0108lickitung,poke_capture_0108_000_mf_n_00000000_f_n.png,0108lickitung,lickitung.png
0108lickitung,poke_capture_0108_000_mf_n_00000000_f_r.png,0108lickitung,lickitung_shiny.png
0109koffing,poke_capture_0109_000_mf_n_00000000_f_n.png,0109koffing,koffing.png
0109koffing,poke_capture_0109_000_mf_n_00000000_f_r.png,0109koffing,koffing_shiny.png
0110weezing,poke_capture_0110_000_mf_n_00000000_f_n.png,0110weezing,weezing.png
0110weezing,poke_capture_0110_000_mf_n_00000000_f_r.png,0110weezing,weezing_shiny.png
0110weezing,poke_capture_0110_001_mf_n_00000000_f_n.png,0110weezing,weezing galar.png
0110weezing,poke_capture_0110_001_mf_n_00000000_f_r.png,0110weezing,weezing galar_shiny.png
0111rhyhorn,poke_capture_0111_000_fd_n_00000000_f_n.png,0111rhyhorn,rhyhorn.png
0111rhyhorn,poke_capture_0111_000_fd_n_00000000_f_r.png,0111rhyhorn,rhyhorn_shiny.png
0111rhyhorn,poke_capture_0111_000_md_n_00000000_f_n.png,0111rhyhorn,rhyhorn.png
0111rhyhorn,poke_capture_0111_000_md_n_00000000_f_r.png,0111rhyhorn,rhyhorn_shiny.png
0112rhydon,poke_capture_0112_000_fd_n_00000000_f_n.png,0112rhydon,rhydon.png
0112rhydon,poke_capture_0112_000_fd_n_00000000_f_r.png,0112rhydon,rhydon_shiny.png
0112rhydon,poke_capture_0112_000_md_n_00000000_f_n.png,0112rhydon,rhydon.png
0112rhydon,poke_capture_0112_000_md_n_00000000_f_r.png,0112rhydon,rhydon_shiny.png
0113chansey,poke_capture_0113_000_fo_n_00000000_f_n.png,0113chansey,chansey.png
0113chansey,poke_capture_0113_000_fo_n_00000000_f_r.png,0113chansey,chansey_shiny.png
0114tangela,poke_capture_0114_000_mf_n_00000000_f_n.png,0114tangela,tangela.png
0114tangela,poke_capture_0114_000_mf_n_00000000_f_r.png,0114tangela,tangela_shiny.png
0115kangaskhan,poke_capture_0115_000_fo_n_00000000_f_n.png,0115kangaskhan,kangaskhan.png
0115kangaskhan,poke_capture_0115_000_fo_n_00000000_f_r.png,0115kangaskhan,kangaskhan_shiny.png
0115kangaskhan,poke_capture_0115_001_fo_n_00000000_f_n.png,0115kangaskhan,kangaskhan-mega.png
0115kangaskhan,poke_capture_0115_001_fo_n_00000000_f_r.png,0115kangaskhan,kangaskhan-mega_shiny.png
0116horsea,poke_capture_0116_000_mf_n_00000000_f_n.png,0116horsea,horsea.png
0116horsea,poke_capture_0116_000_mf_n_00000000_f_r.png,0116horsea,horsea_shiny.png
0117seadra,poke_capture_0117_000_mf_n_00000000_f_n.png,0117seadra,seadra.png
0117seadra,poke_capture_0117_000_mf_n_00000000_f_r.png,0117seadra,seadra_shiny.png
0118goldeen,poke_capture_0118_000_fd_n_00000000_f_n.png,0118goldeen,goldeen.png
0118goldeen,poke_capture_0118_000_fd_n_00000000_f_r.png,0118goldeen,goldeen_shiny.png
0118goldeen,poke_capture_0118_000_md_n_00000000_f_n.png,0118goldeen,goldeen.png
0118goldeen,poke_capture_0118_000_md_n_00000000_f_r.png,0118goldeen,goldeen_shiny.png
0119seaking,poke_capture_0119_000_fd_n_00000000_f_n.png,0119seaking,seaking.png
0119seaking,poke_capture_0119_000_fd_n_00000000_f_r.png,0119seaking,seaking_shiny.png
0119seaking,poke_capture_0119_000_md_n_00000000_f_n.png,0119seaking,seaking.png
0119seaking,poke_capture_0119_000_md_n_00000000_f_r.png,0119seaking,seaking_shiny.png
0120staryu,poke_capture_0120_000_uk_n_00000000_f_n.png,0120staryu,staryu.png
0120staryu,poke_capture_0120_000_uk_n_00000000_f_r.png,0120staryu,staryu_shiny.png
0121starmie,poke_capture_0121_000_uk_n_00000000_f_n.png,0121starmie,starmie.png
0121starmie,poke_capture_0121_000_uk_n_00000000_f_r.png,0121starmie,starmie_shiny.png
0122mr. mime,poke_capture_0122_000_mf_n_00000000_f_n.png,0122mr. mime,mr. mime.png
0122mr. mime,poke_capture_0122_000_mf_n_00000000_f_r.png,0122mr. mime,mr. mime_shiny.png
0122mr. mime,poke_capture_0122_001_mf_n_00000000_f_n.png,0122mr. mime,mr. mime_galar.png
0122mr. mime,poke_capture_0122_001_mf_n_00000000_f_r.png,0122mr. mime,mr. mime_galar_shiny.png
0123scyther,poke_capture_0123_000_fd_n_00000000_f_n.png,0123scyther,scyther.png
0123scyther,poke_capture_0123_000_fd_n_00000000_f_r.png,0123scyther,scyther_shiny.png
0123scyther,poke_capture_0123_000_md_n_00000000_f_n.png,0123scyther,scyther.png
0123scyther,poke_capture_0123_000_md_n_00000000_f_r.png,0123scyther,scyther_shiny.png
0124jynx,poke_capture_0124_000_fo_n_00000000_f_n.png,0124jynx,jynx.png
0124jynx,poke_capture_0124_000_fo_n_00000000_f_r.png,0124jynx,jynx_shiny.png
0125electabuzz,poke_capture_0125_000_mf_n_00000000_f_n.png,0125electabuzz,electabuzz.png
0125electabuzz,poke_capture_0125_000_mf_n_00000000_f_r.png,0125electabuzz,electabuzz_shiny.png
0126magmar,poke_capture_0126_000_mf_n_00000000_f_n.png,0126magmar,magmar.png
0126magmar,poke_capture_0126_000_mf_n_00000000_f_r.png,0126magmar,magmar_shiny.png
0127pinsir,poke_capture_0127_000_mf_n_00000000_f_n.png,0127pinsir,pinsir.png
0127pinsir,poke_capture_0127_000_mf_n_00000000_f_r.png,0127pinsir,pinsir_shiny.png
0127pinsir,poke_capture_0127_001_mf_n_00000000_f_n.png,0127pinsir,pinsir-mega.png
0127pinsir,poke_capture_0127_001_mf_n_00000000_f_r.png,0127pinsir,pinsir-mega_shiny.png
0128tauros,poke_capture_0128_000_mo_n_00000000_f_n.png,0128tauros,tauros.png
0128tauros,poke_capture_0128_000_mo_n_00000000_f_r.png,0128tauros,tauros_shiny.png
0129magikarp,poke_capture_0129_000_fd_n_00000000_f_n.png,0129magikarp,magikarp.png
0129magikarp,poke_capture_0129_000_fd_n_00000000_f_r.png,0129magikarp,magikarp_shiny.png
0129magikarp,poke_capture_0129_000_md_n_00000000_f_n.png,0129magikarp,magikarp.png
0129magikarp,poke_capture_0129_000_md_n_00000000_f_r.png,0129magikarp,magikarp_shiny.png
0130gyarados,poke_capture_0130_000_fd_n_00000000_f_n.png,0130gyarados,gyarados.png
0130gyarados,poke_capture_0130_000_fd_n_00000000_f_r.png,0130gyarados,gyarados_shiny.png
0130gyarados,poke_capture_0130_000_md_n_00000000_f_n.png,0130gyarados,gyarados.png
0130gyarados,poke_capture_0130_000_md_n_00000000_f_r.png,0130gyarados,gyarados_shiny.png
0130gyarados,poke_capture_0130_001_mf_n_00000000_f_n.png,0130gyarados,gyarados-mega.png
0130gyarados,poke_capture_0130_001_mf_n_00000000_f_r.png,0130gyarados,gyarados-mega_shiny.png
0131lapras,poke_capture_0131_000_mf_g_00000000_f_n.png,0131lapras,lapras-gmax.png
0131lapras,poke_capture_0131_000_mf_g_00000000_f_r.png,0131lapras,lapras-gmax_shiny.png
0131lapras,poke_capture_0131_000_mf_n_00000000_f_n.png,0131lapras,lapras.png
0131lapras,poke_capture_0131_000_mf_n_00000000_f_r.png,0131lapras,lapras_shiny.png
0132ditto,poke_capture_0132_000_uk_n_00000000_f_n.png,0132ditto,ditto.png
0132ditto,poke_capture_0132_000_uk_n_00000000_f_r.png,0132ditto,ditto_shiny.png
0133eevee,poke_capture_0133_000_fd_n_00000000_f_n.png,0133eevee,eevee.png
0133eevee,poke_capture_0133_000_fd_n_00000000_f_r.png,0133eevee,eevee_shiny.png
0133eevee,poke_capture_0133_000_md_n_00000000_f_n.png,0133eevee,eevee.png
0133eevee,poke_capture_0133_000_md_n_00000000_f_r.png,0133eevee,eevee_shiny.png
0133eevee,poke_capture_0133_000_mf_g_00000000_f_n.png,0133eevee,eevee-gmax.png
0133eevee,poke_capture_0133_000_mf_g_00000000_f_r.png,0133eevee,eevee-gmax_shiny.png
0134vaporeon,poke_capture_0134_000_mf_n_00000000_f_n.png,0134vaporeon,vaporeon.png
0134vaporeon,poke_capture_0134_000_mf_n_00000000_f_r.png,0134vaporeon,vaporeon_shiny.png
0135jolteon,poke_capture_0135_000_mf_n_00000000_f_n.png,0135jolteon,jolteon.png
0135jolteon,poke_capture_0135_000_mf_n_00000000_f_r.png,0135jolteon,jolteon_shiny.png
0136flareon,poke_capture_0136_000_mf_n_00000000_f_n.png,0136flareon,flareon.png
0136flareon,poke_capture_0136_000_mf_n_00000000_f_r.png,0136flareon,flareon_shiny.png
0137porygon,poke_capture_0137_000_uk_n_00000000_f_n.png,0137porygon,porygon.png
0137porygon,poke_capture_0137_000_uk_n_00000000_f_r.png,0137porygon,porygon_shiny.png
0138omanyte,poke_capture_0138_000_mf_n_00000000_f_n.png,0138omanyte,omanyte.png
0138omanyte,poke_capture_0138_000_mf_n_00000000_f_r.png,0138omanyte,omanyte_shiny.png
0139omastar,poke_capture_0139_000_mf_n_00000000_f_n.png,0139omastar,omastar.png
0139omastar,poke_capture_0139_000_mf_n_00000000_f_r.png,0139omastar,omastar_shiny.png
0140kabuto,poke_capture_0140_000_mf_n_00000000_f_n.png,0140kabuto,kabuto.png
0140kabuto,poke_capture_0140_000_mf_n_00000000_f_r.png,0140kabuto,kabuto_shiny.png
0141kabutops,poke_capture_0141_000_mf_n_00000000_f_n.png,0141kabutops,kabutops.png
0141kabutops,poke_capture_0141_000_mf_n_00000000_f_r.png,0141kabutops,kabutops_shiny.png
0142aerodactyl,poke_capture_0142_000_mf_n_00000000_f_n.png,0142aerodactyl,aerodactyl.png
0142aerodactyl,poke_capture_0142_000_mf_n_00000000_f_r.png,0142aerodactyl,aerodactyl_shiny.png
0142aerodactyl,poke_capture_0142_001_mf_n_00000000_f_n.png,0142aerodactyl,aerodactyl-mega.png
0142aerodactyl,poke_capture_0142_001_mf_n_00000000_f_r.png,0142aerodactyl,aerodactyl-mega_shiny.png
0143snorlax,poke_capture_0143_000_mf_g_00000000_f_n.png,0143snorlax,snorlax-gmax.png
0143snorlax,poke_capture_0143_000_mf_g_00000000_f_r.png,0143snorlax,snorlax-gmax_shiny.png
0143snorlax,poke_capture_0143_000_mf_n_00000000_f_n.png,0143snorlax,snorlax.png
0143snorlax,poke_capture_0143_000_mf_n_00000000_f_r.png,0143snorlax,snorlax_shiny.png
0144articuno,poke_capture_0144_000_uk_n_00000000_f_n.png,0144articuno,articuno.png
0144articuno,poke_capture_0144_000_uk_n_00000000_f_r.png,0144articuno,articuno_shiny.png
0144articuno,poke_capture_0144_001_uk_n_00000000_f_n.png,0144articuno,articuno galar.png
0144articuno,poke_capture_0144_001_uk_n_00000000_f_r.png,0144articuno,articuno galar_shiny.png
0145zapdos,poke_capture_0145_000_uk_n_00000000_f_n.png,0145zapdos,zapdos.png
0145zapdos,poke_capture_0145_000_uk_n_00000000_f_r.png,0145zapdos,zapdos_shiny.png
0145zapdos,poke_capture_0145_001_uk_n_00000000_f_n.png,0145zapdos,zapdos galar.png
0145zapdos,poke_capture_0145_001_uk_n_00000000_f_r.png,0145zapdos,zapdos galar_shiny.png
0146moltres,poke_capture_0146_000_uk_n_00000000_f_n.png,0146moltres,moltres.png
0146moltres,poke_capture_0146_000_uk_n_00000000_f_r.png,0146moltres,moltres_shiny.png
0146moltres,poke_capture_0146_001_uk_n_00000000_f_n.png,0146moltres,moltres galar.png
0146moltres,poke_capture_0146_001_uk_n_00000000_f_r.png,0146moltres,moltres galar_shiny.png
0147dratini,poke_capture_0147_000_mf_n_00000000_f_n.png,0147dratini,dratini.png
0147dratini,poke_capture_0147_000_mf_n_00000000_f_r.png,0147dratini,dratini_shiny.png
0148dragonair,poke_capture_0148_000_mf_n_00000000_f_n.png,0148dragonair,dragonair.png
0148dragonair,poke_capture_0148_000_mf_n_00000000_f_r.png,0148dragonair,dragonair_shiny.png
0149dragonite,poke_capture_0149_000_mf_n_00000000_f_n.png,0149dragonite,dragonite.png
0149dragonite,poke_capture_0149_000_mf_n_00000000_f_r.png,0149dragonite,dragonite_shiny.png
0150mewtwo,poke_capture_0150_000_uk_n_00000000_f_n.png,0150mewtwo,mewtwo.png
0150mewtwo,poke_capture_0150_000_uk_n_00000000_f_r.png,0150mewtwo,mewtwo_shiny.png
0150mewtwo,poke_capture_0150_001_uk_n_00000000_f_n.png,0150mewtwo,mewtwo-mega-x.png
0150mewtwo,poke_capture_0150_001_uk_n_00000000_f_r.png,0150mewtwo,mewtwo-mega-x_shiny.png
0150mewtwo,poke_capture_0150_002_uk_n_00000000_f_n.png,0150mewtwo,mewtwo-mega-y.png
0150mewtwo,poke_capture_0150_002_uk_n_00000000_f_r.png,0150mewtwo,mewtwo-mega-y_shiny.png
0151mew,poke_capture_0151_000_uk_n_00000000_f_n.png,0151mew,mew.png
0151mew,poke_capture_0151_000_uk_n_00000000_f_r.png,0151mew,mew_shiny.png
0152chikorita,poke_capture_0152_000_mf_n_00000000_f_n.png,0152chikorita,chikorita.png
0152chikorita,poke_capture_0152_000_mf_n_00000000_f_r.png,0152chikorita,chikorita_shiny.png
0153bayleef,poke_capture_0153_000_mf_n_00000000_f_n.png,0153bayleef,bayleef.png
0153bayleef,poke_capture_0153_000_mf_n_00000000_f_r.png,0153bayleef,bayleef_shiny.png
0154meganium,poke_capture_0154_000_fd_n_00000000_f_n.png,0154meganium,meganium.png
0154meganium,poke_capture_0154_000_fd_n_00000000_f_r.png,0154meganium,meganium_shiny.png
0154meganium,poke_capture_0154_000_md_n_00000000_f_n.png,0154meganium,meganium.png
0154meganium,poke_capture_0154_000_md_n_00000000_f_r.png,0154meganium,meganium_shiny.png
0155cyndaquil,poke_capture_0155_000_mf_n_00000000_f_n.png,0155cyndaquil,cyndaquil.png
0155cyndaquil,poke_capture_0155_000_mf_n_00000000_f_r.png,0155cyndaquil,cyndaquil_shiny.png
0156quilava,poke_capture_0156_000_mf_n_00000000_f_n.png,0156quilava,quilava.png
0156quilava,poke_capture_0156_000_mf_n_00000000_f_r.png,0156quilava,quilava_shiny.png
0157typhlosion,poke_capture_0157_000_mf_n_00000000_f_n.png,0157typhlosion,typhlosion.png
0157typhlosion,poke_capture_0157_000_mf_n_00000000_f_r.png,0157typhlosion,typhlosion_shiny.png
0158totodile,poke_capture_0158_000_mf_n_00000000_f_n.png,0158totodile,totodile.png
0158totodile,poke_capture_0158_000_mf_n_00000000_f_r.png,0158totodile,totodile_shiny.png
0159croconaw,poke_capture_0159_000_mf_n_00000000_f_n.png,0159croconaw,croconaw.png
0159croconaw,poke_capture_0159_000_mf_n_00000000_f_r.png,0159croconaw,croconaw_shiny.png
0160feraligatr,poke_capture_0160_000_mf_n_00000000_f_n.png,0160feraligatr,feraligatr.png
0160feraligatr,poke_capture_0160_000_mf_n_00000000_f_r.png,0160feraligatr,feraligatr_shiny.png
0161sentret,poke_capture_0161_000_mf_n_00000000_f_n.png,0161sentret,sentret.png
0161sentret,poke_capture_0161_000_mf_n_00000000_f_r.png,0161sentret,sentret_shiny.png
0162furret,poke_capture_0162_000_mf_n_00000000_f_n.png,0162furret,furret.png
0162furret,poke_capture_0162_000_mf_n_00000000_f_r.png,0162furret,furret_shiny.png
0163hoothoot,poke_capture_0163_000_mf_n_00000000_f_n.png,0163hoothoot,hoothoot.png
0163hoothoot,poke_capture_0163_000_mf_n_00000000_f_r.png,0163hoothoot,hoothoot_shiny.png
0164noctowl,poke_capture_0164_000_mf_n_00000000_f_n.png,0164noctowl,noctowl.png
0164noctowl,poke_capture_0164_000_mf_n_00000000_f_r.png,0164noctowl,noctowl_shiny.png
0165ledyba,poke_capture_0165_000_fd_n_00000000_f_n.png,0165ledyba,ledyba.png
0165ledyba,poke_capture_0165_000_fd_n_00000000_f_r.png,0165ledyba,ledyba_shiny.png
0165ledyba,poke_capture_0165_000_md_n_00000000_f_n.png,0165ledyba,ledyba.png
0165ledyba,poke_capture_0165_000_md_n_00000000_f_r.png,0165ledyba,ledyba_shiny.png
0166ledian,poke_capture_0166_000_fd_n_00000000_f_n.png,0166ledian,ledian.png
0166ledian,poke_capture_0166_000_fd_n_00000000_f_r.png,0166ledian,ledian_shiny.png
0166ledian,poke_capture_0166_000_md_n_00000000_f_n.png,0166ledian,ledian.png
0166ledian,poke_capture_0166_000_md_n_00000000_f_r.png,0166ledian,ledian_shiny.png
0167spinarak,poke_capture_0167_000_mf_n_00000000_f_n.png,0167spinarak,spinarak.png
0167spinarak,poke_capture_0167_000_mf_n_00000000_f_r.png,0167spinarak,spinarak_shiny.png
0168ariados,poke_capture_0168_000_mf_n_00000000_f_n.png,0168ariados,ariados.png
0168ariados,poke_capture_0168_000_mf_n_00000000_f_r.png,0168ariados,ariados_shiny.png
0169crobat,poke_capture_0169_000_mf_n_00000000_f_n.png,0169crobat,crobat.png
0169crobat,poke_capture_0169_000_mf_n_00000000_f_r.png,0169crobat,crobat_shiny.png
0170chinchou,poke_capture_0170_000_mf_n_00000000_f_n.png,0170chinchou,chinchou.png
0170chinchou,poke_capture_0170_000_mf_n_00000000_f_r.png,0170chinchou,chinchou_shiny.png
0171lanturn,poke_capture_0171_000_mf_n_00000000_f_n.png,0171lanturn,lanturn.png
0171lanturn,poke_capture_0171_000_mf_n_00000000_f_r.png,0171lanturn,lanturn_shiny.png
0172pichu,poke_capture_0172_000_mf_n_00000000_f_n.png,0172pichu,pichu.png
0172pichu,poke_capture_0172_000_mf_n_00000000_f_r.png,0172pichu,pichu_shiny.png
0173cleffa,poke_capture_0173_000_mf_n_00000000_f_n.png,0173cleffa,cleffa_right.png
0173cleffa,poke_capture_0173_000_mf_n_00000000_f_r.png,0173cleffa,cleffa_shiny_right.png
0174igglybuff,poke_capture_0174_000_mf_n_00000000_f_n.png,0174igglybuff,igglybuff.png
0174igglybuff,poke_capture_0174_000_mf_n_00000000_f_r.png,0174igglybuff,igglybuff_shiny.png
0175togepi,poke_capture_0175_000_mf_n_00000000_f_n.png,0175togepi,togepi.png
0175togepi,poke_capture_0175_000_mf_n_00000000_f_r.png,0175togepi,togepi_shiny.png
0176togetic,poke_capture_0176_000_mf_n_00000000_f_n.png,0176togetic,togetic.png
0176togetic,poke_capture_0176_000_mf_n_00000000_f_r.png,0176togetic,togetic_shiny.png
0177natu,poke_capture_0177_000_mf_n_00000000_f_n.png,0177natu,natu.png
0177natu,poke_capture_0177_000_mf_n_00000000_f_r.png,0177natu,natu_shiny.png
0178xatu,poke_capture_0178_000_fd_n_00000000_f_n.png,0178xatu,xatu.png
0178xatu,poke_capture_0178_000_fd_n_00000000_f_r.png,0178xatu,xatu_shiny.png
0178xatu,poke_capture_0178_000_md_n_00000000_f_n.png,0178xatu,xatu.png
0178xatu,poke_capture_0178_000_md_n_00000000_f_r.png,0178xatu,xatu_shiny.png
0179mareep,poke_capture_0179_000_mf_n_00000000_f_n.png,0179mareep,mareep.png
0179mareep,poke_capture_0179_000_mf_n_00000000_f_r.png,0179mareep,mareep_shiny.png
0180flaaffy,poke_capture_0180_000_mf_n_00000000_f_n.png,0180flaaffy,flaaffy.png
0180flaaffy,poke_capture_0180_000_mf_n_00000000_f_r.png,0180flaaffy,flaaffy_shiny.png
0181ampharos,poke_capture_0181_000_mf_n_00000000_f_n.png,0181ampharos,ampharos.png
0181ampharos,poke_capture_0181_000_mf_n_00000000_f_r.png,0181ampharos,ampharos_shiny.png
0181ampharos,poke_capture_0181_001_mf_n_00000000_f_n.png,0181ampharos,ampharos-mega.png
0181ampharos,poke_capture_0181_001_mf_n_00000000_f_r.png,0181ampharos,ampharos-mega_shiny.png
0182bellossom,poke_capture_0182_000_mf_n_00000000_f_n.png,0182bellossom,bellossom.png
0182bellossom,poke_capture_0182_000_mf_n_00000000_f_r.png,0182bellossom,bellossom_shiny.png
0183marill,poke_capture_0183_000_mf_n_00000000_f_n.png,0183marill,marill.png
0183marill,poke_capture_0183_000_mf_n_00000000_f_r.png,0183marill,marill_shiny.png
0184azumarill,poke_capture_0184_000_mf_n_00000000_f_n.png,0184azumarill,azumarill.png
0184azumarill,poke_capture_0184_000_mf_n_00000000_f_r.png,0184azumarill,azumarill_shiny.png
0185sudowoodo,poke_capture_0185_000_fd_n_00000000_f_n.png,0185sudowoodo,sudowoodo.png
0185sudowoodo,poke_capture_0185_000_fd_n_00000000_f_r.png,0185sudowoodo,sudowoodo_shiny.png
0185sudowoodo,poke_capture_0185_000_md_n_00000000_f_n.png,0185sudowoodo,sudowoodo.png
0185sudowoodo,poke_capture_0185_000_md_n_00000000_f_r.png,0185sudowoodo,sudowoodo_shiny.png
0186politoed,poke_capture_0186_000_fd_n_00000000_f_n.png,0186politoed,politoed.png
0186politoed,poke_capture_0186_000_fd_n_00000000_f_r.png,0186politoed,politoed_shiny.png
0186politoed,poke_capture_0186_000_md_n_00000000_f_n.png,0186politoed,politoed.png
0186politoed,poke_capture_0186_000_md_n_00000000_f_r.png,0186politoed,politoed_shiny.png
0187hoppip,poke_capture_0187_000_mf_n_00000000_f_n.png,0187hoppip,hoppip.png
0187hoppip,poke_capture_0187_000_mf_n_00000000_f_r.png,0187hoppip,hoppip_shiny.png
0188skiploom,poke_capture_0188_000_mf_n_00000000_f_n.png,0188skiploom,skiploom.png
0188skiploom,poke_capture_0188_000_mf_n_00000000_f_r.png,0188skiploom,skiploom_shiny.png
0189jumpluff,poke_capture_0189_000_mf_n_00000000_f_n.png,0189jumpluff,jumpluff.png
0189jumpluff,poke_capture_0189_000_mf_n_00000000_f_r.png,0189jumpluff,jumpluff_shiny.png
0190aipom,poke_capture_0190_000_fd_n_00000000_f_n.png,0190aipom,aipom.png
0190aipom,poke_capture_0190_000_fd_n_00000000_f_r.png,0190aipom,aipom_shiny.png
0190aipom,poke_capture_0190_000_md_n_00000000_f_n.png,0190aipom,aipom.png
0190aipom,poke_capture_0190_000_md_n_00000000_f_r.png,0190aipom,aipom_shiny.png
0191sunkern,poke_capture_0191_000_mf_n_00000000_f_n.png,0191sunkern,sunkern.png
0191sunkern,poke_capture_0191_000_mf_n_00000000_f_r.png,0191sunkern,sunkern_shiny.png
0192sunflora,poke_capture_0192_000_mf_n_00000000_f_n.png,0192sunflora,sunflora.png
0192sunflora,poke_capture_0192_000_mf_n_00000000_f_r.png,0192sunflora,sunflora_shiny.png
0193yanma,poke_capture_0193_000_mf_n_00000000_f_n.png,0193yanma,yanma.png
0193yanma,poke_capture_0193_000_mf_n_00000000_f_r.png,0193yanma,yanma_shiny.png
0194wooper,poke_capture_0194_000_fd_n_00000000_f_n.png,0194wooper,wooper.png
0194wooper,poke_capture_0194_000_fd_n_00000000_f_r.png,0194wooper,wooper_shiny.png
0194wooper,poke_capture_0194_000_md_n_00000000_f_n.png,0194wooper,wooper.png
0194wooper,poke_capture_0194_000_md_n_00000000_f_r.png,0194wooper,wooper_shiny.png
0195quagsire,poke_capture_0195_000_fd_n_00000000_f_n.png,0195quagsire,quagsire.png
0195quagsire,poke_capture_0195_000_fd_n_00000000_f_r.png,0195quagsire,quagsire_shiny.png
0195quagsire,poke_capture_0195_000_md_n_00000000_f_n.png,0195quagsire,quagsire.png
0195quagsire,poke_capture_0195_000_md_n_00000000_f_r.png,0195quagsire,quagsire_shiny.png
0196espeon,poke_capture_0196_000_mf_n_00000000_f_n.png,0196espeon,espeon.png
0196espeon,poke_capture_0196_000_mf_n_00000000_f_r.png,0196espeon,espeon_shiny.png
0197umbreon,poke_capture_0197_000_mf_n_00000000_f_n.png,0197umbreon,umbreon.png
0197umbreon,poke_capture_0197_000_mf_n_00000000_f_r.png,0197umbreon,umbreon_shiny.png
0198murkrow,poke_capture_0198_000_fd_n_00000000_f_n.png,0198murkrow,murkrow.png
0198murkrow,poke_capture_0198_000_fd_n_00000000_f_r.png,0198murkrow,murkrow_shiny.png
0198murkrow,poke_capture_0198_000_md_n_00000000_f_n.png,0198murkrow,murkrow.png
0198murkrow,poke_capture_0198_000_md_n_00000000_f_r.png,0198murkrow,murkrow_shiny.png
0199slowking,poke_capture_0199_000_mf_n_00000000_f_n.png,0199slowking,slowking.png
0199slowking,poke_capture_0199_000_mf_n_00000000_f_r.png,0199slowking,slowking_shiny.png
0199slowking,poke_capture_0199_001_mf_n_00000000_f_n.png,0199slowking,slowking galar.png
0199slowking,poke_capture_0199_001_mf_n_00000000_f_r.png,0199slowking,slowking galar_shiny.png
0200misdreavus,poke_capture_0200_000_mf_n_00000000_f_n.png,0200misdreavus,misdreavus.png
0200misdreavus,poke_capture_0200_000_mf_n_00000000_f_r.png,0200misdreavus,misdreavus_shiny.png
0201unown,poke_capture_0201_000_uk_n_00000000_f_n.png,0201unown,unown.png
0201unown,poke_capture_0201_000_uk_n_00000000_f_r.png,0201unown,unown_shiny.png
0201unown,poke_capture_0201_001_uk_n_00000000_f_n.png,0201unown,unown-b.png
0201unown,poke_capture_0201_001_uk_n_00000000_f_r.png,0201unown,unown-b_shiny.png
0201unown,poke_capture_0201_002_uk_n_00000000_f_n.png,0201unown,unown-c.png
0201unown,poke_capture_0201_002_uk_n_00000000_f_r.png,0201unown,unown-c_shiny.png
0201unown,poke_capture_0201_003_uk_n_00000000_f_n.png,0201unown,unown-d.png
0201unown,poke_capture_0201_003_uk_n_00000000_f_r.png,0201unown,unown-d_shiny.png
0201unown,poke_capture_0201_004_uk_n_00000000_f_n.png,0201unown,unown-e.png
0201unown,poke_capture_0201_004_uk_n_00000000_f_r.png,0201unown,unown-e_shiny.png
0201unown,poke_capture_0201_005_uk_n_00000000_f_n.png,0201unown,unown-f.png
0201unown,poke_capture_0201_005_uk_n_00000000_f_r.png,0201unown,unown-f_shiny.png
0201unown,poke_capture_0201_006_uk_n_00000000_f_n.png,0201unown,unown-g.png
0201unown,poke_capture_0201_006_uk_n_00000000_f_r.png,0201unown,unown-g_shiny.png
0201unown,poke_capture_0201_007_uk_n_00000000_f_n.png,0201unown,unown-h.png
0201unown,poke_capture_0201_007_uk_n_00000000_f_r.png,0201unown,unown-h_shiny.png
0201unown,poke_capture_0201_008_uk_n_00000000_f_n.png,0201unown,unown-i.png
0201unown,poke_capture_0201_008_uk_n_00000000_f_r.png,0201unown,unown-i_shiny.png
0201unown,poke_capture_0201_009_uk_n_00000000_f_n.png,0201unown,unown-j.png
0201unown,poke_capture_0201_009_uk_n_00000000_f_r.png,0201unown,unown-j_shiny.png
0201unown,poke_capture_0201_010_uk_n_00000000_f_n.png,0201unown,unown-k.png
0201unown,poke_capture_0201_010_uk_n_00000000_f_r.png,0201unown,unown-k_shiny.png
0201unown,poke_capture_0201_011_uk_n_00000000_f_n.png,0201unown,unown-l.png
0201unown,poke_capture_0201_011_uk_n_00000000_f_r.png,0201unown,unown-l_shiny.png
0201unown,poke_capture_0201_012_uk_n_00000000_f_n.png,0201unown,unown-m.png
0201unown,poke_capture_0201_012_uk_n_00000000_f_r.png,0201unown,unown-m_shiny.png
0201unown,poke_capture_0201_013_uk_n_00000000_f_n.png,0201unown,unown-n.png
0201unown,poke_capture_0201_013_uk_n_00000000_f_r.png,0201unown,unown-n_shiny.png
0201unown,poke_capture_0201_014_uk_n_00000000_f_n.png,0201unown,unown-o.png
0201unown,poke_capture_0201_014_uk_n_00000000_f_r.png,0201unown,unown-o_shiny.png
0201unown,poke_capture_0201_015_uk_n_00000000_f_n.png,0201unown,unown-p.png
0201unown,poke_capture_0201_015_uk_n_00000000_f_r.png,0201unown,unown-p_shiny.png
0201unown,poke_capture_0201_016_uk_n_00000000_f_n.png,0201unown,unown-q.png
0201unown,poke_capture_0201_016_uk_n_00000000_f_r.png,0201unown,unown-q_shiny.png
0201unown,poke_capture_0201_017_uk_n_00000000_f_n.png,0201unown,unown-r.png
0201unown,poke_capture_0201_017_uk_n_00000000_f_r.png,0201unown,unown-r_shiny.png
0201unown,poke_capture_0201_018_uk_n_00000000_f_n.png,0201unown,unown-s.png
0201unown,poke_capture_0201_018_uk_n_00000000_f_r.png,0201unown,unown-s_shiny.png
0201unown,poke_capture_0201_019_uk_n_00000000_f_n.png,0201unown,unown-t.png
0201unown,poke_capture_0201_019_uk_n_00000000_f_r.png,0201unown,unown-t_shiny.png
0201unown,poke_capture_0201_020_uk_n_00000000_f_n.png,0201unown,unown-u.png
0201unown,poke_capture_0201_020_uk_n_00000000_f_r.png,0201unown,unown-u_shiny.png
0201unown,poke_capture_0201_021_uk_n_00000000_f_n.png,0201unown,unown-v.png
0201unown,poke_capture_0201_021_uk_n_00000000_f_r.png,0201unown,unown-v_shiny.png
0201unown,poke_capture_0201_022_uk_n_00000000_f_n.png,0201unown,unown-w.png
0201unown,poke_capture_0201_022_uk_n_00000000_f_r.png,0201unown,unown-w_shiny.png
0201unown,poke_capture_0201_023_uk_n_00000000_f_n.png,0201unown,unown-x.png
0201unown,poke_capture_0201_023_uk_n_00000000_f_r.png,0201unown,unown-x_shiny.png
0201unown,poke_capture_0201_024_uk_n_00000000_f_n.png,0201unown,unown-y.png
0201unown,poke_capture_0201_024_uk_n_00000000_f_r.png,0201unown,unown-y_shiny.png
0201unown,poke_capture_0201_025_uk_n_00000000_f_n.png,0201unown,unown-z.png
0201unown,poke_capture_0201_025_uk_n_00000000_f_r.png,0201unown,unown-z_shiny.png
0201unown,poke_capture_0201_026_uk_n_00000000_f_n.png,0201unown,unown-exclamation.png
0201unown,poke_capture_0201_026_uk_n_00000000_f_r.png,0201unown,unown-exclamation_shiny.png
0201unown,poke_capture_0201_027_uk_n_00000000_f_n.png,0201unown,unown-question.png
0201unown,poke_capture_0201_027_uk_n_00000000_f_r.png,0201unown,unown-question_shiny.png
0202wobbuffet,poke_capture_0202_000_fd_n_00000000_f_n.png,0202wobbuffet,wobbuffet_female.png
0202wobbuffet,poke_capture_0202_000_fd_n_00000000_f_r.png,0202wobbuffet,wobbuffet_shiny_female.png
0202wobbuffet,poke_capture_0202_000_md_n_00000000_f_n.png,0202wobbuffet,wobbuffet.png
0202wobbuffet,poke_capture_0202_000_md_n_00000000_f_r.png,0202wobbuffet,wobbuffet_shiny.png
0203girafarig,poke_capture_0203_000_fd_n_00000000_f_n.png,0203girafarig,girafarig.png
0203girafarig,poke_capture_0203_000_fd_n_00000000_f_r.png,0203girafarig,girafarig_shiny.png
0203girafarig,poke_capture_0203_000_md_n_00000000_f_n.png,0203girafarig,girafarig.png
0203girafarig,poke_capture_0203_000_md_n_00000000_f_r.png,0203girafarig,girafarig_shiny.png
0204pineco,poke_capture_0204_000_mf_n_00000000_f_n.png,0204pineco,pineco.png
0204pineco,poke_capture_0204_000_mf_n_00000000_f_r.png,0204pineco,pineco_shiny.png
0205forretress,poke_capture_0205_000_mf_n_00000000_f_n.png,0205forretress,forretress.png
0205forretress,poke_capture_0205_000_mf_n_00000000_f_r.png,0205forretress,forretress_shiny.png
0206dunsparce,poke_capture_0206_000_mf_n_00000000_f_n.png,0206dunsparce,dunsparce.png
0206dunsparce,poke_capture_0206_000_mf_n_00000000_f_r.png,0206dunsparce,dunsparce_shiny.png
0207gligar,poke_capture_0207_000_fd_n_00000000_f_n.png,0207gligar,gligar.png
0207gligar,poke_capture_0207_000_fd_n_00000000_f_r.png,0207gligar,gligar_shiny.png
0207gligar,poke_capture_0207_000_md_n_00000000_f_n.png,0207gligar,gligar.png
0207gligar,poke_capture_0207_000_md_n_00000000_f_r.png,0207gligar,gligar_shiny.png
0208steelix,poke_capture_0208_000_fd_n_00000000_f_n.png,0208steelix,steelix.png
0208steelix,poke_capture_0208_000_fd_n_00000000_f_r.png,0208steelix,steelix_shiny.png
0208steelix,poke_capture_0208_000_md_n_00000000_f_n.png,0208steelix,steelix.png
0208steelix,poke_capture_0208_000_md_n_00000000_f_r.png,0208steelix,steelix_shiny.png
0208steelix,poke_capture_0208_001_mf_n_00000000_f_n.png,0208steelix,steelix-mega.png
0208steelix,poke_capture_0208_001_mf_n_00000000_f_r.png,0208steelix,steelix-mega_shiny.png
0209snubbull,poke_capture_0209_000_mf_n_00000000_f_n.png,0209snubbull,snubbull.png
0209snubbull,poke_capture_0209_000_mf_n_00000000_f_r.png,0209snubbull,snubbull_shiny.png
0210granbull,poke_capture_0210_000_mf_n_00000000_f_n.png,0210granbull,granbull.png
0210granbull,poke_capture_0210_000_mf_n_00000000_f_r.png,0210granbull,granbull_shiny.png
0211qwilfish,poke_capture_0211_000_mf_n_00000000_f_n.png,0211qwilfish,qwilfish.png
0211qwilfish,poke_capture_0211_000_mf_n_00000000_f_r.png,0211qwilfish,qwilfish_shiny.png
0212scizor,poke_capture_0212_000_fd_n_00000000_f_n.png,0212scizor,scizor.png
0212scizor,poke_capture_0212_000_fd_n_00000000_f_r.png,0212scizor,scizor_shiny.png
0212scizor,poke_capture_0212_000_md_n_00000000_f_n.png,0212scizor,scizor.png
0212scizor,poke_capture_0212_000_md_n_00000000_f_r.png,0212scizor,scizor_shiny.png
0212scizor,poke_capture_0212_001_mf_n_00000000_f_n.png,0212scizor,scizor-mega.png
0212scizor,poke_capture_0212_001_mf_n_00000000_f_r.png,0212scizor,scizor-mega_shiny.png
0213shuckle,poke_capture_0213_000_mf_n_00000000_f_n.png,0213shuckle,shuckle.png
0213shuckle,poke_capture_0213_000_mf_n_00000000_f_r.png,0213shuckle,shuckle_shiny.png
0214heracross,poke_capture_0214_000_fd_n_00000000_f_n.png,0214heracross,heracross.png
0214heracross,poke_capture_0214_000_fd_n_00000000_f_r.png,0214heracross,heracross_shiny.png
0214heracross,poke_capture_0214_000_md_n_00000000_f_n.png,0214heracross,heracross.png
0214heracross,poke_capture_0214_000_md_n_00000000_f_r.png,0214heracross,heracross_shiny.png
0214heracross,poke_capture_0214_001_mf_n_00000000_f_n.png,0214heracross,heracross-mega.png
0214heracross,poke_capture_0214_001_mf_n_00000000_f_r.png,0214heracross,heracross-mega_shiny.png
0215sneasel,poke_capture_0215_000_fd_n_00000000_f_n.png,0215sneasel,sneasel.png
0215sneasel,poke_capture_0215_000_fd_n_00000000_f_r.png,0215sneasel,sneasel_shiny.png
0215sneasel,poke_capture_0215_000_md_n_00000000_f_n.png,0215sneasel,sneasel.png
0215sneasel,poke_capture_0215_000_md_n_00000000_f_r.png,0215sneasel,sneasel_shiny.png
0216teddiursa,poke_capture_0216_000_mf_n_00000000_f_n.png,0216teddiursa,teddiursa.png
0216teddiursa,poke_capture_0216_000_mf_n_00000000_f_r.png,0216teddiursa,teddiursa_shiny.png
0217ursaring,poke_capture_0217_000_fd_n_00000000_f_n.png,0217ursaring,ursaring.png
0217ursaring,poke_capture_0217_000_fd_n_00000000_f_r.png,0217ursaring,ursaring_shiny.png
0217ursaring,poke_capture_0217_000_md_n_00000000_f_n.png,0217ursaring,ursaring.png
0217ursaring,poke_capture_0217_000_md_n_00000000_f_r.png,0217ursaring,ursaring_shiny.png
0218slugma,poke_capture_0218_000_mf_n_00000000_f_n.png,0218slugma,slugma.png
0218slugma,poke_capture_0218_000_mf_n_00000000_f_r.png,0218slugma,slugma_shiny.png
0219magcargo,poke_capture_0219_000_mf_n_00000000_f_n.png,0219magcargo,magcargo.png
0219magcargo,poke_capture_0219_000_mf_n_00000000_f_r.png,0219magcargo,magcargo_shiny.png
0220swinub,poke_capture_0220_000_mf_n_00000000_f_n.png,0220swinub,swinub.png
0220swinub,poke_capture_0220_000_mf_n_00000000_f_r.png,0220swinub,swinub_shiny.png
0221piloswine,poke_capture_0221_000_fd_n_00000000_f_n.png,0221piloswine,piloswine.png
0221piloswine,poke_capture_0221_000_fd_n_00000000_f_r.png,0221piloswine,piloswine_shiny.png
0221piloswine,poke_capture_0221_000_md_n_00000000_f_n.png,0221piloswine,piloswine.png
0221piloswine,poke_capture_0221_000_md_n_00000000_f_r.png,0221piloswine,piloswine_shiny.png
0222corsola,poke_capture_0222_000_mf_n_00000000_f_n.png,0222corsola,corsola.png
0222corsola,poke_capture_0222_000_mf_n_00000000_f_r.png,0222corsola,corsola_shiny.png
0222corsola,poke_capture_0222_001_mf_n_00000000_f_n.png,0222corsola,corsola galar.png
0222corsola,poke_capture_0222_001_mf_n_00000000_f_r.png,0222corsola,corsola galar_shiny.png
0223remoraid,poke_capture_0223_000_mf_n_00000000_f_n.png,0223remoraid,remoraid.png
0223remoraid,poke_capture_0223_000_mf_n_00000000_f_r.png,0223remoraid,remoraid_shiny.png
0224octillery,poke_capture_0224_000_fd_n_00000000_f_n.png,0224octillery,octillery.png
0224octillery,poke_capture_0224_000_fd_n_00000000_f_r.png,0224octillery,octillery_shiny.png
0224octillery,poke_capture_0224_000_md_n_00000000_f_n.png,0224octillery,octillery.png
0224octillery,poke_capture_0224_000_md_n_00000000_f_r.png,0224octillery,octillery_shiny.png
0225delibird,poke_capture_0225_000_mf_n_00000000_f_n.png,0225delibird,delibird.png
0225delibird,poke_capture_0225_000_mf_n_00000000_f_r.png,0225delibird,delibird_shiny.png
0226mantine,poke_capture_0226_000_mf_n_00000000_f_n.png,0226mantine,mantine.png
0226mantine,poke_capture_0226_000_mf_n_00000000_f_r.png,0226mantine,mantine_shiny.png
0227skarmory,poke_capture_0227_000_mf_n_00000000_f_n.png,0227skarmory,skarmory.png
0227skarmory,poke_capture_0227_000_mf_n_00000000_f_r.png,0227skarmory,skarmory_shiny.png
0228houndour,poke_capture_0228_000_mf_n_00000000_f_n.png,0228houndour,houndour.png
0228houndour,poke_capture_0228_000_mf_n_00000000_f_r.png,0228houndour,houndour_shiny.png
0229houndoom,poke_capture_0229_000_fd_n_00000000_f_n.png,0229houndoom,houndoom.png
0229houndoom,poke_capture_0229_000_fd_n_00000000_f_r.png,0229houndoom,houndoom_shiny.png
0229houndoom,poke_capture_0229_000_md_n_00000000_f_n.png,0229houndoom,houndoom.png
0229houndoom,poke_capture_0229_000_md_n_00000000_f_r.png,0229houndoom,houndoom_shiny.png
0229houndoom,poke_capture_0229_001_mf_n_00000000_f_n.png,0229houndoom,houndoom-mega.png
0229houndoom,poke_capture_0229_001_mf_n_00000000_f_r.png,0229houndoom,houndoom-mega_shiny.png
0230kingdra,poke_capture_0230_000_mf_n_00000000_f_n.png,0230kingdra,kingdra.png
0230kingdra,poke_capture_0230_000_mf_n_00000000_f_r.png,0230kingdra,kingdra_shiny.png
0231phanpy,poke_capture_0231_000_mf_n_00000000_f_n.png,0231phanpy,phanpy.png
0231phanpy,poke_capture_0231_000_mf_n_00000000_f_r.png,0231phanpy,phanpy_shiny.png
0232donphan,poke_capture_0232_000_fd_n_00000000_f_n.png,0232donphan,donphan.png
0232donphan,poke_capture_0232_000_fd_n_00000000_f_r.png,0232donphan,donphan_shiny.png
0232donphan,poke_capture_0232_000_md_n_00000000_f_n.png,0232donphan,donphan.png
0232donphan,poke_capture_0232_000_md_n_00000000_f_r.png,0232donphan,donphan_shiny.png
0233porygon2,poke_capture_0233_000_uk_n_00000000_f_n.png,0233porygon2,porygon2.png
0233porygon2,poke_capture_0233_000_uk_n_00000000_f_r.png,0233porygon2,porygon2_shiny.png
0234stantler,poke_capture_0234_000_mf_n_00000000_f_n.png,0234stantler,stantler.png
0234stantler,poke_capture_0234_000_mf_n_00000000_f_r.png,0234stantler,stantler_shiny.png
0235smeargle,poke_capture_0235_000_mf_n_00000000_f_n.png,0235smeargle,smeargle.png
0235smeargle,poke_capture_0235_000_mf_n_00000000_f_r.png,0235smeargle,smeargle_shiny.png
0236tyrogue,poke_capture_0236_000_mo_n_00000000_f_n.png,0236tyrogue,tyrogue.png
0236tyrogue,poke_capture_0236_000_mo_n_00000000_f_r.png,0236tyrogue,tyrogue_shiny.png
0237hitmontop,poke_capture_0237_000_mo_n_00000000_f_n.png,0237hitmontop,hitmontop.png
0237hitmontop,poke_capture_0237_000_mo_n_00000000_f_r.png,0237hitmontop,hitmontop_shiny.png
0238smoochum,poke_capture_0238_000_fo_n_00000000_f_n.png,0238smoochum,smoochum.png
0238smoochum,poke_capture_0238_000_fo_n_00000000_f_r.png,0238smoochum,smoochum_shiny.png
0239elekid,poke_capture_0239_000_mf_n_00000000_f_n.png,0239elekid,elekid.png
0239elekid,poke_capture_0239_000_mf_n_00000000_f_r.png,0239elekid,elekid_shiny.png
0240magby,poke_capture_0240_000_mf_n_00000000_f_n.png,0240magby,magby.png
0240magby,poke_capture_0240_000_mf_n_00000000_f_r.png,0240magby,magby_shiny.png
0241miltank,poke_capture_0241_000_fo_n_00000000_f_n.png,0241miltank,miltank.png
0241miltank,poke_capture_0241_000_fo_n_00000000_f_r.png,0241miltank,miltank_shiny.png
0242blissey,poke_capture_0242_000_fo_n_00000000_f_n.png,0242blissey,blissey.png
0242blissey,poke_capture_0242_000_fo_n_00000000_f_r.png,0242blissey,blissey_shiny.png
0243raikou,poke_capture_0243_000_uk_n_00000000_f_n.png,0243raikou,raikou.png
0243raikou,poke_capture_0243_000_uk_n_00000000_f_r.png,0243raikou,raikou_shiny.png
0244entei,poke_capture_0244_000_uk_n_00000000_f_n.png,0244entei,entei.png
0244entei,poke_capture_0244_000_uk_n_00000000_f_r.png,0244entei,entei_shiny.png
0245suicune,poke_capture_0245_000_uk_n_00000000_f_n.png,0245suicune,suicune.png
0245suicune,poke_capture_0245_000_uk_n_00000000_f_r.png,0245suicune,suicune_shiny.png
0246larvitar,poke_capture_0246_000_mf_n_00000000_f_n.png,0246larvitar,larvitar.png
0246larvitar,poke_capture_0246_000_mf_n_00000000_f_r.png,0246larvitar,larvitar_shiny.png
0247pupitar,poke_capture_0247_000_mf_n_00000000_f_n.png,0247pupitar,pupitar.png
0247pupitar,poke_capture_0247_000_mf_n_00000000_f_r.png,0247pupitar,pupitar_shiny.png
0248tyranitar,poke_capture_0248_000_mf_n_00000000_f_n.png,0248tyranitar,tyranitar.png
0248tyranitar,poke_capture_0248_000_mf_n_00000000_f_r.png,0248tyranitar,tyranitar_shiny.png
0248tyranitar,poke_capture_0248_001_mf_n_00000000_f_n.png,0248tyranitar,tyranitar-mega.png
0248tyranitar,poke_capture_0248_001_mf_n_00000000_f_r.png,0248tyranitar,tyranitar-mega_shiny.png
0249lugia,poke_capture_0249_000_uk_n_00000000_f_n.png,0249lugia,lugia.png
0249lugia,poke_capture_0249_000_uk_n_00000000_f_r.png,0249lugia,lugia_shiny.png
0250ho-oh,poke_capture_0250_000_uk_n_00000000_f_n.png,0250ho-oh,ho-oh.png
0250ho-oh,poke_capture_0250_000_uk_n_00000000_f_r.png,0250ho-oh,ho-oh_shiny.png
0251celebi,poke_capture_0251_000_uk_n_00000000_f_n.png,0251celebi,celebi.png
0251celebi,poke_capture_0251_000_uk_n_00000000_f_r.png,0251celebi,celebi_shiny.png
0252treecko,poke_capture_0252_000_mf_n_00000000_f_n.png,0252treecko,treecko.png
0252treecko,poke_capture_0252_000_mf_n_00000000_f_r.png,0252treecko,treecko_shiny.png
0253grovyle,poke_capture_0253_000_mf_n_00000000_f_n.png,0253grovyle,grovyle.png
0253grovyle,poke_capture_0253_000_mf_n_00000000_f_r.png,0253grovyle,grovyle_shiny.png
0254sceptile,poke_capture_0254_000_mf_n_00000000_f_n.png,0254sceptile,sceptile.png
0254sceptile,poke_capture_0254_000_mf_n_00000000_f_r.png,0254sceptile,sceptile_shiny.png
0254sceptile,poke_capture_0254_001_mf_n_00000000_f_n.png,0254sceptile,sceptile-mega.png
0254sceptile,poke_capture_0254_001_mf_n_00000000_f_r.png,0254sceptile,sceptile-mega_shiny.png
0255torchic,poke_capture_0255_000_fd_n_00000000_f_n.png,0255torchic,torchic.png
0255torchic,poke_capture_0255_000_fd_n_00000000_f_r.png,0255torchic,torchic_shiny.png
0256combusken,poke_capture_0256_000_fd_n_00000000_f_n.png,0256combusken,combusken.png
0256combusken,poke_capture_0256_000_fd_n_00000000_f_r.png,0256combusken,combusken_shiny.png
0256combusken,poke_capture_0256_000_md_n_00000000_f_n.png,0256combusken,combusken.png
0256combusken,poke_capture_0256_000_md_n_00000000_f_r.png,0256combusken,combusken_shiny.png
0257blaziken,poke_capture_0257_000_fd_n_00000000_f_n.png,0257blaziken,blaziken.png
0257blaziken,poke_capture_0257_000_fd_n_00000000_f_r.png,0257blaziken,blaziken_shiny.png
0257blaziken,poke_capture_0257_000_md_n_00000000_f_n.png,0257blaziken,blaziken.png
0257blaziken,poke_capture_0257_000_md_n_00000000_f_r.png,0257blaziken,blaziken_shiny.png
0257blaziken,poke_capture_0257_001_mf_n_00000000_f_n.png,0257blaziken,blaziken-mega.png
0257blaziken,poke_capture_0257_001_mf_n_00000000_f_r.png,0257blaziken,blaziken-mega_shiny.png
0258mudkip,poke_capture_0258_000_mf_n_00000000_f_n.png,0258mudkip,mudkip.png
0258mudkip,poke_capture_0258_000_mf_n_00000000_f_r.png,0258mudkip,mudkip_shiny.png
0259marshtomp,poke_capture_0259_000_mf_n_00000000_f_n.png,0259marshtomp,marshtomp.png
0259marshtomp,poke_capture_0259_000_mf_n_00000000_f_r.png,0259marshtomp,marshtomp_shiny.png
0260swampert,poke_capture_0260_000_mf_n_00000000_f_n.png,0260swampert,swampert.png
0260swampert,poke_capture_0260_000_mf_n_00000000_f_r.png,0260swampert,swampert_shiny.png
0260swampert,poke_capture_0260_001_mf_n_00000000_f_n.png,0260swampert,swampert-mega.png
0260swampert,poke_capture_0260_001_mf_n_00000000_f_r.png,0260swampert,swampert-mega_shiny.png
0261poochyena,poke_capture_0261_000_mf_n_00000000_f_n.png,0261poochyena,poochyena.png
0261poochyena,poke_capture_0261_000_mf_n_00000000_f_r.png,0261poochyena,poochyena_shiny.png
0262mightyena,poke_capture_0262_000_mf_n_00000000_f_n.png,0262mightyena,mightyena.png
0262mightyena,poke_capture_0262_000_mf_n_00000000_f_r.png,0262mightyena,mightyena_shiny.png
0263zigzagoon,poke_capture_0263_000_mf_n_00000000_f_n.png,0263zigzagoon,zigzagoon.png
0263zigzagoon,poke_capture_0263_000_mf_n_00000000_f_r.png,0263zigzagoon,zigzagoon_shiny.png
0263zigzagoon,poke_capture_0263_001_mf_n_00000000_f_n.png,0263zigzagoon,zigzagoon galar.png
0263zigzagoon,poke_capture_0263_001_mf_n_00000000_f_r.png,0263zigzagoon,zigzagoon galar_shiny.png
0264linoone,poke_capture_0264_000_mf_n_00000000_f_n.png,0264linoone,linoone.png
0264linoone,poke_capture_0264_000_mf_n_00000000_f_r.png,0264linoone,linoone_shiny.png
0264linoone,poke_capture_0264_001_mf_n_00000000_f_n.png,0264linoone,linoone galar.png
0264linoone,poke_capture_0264_001_mf_n_00000000_f_r.png,0264linoone,linoone galar_shiny.png
0265wurmple,poke_capture_0265_000_mf_n_00000000_f_n.png,0265wurmple,wurmple.png
0265wurmple,poke_capture_0265_000_mf_n_00000000_f_r.png,0265wurmple,wurmple_shiny.png
0266silcoon,poke_capture_0266_000_mf_n_00000000_f_n.png,0266silcoon,silcoon.png
0266silcoon,poke_capture_0266_000_mf_n_00000000_f_r.png,0266silcoon,silcoon_shiny.png
0267beautifly,poke_capture_0267_000_fd_n_00000000_f_n.png,0267beautifly,beautifly.png
0267beautifly,poke_capture_0267_000_fd_n_00000000_f_r.png,0267beautifly,beautifly_shiny.png
0267beautifly,poke_capture_0267_000_md_n_00000000_f_n.png,0267beautifly,beautifly.png
0267beautifly,poke_capture_0267_000_md_n_00000000_f_r.png,0267beautifly,beautifly_shiny.png
0268cascoon,poke_capture_0268_000_mf_n_00000000_f_n.png,0268cascoon,cascoon.png
0268cascoon,poke_capture_0268_000_mf_n_00000000_f_r.png,0268cascoon,cascoon_shiny.png
0269dustox,poke_capture_0269_000_fd_n_00000000_f_n.png,0269dustox,dustox.png
0269dustox,poke_capture_0269_000_fd_n_00000000_f_r.png,0269dustox,dustox_shiny.png
0269dustox,poke_capture_0269_000_md_n_00000000_f_n.png,0269dustox,dustox.png
0269dustox,poke_capture_0269_000_md_n_00000000_f_r.png,0269dustox,dustox_shiny.png
0270lotad,poke_capture_0270_000_mf_n_00000000_f_n.png,0270lotad,lotad.png
0270lotad,poke_capture_0270_000_mf_n_00000000_f_r.png,0270lotad,lotad_shiny.png
0271lombre,poke_capture_0271_000_mf_n_00000000_f_n.png,0271lombre,lombre.png
0271lombre,poke_capture_0271_000_mf_n_00000000_f_r.png,0271lombre,lombre_shiny.png
0272ludicolo,poke_capture_0272_000_fd_n_00000000_f_n.png,0272ludicolo,ludicolo.png
0272ludicolo,poke_capture_0272_000_fd_n_00000000_f_r.png,0272ludicolo,ludicolo_shiny.png
0272ludicolo,poke_capture_0272_000_md_n_00000000_f_n.png,0272ludicolo,ludicolo.png
0272ludicolo,poke_capture_0272_000_md_n_00000000_f_r.png,0272ludicolo,ludicolo_shiny.png
0273seedot,poke_capture_0273_000_mf_n_00000000_f_n.png,0273seedot,seedot.png
0273seedot,poke_capture_0273_000_mf_n_00000000_f_r.png,0273seedot,seedot_shiny.png
0274nuzleaf,poke_capture_0274_000_fd_n_00000000_f_n.png,0274nuzleaf,nuzleaf.png
0274nuzleaf,poke_capture_0274_000_fd_n_00000000_f_r.png,0274nuzleaf,nuzleaf_shiny.png
0274nuzleaf,poke_capture_0274_000_md_n_00000000_f_n.png,0274nuzleaf,nuzleaf.png
0274nuzleaf,poke_capture_0274_000_md_n_00000000_f_r.png,0274nuzleaf,nuzleaf_shiny.png
0275shiftry,poke_capture_0275_000_fd_n_00000000_f_n.png,0275shiftry,shiftry.png
0275shiftry,poke_capture_0275_000_fd_n_00000000_f_r.png,0275shiftry,shiftry_shiny.png
0275shiftry,poke_capture_0275_000_md_n_00000000_f_n.png,0275shiftry,shiftry.png
0275shiftry,poke_capture_0275_000_md_n_00000000_f_r.png,0275shiftry,shiftry_shiny.png
0276taillow,poke_capture_0276_000_mf_n_00000000_f_n.png,0276taillow,taillow.png
0276taillow,poke_capture_0276_000_mf_n_00000000_f_r.png,0276taillow,taillow_shiny.png
0277swellow,poke_capture_0277_000_mf_n_00000000_f_n.png,0277swellow,swellow.png
0277swellow,poke_capture_0277_000_mf_n_00000000_f_r.png,0277swellow,swellow_shiny.png
0278wingull,poke_capture_0278_000_mf_n_00000000_f_n.png,0278wingull,wingull.png
0278wingull,poke_capture_0278_000_mf_n_00000000_f_r.png,0278wingull,wingull_shiny.png
0279pelipper,poke_capture_0279_000_mf_n_00000000_f_n.png,0279pelipper,pelipper.png
0279pelipper,poke_capture_0279_000_mf_n_00000000_f_r.png,0279pelipper,pelipper_shiny.png
0280ralts,poke_capture_0280_000_mf_n_00000000_f_n.png,0280ralts,ralts.png
0280ralts,poke_capture_0280_000_mf_n_00000000_f_r.png,0280ralts,ralts_shiny.png
0281kirlia,poke_capture_0281_000_mf_n_00000000_f_n.png,0281kirlia,kirlia.png
0281kirlia,poke_capture_0281_000_mf_n_00000000_f_r.png,0281kirlia,kirlia_shiny.png
0282gardevoir,poke_capture_0282_000_mf_n_00000000_f_n.png,0282gardevoir,gardevoir.png
0282gardevoir,poke_capture_0282_000_mf_n_00000000_f_r.png,0282gardevoir,gardevoir_shiny.png
0282gardevoir,poke_capture_0282_001_mf_n_00000000_f_n.png,0282gardevoir,gardevoir-mega.png
0282gardevoir,poke_capture_0282_001_mf_n_00000000_f_r.png,0282gardevoir,gardevoir-mega_shiny.png
0283surskit,poke_capture_0283_000_mf_n_00000000_f_n.png,0283surskit,surskit.png
0283surskit,poke_capture_0283_000_mf_n_00000000_f_r.png,0283surskit,surskit_shiny.png
0284masquerain,poke_capture_0284_000_mf_n_00000000_f_n.png,0284masquerain,masquerain.png
0284masquerain,poke_capture_0284_000_mf_n_00000000_f_r.png,0284masquerain,masquerain_shiny.png
0285shroomish,poke_capture_0285_000_mf_n_00000000_f_n.png,0285shroomish,shroomish.png
0285shroomish,poke_capture_0285_000_mf_n_00000000_f_r.png,0285shroomish,shroomish_shiny.png
0286breloom,poke_capture_0286_000_mf_n_00000000_f_n.png,0286breloom,breloom.png
0286breloom,poke_capture_0286_000_mf_n_00000000_f_r.png,0286breloom,breloom_shiny.png
0287slakoth,poke_capture_0287_000_mf_n_00000000_f_n.png,0287slakoth,slakoth.png
0287slakoth,poke_capture_0287_000_mf_n_00000000_f_r.png,0287slakoth,slakoth_shiny.png
0288vigoroth,poke_capture_0288_000_mf_n_00000000_f_n.png,0288vigoroth,vigoroth.png
0288vigoroth,poke_capture_0288_000_mf_n_00000000_f_r.png,0288vigoroth,vigoroth_shiny.png
0289slaking,poke_capture_0289_000_mf_n_00000000_f_n.png,0289slaking,slaking.png
0289slaking,poke_capture_0289_000_mf_n_00000000_f_r.png,0289slaking,slaking_shiny.png
0290nincada,poke_capture_0290_000_mf_n_00000000_f_n.png,0290nincada,nincada.png
0290nincada,poke_capture_0290_000_mf_n_00000000_f_r.png,0290nincada,nincada_shiny.png
0291ninjask,poke_capture_0291_000_mf_n_00000000_f_n.png,0291ninjask,ninjask.png
0291ninjask,poke_capture_0291_000_mf_n_00000000_f_r.png,0291ninjask,ninjask_shiny.png
0292shedinja,poke_capture_0292_000_uk_n_00000000_f_n.png,0292shedinja,shedinja.png
0292shedinja,poke_capture_0292_000_uk_n_00000000_f_r.png,0292shedinja,shedinja_shiny.png
0293whismur,poke_capture_0293_000_mf_n_00000000_f_n.png,0293whismur,whismur.png
0293whismur,poke_capture_0293_000_mf_n_00000000_f_r.png,0293whismur,whismur_shiny.png
0294loudred,poke_capture_0294_000_mf_n_00000000_f_n.png,0294loudred,loudred.png
0294loudred,poke_capture_0294_000_mf_n_00000000_f_r.png,0294loudred,loudred_shiny.png
0295exploud,poke_capture_0295_000_mf_n_00000000_f_n.png,0295exploud,exploud.png
0295exploud,poke_capture_0295_000_mf_n_00000000_f_r.png,0295exploud,exploud_shiny.png
0296makuhita,poke_capture_0296_000_mf_n_00000000_f_n.png,0296makuhita,makuhita.png
0296makuhita,poke_capture_0296_000_mf_n_00000000_f_r.png,0296makuhita,makuhita_shiny.png
0297hariyama,poke_capture_0297_000_mf_n_00000000_f_n.png,0297hariyama,hariyama.png
0297hariyama,poke_capture_0297_000_mf_n_00000000_f_r.png,0297hariyama,hariyama_shiny.png
0298azurill,poke_capture_0298_000_mf_n_00000000_f_n.png,0298azurill,azurill.png
0298azurill,poke_capture_0298_000_mf_n_00000000_f_r.png,0298azurill,azurill_shiny.png
0299nosepass,poke_capture_0299_000_mf_n_00000000_f_n.png,0299nosepass,nosepass.png
0299nosepass,poke_capture_0299_000_mf_n_00000000_f_r.png,0299nosepass,nosepass_shiny.png
0300skitty,poke_capture_0300_000_mf_n_00000000_f_n.png,0300skitty,skitty.png
0300skitty,poke_capture_0300_000_mf_n_00000000_f_r.png,0300skitty,skitty_shiny.png
0301delcatty,poke_capture_0301_000_mf_n_00000000_f_n.png,0301delcatty,delcatty.png
0301delcatty,poke_capture_0301_000_mf_n_00000000_f_r.png,0301delcatty,delcatty_shiny.png
0302sableye,poke_capture_0302_000_mf_n_00000000_f_n.png,0302sableye,sableye.png
0302sableye,poke_capture_0302_000_mf_n_00000000_f_r.png,0302sableye,sableye_shiny.png
0302sableye,poke_capture_0302_001_mf_n_00000000_f_n.png,0302sableye,sableye-mega.png
0302sableye,poke_capture_0302_001_mf_n_00000000_f_r.png,0302sableye,sableye-mega_shiny.png
0303mawile,poke_capture_0303_000_mf_n_00000000_f_n.png,0303mawile,mawile.png
0303mawile,poke_capture_0303_000_mf_n_00000000_f_r.png,0303mawile,mawile_shiny.png
0303mawile,poke_capture_0303_001_mf_n_00000000_f_n.png,0303mawile,mawile-mega.png
0303mawile,poke_capture_0303_001_mf_n_00000000_f_r.png,0303mawile,mawile-mega_shiny.png
0304aron,poke_capture_0304_000_mf_n_00000000_f_n.png,0304aron,aron.png
0304aron,poke_capture_0304_000_mf_n_00000000_f_r.png,0304aron,aron_shiny.png
0305lairon,poke_capture_0305_000_mf_n_00000000_f_n.png,0305lairon,lairon.png
0305lairon,poke_capture_0305_000_mf_n_00000000_f_r.png,0305lairon,lairon_shiny.png
0306aggron,poke_capture_0306_000_mf_n_00000000_f_n.png,0306aggron,aggron.png
0306aggron,poke_capture_0306_000_mf_n_00000000_f_r.png,0306aggron,aggron_shiny.png
0306aggron,poke_capture_0306_001_mf_n_00000000_f_n.png,0306aggron,aggron-mega.png
0306aggron,poke_capture_0306_001_mf_n_00000000_f_r.png,0306aggron,aggron-mega_shiny.png
0307meditite,poke_capture_0307_000_fd_n_00000000_f_n.png,0307meditite,meditite.png
0307meditite,poke_capture_0307_000_fd_n_00000000_f_r.png,0307meditite,meditite_shiny.png
0307meditite,poke_capture_0307_000_md_n_00000000_f_n.png,0307meditite,meditite.png
0307meditite,poke_capture_0307_000_md_n_00000000_f_r.png,0307meditite,meditite_shiny.png
0308medicham,poke_capture_0308_000_fd_n_00000000_f_n.png,0308medicham,medicham.png
0308medicham,poke_capture_0308_000_fd_n_00000000_f_r.png,0308medicham,medicham_shiny.png
0308medicham,poke_capture_0308_000_md_n_00000000_f_n.png,0308medicham,medicham.png
0308medicham,poke_capture_0308_000_md_n_00000000_f_r.png,0308medicham,medicham_shiny.png
0308medicham,poke_capture_0308_001_mf_n_00000000_f_n.png,0308medicham,medicham-mega.png
0308medicham,poke_capture_0308_001_mf_n_00000000_f_r.png,0308medicham,medicham-mega_shiny.png
0309electrike,poke_capture_0309_000_mf_n_00000000_f_n.png,0309electrike,electrike.png
0309electrike,poke_capture_0309_000_mf_n_00000000_f_r.png,0309electrike,electrike_shiny.png
0310manectric,poke_capture_0310_000_mf_n_00000000_f_n.png,0310manectric,manectric.png
0310manectric,poke_capture_0310_000_mf_n_00000000_f_r.png,0310manectric,manectric_shiny.png
0310manectric,poke_capture_0310_001_mf_n_00000000_f_n.png,0310manectric,manectric-mega.png
0310manectric,poke_capture_0310_001_mf_n_00000000_f_r.png,0310manectric,manectric-mega_shiny.png
0311plusle,poke_capture_0311_000_mf_n_00000000_f_n.png,0311plusle,plusle.png
0311plusle,poke_capture_0311_000_mf_n_00000000_f_r.png,0311plusle,plusle_shiny.png
0312minun,poke_capture_0312_000_mf_n_00000000_f_n.png,0312minun,minun.png
0312minun,poke_capture_0312_000_mf_n_00000000_f_r.png,0312minun,minun_shiny.png
0313volbeat,poke_capture_0313_000_mo_n_00000000_f_n.png,0313volbeat,volbeat.png
0313volbeat,poke_capture_0313_000_mo_n_00000000_f_r.png,0313volbeat,volbeat_shiny.png
0314illumise,poke_capture_0314_000_fo_n_00000000_f_n.png,0314illumise,illumise.png
0314illumise,poke_capture_0314_000_fo_n_00000000_f_r.png,0314illumise,illumise_shiny.png
0315roselia,poke_capture_0315_000_fd_n_00000000_f_n.png,0315roselia,roselia.png
0315roselia,poke_capture_0315_000_fd_n_00000000_f_r.png,0315roselia,roselia_shiny.png
0315roselia,poke_capture_0315_000_md_n_00000000_f_n.png,0315roselia,roselia.png
0315roselia,poke_capture_0315_000_md_n_00000000_f_r.png,0315roselia,roselia_shiny.png
0316gulpin,poke_capture_0316_000_fd_n_00000000_f_n.png,0316gulpin,gulpin.png
0316gulpin,poke_capture_0316_000_fd_n_00000000_f_r.png,0316gulpin,gulpin_shiny.png
0316gulpin,poke_capture_0316_000_md_n_00000000_f_n.png,0316gulpin,gulpin.png
0316gulpin,poke_capture_0316_000_md_n_00000000_f_r.png,0316gulpin,gulpin_shiny.png
0317swalot,poke_capture_0317_000_fd_n_00000000_f_n.png,0317swalot,swalot.png
0317swalot,poke_capture_0317_000_fd_n_00000000_f_r.png,0317swalot,swalot_shiny.png
0317swalot,poke_capture_0317_000_md_n_00000000_f_n.png,0317swalot,swalot.png
0317swalot,poke_capture_0317_000_md_n_00000000_f_r.png,0317swalot,swalot_shiny.png
0318carvanha,poke_capture_0318_000_mf_n_00000000_f_n.png,0318carvanha,carvanha.png
0318carvanha,poke_capture_0318_000_mf_n_00000000_f_r.png,0318carvanha,carvanha_shiny.png
0319sharpedo,poke_capture_0319_000_mf_n_00000000_f_n.png,0319sharpedo,sharpedo.png
0319sharpedo,poke_capture_0319_000_mf_n_00000000_f_r.png,0319sharpedo,sharpedo_shiny.png
0319sharpedo,poke_capture_0319_001_mf_n_00000000_f_n.png,0319sharpedo,sharpedo-mega.png
0319sharpedo,poke_capture_0319_001_mf_n_00000000_f_r.png,0319sharpedo,sharpedo-mega_shiny.png
0320wailmer,poke_capture_0320_000_mf_n_00000000_f_n.png,0320wailmer,wailmer.png
0320wailmer,poke_capture_0320_000_mf_n_00000000_f_r.png,0320wailmer,wailmer_shiny.png
0321wailord,poke_capture_0321_000_mf_n_00000000_f_n.png,0321wailord,wailord.png
0321wailord,poke_capture_0321_000_mf_n_00000000_f_r.png,0321wailord,wailord_shiny.png
0322numel,poke_capture_0322_000_fd_n_00000000_f_n.png,0322numel,numel.png
0322numel,poke_capture_0322_000_fd_n_00000000_f_r.png,0322numel,numel_shiny.png
0322numel,poke_capture_0322_000_md_n_00000000_f_n.png,0322numel,numel.png
0322numel,poke_capture_0322_000_md_n_00000000_f_r.png,0322numel,numel_shiny.png
0323camerupt,poke_capture_0323_000_fd_n_00000000_f_n.png,0323camerupt,camerupt.png
0323camerupt,poke_capture_0323_000_fd_n_00000000_f_r.png,0323camerupt,camerupt_shiny.png
0323camerupt,poke_capture_0323_000_md_n_00000000_f_n.png,0323camerupt,camerupt.png
0323camerupt,poke_capture_0323_000_md_n_00000000_f_r.png,0323camerupt,camerupt_shiny.png
0323camerupt,poke_capture_0323_001_mf_n_00000000_f_n.png,0323camerupt,camerupt-mega.png
0323camerupt,poke_capture_0323_001_mf_n_00000000_f_r.png,0323camerupt,camerupt-mega_shiny.png
0324torkoal,poke_capture_0324_000_mf_n_00000000_f_n.png,0324torkoal,torkoal.png
0324torkoal,poke_capture_0324_000_mf_n_00000000_f_r.png,0324torkoal,torkoal_shiny.png
0325spoink,poke_capture_0325_000_mf_n_00000000_f_n.png,0325spoink,spoink.png
0325spoink,poke_capture_0325_000_mf_n_00000000_f_r.png,0325spoink,spoink_shiny.png
0326grumpig,poke_capture_0326_000_mf_n_00000000_f_n.png,0326grumpig,grumpig.png
0326grumpig,poke_capture_0326_000_mf_n_00000000_f_r.png,0326grumpig,grumpig_shiny.png
0327spinda,poke_capture_0327_000_mf_n_00000000_f_n.png,0327spinda,spinda.png
0327spinda,poke_capture_0327_000_mf_n_00000000_f_r.png,0327spinda,spinda_shiny.png
0328trapinch,poke_capture_0328_000_mf_n_00000000_f_n.png,0328trapinch,trapinch.png
0328trapinch,poke_capture_0328_000_mf_n_00000000_f_r.png,0328trapinch,trapinch_shiny.png
0329vibrava,poke_capture_0329_000_mf_n_00000000_f_n.png,0329vibrava,vibrava.png
0329vibrava,poke_capture_0329_000_mf_n_00000000_f_r.png,0329vibrava,vibrava_shiny.png
0330flygon,poke_capture_0330_000_mf_n_00000000_f_n.png,0330flygon,flygon.png
0330flygon,poke_capture_0330_000_mf_n_00000000_f_r.png,0330flygon,flygon_shiny.png
0331cacnea,poke_capture_0331_000_mf_n_00000000_f_n.png,0331cacnea,cacnea.png
0331cacnea,poke_capture_0331_000_mf_n_00000000_f_r.png,0331cacnea,cacnea_shiny.png
0332cacturne,poke_capture_0332_000_fd_n_00000000_f_n.png,0332cacturne,cacturne.png
0332cacturne,poke_capture_0332_000_fd_n_00000000_f_r.png,0332cacturne,cacturne_shiny.png
0332cacturne,poke_capture_0332_000_md_n_00000000_f_n.png,0332cacturne,cacturne.png
0332cacturne,poke_capture_0332_000_md_n_00000000_f_r.png,0332cacturne,cacturne_shiny.png
0333swablu,poke_capture_0333_000_mf_n_00000000_f_n.png,0333swablu,swablu.png
0333swablu,poke_capture_0333_000_mf_n_00000000_f_r.png,0333swablu,swablu_shiny.png
0334altaria,poke_capture_0334_000_mf_n_00000000_f_n.png,0334altaria,altaria.png
0334altaria,poke_capture_0334_000_mf_n_00000000_f_r.png,0334altaria,altaria_shiny.png
0334altaria,poke_capture_0334_001_mf_n_00000000_f_n.png,0334altaria,altaria-mega.png
0334altaria,poke_capture_0334_001_mf_n_00000000_f_r.png,0334altaria,altaria-mega_shiny.png
0335zangoose,poke_capture_0335_000_mf_n_00000000_f_n.png,0335zangoose,zangoose.png
0335zangoose,poke_capture_0335_000_mf_n_00000000_f_r.png,0335zangoose,zangoose_shiny.png
0336seviper,poke_capture_0336_000_mf_n_00000000_f_n.png,0336seviper,seviper.png
0336seviper,poke_capture_0336_000_mf_n_00000000_f_r.png,0336seviper,seviper_shiny.png
0337lunatone,poke_capture_0337_000_uk_n_00000000_f_n.png,0337lunatone,lunatone.png
0337lunatone,poke_capture_0337_000_uk_n_00000000_f_r.png,0337lunatone,lunatone_shiny.png
0338solrock,poke_capture_0338_000_uk_n_00000000_f_n.png,0338solrock,solrock.png
0338solrock,poke_capture_0338_000_uk_n_00000000_f_r.png,0338solrock,solrock_shiny.png
0339barboach,poke_capture_0339_000_mf_n_00000000_f_n.png,0339barboach,barboach.png
0339barboach,poke_capture_0339_000_mf_n_00000000_f_r.png,0339barboach,barboach_shiny.png
0340whiscash,poke_capture_0340_000_mf_n_00000000_f_n.png,0340whiscash,whiscash.png
0340whiscash,poke_capture_0340_000_mf_n_00000000_f_r.png,0340whiscash,whiscash_shiny.png
0341corphish,poke_capture_0341_000_mf_n_00000000_f_n.png,0341corphish,corphish.png
0341corphish,poke_capture_0341_000_mf_n_00000000_f_r.png,0341corphish,corphish_shiny.png
0342crawdaunt,poke_capture_0342_000_mf_n_00000000_f_n.png,0342crawdaunt,crawdaunt.png
0342crawdaunt,poke_capture_0342_000_mf_n_00000000_f_r.png,0342crawdaunt,crawdaunt_shiny.png
0343baltoy,poke_capture_0343_000_uk_n_00000000_f_n.png,0343baltoy,baltoy.png
0343baltoy,poke_capture_0343_000_uk_n_00000000_f_r.png,0343baltoy,baltoy_shiny.png
0344claydol,poke_capture_0344_000_uk_n_00000000_f_n.png,0344claydol,claydol.png
0344claydol,poke_capture_0344_000_uk_n_00000000_f_r.png,0344claydol,claydol_shiny.png
0345lileep,poke_capture_0345_000_mf_n_00000000_f_n.png,0345lileep,lileep.png
0345lileep,poke_capture_0345_000_mf_n_00000000_f_r.png,0345lileep,lileep_shiny.png
0346cradily,poke_capture_0346_000_mf_n_00000000_f_n.png,0346cradily,cradily.png
0346cradily,poke_capture_0346_000_mf_n_00000000_f_r.png,0346cradily,cradily_shiny.png
0347anorith,poke_capture_0347_000_mf_n_00000000_f_n.png,0347anorith,anorith.png
0347anorith,poke_capture_0347_000_mf_n_00000000_f_r.png,0347anorith,anorith_shiny.png
0348armaldo,poke_capture_0348_000_mf_n_00000000_f_n.png,0348armaldo,armaldo.png
0348armaldo,poke_capture_0348_000_mf_n_00000000_f_r.png,0348armaldo,armaldo_shiny.png
0349feebas,poke_capture_0349_000_mf_n_00000000_f_n.png,0349feebas,feebas.png
0349feebas,poke_capture_0349_000_mf_n_00000000_f_r.png,0349feebas,feebas_shiny.png
0350milotic,poke_capture_0350_000_fd_n_00000000_f_n.png,0350milotic,milotic.png
0350milotic,poke_capture_0350_000_fd_n_00000000_f_r.png,0350milotic,milotic_shiny.png
0350milotic,poke_capture_0350_000_md_n_00000000_f_n.png,0350milotic,milotic.png
0350milotic,poke_capture_0350_000_md_n_00000000_f_r.png,0350milotic,milotic_shiny.png
0351castform,poke_capture_0351_000_mf_n_00000000_f_n.png,0351castform,castform.png
0351castform,poke_capture_0351_000_mf_n_00000000_f_r.png,0351castform,castform_shiny.png
0351castform,poke_capture_0351_001_mf_n_00000000_f_n.png,0351castform,castform-sunny.png
0351castform,poke_capture_0351_001_mf_n_00000000_f_r.png,0351castform,castform-sunny_shiny.png
0351castform,poke_capture_0351_002_mf_n_00000000_f_n.png,0351castform,castform-rainy.png
0351castform,poke_capture_0351_002_mf_n_00000000_f_r.png,0351castform,castform-rainy_shiny.png
0351castform,poke_capture_0351_003_mf_n_00000000_f_n.png,0351castform,castform-snowy.png
0351castform,poke_capture_0351_003_mf_n_00000000_f_r.png,0351castform,castform-snowy_shiny.png
0352kecleon,poke_capture_0352_000_mf_n_00000000_f_n.png,0352kecleon,kecleon.png
0352kecleon,poke_capture_0352_000_mf_n_00000000_f_r.png,0352kecleon,kecleon_shiny.png
0353shuppet,poke_capture_0353_000_mf_n_00000000_f_n.png,0353shuppet,shuppet.png
0353shuppet,poke_capture_0353_000_mf_n_00000000_f_r.png,0353shuppet,shuppet_shiny.png
0354banette,poke_capture_0354_000_mf_n_00000000_f_n.png,0354banette,banette.png
0354banette,poke_capture_0354_000_mf_n_00000000_f_r.png,0354banette,banette_shiny.png
0354banette,poke_capture_0354_001_mf_n_00000000_f_n.png,0354banette,banette-mega.png
0354banette,poke_capture_0354_001_mf_n_00000000_f_r.png,0354banette,banette-mega_shiny.png
0355duskull,poke_capture_0355_000_mf_n_00000000_f_n.png,0355duskull,duskull.png
0355duskull,poke_capture_0355_000_mf_n_00000000_f_r.png,0355duskull,duskull_shiny.png
0356dusclops,poke_capture_0356_000_mf_n_00000000_f_n.png,0356dusclops,dusclops.png
0356dusclops,poke_capture_0356_000_mf_n_00000000_f_r.png,0356dusclops,dusclops_shiny.png
0357tropius,poke_capture_0357_000_mf_n_00000000_f_n.png,0357tropius,tropius.png
0357tropius,poke_capture_0357_000_mf_n_00000000_f_r.png,0357tropius,tropius_shiny.png
0358chimecho,poke_capture_0358_000_mf_n_00000000_f_n.png,0358chimecho,chimecho.png
0358chimecho,poke_capture_0358_000_mf_n_00000000_f_r.png,0358chimecho,chimecho_shiny.png
0359absol,poke_capture_0359_000_mf_n_00000000_f_n.png,0359absol,absol_right.png
0359absol,poke_capture_0359_000_mf_n_00000000_f_r.png,0359absol,absol_shiny_right.png
0359absol,poke_capture_0359_001_mf_n_00000000_f_n.png,0359absol,absol-mega.png
0359absol,poke_capture_0359_001_mf_n_00000000_f_r.png,0359absol,absol-mega_shiny.png
0360wynaut,poke_capture_0360_000_mf_n_00000000_f_n.png,0360wynaut,wynaut.png
0360wynaut,poke_capture_0360_000_mf_n_00000000_f_r.png,0360wynaut,wynaut_shiny.png
0361snorunt,poke_capture_0361_000_mf_n_00000000_f_n.png,0361snorunt,snorunt.png
0361snorunt,poke_capture_0361_000_mf_n_00000000_f_r.png,0361snorunt,snorunt_shiny.png
0362glalie,poke_capture_0362_000_mf_n_00000000_f_n.png,0362glalie,glalie.png
0362glalie,poke_capture_0362_000_mf_n_00000000_f_r.png,0362glalie,glalie_shiny.png
0362glalie,poke_capture_0362_001_mf_n_00000000_f_n.png,0362glalie,glalie-mega.png
0362glalie,poke_capture_0362_001_mf_n_00000000_f_r.png,0362glalie,glalie-mega_shiny.png
0363spheal,poke_capture_0363_000_mf_n_00000000_f_n.png,0363spheal,spheal.png
0363spheal,poke_capture_0363_000_mf_n_00000000_f_r.png,0363spheal,spheal_shiny.png
0364sealeo,poke_capture_0364_000_mf_n_00000000_f_n.png,0364sealeo,sealeo.png
0364sealeo,poke_capture_0364_000_mf_n_00000000_f_r.png,0364sealeo,sealeo_shiny.png
0365walrein,poke_capture_0365_000_mf_n_00000000_f_n.png,0365walrein,walrein.png
0365walrein,poke_capture_0365_000_mf_n_00000000_f_r.png,0365walrein,walrein_shiny.png
0366clamperl,poke_capture_0366_000_mf_n_00000000_f_n.png,0366clamperl,clamperl.png
0366clamperl,poke_capture_0366_000_mf_n_00000000_f_r.png,0366clamperl,clamperl_shiny.png
0367huntail,poke_capture_0367_000_mf_n_00000000_f_n.png,0367huntail,huntail.png
0367huntail,poke_capture_0367_000_mf_n_00000000_f_r.png,0367huntail,huntail_shiny.png
0368gorebyss,poke_capture_0368_000_mf_n_00000000_f_n.png,0368gorebyss,gorebyss.png
0368gorebyss,poke_capture_0368_000_mf_n_00000000_f_r.png,0368gorebyss,gorebyss_shiny.png
0369relicanth,poke_capture_0369_000_fd_n_00000000_f_n.png,0369relicanth,relicanth.png
0369relicanth,poke_capture_0369_000_fd_n_00000000_f_r.png,0369relicanth,relicanth_shiny.png
0369relicanth,poke_capture_0369_000_md_n_00000000_f_n.png,0369relicanth,relicanth.png
0369relicanth,poke_capture_0369_000_md_n_00000000_f_r.png,0369relicanth,relicanth_shiny.png
0370luvdisc,poke_capture_0370_000_mf_n_00000000_f_n.png,0370luvdisc,luvdisc.png
0370luvdisc,poke_capture_0370_000_mf_n_00000000_f_r.png,0370luvdisc,luvdisc_shiny.png
0371bagon,poke_capture_0371_000_mf_n_00000000_f_n.png,0371bagon,bagon.png
0371bagon,poke_capture_0371_000_mf_n_00000000_f_r.png,0371bagon,bagon_shiny.png
0372shelgon,poke_capture_0372_000_mf_n_00000000_f_n.png,0372shelgon,shelgon.png
0372shelgon,poke_capture_0372_000_mf_n_00000000_f_r.png,0372shelgon,shelgon_shiny.png
0373salamence,poke_capture_0373_000_mf_n_00000000_f_n.png,0373salamence,salamence.png
0373salamence,poke_capture_0373_000_mf_n_00000000_f_r.png,0373salamence,salamence_shiny.png
0373salamence,poke_capture_0373_001_mf_n_00000000_f_n.png,0373salamence,salamence-mega.png
0373salamence,poke_capture_0373_001_mf_n_00000000_f_r.png,0373salamence,salamence-mega_shiny.png
0374beldum,poke_capture_0374_000_uk_n_00000000_f_n.png,0374beldum,beldum.png
0374beldum,poke_capture_0374_000_uk_n_00000000_f_r.png,0374beldum,beldum_shiny.png
0375metang,poke_capture_0375_000_uk_n_00000000_f_n.png,0375metang,metang.png
0375metang,poke_capture_0375_000_uk_n_00000000_f_r.png,0375metang,metang_shiny.png
0376metagross,poke_capture_0376_000_uk_n_00000000_f_n.png,0376metagross,metagross.png
0376metagross,poke_capture_0376_000_uk_n_00000000_f_r.png,0376metagross,metagross_shiny.png
0376metagross,poke_capture_0376_001_uk_n_00000000_f_n.png,0376metagross,metagross-mega.png
0376metagross,poke_capture_0376_001_uk_n_00000000_f_r.png,0376metagross,metagross-mega_shiny.png
0377regirock,poke_capture_0377_000_uk_n_00000000_f_n.png,0377regirock,regirock.png
0377regirock,poke_capture_0377_000_uk_n_00000000_f_r.png,0377regirock,regirock_shiny.png
0378regice,poke_capture_0378_000_uk_n_00000000_f_n.png,0378regice,regice.png
0378regice,poke_capture_0378_000_uk_n_00000000_f_r.png,0378regice,regice_shiny.png
0379registeel,poke_capture_0379_000_uk_n_00000000_f_n.png,0379registeel,registeel.png
0379registeel,poke_capture_0379_000_uk_n_00000000_f_r.png,0379registeel,registeel_shiny.png
0380latias,poke_capture_0380_000_fo_n_00000000_f_n.png,0380latias,latias.png
0380latias,poke_capture_0380_000_fo_n_00000000_f_r.png,0380latias,latias_shiny.png
0380latias,poke_capture_0380_001_fo_n_00000000_f_n.png,0380latias,latias-mega.png
0380latias,poke_capture_0380_001_fo_n_00000000_f_r.png,0380latias,latias-mega_shiny.png
0381latios,poke_capture_0381_000_mo_n_00000000_f_n.png,0381latios,latios.png
0381latios,poke_capture_0381_000_mo_n_00000000_f_r.png,0381latios,latios_shiny.png
0381latios,poke_capture_0381_001_mo_n_00000000_f_n.png,0381latios,latios-mega.png
0381latios,poke_capture_0381_001_mo_n_00000000_f_r.png,0381latios,latios-mega_shiny.png
0382kyogre,poke_capture_0382_000_uk_n_00000000_f_n.png,0382kyogre,kyogre.png
0382kyogre,poke_capture_0382_000_uk_n_00000000_f_r.png,0382kyogre,kyogre_shiny.png
0382kyogre,poke_capture_0382_001_uk_n_00000000_f_n.png,0382kyogre,kyogre-primal.png
0382kyogre,poke_capture_0382_001_uk_n_00000000_f_r.png,0382kyogre,kyogre-primal_shiny.png
0383groudon,poke_capture_0383_000_uk_n_00000000_f_n.png,0383groudon,groudon.png
0383groudon,poke_capture_0383_000_uk_n_00000000_f_r.png,0383groudon,groudon_shiny.png
0383groudon,poke_capture_0383_001_uk_n_00000000_f_n.png,0383groudon,groudon-primal.png
0383groudon,poke_capture_0383_001_uk_n_00000000_f_r.png,0383groudon,groudon-primal_shiny.png
0384rayquaza,poke_capture_0384_000_uk_n_00000000_f_n.png,0384rayquaza,rayquaza.png
0384rayquaza,poke_capture_0384_000_uk_n_00000000_f_r.png,0384rayquaza,rayquaza_shiny.png
0384rayquaza,poke_capture_0384_001_uk_n_00000000_f_n.png,0384rayquaza,rayquaza-mega.png
0384rayquaza,poke_capture_0384_001_uk_n_00000000_f_r.png,0384rayquaza,rayquaza-mega_shiny.png
0385jirachi,poke_capture_0385_000_uk_n_00000000_f_n.png,0385jirachi,jirachi.png
0385jirachi,poke_capture_0385_000_uk_n_00000000_f_r.png,0385jirachi,jirachi_shiny.png
0386deoxys,poke_capture_0386_000_uk_n_00000000_f_n.png,0386deoxys,deoxys.png
0386deoxys,poke_capture_0386_000_uk_n_00000000_f_r.png,0386deoxys,deoxys_shiny.png
0386deoxys,poke_capture_0386_001_uk_n_00000000_f_n.png,0386deoxys,deoxys-attack.png
0386deoxys,poke_capture_0386_001_uk_n_00000000_f_r.png,0386deoxys,deoxys-attack_shiny.png
0386deoxys,poke_capture_0386_002_uk_n_00000000_f_n.png,0386deoxys,deoxys-defense.png
0386deoxys,poke_capture_0386_002_uk_n_00000000_f_r.png,0386deoxys,deoxys-defense_shiny.png
0386deoxys,poke_capture_0386_003_uk_n_00000000_f_n.png,0386deoxys,deoxys-speed.png
0386deoxys,poke_capture_0386_003_uk_n_00000000_f_r.png,0386deoxys,deoxys-speed_shiny.png
0387turtwig,poke_capture_0387_000_mf_n_00000000_f_n.png,0387turtwig,turtwig.png
0387turtwig,poke_capture_0387_000_mf_n_00000000_f_r.png,0387turtwig,turtwig_shiny.png
0388grotle,poke_capture_0388_000_mf_n_00000000_f_n.png,0388grotle,grotle.png
0388grotle,poke_capture_0388_000_mf_n_00000000_f_r.png,0388grotle,grotle_shiny.png
0389torterra,poke_capture_0389_000_mf_n_00000000_f_n.png,0389torterra,torterra.png
0389torterra,poke_capture_0389_000_mf_n_00000000_f_r.png,0389torterra,torterra_shiny.png
0390chimchar,poke_capture_0390_000_mf_n_00000000_f_n.png,0390chimchar,chimchar.png
0390chimchar,poke_capture_0390_000_mf_n_00000000_f_r.png,0390chimchar,chimchar_shiny.png
0391monferno,poke_capture_0391_000_mf_n_00000000_f_n.png,0391monferno,monferno.png
0391monferno,poke_capture_0391_000_mf_n_00000000_f_r.png,0391monferno,monferno_shiny.png
0392infernape,poke_capture_0392_000_mf_n_00000000_f_n.png,0392infernape,infernape.png
0392infernape,poke_capture_0392_000_mf_n_00000000_f_r.png,0392infernape,infernape_shiny.png
0393piplup,poke_capture_0393_000_mf_n_00000000_f_n.png,0393piplup,piplup.png
0393piplup,poke_capture_0393_000_mf_n_00000000_f_r.png,0393piplup,piplup_shiny.png
0394prinplup,poke_capture_0394_000_mf_n_00000000_f_n.png,0394prinplup,prinplup.png
0394prinplup,poke_capture_0394_000_mf_n_00000000_f_r.png,0394prinplup,prinplup_shiny.png
0395empoleon,poke_capture_0395_000_mf_n_00000000_f_n.png,0395empoleon,empoleon.png
0395empoleon,poke_capture_0395_000_mf_n_00000000_f_r.png,0395empoleon,empoleon_shiny.png
0396starly,poke_capture_0396_000_fd_n_00000000_f_n.png,0396starly,starly.png
0396starly,poke_capture_0396_000_fd_n_00000000_f_r.png,0396starly,starly_shiny.png
0396starly,poke_capture_0396_000_md_n_00000000_f_n.png,0396starly,starly.png
0396starly,poke_capture_0396_000_md_n_00000000_f_r.png,0396starly,starly_shiny.png
0397staravia,poke_capture_0397_000_fd_n_00000000_f_n.png,0397staravia,staravia.png
0397staravia,poke_capture_0397_000_fd_n_00000000_f_r.png,0397staravia,staravia_shiny.png
0397staravia,poke_capture_0397_000_md_n_00000000_f_n.png,0397staravia,staravia.png
0397staravia,poke_capture_0397_000_md_n_00000000_f_r.png,0397staravia,staravia_shiny.png
0398staraptor,poke_capture_0398_000_fd_n_00000000_f_n.png,0398staraptor,staraptor.png
0398staraptor,poke_capture_0398_000_fd_n_00000000_f_r.png,0398staraptor,staraptor_shiny.png
0398staraptor,poke_capture_0398_000_md_n_00000000_f_n.png,0398staraptor,staraptor.png
0398staraptor,poke_capture_0398_000_md_n_00000000_f_r.png,0398staraptor,staraptor_shiny.png
0399bidoof,poke_capture_0399_000_fd_n_00000000_f_n.png,0399bidoof,bidoof.png
0399bidoof,poke_capture_0399_000_fd_n_00000000_f_r.png,0399bidoof,bidoof_shiny.png
0399bidoof,poke_capture_0399_000_md_n_00000000_f_n.png,0399bidoof,bidoof.png
0399bidoof,poke_capture_0399_000_md_n_00000000_f_r.png,0399bidoof,bidoof_shiny.png
0400bibarel,poke_capture_0400_000_fd_n_00000000_f_n.png,0400bibarel,bibarel.png
0400bibarel,poke_capture_0400_000_fd_n_00000000_f_r.png,0400bibarel,bibarel_shiny.png
0400bibarel,poke_capture_0400_000_md_n_00000000_f_n.png,0400bibarel,bibarel.png
0400bibarel,poke_capture_0400_000_md_n_00000000_f_r.png,0400bibarel,bibarel_shiny.png
0401kricketot,poke_capture_0401_000_fd_n_00000000_f_n.png,0401kricketot,kricketot.png
0401kricketot,poke_capture_0401_000_fd_n_00000000_f_r.png,0401kricketot,kricketot_shiny.png
0401kricketot,poke_capture_0401_000_md_n_00000000_f_n.png,0401kricketot,kricketot.png
0401kricketot,poke_capture_0401_000_md_n_00000000_f_r.png,0401kricketot,kricketot_shiny.png
0402kricketune,poke_capture_0402_000_fd_n_00000000_f_n.png,0402kricketune,kricketune.png
0402kricketune,poke_capture_0402_000_fd_n_00000000_f_r.png,0402kricketune,kricketune_shiny.png
0402kricketune,poke_capture_0402_000_md_n_00000000_f_n.png,0402kricketune,kricketune.png
0402kricketune,poke_capture_0402_000_md_n_00000000_f_r.png,0402kricketune,kricketune_shiny.png
0403shinx,poke_capture_0403_000_fd_n_00000000_f_n.png,0403shinx,shinx.png
0403shinx,poke_capture_0403_000_fd_n_00000000_f_r.png,0403shinx,shinx_shiny.png
0403shinx,poke_capture_0403_000_md_n_00000000_f_n.png,0403shinx,shinx.png
0403shinx,poke_capture_0403_000_md_n_00000000_f_r.png,0403shinx,shinx_shiny.png
0404luxio,poke_capture_0404_000_fd_n_00000000_f_n.png,0404luxio,luxio.png
0404luxio,poke_capture_0404_000_fd_n_00000000_f_r.png,0404luxio,luxio_shiny.png
0404luxio,poke_capture_0404_000_md_n_00000000_f_n.png,0404luxio,luxio.png
0404luxio,poke_capture_0404_000_md_n_00000000_f_r.png,0404luxio,luxio_shiny.png
0405luxray,poke_capture_0405_000_fd_n_00000000_f_n.png,0405luxray,luxray.png
0405luxray,poke_capture_0405_000_fd_n_00000000_f_r.png,0405luxray,luxray_shiny.png
0405luxray,poke_capture_0405_000_md_n_00000000_f_n.png,0405luxray,luxray.png
0405luxray,poke_capture_0405_000_md_n_00000000_f_r.png,0405luxray,luxray_shiny.png
0406budew,poke_capture_0406_000_mf_n_00000000_f_n.png,0406budew,budew.png
0406budew,poke_capture_0406_000_mf_n_00000000_f_r.png,0406budew,budew_shiny.png
0407roserade,poke_capture_0407_000_fd_n_00000000_f_n.png,0407roserade,roserade.png
0407roserade,poke_capture_0407_000_fd_n_00000000_f_r.png,0407roserade,roserade_shiny.png
0407roserade,poke_capture_0407_000_md_n_00000000_f_n.png,0407roserade,roserade.png
0407roserade,poke_capture_0407_000_md_n_00000000_f_r.png,0407roserade,roserade_shiny.png
0408cranidos,poke_capture_0408_000_mf_n_00000000_f_n.png,0408cranidos,cranidos.png
0408cranidos,poke_capture_0408_000_mf_n_00000000_f_r.png,0408cranidos,cranidos_shiny.png
0409rampardos,poke_capture_0409_000_mf_n_00000000_f_n.png,0409rampardos,rampardos.png
0409rampardos,poke_capture_0409_000_mf_n_00000000_f_r.png,0409rampardos,rampardos_shiny.png
0410shieldon,poke_capture_0410_000_mf_n_00000000_f_n.png,0410shieldon,shieldon.png
0410shieldon,poke_capture_0410_000_mf_n_00000000_f_r.png,0410shieldon,shieldon_shiny.png
0411bastiodon,poke_capture_0411_000_mf_n_00000000_f_n.png,0411bastiodon,bastiodon.png
0411bastiodon,poke_capture_0411_000_mf_n_00000000_f_r.png,0411bastiodon,bastiodon_shiny.png
0412burmy,poke_capture_0412_000_mf_n_00000000_f_n.png,0412burmy,burmy.png
0412burmy,poke_capture_0412_000_mf_n_00000000_f_r.png,0412burmy,burmy_shiny.png
0412burmy,poke_capture_0412_001_mf_n_00000000_f_n.png,0412burmy,burmy-sandy.png
0412burmy,poke_capture_0412_001_mf_n_00000000_f_r.png,0412burmy,burmy-sandy_shiny.png
0412burmy,poke_capture_0412_002_mf_n_00000000_f_n.png,0412burmy,burmy-trash.png
0412burmy,poke_capture_0412_002_mf_n_00000000_f_r.png,0412burmy,burmy-trash_shiny.png
0413wormadam,poke_capture_0413_000_fo_n_00000000_f_n.png,0413wormadam,wormadam.png
0413wormadam,poke_capture_0413_000_fo_n_00000000_f_r.png,0413wormadam,wormadam_shiny.png
0413wormadam,poke_capture_0413_001_fo_n_00000000_f_n.png,0413wormadam,wormadam-sandy.png
0413wormadam,poke_capture_0413_001_fo_n_00000000_f_r.png,0413wormadam,wormadam-sandy_shiny.png
0413wormadam,poke_capture_0413_002_fo_n_00000000_f_n.png,0413wormadam,wormadam-trash.png
0413wormadam,poke_capture_0413_002_fo_n_00000000_f_r.png,0413wormadam,wormadam-trash_shiny.png
0414mothim,poke_capture_0414_000_mo_n_00000000_f_n.png,0414mothim,mothim.png
0414mothim,poke_capture_0414_000_mo_n_00000000_f_r.png,0414mothim,mothim_shiny.png
0415combee,poke_capture_0415_000_fd_n_00000000_f_n.png,0415combee,combee.png
0415combee,poke_capture_0415_000_fd_n_00000000_f_r.png,0415combee,combee_shiny.png
0415combee,poke_capture_0415_000_md_n_00000000_f_n.png,0415combee,combee.png
0415combee,poke_capture_0415_000_md_n_00000000_f_r.png,0415combee,combee_shiny.png
0416vespiquen,poke_capture_0416_000_fo_n_00000000_f_n.png,0416vespiquen,vespiquen.png
0416vespiquen,poke_capture_0416_000_fo_n_00000000_f_r.png,0416vespiquen,vespiquen_shiny.png
0417pachirisu,poke_capture_0417_000_fd_n_00000000_f_n.png,0417pachirisu,pachirisu.png
0417pachirisu,poke_capture_0417_000_fd_n_00000000_f_r.png,0417pachirisu,pachirisu_shiny.png
0417pachirisu,poke_capture_0417_000_md_n_00000000_f_n.png,0417pachirisu,pachirisu.png
0417pachirisu,poke_capture_0417_000_md_n_00000000_f_r.png,0417pachirisu,pachirisu_shiny.png
0418buizel,poke_capture_0418_000_fd_n_00000000_f_n.png,0418buizel,buizel.png
0418buizel,poke_capture_0418_000_fd_n_00000000_f_r.png,0418buizel,buizel_shiny.png
0418buizel,poke_capture_0418_000_md_n_00000000_f_n.png,0418buizel,buizel.png
0418buizel,poke_capture_0418_000_md_n_00000000_f_r.png,0418buizel,buizel_shiny.png
0419floatzel,poke_capture_0419_000_fd_n_00000000_f_n.png,0419floatzel,floatzel.png
0419floatzel,poke_capture_0419_000_fd_n_00000000_f_r.png,0419floatzel,floatzel_shiny.png
0419floatzel,poke_capture_0419_000_md_n_00000000_f_n.png,0419floatzel,floatzel.png
0419floatzel,poke_capture_0419_000_md_n_00000000_f_r.png,0419floatzel,floatzel_shiny.png
0420cherubi,poke_capture_0420_000_mf_n_00000000_f_n.png,0420cherubi,cherubi.png
0420cherubi,poke_capture_0420_000_mf_n_00000000_f_r.png,0420cherubi,cherubi_shiny.png
0421cherrim,poke_capture_0421_000_mf_n_00000000_f_n.png,0421cherrim,cherrim.png
0421cherrim,poke_capture_0421_000_mf_n_00000000_f_r.png,0421cherrim,cherrim_shiny.png
0421cherrim,poke_capture_0421_001_mf_n_00000000_f_n.png,0421cherrim,cherrim-sunshine.png
0421cherrim,poke_capture_0421_001_mf_n_00000000_f_r.png,0421cherrim,cherrim-sunshine_shiny.png
0422shellos,poke_capture_0422_000_mf_n_00000000_f_n.png,0422shellos,shellos.png
0422shellos,poke_capture_0422_000_mf_n_00000000_f_r.png,0422shellos,shellos_shiny.png
0422shellos,poke_capture_0422_001_mf_n_00000000_f_n.png,0422shellos,shellos-east.png
0422shellos,poke_capture_0422_001_mf_n_00000000_f_r.png,0422shellos,shellos-east_shiny.png
0423gastrodon,poke_capture_0423_000_mf_n_00000000_f_n.png,0423gastrodon,gastrodon.png
0423gastrodon,poke_capture_0423_000_mf_n_00000000_f_r.png,0423gastrodon,gastrodon_shiny.png
0423gastrodon,poke_capture_0423_001_mf_n_00000000_f_n.png,0423gastrodon,gastrodon-east.png
0423gastrodon,poke_capture_0423_001_mf_n_00000000_f_r.png,0423gastrodon,gastrodon-east_shiny.png
0424ambipom,poke_capture_0424_000_fd_n_00000000_f_n.png,0424ambipom,ambipom.png
0424ambipom,poke_capture_0424_000_fd_n_00000000_f_r.png,0424ambipom,ambipom_shiny.png
0424ambipom,poke_capture_0424_000_md_n_00000000_f_n.png,0424ambipom,ambipom.png
0424ambipom,poke_capture_0424_000_md_n_00000000_f_r.png,0424ambipom,ambipom_shiny.png
0425drifloon,poke_capture_0425_000_mf_n_00000000_f_n.png,0425drifloon,drifloon.png
0425drifloon,poke_capture_0425_000_mf_n_00000000_f_r.png,0425drifloon,drifloon_shiny.png
0426drifblim,poke_capture_0426_000_mf_n_00000000_f_n.png,0426drifblim,drifblim.png
0426drifblim,poke_capture_0426_000_mf_n_00000000_f_r.png,0426drifblim,drifblim_shiny.png
0427buneary,poke_capture_0427_000_mf_n_00000000_f_n.png,0427buneary,buneary.png
0427buneary,poke_capture_0427_000_mf_n_00000000_f_r.png,0427buneary,buneary_shiny.png
0428lopunny,poke_capture_0428_000_mf_n_00000000_f_n.png,0428lopunny,lopunny.png
0428lopunny,poke_capture_0428_000_mf_n_00000000_f_r.png,0428lopunny,lopunny_shiny.png
0428lopunny,poke_capture_0428_001_mf_n_00000000_f_n.png,0428lopunny,lopunny-mega.png
0428lopunny,poke_capture_0428_001_mf_n_00000000_f_r.png,0428lopunny,lopunny-mega_shiny.png
0429mismagius,poke_capture_0429_000_mf_n_00000000_f_n.png,0429mismagius,mismagius.png
0429mismagius,poke_capture_0429_000_mf_n_00000000_f_r.png,0429mismagius,mismagius_shiny.png
0430honchkrow,poke_capture_0430_000_mf_n_00000000_f_n.png,0430honchkrow,honchkrow.png
0430honchkrow,poke_capture_0430_000_mf_n_00000000_f_r.png,0430honchkrow,honchkrow_shiny.png
0431glameow,poke_capture_0431_000_mf_n_00000000_f_n.png,0431glameow,glameow.png
0431glameow,poke_capture_0431_000_mf_n_00000000_f_r.png,0431glameow,glameow_shiny.png
0432purugly,poke_capture_0432_000_mf_n_00000000_f_n.png,0432purugly,purugly.png
0432purugly,poke_capture_0432_000_mf_n_00000000_f_r.png,0432purugly,purugly_shiny.png
0433chingling,poke_capture_0433_000_mf_n_00000000_f_n.png,0433chingling,chingling.png
0433chingling,poke_capture_0433_000_mf_n_00000000_f_r.png,0433chingling,chingling_shiny.png
0434stunky,poke_capture_0434_000_mf_n_00000000_f_n.png,0434stunky,stunky.png
0434stunky,poke_capture_0434_000_mf_n_00000000_f_r.png,0434stunky,stunky_shiny.png
0435skuntank,poke_capture_0435_000_mf_n_00000000_f_n.png,0435skuntank,skuntank.png
0435skuntank,poke_capture_0435_000_mf_n_00000000_f_r.png,0435skuntank,skuntank_shiny.png
0436bronzor,poke_capture_0436_000_uk_n_00000000_f_n.png,0436bronzor,bronzor.png
0436bronzor,poke_capture_0436_000_uk_n_00000000_f_r.png,0436bronzor,bronzor_shiny.png
0437bronzong,poke_capture_0437_000_uk_n_00000000_f_n.png,0437bronzong,bronzong.png
0437bronzong,poke_capture_0437_000_uk_n_00000000_f_r.png,0437bronzong,bronzong_shiny.png
0438bonsly,poke_capture_0438_000_mf_n_00000000_f_n.png,0438bonsly,bonsly.png
0438bonsly,poke_capture_0438_000_mf_n_00000000_f_r.png,0438bonsly,bonsly_shiny.png
0439mime jr,poke_capture_0439_000_mf_n_00000000_f_n.png,0439mime jr,mime jr.png
0439mime jr,poke_capture_0439_000_mf_n_00000000_f_r.png,0439mime jr,mime jr_shiny.png
0440happiny,poke_capture_0440_000_fo_n_00000000_f_n.png,0440happiny,happiny.png
0440happiny,poke_capture_0440_000_fo_n_00000000_f_r.png,0440happiny,happiny_shiny.png
0441chatot,poke_capture_0441_000_mf_n_00000000_f_n.png,0441chatot,chatot.png
0441chatot,poke_capture_0441_000_mf_n_00000000_f_r.png,0441chatot,chatot_shiny.png
0442spiritomb,poke_capture_0442_000_mf_n_00000000_f_n.png,0442spiritomb,spiritomb.png
0442spiritomb,poke_capture_0442_000_mf_n_00000000_f_r.png,0442spiritomb,spiritomb_shiny.png
0443gible,poke_capture_0443_000_fd_n_00000000_f_n.png,0443gible,gible.png
0443gible,poke_capture_0443_000_fd_n_00000000_f_r.png,0443gible,gible_shiny.png
0443gible,poke_capture_0443_000_md_n_00000000_f_n.png,0443gible,gible.png
0443gible,poke_capture_0443_000_md_n_00000000_f_r.png,0443gible,gible_shiny.png
0444gabite,poke_capture_0444_000_fd_n_00000000_f_n.png,0444gabite,gabite.png
0444gabite,poke_capture_0444_000_fd_n_00000000_f_r.png,0444gabite,gabite_shiny.png
0444gabite,poke_capture_0444_000_md_n_00000000_f_n.png,0444gabite,gabite.png
0444gabite,poke_capture_0444_000_md_n_00000000_f_r.png,0444gabite,gabite_shiny.png
0445garchomp,poke_capture_0445_000_fd_n_00000000_f_n.png,0445garchomp,garchomp.png
0445garchomp,poke_capture_0445_000_fd_n_00000000_f_r.png,0445garchomp,garchomp_shiny.png
0445garchomp,poke_capture_0445_000_md_n_00000000_f_n.png,0445garchomp,garchomp.png
0445garchomp,poke_capture_0445_000_md_n_00000000_f_r.png,0445garchomp,garchomp_shiny.png
0445garchomp,poke_capture_0445_001_mf_n_00000000_f_n.png,0445garchomp,garchomp-mega.png
0445garchomp,poke_capture_0445_001_mf_n_00000000_f_r.png,0445garchomp,garchomp-mega_shiny.png
0446munchlax,poke_capture_0446_000_mf_n_00000000_f_n.png,0446munchlax,munchlax.png
0446munchlax,poke_capture_0446_000_mf_n_00000000_f_r.png,0446munchlax,munchlax_shiny.png
0447riolu,poke_capture_0447_000_mf_n_00000000_f_n.png,0447riolu,riolu.png
0447riolu,poke_capture_0447_000_mf_n_00000000_f_r.png,0447riolu,riolu_shiny.png
0448lucario,poke_capture_0448_000_mf_n_00000000_f_n.png,0448lucario,lucario.png
0448lucario,poke_capture_0448_000_mf_n_00000000_f_r.png,0448lucario,lucario_shiny.png
0448lucario,poke_capture_0448_001_mf_n_00000000_f_n.png,0448lucario,lucario-mega.png
0448lucario,poke_capture_0448_001_mf_n_00000000_f_r.png,0448lucario,lucario-mega_shiny.png
0449hippopotas,poke_capture_0449_000_fd_n_00000000_f_n.png,0449hippopotas,hippopotas_female.png
0449hippopotas,poke_capture_0449_000_fd_n_00000000_f_r.png,0449hippopotas,hippopotas_shiny_female.png
0449hippopotas,poke_capture_0449_000_md_n_00000000_f_n.png,0449hippopotas,hippopotas.png
0449hippopotas,poke_capture_0449_000_md_n_00000000_f_r.png,0449hippopotas,hippopotas_shiny.png
0450hippowdon,poke_capture_0450_000_fd_n_00000000_f_n.png,0450hippowdon,hippowdon_female.png
0450hippowdon,poke_capture_0450_000_fd_n_00000000_f_r.png,0450hippowdon,hippowdon_shiny_female.png
0450hippowdon,poke_capture_0450_000_md_n_00000000_f_n.png,0450hippowdon,hippowdon.png
0450hippowdon,poke_capture_0450_000_md_n_00000000_f_r.png,0450hippowdon,hippowdon_shiny.png
0451skorupi,poke_capture_0451_000_mf_n_00000000_f_n.png,0451skorupi,skorupi.png
0451skorupi,poke_capture_0451_000_mf_n_00000000_f_r.png,0451skorupi,skorupi_shiny.png
0452drapion,poke_capture_0452_000_mf_n_00000000_f_n.png,0452drapion,drapion.png
0452drapion,poke_capture_0452_000_mf_n_00000000_f_r.png,0452drapion,drapion_shiny.png
0453croagunk,poke_capture_0453_000_fd_n_00000000_f_n.png,0453croagunk,croagunk.png
0453croagunk,poke_capture_0453_000_fd_n_00000000_f_r.png,0453croagunk,croagunk_shiny.png
0453croagunk,poke_capture_0453_000_md_n_00000000_f_n.png,0453croagunk,croagunk.png
0453croagunk,poke_capture_0453_000_md_n_00000000_f_r.png,0453croagunk,croagunk_shiny.png
0454toxicroak,poke_capture_0454_000_fd_n_00000000_f_n.png,0454toxicroak,toxicroak.png
0454toxicroak,poke_capture_0454_000_fd_n_00000000_f_r.png,0454toxicroak,toxicroak_shiny.png
0454toxicroak,poke_capture_0454_000_md_n_00000000_f_n.png,0454toxicroak,toxicroak.png
0454toxicroak,poke_capture_0454_000_md_n_00000000_f_r.png,0454toxicroak,toxicroak_shiny.png
0455carnivine,poke_capture_0455_000_mf_n_00000000_f_n.png,0455carnivine,carnivine.png
0455carnivine,poke_capture_0455_000_mf_n_00000000_f_r.png,0455carnivine,carnivine_shiny.png
0456finneon,poke_capture_0456_000_fd_n_00000000_f_n.png,0456finneon,finneon.png
0456finneon,poke_capture_0456_000_fd_n_00000000_f_r.png,0456finneon,finneon_shiny.png
0456finneon,poke_capture_0456_000_md_n_00000000_f_n.png,0456finneon,finneon.png
0456finneon,poke_capture_0456_000_md_n_00000000_f_r.png,0456finneon,finneon_shiny.png
0457lumineon,poke_capture_0457_000_fd_n_00000000_f_n.png,0457lumineon,lumineon.png
0457lumineon,poke_capture_0457_000_fd_n_00000000_f_r.png,0457lumineon,lumineon_shiny.png
0457lumineon,poke_capture_0457_000_md_n_00000000_f_n.png,0457lumineon,lumineon.png
0457lumineon,poke_capture_0457_000_md_n_00000000_f_r.png,0457lumineon,lumineon_shiny.png
0458mantyke,poke_capture_0458_000_mf_n_00000000_f_n.png,0458mantyke,mantyke.png
0458mantyke,poke_capture_0458_000_mf_n_00000000_f_r.png,0458mantyke,mantyke_shiny.png
0459snover,poke_capture_0459_000_fd_n_00000000_f_n.png,0459snover,snover.png
0459snover,poke_capture_0459_000_fd_n_00000000_f_r.png,0459snover,snover_shiny.png
0459snover,poke_capture_0459_000_md_n_00000000_f_n.png,0459snover,snover.png
0459snover,poke_capture_0459_000_md_n_00000000_f_r.png,0459snover,snover_shiny.png
0460abomasnow,poke_capture_0460_000_fd_n_00000000_f_n.png,0460abomasnow,abomasnow.png
0460abomasnow,poke_capture_0460_000_fd_n_00000000_f_r.png,0460abomasnow,abomasnow_shiny.png
0460abomasnow,poke_capture_0460_000_md_n_00000000_f_n.png,0460abomasnow,abomasnow.png
0460abomasnow,poke_capture_0460_000_md_n_00000000_f_r.png,0460abomasnow,abomasnow_shiny.png
0460abomasnow,poke_capture_0460_001_mf_n_00000000_f_n.png,0460abomasnow,abomasnow-mega.png
0460abomasnow,poke_capture_0460_001_mf_n_00000000_f_r.png,0460abomasnow,abomasnow-mega_shiny.png
0461weavile,poke_capture_0461_000_fd_n_00000000_f_n.png,0461weavile,weavile.png
0461weavile,poke_capture_0461_000_fd_n_00000000_f_r.png,0461weavile,weavile_shiny.png
0461weavile,poke_capture_0461_000_md_n_00000000_f_n.png,0461weavile,weavile.png
0461weavile,poke_capture_0461_000_md_n_00000000_f_r.png,0461weavile,weavile_shiny.png
0462magnezone,poke_capture_0462_000_uk_n_00000000_f_n.png,0462magnezone,magnezone.png
0462magnezone,poke_capture_0462_000_uk_n_00000000_f_r.png,0462magnezone,magnezone_shiny.png
0463lickilicky,poke_capture_0463_000_mf_n_00000000_f_n.png,0463lickilicky,lickilicky.png
0463lickilicky,poke_capture_0463_000_mf_n_00000000_f_r.png,0463lickilicky,lickilicky_shiny.png
0464rhyperior,poke_capture_0464_000_fd_n_00000000_f_n.png,0464rhyperior,rhyperior.png
0464rhyperior,poke_capture_0464_000_fd_n_00000000_f_r.png,0464rhyperior,rhyperior_shiny.png
0464rhyperior,poke_capture_0464_000_md_n_00000000_f_n.png,0464rhyperior,rhyperior.png
0464rhyperior,poke_capture_0464_000_md_n_00000000_f_r.png,0464rhyperior,rhyperior_shiny.png
0465tangrowth,poke_capture_0465_000_fd_n_00000000_f_n.png,0465tangrowth,tangrowth.png
0465tangrowth,poke_capture_0465_000_fd_n_00000000_f_r.png,0465tangrowth,tangrowth_shiny.png
0465tangrowth,poke_capture_0465_000_md_n_00000000_f_n.png,0465tangrowth,tangrowth.png
0465tangrowth,poke_capture_0465_000_md_n_00000000_f_r.png,0465tangrowth,tangrowth_shiny.png
0466electivire,poke_capture_0466_000_mf_n_00000000_f_n.png,0466electivire,electivire.png
0466electivire,poke_capture_0466_000_mf_n_00000000_f_r.png,0466electivire,electivire_shiny.png
0467magmortar,poke_capture_0467_000_mf_n_00000000_f_n.png,0467magmortar,magmortar.png
0467magmortar,poke_capture_0467_000_mf_n_00000000_f_r.png,0467magmortar,magmortar_shiny.png
0468togekiss,poke_capture_0468_000_mf_n_00000000_f_n.png,0468togekiss,togekiss.png
0468togekiss,poke_capture_0468_000_mf_n_00000000_f_r.png,0468togekiss,togekiss_shiny.png
0469yanmega,poke_capture_0469_000_mf_n_00000000_f_n.png,0469yanmega,yanmega.png
0469yanmega,poke_capture_0469_000_mf_n_00000000_f_r.png,0469yanmega,yanmega_shiny.png
0470leafeon,poke_capture_0470_000_mf_n_00000000_f_n.png,0470leafeon,leafeon.png
0470leafeon,poke_capture_0470_000_mf_n_00000000_f_r.png,0470leafeon,leafeon_shiny.png
0471glaceon,poke_capture_0471_000_mf_n_00000000_f_n.png,0471glaceon,glaceon.png
0471glaceon,poke_capture_0471_000_mf_n_00000000_f_r.png,0471glaceon,glaceon_shiny.png
0472gliscor,poke_capture_0472_000_mf_n_00000000_f_n.png,0472gliscor,gliscor.png
0472gliscor,poke_capture_0472_000_mf_n_00000000_f_r.png,0472gliscor,gliscor_shiny.png
0473mamoswine,poke_capture_0473_000_fd_n_00000000_f_n.png,0473mamoswine,mamoswine.png
0473mamoswine,poke_capture_0473_000_fd_n_00000000_f_r.png,0473mamoswine,mamoswine_shiny.png
0473mamoswine,poke_capture_0473_000_md_n_00000000_f_n.png,0473mamoswine,mamoswine.png
0473mamoswine,poke_capture_0473_000_md_n_00000000_f_r.png,0473mamoswine,mamoswine_shiny.png
0474porygon-z,poke_capture_0474_000_uk_n_00000000_f_n.png,0474porygon-z,porygon-z.png
0474porygon-z,poke_capture_0474_000_uk_n_00000000_f_r.png,0474porygon-z,porygon-z_shiny.png
0475gallade,poke_capture_0475_000_mo_n_00000000_f_n.png,0475gallade,gallade.png
0475gallade,poke_capture_0475_000_mo_n_00000000_f_r.png,0475gallade,gallade_shiny.png
0475gallade,poke_capture_0475_001_mo_n_00000000_f_n.png,0475gallade,gallade-mega.png
0475gallade,poke_capture_0475_001_mo_n_00000000_f_r.png,0475gallade,gallade-mega_shiny.png
0476probopass,poke_capture_0476_000_mf_n_00000000_f_n.png,0476probopass,probopass.png
0476probopass,poke_capture_0476_000_mf_n_00000000_f_r.png,0476probopass,probopass_shiny.png
0477dusknoir,poke_capture_0477_000_mf_n_00000000_f_n.png,0477dusknoir,dusknoir.png
0477dusknoir,poke_capture_0477_000_mf_n_00000000_f_r.png,0477dusknoir,dusknoir_shiny.png
0478froslass,poke_capture_0478_000_fo_n_00000000_f_n.png,0478froslass,froslass.png
0478froslass,poke_capture_0478_000_fo_n_00000000_f_r.png,0478froslass,froslass_shiny.png
0479rotom,poke_capture_0479_000_uk_n_00000000_f_n.png,0479rotom,rotom.png
0479rotom,poke_capture_0479_000_uk_n_00000000_f_r.png,0479rotom,rotom_shiny.png
0479rotom,poke_capture_0479_001_uk_n_00000000_f_n.png,0479rotom,rotom-heat.png
0479rotom,poke_capture_0479_001_uk_n_00000000_f_r.png,0479rotom,rotom-heat_shiny.png
0479rotom,poke_capture_0479_002_uk_n_00000000_f_n.png,0479rotom,rotom-wash_right.png
0479rotom,poke_capture_0479_002_uk_n_00000000_f_r.png,0479rotom,rotom-wash_shiny_right.png
0479rotom,poke_capture_0479_003_uk_n_00000000_f_n.png,0479rotom,rotom-frost.png
0479rotom,poke_capture_0479_003_uk_n_00000000_f_r.png,0479rotom,rotom-frost_shiny.png
0479rotom,poke_capture_0479_004_uk_n_00000000_f_n.png,0479rotom,rotom-fan.png
0479rotom,poke_capture_0479_004_uk_n_00000000_f_r.png,0479rotom,rotom-fan_shiny.png
0479rotom,poke_capture_0479_005_uk_n_00000000_f_n.png,0479rotom,rotom-mow.png
0479rotom,poke_capture_0479_005_uk_n_00000000_f_r.png,0479rotom,rotom-mow_shiny.png
0480uxie,poke_capture_0480_000_uk_n_00000000_f_n.png,0480uxie,uxie.png
0480uxie,poke_capture_0480_000_uk_n_00000000_f_r.png,0480uxie,uxie_shiny.png
0481mesprit,poke_capture_0481_000_uk_n_00000000_f_n.png,0481mesprit,mesprit.png
0481mesprit,poke_capture_0481_000_uk_n_00000000_f_r.png,0481mesprit,mesprit_shiny.png
0482azelf,poke_capture_0482_000_uk_n_00000000_f_n.png,0482azelf,azelf.png
0482azelf,poke_capture_0482_000_uk_n_00000000_f_r.png,0482azelf,azelf_shiny.png
0483dialga,poke_capture_0483_000_uk_n_00000000_f_n.png,0483dialga,dialga.png
0483dialga,poke_capture_0483_000_uk_n_00000000_f_r.png,0483dialga,dialga_shiny.png
0484palkia,poke_capture_0484_000_uk_n_00000000_f_n.png,0484palkia,palkia.png
0484palkia,poke_capture_0484_000_uk_n_00000000_f_r.png,0484palkia,palkia_shiny.png
0485heatran,poke_capture_0485_000_mf_n_00000000_f_n.png,0485heatran,heatran.png
0485heatran,poke_capture_0485_000_mf_n_00000000_f_r.png,0485heatran,heatran_shiny.png
0486regigigas,poke_capture_0486_000_uk_n_00000000_f_n.png,0486regigigas,regigigas.png
0486regigigas,poke_capture_0486_000_uk_n_00000000_f_r.png,0486regigigas,regigigas_shiny.png
0487giratina,poke_capture_0487_000_uk_n_00000000_f_n.png,0487giratina,giratina.png
0487giratina,poke_capture_0487_000_uk_n_00000000_f_r.png,0487giratina,giratina_shiny.png
0487giratina,poke_capture_0487_001_uk_n_00000000_f_n.png,0487giratina,giratina-origin.png
0487giratina,poke_capture_0487_001_uk_n_00000000_f_r.png,0487giratina,giratina-origin_shiny.png
0488cresselia,poke_capture_0488_000_fo_n_00000000_f_n.png,0488cresselia,cresselia.png
0488cresselia,poke_capture_0488_000_fo_n_00000000_f_r.png,0488cresselia,cresselia_shiny.png
0489phione,poke_capture_0489_000_uk_n_00000000_f_n.png,0489phione,phione.png
0489phione,poke_capture_0489_000_uk_n_00000000_f_r.png,0489phione,phione_shiny.png
0490manaphy,poke_capture_0490_000_uk_n_00000000_f_n.png,0490manaphy,manaphy.png
0490manaphy,poke_capture_0490_000_uk_n_00000000_f_r.png,0490manaphy,manaphy_shiny.png
0491darkrai,poke_capture_0491_000_uk_n_00000000_f_n.png,0491darkrai,darkrai.png
0491darkrai,poke_capture_0491_000_uk_n_00000000_f_r.png,0491darkrai,darkrai_shiny.png
0492shaymin,poke_capture_0492_000_uk_n_00000000_f_n.png,0492shaymin,shaymin.png
0492shaymin,poke_capture_0492_000_uk_n_00000000_f_r.png,0492shaymin,shaymin_shiny.png
0492shaymin,poke_capture_0492_001_uk_n_00000000_f_n.png,0492shaymin,shaymin-sky.png
0492shaymin,poke_capture_0492_001_uk_n_00000000_f_r.png,0492shaymin,shaymin-sky_shiny.png
0493arceus,poke_capture_0493_000_uk_n_00000000_f_n.png,0493arceus,arceus.png
0493arceus,poke_capture_0493_000_uk_n_00000000_f_r.png,0493arceus,arceus_shiny.png
0493arceus,poke_capture_0493_001_uk_n_00000000_f_n.png,0493arceus,arceus-fighting.png
0493arceus,poke_capture_0493_001_uk_n_00000000_f_r.png,0493arceus,arceus-fighting_shiny.png
0493arceus,poke_capture_0493_002_uk_n_00000000_f_n.png,0493arceus,arceus-flying.png
0493arceus,poke_capture_0493_002_uk_n_00000000_f_r.png,0493arceus,arceus-flying_shiny.png
0493arceus,poke_capture_0493_003_uk_n_00000000_f_n.png,0493arceus,arceus-poison.png
0493arceus,poke_capture_0493_003_uk_n_00000000_f_r.png,0493arceus,arceus-poison_shiny.png
0493arceus,poke_capture_0493_004_uk_n_00000000_f_n.png,0493arceus,arceus-ground.png
0493arceus,poke_capture_0493_004_uk_n_00000000_f_r.png,0493arceus,arceus-ground_shiny.png
0493arceus,poke_capture_0493_005_uk_n_00000000_f_n.png,0493arceus,arceus-rock.png
0493arceus,poke_capture_0493_005_uk_n_00000000_f_r.png,0493arceus,arceus-rock_shiny.png
0493arceus,poke_capture_0493_006_uk_n_00000000_f_n.png,0493arceus,arceus-bug.png
0493arceus,poke_capture_0493_006_uk_n_00000000_f_r.png,0493arceus,arceus-bug_shiny.png
0493arceus,poke_capture_0493_007_uk_n_00000000_f_n.png,0493arceus,arceus-ghost.png
0493arceus,poke_capture_0493_007_uk_n_00000000_f_r.png,0493arceus,arceus-ghost_shiny.png
0493arceus,poke_capture_0493_008_uk_n_00000000_f_n.png,0493arceus,arceus-steel.png
0493arceus,poke_capture_0493_008_uk_n_00000000_f_r.png,0493arceus,arceus-steel_shiny.png
0493arceus,poke_capture_0493_009_uk_n_00000000_f_n.png,0493arceus,arceus-fire.png
0493arceus,poke_capture_0493_009_uk_n_00000000_f_r.png,0493arceus,arceus-fire_shiny.png
0493arceus,poke_capture_0493_010_uk_n_00000000_f_n.png,0493arceus,arceus-water.png
0493arceus,poke_capture_0493_010_uk_n_00000000_f_r.png,0493arceus,arceus-water_shiny.png
0493arceus,poke_capture_0493_011_uk_n_00000000_f_n.png,0493arceus,arceus-grass.png
0493arceus,poke_capture_0493_011_uk_n_00000000_f_r.png,0493arceus,arceus-grass_shiny.png
0493arceus,poke_capture_0493_012_uk_n_00000000_f_n.png,0493arceus,arceus-electric.png
0493arceus,poke_capture_0493_012_uk_n_00000000_f_r.png,0493arceus,arceus-electric_shiny.png
0493arceus,poke_capture_0493_013_uk_n_00000000_f_n.png,0493arceus,arceus-psychic.png
0493arceus,poke_capture_0493_013_uk_n_00000000_f_r.png,0493arceus,arceus-psychic_shiny.png
0493arceus,poke_capture_0493_014_uk_n_00000000_f_n.png,0493arceus,arceus-ice.png
0493arceus,poke_capture_0493_014_uk_n_00000000_f_r.png,0493arceus,arceus-ice_shiny.png
0493arceus,poke_capture_0493_015_uk_n_00000000_f_n.png,0493arceus,arceus-dragon.png
0493arceus,poke_capture_0493_015_uk_n_00000000_f_r.png,0493arceus,arceus-dragon_shiny.png
0493arceus,poke_capture_0493_016_uk_n_00000000_f_n.png,0493arceus,arceus-dark.png
0493arceus,poke_capture_0493_016_uk_n_00000000_f_r.png,0493arceus,arceus-dark_shiny.png
0493arceus,poke_capture_0493_017_uk_n_00000000_f_n.png,0493arceus,arceus-fairy.png
0493arceus,poke_capture_0493_017_uk_n_00000000_f_r.png,0493arceus,arceus-fairy_shiny.png
0494victini,poke_capture_0494_000_uk_n_00000000_f_n.png,0494victini,victini.png
0494victini,poke_capture_0494_000_uk_n_00000000_f_r.png,0494victini,victini_shiny.png
0495snivy,poke_capture_0495_000_mf_n_00000000_f_n.png,0495snivy,snivy.png
0495snivy,poke_capture_0495_000_mf_n_00000000_f_r.png,0495snivy,snivy_shiny.png
0496servine,poke_capture_0496_000_mf_n_00000000_f_n.png,0496servine,servine.png
0496servine,poke_capture_0496_000_mf_n_00000000_f_r.png,0496servine,servine_shiny.png
0497serperior,poke_capture_0497_000_mf_n_00000000_f_n.png,0497serperior,serperior.png
0497serperior,poke_capture_0497_000_mf_n_00000000_f_r.png,0497serperior,serperior_shiny.png
0498tepig,poke_capture_0498_000_mf_n_00000000_f_n.png,0498tepig,tepig.png
0498tepig,poke_capture_0498_000_mf_n_00000000_f_r.png,0498tepig,tepig_shiny.png
0499pignite,poke_capture_0499_000_mf_n_00000000_f_n.png,0499pignite,pignite.png
0499pignite,poke_capture_0499_000_mf_n_00000000_f_r.png,0499pignite,pignite_shiny.png
0500emboar,poke_capture_0500_000_mf_n_00000000_f_n.png,0500emboar,emboar.png
0500emboar,poke_capture_0500_000_mf_n_00000000_f_r.png,0500emboar,emboar_shiny.png
0501oshawott,poke_capture_0501_000_mf_n_00000000_f_n.png,0501oshawott,oshawott.png
0501oshawott,poke_capture_0501_000_mf_n_00000000_f_r.png,0501oshawott,oshawott_shiny.png
0502dewott,poke_capture_0502_000_mf_n_00000000_f_n.png,0502dewott,dewott.png
0502dewott,poke_capture_0502_000_mf_n_00000000_f_r.png,0502dewott,dewott_shiny.png
0503samurott,poke_capture_0503_000_mf_n_00000000_f_n.png,0503samurott,samurott.png
0503samurott,poke_capture_0503_000_mf_n_00000000_f_r.png,0503samurott,samurott_shiny.png
0504patrat,poke_capture_0504_000_mf_n_00000000_f_n.png,0504patrat,patrat.png
0504patrat,poke_capture_0504_000_mf_n_00000000_f_r.png,0504patrat,patrat_shiny.png
0505watchog,poke_capture_0505_000_mf_n_00000000_f_n.png,0505watchog,watchog.png
0505watchog,poke_capture_0505_000_mf_n_00000000_f_r.png,0505watchog,watchog_shiny.png
0506lillipup,poke_capture_0506_000_mf_n_00000000_f_n.png,0506lillipup,lillipup.png
0506lillipup,poke_capture_0506_000_mf_n_00000000_f_r.png,0506lillipup,lillipup_shiny.png
0507herdier,poke_capture_0507_000_mf_n_00000000_f_n.png,0507herdier,herdier.png
0507herdier,poke_capture_0507_000_mf_n_00000000_f_r.png,0507herdier,herdier_shiny.png
0508stoutland,poke_capture_0508_000_mf_n_00000000_f_n.png,0508stoutland,stoutland.png
0508stoutland,poke_capture_0508_000_mf_n_00000000_f_r.png,0508stoutland,stoutland_shiny.png
0509purrloin,poke_capture_0509_000_mf_n_00000000_f_n.png,0509purrloin,purrloin.png
0509purrloin,poke_capture_0509_000_mf_n_00000000_f_r.png,0509purrloin,purrloin_shiny.png
0510liepard,poke_capture_0510_000_mf_n_00000000_f_n.png,0510liepard,liepard.png
0510liepard,poke_capture_0510_000_mf_n_00000000_f_r.png,0510liepard,liepard_shiny.png
0511pansage,poke_capture_0511_000_mf_n_00000000_f_n.png,0511pansage,pansage.png
0511pansage,poke_capture_0511_000_mf_n_00000000_f_r.png,0511pansage,pansage_shiny.png
0512simisage,poke_capture_0512_000_mf_n_00000000_f_n.png,0512simisage,simisage.png
0512simisage,poke_capture_0512_000_mf_n_00000000_f_r.png,0512simisage,simisage_shiny.png
0513pansear,poke_capture_0513_000_mf_n_00000000_f_n.png,0513pansear,pansear.png
0513pansear,poke_capture_0513_000_mf_n_00000000_f_r.png,0513pansear,pansear_shiny.png
0514simisear,poke_capture_0514_000_mf_n_00000000_f_n.png,0514simisear,simisear.png
0514simisear,poke_capture_0514_000_mf_n_00000000_f_r.png,0514simisear,simisear_shiny.png
0515panpour,poke_capture_0515_000_mf_n_00000000_f_n.png,0515panpour,panpour.png
0515panpour,poke_capture_0515_000_mf_n_00000000_f_r.png,0515panpour,panpour_shiny.png
0516simipour,poke_capture_0516_000_mf_n_00000000_f_n.png,0516simipour,simipour.png
0516simipour,poke_capture_0516_000_mf_n_00000000_f_r.png,0516simipour,simipour_shiny.png
0517munna,poke_capture_0517_000_mf_n_00000000_f_n.png,0517munna,munna.png
0517munna,poke_capture_0517_000_mf_n_00000000_f_r.png,0517munna,munna_shiny.png
0518musharna,poke_capture_0518_000_mf_n_00000000_f_n.png,0518musharna,musharna.png
0518musharna,poke_capture_0518_000_mf_n_00000000_f_r.png,0518musharna,musharna_shiny.png
0519pidove,poke_capture_0519_000_mf_n_00000000_f_n.png,0519pidove,pidove.png
0519pidove,poke_capture_0519_000_mf_n_00000000_f_r.png,0519pidove,pidove_shiny.png
0520tranquill,poke_capture_0520_000_mf_n_00000000_f_n.png,0520tranquill,tranquill.png
0520tranquill,poke_capture_0520_000_mf_n_00000000_f_r.png,0520tranquill,tranquill_shiny.png
0521unfezant,poke_capture_0521_000_fd_n_00000000_f_n.png,0521unfezant,unfezant_female.png
0521unfezant,poke_capture_0521_000_fd_n_00000000_f_r.png,0521unfezant,unfezant_shiny_female.png
0521unfezant,poke_capture_0521_000_md_n_00000000_f_n.png,0521unfezant,unfezant.png
0521unfezant,poke_capture_0521_000_md_n_00000000_f_r.png,0521unfezant,unfezant_shiny.png
0522blitzle,poke_capture_0522_000_mf_n_00000000_f_n.png,0522blitzle,blitzle.png
0522blitzle,poke_capture_0522_000_mf_n_00000000_f_r.png,0522blitzle,blitzle_shiny.png
0523zebstrika,poke_capture_0523_000_mf_n_00000000_f_n.png,0523zebstrika,zebstrika.png
0523zebstrika,poke_capture_0523_000_mf_n_00000000_f_r.png,0523zebstrika,zebstrika_shiny.png
0524roggenrola,poke_capture_0524_000_mf_n_00000000_f_n.png,0524roggenrola,roggenrola.png
0524roggenrola,poke_capture_0524_000_mf_n_00000000_f_r.png,0524roggenrola,roggenrola_shiny.png
0525boldore,poke_capture_0525_000_mf_n_00000000_f_n.png,0525boldore,boldore.png
0525boldore,poke_capture_0525_000_mf_n_00000000_f_r.png,0525boldore,boldore_shiny.png
0526gigalith,poke_capture_0526_000_mf_n_00000000_f_n.png,0526gigalith,gigalith.png
0526gigalith,poke_capture_0526_000_mf_n_00000000_f_r.png,0526gigalith,gigalith_shiny.png
0527woobat,poke_capture_0527_000_mf_n_00000000_f_n.png,0527woobat,woobat.png
0527woobat,poke_capture_0527_000_mf_n_00000000_f_r.png,0527woobat,woobat_shiny.png
0528swoobat,poke_capture_0528_000_mf_n_00000000_f_n.png,0528swoobat,swoobat.png
0528swoobat,poke_capture_0528_000_mf_n_00000000_f_r.png,0528swoobat,swoobat_shiny.png
0529drilbur,poke_capture_0529_000_mf_n_00000000_f_n.png,0529drilbur,drilbur.png
0529drilbur,poke_capture_0529_000_mf_n_00000000_f_r.png,0529drilbur,drilbur_shiny.png
0530excadrill,poke_capture_0530_000_mf_n_00000000_f_n.png,0530excadrill,excadrill.png
0530excadrill,poke_capture_0530_000_mf_n_00000000_f_r.png,0530excadrill,excadrill_shiny.png
0531audino,poke_capture_0531_000_mf_n_00000000_f_n.png,0531audino,audino.png
0531audino,poke_capture_0531_000_mf_n_00000000_f_r.png,0531audino,audino_shiny.png
0531audino,poke_capture_0531_001_mf_n_00000000_f_n.png,0531audino,audino-mega.png
0531audino,poke_capture_0531_001_mf_n_00000000_f_r.png,0531audino,audino-mega_shiny.png
0532timburr,poke_capture_0532_000_mf_n_00000000_f_n.png,0532timburr,timburr.png
0532timburr,poke_capture_0532_000_mf_n_00000000_f_r.png,0532timburr,timburr_shiny.png
0533gurdurr,poke_capture_0533_000_mf_n_00000000_f_n.png,0533gurdurr,gurdurr.png
0533gurdurr,poke_capture_0533_000_mf_n_00000000_f_r.png,0533gurdurr,gurdurr_shiny.png
0534conkeldurr,poke_capture_0534_000_mf_n_00000000_f_n.png,0534conkeldurr,conkeldurr.png
0534conkeldurr,poke_capture_0534_000_mf_n_00000000_f_r.png,0534conkeldurr,conkeldurr_shiny.png
0535tympole,poke_capture_0535_000_mf_n_00000000_f_n.png,0535tympole,tympole.png
0535tympole,poke_capture_0535_000_mf_n_00000000_f_r.png,0535tympole,tympole_shiny.png
0536palpitoad,poke_capture_0536_000_mf_n_00000000_f_n.png,0536palpitoad,palpitoad.png
0536palpitoad,poke_capture_0536_000_mf_n_00000000_f_r.png,0536palpitoad,palpitoad_shiny.png
0537seismitoad,poke_capture_0537_000_mf_n_00000000_f_n.png,0537seismitoad,seismitoad.png
0537seismitoad,poke_capture_0537_000_mf_n_00000000_f_r.png,0537seismitoad,seismitoad_shiny.png
0538throh,poke_capture_0538_000_mo_n_00000000_f_n.png,0538throh,throh.png
0538throh,poke_capture_0538_000_mo_n_00000000_f_r.png,0538throh,throh_shiny.png
0539sawk,poke_capture_0539_000_mo_n_00000000_f_n.png,0539sawk,sawk.png
0539sawk,poke_capture_0539_000_mo_n_00000000_f_r.png,0539sawk,sawk_shiny.png
0540sewaddle,poke_capture_0540_000_mf_n_00000000_f_n.png,0540sewaddle,sewaddle.png
0540sewaddle,poke_capture_0540_000_mf_n_00000000_f_r.png,0540sewaddle,sewaddle_shiny.png
0541swadloon,poke_capture_0541_000_mf_n_00000000_f_n.png,0541swadloon,swadloon.png
0541swadloon,poke_capture_0541_000_mf_n_00000000_f_r.png,0541swadloon,swadloon_shiny.png
0542leavanny,poke_capture_0542_000_mf_n_00000000_f_n.png,0542leavanny,leavanny.png
0542leavanny,poke_capture_0542_000_mf_n_00000000_f_r.png,0542leavanny,leavanny_shiny.png
0543venipede,poke_capture_0543_000_mf_n_00000000_f_n.png,0543venipede,venipede.png
0543venipede,poke_capture_0543_000_mf_n_00000000_f_r.png,0543venipede,venipede_shiny.png
0544whirlipede,poke_capture_0544_000_mf_n_00000000_f_n.png,0544whirlipede,whirlipede.png
0544whirlipede,poke_capture_0544_000_mf_n_00000000_f_r.png,0544whirlipede,whirlipede_shiny.png
0545scolipede,poke_capture_0545_000_mf_n_00000000_f_n.png,0545scolipede,scolipede.png
0545scolipede,poke_capture_0545_000_mf_n_00000000_f_r.png,0545scolipede,scolipede_shiny.png
0546cottonee,poke_capture_0546_000_mf_n_00000000_f_n.png,0546cottonee,cottonee.png
0546cottonee,poke_capture_0546_000_mf_n_00000000_f_r.png,0546cottonee,cottonee_shiny.png
0547whimsicott,poke_capture_0547_000_mf_n_00000000_f_n.png,0547whimsicott,whimsicott.png
0547whimsicott,poke_capture_0547_000_mf_n_00000000_f_r.png,0547whimsicott,whimsicott_shiny.png
0548petilil,poke_capture_0548_000_fo_n_00000000_f_n.png,0548petilil,petilil.png
0548petilil,poke_capture_0548_000_fo_n_00000000_f_r.png,0548petilil,petilil_shiny.png
0549lilligant,poke_capture_0549_000_fo_n_00000000_f_n.png,0549lilligant,lilligant.png
0549lilligant,poke_capture_0549_000_fo_n_00000000_f_r.png,0549lilligant,lilligant_shiny.png
0550basculin,poke_capture_0550_000_mf_n_00000000_f_n.png,0550basculin,basculin.png
0550basculin,poke_capture_0550_000_mf_n_00000000_f_r.png,0550basculin,basculin_shiny.png
0550basculin,poke_capture_0550_001_mf_n_00000000_f_n.png,0550basculin,basculin blue striped.png
0550basculin,poke_capture_0550_001_mf_n_00000000_f_r.png,0550basculin,basculin blue striped_shiny.png
0551sandile,poke_capture_0551_000_mf_n_00000000_f_n.png,0551sandile,sandile.png
0551sandile,poke_capture_0551_000_mf_n_00000000_f_r.png,0551sandile,sandile_shiny.png
0552krokorok,poke_capture_0552_000_mf_n_00000000_f_n.png,0552krokorok,krokorok.png
0552krokorok,poke_capture_0552_000_mf_n_00000000_f_r.png,0552krokorok,krokorok_shiny.png
0553krookodile,poke_capture_0553_000_mf_n_00000000_f_n.png,0553krookodile,krookodile.png
0553krookodile,poke_capture_0553_000_mf_n_00000000_f_r.png,0553krookodile,krookodile_shiny.png
0554darumaka,poke_capture_0554_000_mf_n_00000000_f_n.png,0554darumaka,darumaka.png
0554darumaka,poke_capture_0554_000_mf_n_00000000_f_r.png,0554darumaka,darumaka_shiny.png
0554darumaka,poke_capture_0554_001_mf_n_00000000_f_n.png,0554darumaka,darumaka galar.png
0554darumaka,poke_capture_0554_001_mf_n_00000000_f_r.png,0554darumaka,darumaka galar_shiny.png
0555darmanitan,poke_capture_0555_000_mf_n_00000000_f_n.png,0555darmanitan,darmanitan.png
0555darmanitan,poke_capture_0555_000_mf_n_00000000_f_r.png,0555darmanitan,darmanitan_shiny.png
0555darmanitan,poke_capture_0555_001_mf_n_00000000_f_n.png,0555darmanitan,darmanitan-zen.png
0555darmanitan,poke_capture_0555_001_mf_n_00000000_f_r.png,0555darmanitan,darmanitan-zen_shiny.png
0555darmanitan,poke_capture_0555_002_mf_n_00000000_f_n.png,0555darmanitan,darmanitan galar.png
0555darmanitan,poke_capture_0555_002_mf_n_00000000_f_r.png,0555darmanitan,darmanitan galar_shiny.png
0555darmanitan,poke_capture_0555_003_mf_n_00000000_f_n.png,0555darmanitan,darmanitan galar zen.png
0555darmanitan,poke_capture_0555_003_mf_n_00000000_f_r.png,0555darmanitan,darmanitan galar zen_shiny.png
0556maractus,poke_capture_0556_000_mf_n_00000000_f_n.png,0556maractus,maractus.png
0556maractus,poke_capture_0556_000_mf_n_00000000_f_r.png,0556maractus,maractus_shiny.png
0557dwebble,poke_capture_0557_000_mf_n_00000000_f_n.png,0557dwebble,dwebble.png
0557dwebble,poke_capture_0557_000_mf_n_00000000_f_r.png,0557dwebble,dwebble_shiny.png
0558crustle,poke_capture_0558_000_mf_n_00000000_f_n.png,0558crustle,crustle.png
0558crustle,poke_capture_0558_000_mf_n_00000000_f_r.png,0558crustle,crustle_shiny.png
0559scraggy,poke_capture_0559_000_mf_n_00000000_f_n.png,0559scraggy,scraggy.png
0559scraggy,poke_capture_0559_000_mf_n_00000000_f_r.png,0559scraggy,scraggy_shiny.png
0560scrafty,poke_capture_0560_000_mf_n_00000000_f_n.png,0560scrafty,scrafty.png
0560scrafty,poke_capture_0560_000_mf_n_00000000_f_r.png,0560scrafty,scrafty_shiny.png
0561sigilyph,poke_capture_0561_000_mf_n_00000000_f_n.png,0561sigilyph,sigilyph.png
0561sigilyph,poke_capture_0561_000_mf_n_00000000_f_r.png,0561sigilyph,sigilyph_shiny.png
0562yamask,poke_capture_0562_000_mf_n_00000000_f_n.png,0562yamask,yamask.png
0562yamask,poke_capture_0562_000_mf_n_00000000_f_r.png,0562yamask,yamask_shiny.png
0562yamask,poke_capture_0562_001_mf_n_00000000_f_n.png,0562yamask,yamask galar.png
0562yamask,poke_capture_0562_001_mf_n_00000000_f_r.png,0562yamask,yamask galar_shiny.png
0563cofagrigus,poke_capture_0563_000_mf_n_00000000_f_n.png,0563cofagrigus,cofagrigus.png
0563cofagrigus,poke_capture_0563_000_mf_n_00000000_f_r.png,0563cofagrigus,cofagrigus_shiny.png
0564tirtouga,poke_capture_0564_000_mf_n_00000000_f_n.png,0564tirtouga,tirtouga.png
0564tirtouga,poke_capture_0564_000_mf_n_00000000_f_r.png,0564tirtouga,tirtouga_shiny.png
0565carracosta,poke_capture_0565_000_mf_n_00000000_f_n.png,0565carracosta,carracosta.png
0565carracosta,poke_capture_0565_000_mf_n_00000000_f_r.png,0565carracosta,carracosta_shiny.png
0566archen,poke_capture_0566_000_mf_n_00000000_f_n.png,0566archen,archen.png
0566archen,poke_capture_0566_000_mf_n_00000000_f_r.png,0566archen,archen_shiny.png
0567archeops,poke_capture_0567_000_mf_n_00000000_f_n.png,0567archeops,archeops.png
0567archeops,poke_capture_0567_000_mf_n_00000000_f_r.png,0567archeops,archeops_shiny.png
0568trubbish,poke_capture_0568_000_mf_n_00000000_f_n.png,0568trubbish,trubbish.png
0568trubbish,poke_capture_0568_000_mf_n_00000000_f_r.png,0568trubbish,trubbish_shiny.png
0569garbodor,poke_capture_0569_000_mf_g_00000000_f_n.png,0569garbodor,garbodor-gmax.png
0569garbodor,poke_capture_0569_000_mf_g_00000000_f_r.png,0569garbodor,garbodor-gmax_shiny.png
0569garbodor,poke_capture_0569_000_mf_n_00000000_f_n.png,0569garbodor,garbodor.png
0569garbodor,poke_capture_0569_000_mf_n_00000000_f_r.png,0569garbodor,garbodor_shiny.png
0570zorua,poke_capture_0570_000_mf_n_00000000_f_n.png,0570zorua,zorua.png
0570zorua,poke_capture_0570_000_mf_n_00000000_f_r.png,0570zorua,zorua_shiny.png
0571zoroark,poke_capture_0571_000_mf_n_00000000_f_n.png,0571zoroark,zoroark.png
0571zoroark,poke_capture_0571_000_mf_n_00000000_f_r.png,0571zoroark,zoroark_shiny.png
0572minccino,poke_capture_0572_000_mf_n_00000000_f_n.png,0572minccino,minccino.png
0572minccino,poke_capture_0572_000_mf_n_00000000_f_r.png,0572minccino,minccino_shiny.png
0573cinccino,poke_capture_0573_000_mf_n_00000000_f_n.png,0573cinccino,cinccino.png
0573cinccino,poke_capture_0573_000_mf_n_00000000_f_r.png,0573cinccino,cinccino_shiny.png
0574gothita,poke_capture_0574_000_mf_n_00000000_f_n.png,0574gothita,gothita.png
0574gothita,poke_capture_0574_000_mf_n_00000000_f_r.png,0574gothita,gothita_shiny.png
0575gothorita,poke_capture_0575_000_mf_n_00000000_f_n.png,0575gothorita,gothorita.png
0575gothorita,poke_capture_0575_000_mf_n_00000000_f_r.png,0575gothorita,gothorita_shiny.png
0576gothitelle,poke_capture_0576_000_mf_n_00000000_f_n.png,0576gothitelle,gothitelle.png
0576gothitelle,poke_capture_0576_000_mf_n_00000000_f_r.png,0576gothitelle,gothitelle_shiny.png
0577solosis,poke_capture_0577_000_mf_n_00000000_f_n.png,0577solosis,solosis.png
0577solosis,poke_capture_0577_000_mf_n_00000000_f_r.png,0577solosis,solosis_shiny.png
0578duosion,poke_capture_0578_000_mf_n_00000000_f_n.png,0578duosion,duosion.png
0578duosion,poke_capture_0578_000_mf_n_00000000_f_r.png,0578duosion,duosion_shiny.png
0579reuniclus,poke_capture_0579_000_mf_n_00000000_f_n.png,0579reuniclus,reuniclus.png
0579reuniclus,poke_capture_0579_000_mf_n_00000000_f_r.png,0579reuniclus,reuniclus_shiny.png
0580ducklett,poke_capture_0580_000_mf_n_00000000_f_n.png,0580ducklett,ducklett.png
0580ducklett,poke_capture_0580_000_mf_n_00000000_f_r.png,0580ducklett,ducklett_shiny.png
0581swanna,poke_capture_0581_000_mf_n_00000000_f_n.png,0581swanna,swanna.png
0581swanna,poke_capture_0581_000_mf_n_00000000_f_r.png,0581swanna,swanna_shiny.png
0582vanillite,poke_capture_0582_000_mf_n_00000000_f_n.png,0582vanillite,vanillite.png
0582vanillite,poke_capture_0582_000_mf_n_00000000_f_r.png,0582vanillite,vanillite_shiny.png
0583vanillish,poke_capture_0583_000_mf_n_00000000_f_n.png,0583vanillish,vanillish.png
0583vanillish,poke_capture_0583_000_mf_n_00000000_f_r.png,0583vanillish,vanillish_shiny.png
0584vanilluxe,poke_capture_0584_000_mf_n_00000000_f_n.png,0584vanilluxe,vanilluxe.png
0584vanilluxe,poke_capture_0584_000_mf_n_00000000_f_r.png,0584vanilluxe,vanilluxe_shiny.png
0585deerling,poke_capture_0585_000_mf_n_00000000_f_n.png,0585deerling,deerling.png
0585deerling,poke_capture_0585_000_mf_n_00000000_f_r.png,0585deerling,deerling_shiny.png
0585deerling,poke_capture_0585_001_mf_n_00000000_f_n.png,0585deerling,deerling-summer.png
0585deerling,poke_capture_0585_001_mf_n_00000000_f_r.png,0585deerling,deerling-summer_shiny.png
0585deerling,poke_capture_0585_002_mf_n_00000000_f_n.png,0585deerling,deerling-autumn.png
0585deerling,poke_capture_0585_002_mf_n_00000000_f_r.png,0585deerling,deerling-autumn_shiny.png
0585deerling,poke_capture_0585_003_mf_n_00000000_f_n.png,0585deerling,deerling-winter.png
0585deerling,poke_capture_0585_003_mf_n_00000000_f_r.png,0585deerling,deerling-winter_shiny.png
0586sawsbuck,poke_capture_0586_000_mf_n_00000000_f_n.png,0586sawsbuck,sawsbuck.png
0586sawsbuck,poke_capture_0586_000_mf_n_00000000_f_r.png,0586sawsbuck,sawsbuck_shiny.png
0586sawsbuck,poke_capture_0586_001_mf_n_00000000_f_n.png,0586sawsbuck,sawsbuck-summer.png
0586sawsbuck,poke_capture_0586_001_mf_n_00000000_f_r.png,0586sawsbuck,sawsbuck-summer_shiny.png
0586sawsbuck,poke_capture_0586_002_mf_n_00000000_f_n.png,0586sawsbuck,sawsbuck-autumn.png
0586sawsbuck,poke_capture_0586_002_mf_n_00000000_f_r.png,0586sawsbuck,sawsbuck-autumn_shiny.png
0586sawsbuck,poke_capture_0586_003_mf_n_00000000_f_n.png,0586sawsbuck,sawsbuck-winter.png
0586sawsbuck,poke_capture_0586_003_mf_n_00000000_f_r.png,0586sawsbuck,sawsbuck-winter_shiny.png
0587emolga,poke_capture_0587_000_mf_n_00000000_f_n.png,0587emolga,emolga.png
0587emolga,poke_capture_0587_000_mf_n_00000000_f_r.png,0587emolga,emolga_shiny.png
0588karrablast,poke_capture_0588_000_mf_n_00000000_f_n.png,0588karrablast,karrablast.png
0588karrablast,poke_capture_0588_000_mf_n_00000000_f_r.png,0588karrablast,karrablast_shiny.png
0589escavalier,poke_capture_0589_000_mf_n_00000000_f_n.png,0589escavalier,escavalier.png
0589escavalier,poke_capture_0589_000_mf_n_00000000_f_r.png,0589escavalier,escavalier_shiny.png
0590foongus,poke_capture_0590_000_mf_n_00000000_f_n.png,0590foongus,foongus.png
0590foongus,poke_capture_0590_000_mf_n_00000000_f_r.png,0590foongus,foongus_shiny.png
0591amoonguss,poke_capture_0591_000_mf_n_00000000_f_n.png,0591amoonguss,amoonguss.png
0591amoonguss,poke_capture_0591_000_mf_n_00000000_f_r.png,0591amoonguss,amoonguss_shiny.png
0592frillish,poke_capture_0592_000_fd_n_00000000_f_n.png,0592frillish,frillish_female.png
0592frillish,poke_capture_0592_000_fd_n_00000000_f_r.png,0592frillish,frillish_shiny_female.png
0592frillish,poke_capture_0592_000_md_n_00000000_f_n.png,0592frillish,frillish.png
0592frillish,poke_capture_0592_000_md_n_00000000_f_r.png,0592frillish,frillish_shiny.png
0593jellicent,poke_capture_0593_000_fd_n_00000000_f_n.png,0593jellicent,jellicent_female.png
0593jellicent,poke_capture_0593_000_fd_n_00000000_f_r.png,0593jellicent,jellicent_shiny_female.png
0593jellicent,poke_capture_0593_000_md_n_00000000_f_n.png,0593jellicent,jellicent.png
0593jellicent,poke_capture_0593_000_md_n_00000000_f_r.png,0593jellicent,jellicent_shiny.png
0594alomomola,poke_capture_0594_000_mf_n_00000000_f_n.png,0594alomomola,alomomola.png
0594alomomola,poke_capture_0594_000_mf_n_00000000_f_r.png,0594alomomola,alomomola_shiny.png
0595joltik,poke_capture_0595_000_mf_n_00000000_f_n.png,0595joltik,joltik.png
0595joltik,poke_capture_0595_000_mf_n_00000000_f_r.png,0595joltik,joltik_shiny.png
0596galvantula,poke_capture_0596_000_mf_n_00000000_f_n.png,0596galvantula,galvantula.png
0596galvantula,poke_capture_0596_000_mf_n_00000000_f_r.png,0596galvantula,galvantula_shiny.png
0597ferroseed,poke_capture_0597_000_mf_n_00000000_f_n.png,0597ferroseed,ferroseed.png
0597ferroseed,poke_capture_0597_000_mf_n_00000000_f_r.png,0597ferroseed,ferroseed_shiny.png
0598ferrothorn,poke_capture_0598_000_mf_n_00000000_f_n.png,0598ferrothorn,ferrothorn.png
0598ferrothorn,poke_capture_0598_000_mf_n_00000000_f_r.png,0598ferrothorn,ferrothorn_shiny.png
0599klink,poke_capture_0599_000_uk_n_00000000_f_n.png,0599klink,klink.png
0599klink,poke_capture_0599_000_uk_n_00000000_f_r.png,0599klink,klink_shiny.png
0600klang,poke_capture_0600_000_uk_n_00000000_f_n.png,0600klang,klang.png
0600klang,poke_capture_0600_000_uk_n_00000000_f_r.png,0600klang,klang_shiny.png
0601klinklang,poke_capture_0601_000_uk_n_00000000_f_n.png,0601klinklang,klinklang.png
0601klinklang,poke_capture_0601_000_uk_n_00000000_f_r.png,0601klinklang,klinklang_shiny.png
0602tynamo,poke_capture_0602_000_mf_n_00000000_f_n.png,0602tynamo,tynamo.png
0602tynamo,poke_capture_0602_000_mf_n_00000000_f_r.png,0602tynamo,tynamo_shiny.png
0603eelektrik,poke_capture_0603_000_mf_n_00000000_f_n.png,0603eelektrik,eelektrik.png
0603eelektrik,poke_capture_0603_000_mf_n_00000000_f_r.png,0603eelektrik,eelektrik_shiny.png
0604eelektross,poke_capture_0604_000_mf_n_00000000_f_n.png,0604eelektross,eelektross.png
0604eelektross,poke_capture_0604_000_mf_n_00000000_f_r.png,0604eelektross,eelektross_shiny.png
0605elgyem,poke_capture_0605_000_mf_n_00000000_f_n.png,0605elgyem,elgyem.png
0605elgyem,poke_capture_0605_000_mf_n_00000000_f_r.png,0605elgyem,elgyem_shiny.png
0606beheeyem,poke_capture_0606_000_mf_n_00000000_f_n.png,0606beheeyem,beheeyem.png
0606beheeyem,poke_capture_0606_000_mf_n_00000000_f_r.png,0606beheeyem,beheeyem_shiny.png
0607litwick,poke_capture_0607_000_mf_n_00000000_f_n.png,0607litwick,litwick.png
0607litwick,poke_capture_0607_000_mf_n_00000000_f_r.png,0607litwick,litwick_shiny.png
0608lampent,poke_capture_0608_000_mf_n_00000000_f_n.png,0608lampent,lampent.png
0608lampent,poke_capture_0608_000_mf_n_00000000_f_r.png,0608lampent,lampent_shiny.png
0609chandelure,poke_capture_0609_000_mf_n_00000000_f_n.png,0609chandelure,chandelure.png
0609chandelure,poke_capture_0609_000_mf_n_00000000_f_r.png,0609chandelure,chandelure_shiny.png
0610axew,poke_capture_0610_000_mf_n_00000000_f_n.png,0610axew,axew.png
0610axew,poke_capture_0610_000_mf_n_00000000_f_r.png,0610axew,axew_shiny.png
0611fraxure,poke_capture_0611_000_mf_n_00000000_f_n.png,0611fraxure,fraxure.png
0611fraxure,poke_capture_0611_000_mf_n_00000000_f_r.png,0611fraxure,fraxure_shiny.png
0612haxorus,poke_capture_0612_000_mf_n_00000000_f_n.png,0612haxorus,haxorus.png
0612haxorus,poke_capture_0612_000_mf_n_00000000_f_r.png,0612haxorus,haxorus_shiny.png
0613cubchoo,poke_capture_0613_000_mf_n_00000000_f_n.png,0613cubchoo,cubchoo.png
0613cubchoo,poke_capture_0613_000_mf_n_00000000_f_r.png,0613cubchoo,cubchoo_shiny.png
0614beartic,poke_capture_0614_000_mf_n_00000000_f_n.png,0614beartic,beartic.png
0614beartic,poke_capture_0614_000_mf_n_00000000_f_r.png,0614beartic,beartic_shiny.png
0615cryogonal,poke_capture_0615_000_uk_n_00000000_f_n.png,0615cryogonal,cryogonal.png
0615cryogonal,poke_capture_0615_000_uk_n_00000000_f_r.png,0615cryogonal,cryogonal_shiny.png
0616shelmet,poke_capture_0616_000_mf_n_00000000_f_n.png,0616shelmet,shelmet.png
0616shelmet,poke_capture_0616_000_mf_n_00000000_f_r.png,0616shelmet,shelmet_shiny.png
0617accelgor,poke_capture_0617_000_mf_n_00000000_f_n.png,0617accelgor,accelgor.png
0617accelgor,poke_capture_0617_000_mf_n_00000000_f_r.png,0617accelgor,accelgor_shiny.png
0618stunfisk,poke_capture_0618_000_mf_n_00000000_f_n.png,0618stunfisk,stunfisk.png
0618stunfisk,poke_capture_0618_000_mf_n_00000000_f_r.png,0618stunfisk,stunfisk_shiny.png
0618stunfisk,poke_capture_0618_001_mf_n_00000000_f_n.png,0618stunfisk,stunfisk galar.png
0618stunfisk,poke_capture_0618_001_mf_n_00000000_f_r.png,0618stunfisk,stunfisk galar_shiny.png
0619mienfoo,poke_capture_0619_000_mf_n_00000000_f_n.png,0619mienfoo,mienfoo.png
0619mienfoo,poke_capture_0619_000_mf_n_00000000_f_r.png,0619mienfoo,mienfoo_shiny.png
0620mienshao,poke_capture_0620_000_mf_n_00000000_f_n.png,0620mienshao,mienshao.png
0620mienshao,poke_capture_0620_000_mf_n_00000000_f_r.png,0620mienshao,mienshao_shiny.png
0621druddigon,poke_capture_0621_000_mf_n_00000000_f_n.png,0621druddigon,druddigon.png
0621druddigon,poke_capture_0621_000_mf_n_00000000_f_r.png,0621druddigon,druddigon_shiny.png
0622golett,poke_capture_0622_000_uk_n_00000000_f_n.png,0622golett,golett.png
0622golett,poke_capture_0622_000_uk_n_00000000_f_r.png,0622golett,golett_shiny.png
0623golurk,poke_capture_0623_000_uk_n_00000000_f_n.png,0623golurk,golurk.png
0623golurk,poke_capture_0623_000_uk_n_00000000_f_r.png,0623golurk,golurk_shiny.png
0624pawniard,poke_capture_0624_000_mf_n_00000000_f_n.png,0624pawniard,pawniard.png
0624pawniard,poke_capture_0624_000_mf_n_00000000_f_r.png,0624pawniard,pawniard_shiny.png
0625bisharp,poke_capture_0625_000_mf_n_00000000_f_n.png,0625bisharp,bisharp.png
0625bisharp,poke_capture_0625_000_mf_n_00000000_f_r.png,0625bisharp,bisharp_shiny.png
0626bouffalant,poke_capture_0626_000_mf_n_00000000_f_n.png,0626bouffalant,bouffalant.png
0626bouffalant,poke_capture_0626_000_mf_n_00000000_f_r.png,0626bouffalant,bouffalant_shiny.png
0627rufflet,poke_capture_0627_000_mo_n_00000000_f_n.png,0627rufflet,rufflet.png
0627rufflet,poke_capture_0627_000_mo_n_00000000_f_r.png,0627rufflet,rufflet_shiny.png
0628braviary,poke_capture_0628_000_mo_n_00000000_f_n.png,0628braviary,braviary.png
0628braviary,poke_capture_0628_000_mo_n_00000000_f_r.png,0628braviary,braviary_shiny.png
0629vullaby,poke_capture_0629_000_fo_n_00000000_f_n.png,0629vullaby,vullaby.png
0629vullaby,poke_capture_0629_000_fo_n_00000000_f_r.png,0629vullaby,vullaby_shiny.png
0630mandibuzz,poke_capture_0630_000_fo_n_00000000_f_n.png,0630mandibuzz,mandibuzz.png
0630mandibuzz,poke_capture_0630_000_fo_n_00000000_f_r.png,0630mandibuzz,mandibuzz_shiny.png
0631heatmor,poke_capture_0631_000_mf_n_00000000_f_n.png,0631heatmor,heatmor.png
0631heatmor,poke_capture_0631_000_mf_n_00000000_f_r.png,0631heatmor,heatmor_shiny.png
0632durant,poke_capture_0632_000_mf_n_00000000_f_n.png,0632durant,durant.png
0632durant,poke_capture_0632_000_mf_n_00000000_f_r.png,0632durant,durant_shiny.png
0633deino,poke_capture_0633_000_mf_n_00000000_f_n.png,0633deino,deino.png
0633deino,poke_capture_0633_000_mf_n_00000000_f_r.png,0633deino,deino_shiny.png
0634zweilous,poke_capture_0634_000_mf_n_00000000_f_n.png,0634zweilous,zweilous.png
0634zweilous,poke_capture_0634_000_mf_n_00000000_f_r.png,0634zweilous,zweilous_shiny.png
0635hydreigon,poke_capture_0635_000_mf_n_00000000_f_n.png,0635hydreigon,hydreigon.png
0635hydreigon,poke_capture_0635_000_mf_n_00000000_f_r.png,0635hydreigon,hydreigon_shiny.png
0636larvesta,poke_capture_0636_000_mf_n_00000000_f_n.png,0636larvesta,larvesta.png
0636larvesta,poke_capture_0636_000_mf_n_00000000_f_r.png,0636larvesta,larvesta_shiny.png
0637volcarona,poke_capture_0637_000_mf_n_00000000_f_n.png,0637volcarona,volcarona.png
0637volcarona,poke_capture_0637_000_mf_n_00000000_f_r.png,0637volcarona,volcarona_shiny.png
0638cobalion,poke_capture_0638_000_uk_n_00000000_f_n.png,0638cobalion,cobalion.png
0638cobalion,poke_capture_0638_000_uk_n_00000000_f_r.png,0638cobalion,cobalion_shiny.png
0639terrakion,poke_capture_0639_000_uk_n_00000000_f_n.png,0639terrakion,terrakion.png
0639terrakion,poke_capture_0639_000_uk_n_00000000_f_r.png,0639terrakion,terrakion_shiny.png
0640virizion,poke_capture_0640_000_uk_n_00000000_f_n.png,0640virizion,virizion.png
0640virizion,poke_capture_0640_000_uk_n_00000000_f_r.png,0640virizion,virizion_shiny.png
0641tornadus,poke_capture_0641_000_mo_n_00000000_f_n.png,0641tornadus,tornadus.png
0641tornadus,poke_capture_0641_000_mo_n_00000000_f_r.png,0641tornadus,tornadus_shiny.png
0641tornadus,poke_capture_0641_001_mo_n_00000000_f_n.png,0641tornadus,tornadus-therian.png
0641tornadus,poke_capture_0641_001_mo_n_00000000_f_r.png,0641tornadus,tornadus-therian_shiny.png
0642thundurus,poke_capture_0642_000_mo_n_00000000_f_n.png,0642thundurus,thundurus.png
0642thundurus,poke_capture_0642_000_mo_n_00000000_f_r.png,0642thundurus,thundurus_shiny.png
0642thundurus,poke_capture_0642_001_mo_n_00000000_f_n.png,0642thundurus,thundurus-therian.png
0642thundurus,poke_capture_0642_001_mo_n_00000000_f_r.png,0642thundurus,thundurus-therian_shiny.png
0643reshiram,poke_capture_0643_000_uk_n_00000000_f_n.png,0643reshiram,reshiram.png
0643reshiram,poke_capture_0643_000_uk_n_00000000_f_r.png,0643reshiram,reshiram_shiny.png
0644zekrom,poke_capture_0644_000_uk_n_00000000_f_n.png,0644zekrom,zekrom.png
0644zekrom,poke_capture_0644_000_uk_n_00000000_f_r.png,0644zekrom,zekrom_shiny.png
0645landorus,poke_capture_0645_000_mo_n_00000000_f_n.png,0645landorus,landorus.png
0645landorus,poke_capture_0645_000_mo_n_00000000_f_r.png,0645landorus,landorus_shiny.png
0645landorus,poke_capture_0645_001_mo_n_00000000_f_n.png,0645landorus,landorus-therian.png
0645landorus,poke_capture_0645_001_mo_n_00000000_f_r.png,0645landorus,landorus-therian_shiny.png
0646kyurem,poke_capture_0646_000_uk_n_00000000_f_n.png,0646kyurem,kyurem.png
0646kyurem,poke_capture_0646_000_uk_n_00000000_f_r.png,0646kyurem,kyurem_shiny.png
0646kyurem,poke_capture_0646_001_uk_n_00000000_f_n.png,0646kyurem,kyurem-white.png
0646kyurem,poke_capture_0646_001_uk_n_00000000_f_r.png,0646kyurem,kyurem-white_shiny.png
0646kyurem,poke_capture_0646_002_uk_n_00000000_f_n.png,0646kyurem,kyurem-black.png
0646kyurem,poke_capture_0646_002_uk_n_00000000_f_r.png,0646kyurem,kyurem-black_shiny.png
0647keldeo,poke_capture_0647_000_uk_n_00000000_f_n.png,0647keldeo,keldeo.png
0647keldeo,poke_capture_0647_000_uk_n_00000000_f_r.png,0647keldeo,keldeo_shiny.png
0647keldeo,poke_capture_0647_001_uk_n_00000000_f_n.png,0647keldeo,keldeo-resolute.png
0647keldeo,poke_capture_0647_001_uk_n_00000000_f_r.png,0647keldeo,keldeo-resolute_shiny.png
0648meloetta,poke_capture_0648_000_uk_n_00000000_f_n.png,0648meloetta,meloetta.png
0648meloetta,poke_capture_0648_000_uk_n_00000000_f_r.png,0648meloetta,meloetta_shiny.png
0648meloetta,poke_capture_0648_001_uk_n_00000000_f_n.png,0648meloetta,meloetta-pirouette.png
0648meloetta,poke_capture_0648_001_uk_n_00000000_f_r.png,0648meloetta,meloetta-pirouette_shiny.png
0649genesect,poke_capture_0649_000_uk_n_00000000_f_n.png,0649genesect,genesect.png
0649genesect,poke_capture_0649_000_uk_n_00000000_f_r.png,0649genesect,genesect_shiny.png
0649genesect,poke_capture_0649_001_uk_n_00000000_f_n.png,0649genesect,genesect-douse.png
0649genesect,poke_capture_0649_001_uk_n_00000000_f_r.png,0649genesect,genesect-douse_shiny.png
0649genesect,poke_capture_0649_002_uk_n_00000000_f_n.png,0649genesect,genesect-shock.png
0649genesect,poke_capture_0649_002_uk_n_00000000_f_r.png,0649genesect,genesect-shock_shiny.png
0649genesect,poke_capture_0649_003_uk_n_00000000_f_n.png,0649genesect,genesect-burn.png
0649genesect,poke_capture_0649_003_uk_n_00000000_f_r.png,0649genesect,genesect-burn_shiny.png
0649genesect,poke_capture_0649_004_uk_n_00000000_f_n.png,0649genesect,genesect-chill.png
0649genesect,poke_capture_0649_004_uk_n_00000000_f_r.png,0649genesect,genesect-chill_shiny.png
0650chespin,poke_capture_0650_000_mf_n_00000000_f_n.png,0650chespin,chespin.png
0650chespin,poke_capture_0650_000_mf_n_00000000_f_r.png,0650chespin,chespin_shiny.png
0651quilladin,poke_capture_0651_000_mf_n_00000000_f_n.png,0651quilladin,quilladin.png
0651quilladin,poke_capture_0651_000_mf_n_00000000_f_r.png,0651quilladin,quilladin_shiny.png
0652chesnaught,poke_capture_0652_000_mf_n_00000000_f_n.png,0652chesnaught,chesnaught.png
0652chesnaught,poke_capture_0652_000_mf_n_00000000_f_r.png,0652chesnaught,chesnaught_shiny.png
0653fennekin,poke_capture_0653_000_mf_n_00000000_f_n.png,0653fennekin,fennekin.png
0653fennekin,poke_capture_0653_000_mf_n_00000000_f_r.png,0653fennekin,fennekin_shiny.png
0654braixen,poke_capture_0654_000_mf_n_00000000_f_n.png,0654braixen,braixen.png
0654braixen,poke_capture_0654_000_mf_n_00000000_f_r.png,0654braixen,braixen_shiny.png
0655delphox,poke_capture_0655_000_mf_n_00000000_f_n.png,0655delphox,delphox.png
0655delphox,poke_capture_0655_000_mf_n_00000000_f_r.png,0655delphox,delphox_shiny.png
0656froakie,poke_capture_0656_000_mf_n_00000000_f_n.png,0656froakie,froakie.png
0656froakie,poke_capture_0656_000_mf_n_00000000_f_r.png,0656froakie,froakie_shiny.png
0657frogadier,poke_capture_0657_000_mf_n_00000000_f_n.png,0657frogadier,frogadier.png
0657frogadier,poke_capture_0657_000_mf_n_00000000_f_r.png,0657frogadier,frogadier_shiny.png
0658greninja,poke_capture_0658_000_mf_n_00000000_f_n.png,0658greninja,greninja.png
0658greninja,poke_capture_0658_000_mf_n_00000000_f_r.png,0658greninja,greninja_shiny.png
0658greninja,poke_capture_0658_002_mo_n_00000000_f_n.png,0658greninja,greninja-ash.png
0658greninja,poke_capture_0658_002_mo_n_00000000_f_r.png,0658greninja,greninja-ash_shiny.png
0659bunnelby,poke_capture_0659_000_mf_n_00000000_f_n.png,0659bunnelby,bunnelby.png
0659bunnelby,poke_capture_0659_000_mf_n_00000000_f_r.png,0659bunnelby,bunnelby_shiny.png
0660diggersby,poke_capture_0660_000_mf_n_00000000_f_n.png,0660diggersby,diggersby.png
0660diggersby,poke_capture_0660_000_mf_n_00000000_f_r.png,0660diggersby,diggersby_shiny.png
0661fletchling,poke_capture_0661_000_mf_n_00000000_f_n.png,0661fletchling,fletchling.png
0661fletchling,poke_capture_0661_000_mf_n_00000000_f_r.png,0661fletchling,fletchling_shiny.png
0662fletchinder,poke_capture_0662_000_mf_n_00000000_f_n.png,0662fletchinder,fletchinder.png
0662fletchinder,poke_capture_0662_000_mf_n_00000000_f_r.png,0662fletchinder,fletchinder_shiny.png
0663talonflame,poke_capture_0663_000_mf_n_00000000_f_n.png,0663talonflame,talonflame.png
0663talonflame,poke_capture_0663_000_mf_n_00000000_f_r.png,0663talonflame,talonflame_shiny.png
0664scatterbug,poke_capture_0664_000_mf_n_00000000_f_n.png,0664scatterbug,scatterbug.png
0664scatterbug,poke_capture_0664_000_mf_n_00000000_f_r.png,0664scatterbug,scatterbug_shiny.png
0665spewpa,poke_capture_0665_000_mf_n_00000000_f_n.png,0665spewpa,spewpa.png
0665spewpa,poke_capture_0665_000_mf_n_00000000_f_r.png,0665spewpa,spewpa_shiny.png
0666vivillon,poke_capture_0666_000_mf_n_00000000_f_n.png,0666vivillon,vivillon-icy-snow.png
0666vivillon,poke_capture_0666_000_mf_n_00000000_f_r.png,0666vivillon,vivillon-icy-snow_shiny.png
0666vivillon,poke_capture_0666_001_mf_n_00000000_f_n.png,0666vivillon,vivillon-polar.png
0666vivillon,poke_capture_0666_001_mf_n_00000000_f_r.png,0666vivillon,vivillon-polar_shiny.png
0666vivillon,poke_capture_0666_002_mf_n_00000000_f_n.png,0666vivillon,vivillon-tundra.png
0666vivillon,poke_capture_0666_002_mf_n_00000000_f_r.png,0666vivillon,vivillon-tundra_shiny.png
0666vivillon,poke_capture_0666_003_mf_n_00000000_f_n.png,0666vivillon,vivillon-continental.png
0666vivillon,poke_capture_0666_003_mf_n_00000000_f_r.png,0666vivillon,vivillon-continental_shiny.png
0666vivillon,poke_capture_0666_004_mf_n_00000000_f_n.png,0666vivillon,vivillon-garden.png
0666vivillon,poke_capture_0666_004_mf_n_00000000_f_r.png,0666vivillon,vivillon-garden_shiny.png
0666vivillon,poke_capture_0666_005_mf_n_00000000_f_n.png,0666vivillon,vivillon-elegant.png
0666vivillon,poke_capture_0666_005_mf_n_00000000_f_r.png,0666vivillon,vivillon-elegant_shiny.png
0666vivillon,poke_capture_0666_006_mf_n_00000000_f_n.png,0666vivillon,vivillon.png
0666vivillon,poke_capture_0666_006_mf_n_00000000_f_r.png,0666vivillon,vivillon_shiny.png
0666vivillon,poke_capture_0666_007_mf_n_00000000_f_n.png,0666vivillon,vivillon-modern.png
0666vivillon,poke_capture_0666_007_mf_n_00000000_f_r.png,0666vivillon,vivillon-modern_shiny.png
0666vivillon,poke_capture_0666_008_mf_n_00000000_f_n.png,0666vivillon,vivillon-marine.png
0666vivillon,poke_capture_0666_008_mf_n_00000000_f_r.png,0666vivillon,vivillon-marine_shiny.png
0666vivillon,poke_capture_0666_009_mf_n_00000000_f_n.png,0666vivillon,vivillon-archipelago.png
0666vivillon,poke_capture_0666_009_mf_n_00000000_f_r.png,0666vivillon,vivillon-archipelago_shiny.png
0666vivillon,poke_capture_0666_010_mf_n_00000000_f_n.png,0666vivillon,vivillon-high-plains.png
0666vivillon,poke_capture_0666_010_mf_n_00000000_f_r.png,0666vivillon,vivillon-high-plains_shiny.png
0666vivillon,poke_capture_0666_011_mf_n_00000000_f_n.png,0666vivillon,vivillon-sandstorm.png
0666vivillon,poke_capture_0666_011_mf_n_00000000_f_r.png,0666vivillon,vivillon-sandstorm_shiny.png
0666vivillon,poke_capture_0666_012_mf_n_00000000_f_n.png,0666vivillon,vivillon-river.png
0666vivillon,poke_capture_0666_012_mf_n_00000000_f_r.png,0666vivillon,vivillon-river_shiny.png
0666vivillon,poke_capture_0666_013_mf_n_00000000_f_n.png,0666vivillon,vivillon-monsoon.png
0666vivillon,poke_capture_0666_013_mf_n_00000000_f_r.png,0666vivillon,vivillon-monsoon_shiny.png
0666vivillon,poke_capture_0666_014_mf_n_00000000_f_n.png,0666vivillon,vivillon-savanna.png
0666vivillon,poke_capture_0666_014_mf_n_00000000_f_r.png,0666vivillon,vivillon-savanna_shiny.png
0666vivillon,poke_capture_0666_015_mf_n_00000000_f_n.png,0666vivillon,vivillon-sun.png
0666vivillon,poke_capture_0666_015_mf_n_00000000_f_r.png,0666vivillon,vivillon-sun_shiny.png
0666vivillon,poke_capture_0666_016_mf_n_00000000_f_n.png,0666vivillon,vivillon-ocean.png
0666vivillon,poke_capture_0666_016_mf_n_00000000_f_r.png,0666vivillon,vivillon-ocean_shiny.png
0666vivillon,poke_capture_0666_017_mf_n_00000000_f_n.png,0666vivillon,vivillon-jungle.png
0666vivillon,poke_capture_0666_017_mf_n_00000000_f_r.png,0666vivillon,vivillon-jungle_shiny.png
0666vivillon,poke_capture_0666_018_mf_n_00000000_f_n.png,0666vivillon,vivillon-fancy.png
0666vivillon,poke_capture_0666_018_mf_n_00000000_f_r.png,0666vivillon,vivillon-fancy_shiny.png
0666vivillon,poke_capture_0666_019_mf_n_00000000_f_n.png,0666vivillon,vivillon-poke-ball.png
0666vivillon,poke_capture_0666_019_mf_n_00000000_f_r.png,0666vivillon,vivillon-poke-ball_shiny.png
0667litleo,poke_capture_0667_000_mf_n_00000000_f_n.png,0667litleo,litleo.png
0667litleo,poke_capture_0667_000_mf_n_00000000_f_r.png,0667litleo,litleo_shiny.png
0668pyroar,poke_capture_0668_000_fd_n_00000000_f_n.png,0668pyroar,pyroar_female.png
0668pyroar,poke_capture_0668_000_fd_n_00000000_f_r.png,0668pyroar,pyroar_shiny_female.png
0668pyroar,poke_capture_0668_000_md_n_00000000_f_n.png,0668pyroar,pyroar.png
0668pyroar,poke_capture_0668_000_md_n_00000000_f_r.png,0668pyroar,pyroar_shiny.png
0669flabebe,poke_capture_0669_000_fo_n_00000000_f_n.png,0669flabebe,flabebe.png
0669flabebe,poke_capture_0669_000_fo_n_00000000_f_r.png,0669flabebe,flabebe_shiny.png
0669flabebe,poke_capture_0669_001_fo_n_00000000_f_n.png,0669flabebe,flabebe-yellow.png
0669flabebe,poke_capture_0669_001_fo_n_00000000_f_r.png,0669flabebe,flabebe-yellow_shiny.png
0669flabebe,poke_capture_0669_002_fo_n_00000000_f_n.png,0669flabebe,flabebe-orange.png
0669flabebe,poke_capture_0669_002_fo_n_00000000_f_r.png,0669flabebe,flabebe-orange_shiny.png
0669flabebe,poke_capture_0669_003_fo_n_00000000_f_n.png,0669flabebe,flabebe-blue.png
0669flabebe,poke_capture_0669_003_fo_n_00000000_f_r.png,0669flabebe,flabebe-blue_shiny.png
0669flabebe,poke_capture_0669_004_fo_n_00000000_f_n.png,0669flabebe,flabebe-white.png
0669flabebe,poke_capture_0669_004_fo_n_00000000_f_r.png,0669flabebe,flabebe-white_shiny.png
0670floette,poke_capture_0670_000_fo_n_00000000_f_n.png,0670floette,floette.png
0670floette,poke_capture_0670_000_fo_n_00000000_f_r.png,0670floette,floette_shiny.png
0670floette,poke_capture_0670_001_fo_n_00000000_f_n.png,0670floette,floette-yellow.png
0670floette,poke_capture_0670_001_fo_n_00000000_f_r.png,0670floette,floette-yellow_shiny.png
0670floette,poke_capture_0670_002_fo_n_00000000_f_n.png,0670floette,floette-orange.png
0670floette,poke_capture_0670_002_fo_n_00000000_f_r.png,0670floette,floette-orange_shiny.png
0670floette,poke_capture_0670_003_fo_n_00000000_f_n.png,0670floette,floette-blue.png
0670floette,poke_capture_0670_003_fo_n_00000000_f_r.png,0670floette,floette-blue_shiny.png
0670floette,poke_capture_0670_004_fo_n_00000000_f_n.png,0670floette,floette-white.png
0670floette,poke_capture_0670_004_fo_n_00000000_f_r.png,0670floette,floette-white_shiny.png
0671florges,poke_capture_0671_000_fo_n_00000000_f_n.png,0671florges,florges.png
0671florges,poke_capture_0671_000_fo_n_00000000_f_r.png,0671florges,florges_shiny.png
0671florges,poke_capture_0671_001_fo_n_00000000_f_n.png,0671florges,florges-yellow.png
0671florges,poke_capture_0671_001_fo_n_00000000_f_r.png,0671florges,florges-yellow_shiny.png
0671florges,poke_capture_0671_002_fo_n_00000000_f_n.png,0671florges,florges-orange.png
0671florges,poke_capture_0671_002_fo_n_00000000_f_r.png,0671florges,florges-orange_shiny.png
0671florges,poke_capture_0671_003_fo_n_00000000_f_n.png,0671florges,florges-blue.png
0671florges,poke_capture_0671_003_fo_n_00000000_f_r.png,0671florges,florges-blue_shiny.png
0671florges,poke_capture_0671_004_fo_n_00000000_f_n.png,0671florges,florges-white.png
0671florges,poke_capture_0671_004_fo_n_00000000_f_r.png,0671florges,florges-white_shiny.png
0672skiddo,poke_capture_0672_000_mf_n_00000000_f_n.png,0672skiddo,skiddo.png
0672skiddo,poke_capture_0672_000_mf_n_00000000_f_r.png,0672skiddo,skiddo_shiny.png
0673gogoat,poke_capture_0673_000_mf_n_00000000_f_n.png,0673gogoat,gogoat.png
0673gogoat,poke_capture_0673_000_mf_n_00000000_f_r.png,0673gogoat,gogoat_shiny.png
0674pancham,poke_capture_0674_000_mf_n_00000000_f_n.png,0674pancham,pancham.png
0674pancham,poke_capture_0674_000_mf_n_00000000_f_r.png,0674pancham,pancham_shiny.png
0675pangoro,poke_capture_0675_000_mf_n_00000000_f_n.png,0675pangoro,pangoro.png
0675pangoro,poke_capture_0675_000_mf_n_00000000_f_r.png,0675pangoro,pangoro_shiny.png
0676furfrou,poke_capture_0676_000_mf_n_00000000_f_n.png,0676furfrou,furfrou.png
0676furfrou,poke_capture_0676_000_mf_n_00000000_f_r.png,0676furfrou,furfrou_shiny.png
0676furfrou,poke_capture_0676_001_mf_n_00000000_f_n.png,0676furfrou,furfrou-heart.png
0676furfrou,poke_capture_0676_001_mf_n_00000000_f_r.png,0676furfrou,furfrou-heart_shiny.png
0676furfrou,poke_capture_0676_002_mf_n_00000000_f_n.png,0676furfrou,furfrou-star.png
0676furfrou,poke_capture_0676_002_mf_n_00000000_f_r.png,0676furfrou,furfrou-star_shiny.png
0676furfrou,poke_capture_0676_003_mf_n_00000000_f_n.png,0676furfrou,furfrou-diamond.png
0676furfrou,poke_capture_0676_003_mf_n_00000000_f_r.png,0676furfrou,furfrou-diamond_shiny.png
0676furfrou,poke_capture_0676_004_mf_n_00000000_f_n.png,0676furfrou,furfrou-debutante.png
0676furfrou,poke_capture_0676_004_mf_n_00000000_f_r.png,0676furfrou,furfrou-debutante_shiny.png
0676furfrou,poke_capture_0676_005_mf_n_00000000_f_n.png,0676furfrou,furfrou-matron.png
0676furfrou,poke_capture_0676_005_mf_n_00000000_f_r.png,0676furfrou,furfrou-matron_shiny.png
0676furfrou,poke_capture_0676_006_mf_n_00000000_f_n.png,0676furfrou,furfrou-dandy.png
0676furfrou,poke_capture_0676_006_mf_n_00000000_f_r.png,0676furfrou,furfrou-dandy_shiny.png
0676furfrou,poke_capture_0676_007_mf_n_00000000_f_n.png,0676furfrou,furfrou-la-reine.png
0676furfrou,poke_capture_0676_007_mf_n_00000000_f_r.png,0676furfrou,furfrou-la-reine_shiny.png
0676furfrou,poke_capture_0676_008_mf_n_00000000_f_n.png,0676furfrou,furfrou-kabuki.png
0676furfrou,poke_capture_0676_008_mf_n_00000000_f_r.png,0676furfrou,furfrou-kabuki_shiny.png
0676furfrou,poke_capture_0676_009_mf_n_00000000_f_n.png,0676furfrou,furfrou-pharaoh.png
0676furfrou,poke_capture_0676_009_mf_n_00000000_f_r.png,0676furfrou,furfrou-pharaoh_shiny.png
0677espurr,poke_capture_0677_000_mf_n_00000000_f_n.png,0677espurr,espurr.png
0677espurr,poke_capture_0677_000_mf_n_00000000_f_r.png,0677espurr,espurr_shiny.png
0678meowstic,poke_capture_0678_000_mo_n_00000000_f_n.png,0678meowstic,meowstic.png
0678meowstic,poke_capture_0678_000_mo_n_00000000_f_r.png,0678meowstic,meowstic_shiny.png
0678meowstic,poke_capture_0678_001_fo_n_00000000_f_n.png,0678meowstic,meowstic_female.png
0678meowstic,poke_capture_0678_001_fo_n_00000000_f_r.png,0678meowstic,meowstic_shiny_female.png
0679honedge,poke_capture_0679_000_mf_n_00000000_f_n.png,0679honedge,honedge.png
0679honedge,poke_capture_0679_000_mf_n_00000000_f_r.png,0679honedge,honedge_shiny.png
0680doublade,poke_capture_0680_000_mf_n_00000000_f_n.png,0680doublade,doublade.png
0680doublade,poke_capture_0680_000_mf_n_00000000_f_r.png,0680doublade,doublade_shiny.png
0681aegislash,poke_capture_0681_000_mf_n_00000000_f_n.png,0681aegislash,aegislash.png
0681aegislash,poke_capture_0681_000_mf_n_00000000_f_r.png,0681aegislash,aegislash_shiny.png
0681aegislash,poke_capture_0681_001_mf_n_00000000_f_n.png,0681aegislash,aegislash-blade.png
0681aegislash,poke_capture_0681_001_mf_n_00000000_f_r.png,0681aegislash,aegislash-blade_shiny.png
0682spritzee,poke_capture_0682_000_mf_n_00000000_f_n.png,0682spritzee,spritzee.png
0682spritzee,poke_capture_0682_000_mf_n_00000000_f_r.png,0682spritzee,spritzee_shiny.png
0683aromatisse,poke_capture_0683_000_mf_n_00000000_f_n.png,0683aromatisse,aromatisse.png
0683aromatisse,poke_capture_0683_000_mf_n_00000000_f_r.png,0683aromatisse,aromatisse_shiny.png
0684swirlix,poke_capture_0684_000_mf_n_00000000_f_n.png,0684swirlix,swirlix.png
0684swirlix,poke_capture_0684_000_mf_n_00000000_f_r.png,0684swirlix,swirlix_shiny.png
0685slurpuff,poke_capture_0685_000_mf_n_00000000_f_n.png,0685slurpuff,slurpuff.png
0685slurpuff,poke_capture_0685_000_mf_n_00000000_f_r.png,0685slurpuff,slurpuff_shiny.png
0686inkay,poke_capture_0686_000_mf_n_00000000_f_n.png,0686inkay,inkay.png
0686inkay,poke_capture_0686_000_mf_n_00000000_f_r.png,0686inkay,inkay_shiny.png
0687malamar,poke_capture_0687_000_mf_n_00000000_f_n.png,0687malamar,malamar.png
0687malamar,poke_capture_0687_000_mf_n_00000000_f_r.png,0687malamar,malamar_shiny.png
0688binacle,poke_capture_0688_000_mf_n_00000000_f_n.png,0688binacle,binacle.png
0688binacle,poke_capture_0688_000_mf_n_00000000_f_r.png,0688binacle,binacle_shiny.png
0689barbaracle,poke_capture_0689_000_mf_n_00000000_f_n.png,0689barbaracle,barbaracle.png
0689barbaracle,poke_capture_0689_000_mf_n_00000000_f_r.png,0689barbaracle,barbaracle_shiny.png
0690skrelp,poke_capture_0690_000_mf_n_00000000_f_n.png,0690skrelp,skrelp.png
0690skrelp,poke_capture_0690_000_mf_n_00000000_f_r.png,0690skrelp,skrelp_shiny.png
0691dragalge,poke_capture_0691_000_mf_n_00000000_f_n.png,0691dragalge,dragalge.png
0691dragalge,poke_capture_0691_000_mf_n_00000000_f_r.png,0691dragalge,dragalge_shiny.png
0692clauncher,poke_capture_0692_000_mf_n_00000000_f_n.png,0692clauncher,clauncher.png
0692clauncher,poke_capture_0692_000_mf_n_00000000_f_r.png,0692clauncher,clauncher_shiny.png
0693clawitzer,poke_capture_0693_000_mf_n_00000000_f_n.png,0693clawitzer,clawitzer.png
0693clawitzer,poke_capture_0693_000_mf_n_00000000_f_r.png,0693clawitzer,clawitzer_shiny.png
0694helioptile,poke_capture_0694_000_mf_n_00000000_f_n.png,0694helioptile,helioptile.png
0694helioptile,poke_capture_0694_000_mf_n_00000000_f_r.png,0694helioptile,helioptile_shiny.png
0695heliolisk,poke_capture_0695_000_mf_n_00000000_f_n.png,0695heliolisk,heliolisk.png
0695heliolisk,poke_capture_0695_000_mf_n_00000000_f_r.png,0695heliolisk,heliolisk_shiny.png
0696tyrunt,poke_capture_0696_000_mf_n_00000000_f_n.png,0696tyrunt,tyrunt.png
0696tyrunt,poke_capture_0696_000_mf_n_00000000_f_r.png,0696tyrunt,tyrunt_shiny.png
0697tyrantrum,poke_capture_0697_000_mf_n_00000000_f_n.png,0697tyrantrum,tyrantrum.png
0697tyrantrum,poke_capture_0697_000_mf_n_00000000_f_r.png,0697tyrantrum,tyrantrum_shiny.png
0698amaura,poke_capture_0698_000_mf_n_00000000_f_n.png,0698amaura,amaura.png
0698amaura,poke_capture_0698_000_mf_n_00000000_f_r.png,0698amaura,amaura_shiny.png
0699aurorus,poke_capture_0699_000_mf_n_00000000_f_n.png,0699aurorus,aurorus.png
0699aurorus,poke_capture_0699_000_mf_n_00000000_f_r.png,0699aurorus,aurorus_shiny.png
0700sylveon,poke_capture_0700_000_mf_n_00000000_f_n.png,0700sylveon,sylveon.png
0700sylveon,poke_capture_0700_000_mf_n_00000000_f_r.png,0700sylveon,sylveon_shiny.png
0701hawlucha,poke_capture_0701_000_mf_n_00000000_f_n.png,0701hawlucha,hawlucha.png
0701hawlucha,poke_capture_0701_000_mf_n_00000000_f_r.png,0701hawlucha,hawlucha_shiny.png
0702dedenne,poke_capture_0702_000_mf_n_00000000_f_n.png,0702dedenne,dedenne.png
0702dedenne,poke_capture_0702_000_mf_n_00000000_f_r.png,0702dedenne,dedenne_shiny.png
0703carbink,poke_capture_0703_000_uk_n_00000000_f_n.png,0703carbink,carbink.png
0703carbink,poke_capture_0703_000_uk_n_00000000_f_r.png,0703carbink,carbink_shiny.png
0704goomy,poke_capture_0704_000_mf_n_00000000_f_n.png,0704goomy,goomy.png
0704goomy,poke_capture_0704_000_mf_n_00000000_f_r.png,0704goomy,goomy_shiny.png
0705sliggoo,poke_capture_0705_000_mf_n_00000000_f_n.png,0705sliggoo,sliggoo.png
0705sliggoo,poke_capture_0705_000_mf_n_00000000_f_r.png,0705sliggoo,sliggoo_shiny.png
0706goodra,poke_capture_0706_000_mf_n_00000000_f_n.png,0706goodra,goodra.png
0706goodra,poke_capture_0706_000_mf_n_00000000_f_r.png,0706goodra,goodra_shiny.png
0707klefki,poke_capture_0707_000_mf_n_00000000_f_n.png,0707klefki,klefki.png
0707klefki,poke_capture_0707_000_mf_n_00000000_f_r.png,0707klefki,klefki_shiny.png
0708phantump,poke_capture_0708_000_mf_n_00000000_f_n.png,0708phantump,phantump.png
0708phantump,poke_capture_0708_000_mf_n_00000000_f_r.png,0708phantump,phantump_shiny.png
0709trevenant,poke_capture_0709_000_mf_n_00000000_f_n.png,0709trevenant,trevenant.png
0709trevenant,poke_capture_0709_000_mf_n_00000000_f_r.png,0709trevenant,trevenant_shiny.png
0710pumpkaboo,poke_capture_0710_000_mf_n_00000000_f_n.png,0710pumpkaboo,pumpkaboo.png
0710pumpkaboo,poke_capture_0710_000_mf_n_00000000_f_r.png,0710pumpkaboo,pumpkaboo_shiny.png
0710pumpkaboo,poke_capture_0710_001_mf_n_00000000_f_n.png,0710pumpkaboo,pumpkaboo-small.png
0710pumpkaboo,poke_capture_0710_001_mf_n_00000000_f_r.png,0710pumpkaboo,pumpkaboo-small_shiny.png
0710pumpkaboo,poke_capture_0710_002_mf_n_00000000_f_n.png,0710pumpkaboo,pumpkaboo-large.png
0710pumpkaboo,poke_capture_0710_002_mf_n_00000000_f_r.png,0710pumpkaboo,pumpkaboo-large_shiny.png
0710pumpkaboo,poke_capture_0710_003_mf_n_00000000_f_n.png,0710pumpkaboo,pumpkaboo-super.png
0710pumpkaboo,poke_capture_0710_003_mf_n_00000000_f_r.png,0710pumpkaboo,pumpkaboo-super_shiny.png
0711gourgeist,poke_capture_0711_000_mf_n_00000000_f_n.png,0711gourgeist,gourgeist.png
0711gourgeist,poke_capture_0711_000_mf_n_00000000_f_r.png,0711gourgeist,gourgeist_shiny.png
0711gourgeist,poke_capture_0711_001_mf_n_00000000_f_n.png,0711gourgeist,gourgeist.png
0711gourgeist,poke_capture_0711_001_mf_n_00000000_f_r.png,0711gourgeist,gourgeist_shiny.png
0711gourgeist,poke_capture_0711_002_mf_n_00000000_f_n.png,0711gourgeist,gourgeist.png
0711gourgeist,poke_capture_0711_002_mf_n_00000000_f_r.png,0711gourgeist,gourgeist_shiny.png
0711gourgeist,poke_capture_0711_003_mf_n_00000000_f_n.png,0711gourgeist,gourgeist.png
0711gourgeist,poke_capture_0711_003_mf_n_00000000_f_r.png,0711gourgeist,gourgeist_shiny.png
0712bergmite,poke_capture_0712_000_mf_n_00000000_f_n.png,0712bergmite,bergmite.png
0712bergmite,poke_capture_0712_000_mf_n_00000000_f_r.png,0712bergmite,bergmite_shiny.png
0713avalugg,poke_capture_0713_000_mf_n_00000000_f_n.png,0713avalugg,avalugg.png
0713avalugg,poke_capture_0713_000_mf_n_00000000_f_r.png,0713avalugg,avalugg_shiny.png
0714noibat,poke_capture_0714_000_mf_n_00000000_f_n.png,0714noibat,noibat.png
0714noibat,poke_capture_0714_000_mf_n_00000000_f_r.png,0714noibat,noibat_shiny.png
0715noivern,poke_capture_0715_000_mf_n_00000000_f_n.png,0715noivern,noivern.png
0715noivern,poke_capture_0715_000_mf_n_00000000_f_r.png,0715noivern,noivern_shiny.png
0716xerneas,poke_capture_0716_000_uk_n_00000000_f_n.png,0716xerneas,xerneas.png
0716xerneas,poke_capture_0716_000_uk_n_00000000_f_r.png,0716xerneas,xerneas_shiny.png
0716xerneas,poke_capture_0716_001_uk_n_00000000_f_n.png,0716xerneas,xerneas-active.png
0716xerneas,poke_capture_0716_001_uk_n_00000000_f_r.png,0716xerneas,xerneas-active_shiny.png
0717yveltal,poke_capture_0717_000_uk_n_00000000_f_n.png,0717yveltal,yveltal.png
0717yveltal,poke_capture_0717_000_uk_n_00000000_f_r.png,0717yveltal,yveltal_shiny.png
0718zygarde,poke_capture_0718_000_uk_n_00000000_f_n.png,0718zygarde,zygarde.png
0718zygarde,poke_capture_0718_000_uk_n_00000000_f_r.png,0718zygarde,zygarde_shiny.png
0718zygarde,poke_capture_0718_001_uk_n_00000000_f_n.png,0718zygarde,zygarde-10.png
0718zygarde,poke_capture_0718_001_uk_n_00000000_f_r.png,0718zygarde,zygarde-10_shiny.png
0718zygarde,poke_capture_0718_004_uk_n_00000000_f_n.png,0718zygarde,zygarde-complete.png
0718zygarde,poke_capture_0718_004_uk_n_00000000_f_r.png,0718zygarde,zygarde-complete_shiny.png
0719diancie,poke_capture_0719_000_uk_n_00000000_f_n.png,0719diancie,diancie.png
0719diancie,poke_capture_0719_000_uk_n_00000000_f_r.png,0719diancie,diancie_shiny.png
0719diancie,poke_capture_0719_001_uk_n_00000000_f_n.png,0719diancie,diancie-mega.png
0719diancie,poke_capture_0719_001_uk_n_00000000_f_r.png,0719diancie,diancie-mega_shiny.png
0720hoopa,poke_capture_0720_000_uk_n_00000000_f_n.png,0720hoopa,hoopa.png
0720hoopa,poke_capture_0720_000_uk_n_00000000_f_r.png,0720hoopa,hoopa_shiny.png
0720hoopa,poke_capture_0720_001_uk_n_00000000_f_n.png,0720hoopa,hoopa-unbound.png
0720hoopa,poke_capture_0720_001_uk_n_00000000_f_r.png,0720hoopa,hoopa-unbound_shiny.png
0721volcanion,poke_capture_0721_000_uk_n_00000000_f_n.png,0721volcanion,volcanion.png
0721volcanion,poke_capture_0721_000_uk_n_00000000_f_r.png,0721volcanion,volcanion_shiny.png
0722rowlet,poke_capture_0722_000_mf_n_00000000_f_n.png,0722rowlet,rowlet.png
0722rowlet,poke_capture_0722_000_mf_n_00000000_f_r.png,0722rowlet,rowlet_shiny.png
0723dartrix,poke_capture_0723_000_mf_n_00000000_f_n.png,0723dartrix,dartrix.png
0723dartrix,poke_capture_0723_000_mf_n_00000000_f_r.png,0723dartrix,dartrix_shiny.png
0724decidueye,poke_capture_0724_000_mf_n_00000000_f_n.png,0724decidueye,decidueye.png
0724decidueye,poke_capture_0724_000_mf_n_00000000_f_r.png,0724decidueye,decidueye_shiny.png
0725litten,poke_capture_0725_000_mf_n_00000000_f_n.png,0725litten,litten.png
0725litten,poke_capture_0725_000_mf_n_00000000_f_r.png,0725litten,litten_shiny.png
0726torracat,poke_capture_0726_000_mf_n_00000000_f_n.png,0726torracat,torracat.png
0726torracat,poke_capture_0726_000_mf_n_00000000_f_r.png,0726torracat,torracat_shiny.png
0727incineroar,poke_capture_0727_000_mf_n_00000000_f_n.png,0727incineroar,incineroar.png
0727incineroar,poke_capture_0727_000_mf_n_00000000_f_r.png,0727incineroar,incineroar_shiny.png
0728popplio,poke_capture_0728_000_mf_n_00000000_f_n.png,0728popplio,popplio.png
0728popplio,poke_capture_0728_000_mf_n_00000000_f_r.png,0728popplio,popplio_shiny.png
0729brionne,poke_capture_0729_000_mf_n_00000000_f_n.png,0729brionne,brionne.png
0729brionne,poke_capture_0729_000_mf_n_00000000_f_r.png,0729brionne,brionne_shiny.png
0730primarina,poke_capture_0730_000_mf_n_00000000_f_n.png,0730primarina,primarina.png
0730primarina,poke_capture_0730_000_mf_n_00000000_f_r.png,0730primarina,primarina_shiny.png
0731pikipek,poke_capture_0731_000_mf_n_00000000_f_n.png,0731pikipek,pikipek.png
0731pikipek,poke_capture_0731_000_mf_n_00000000_f_r.png,0731pikipek,pikipek_shiny.png
0732trumbeak,poke_capture_0732_000_mf_n_00000000_f_n.png,0732trumbeak,trumbeak.png
0732trumbeak,poke_capture_0732_000_mf_n_00000000_f_r.png,0732trumbeak,trumbeak_shiny.png
0733toucannon,poke_capture_0733_000_mf_n_00000000_f_n.png,0733toucannon,toucannon.png
0733toucannon,poke_capture_0733_000_mf_n_00000000_f_r.png,0733toucannon,toucannon_shiny.png
0734yungoos,poke_capture_0734_000_mf_n_00000000_f_n.png,0734yungoos,yungoos.png
0734yungoos,poke_capture_0734_000_mf_n_00000000_f_r.png,0734yungoos,yungoos_shiny.png
0735gumshoos,poke_capture_0735_000_mf_n_00000000_f_n.png,0735gumshoos,gumshoos.png
0735gumshoos,poke_capture_0735_000_mf_n_00000000_f_r.png,0735gumshoos,gumshoos_shiny.png
0736grubbin,poke_capture_0736_000_mf_n_00000000_f_n.png,0736grubbin,grubbin.png
0736grubbin,poke_capture_0736_000_mf_n_00000000_f_r.png,0736grubbin,grubbin_shiny.png
0737charjabug,poke_capture_0737_000_mf_n_00000000_f_n.png,0737charjabug,charjabug.png
0737charjabug,poke_capture_0737_000_mf_n_00000000_f_r.png,0737charjabug,charjabug_shiny.png
0738vikavolt,poke_capture_0738_000_mf_n_00000000_f_n.png,0738vikavolt,vikavolt.png
0738vikavolt,poke_capture_0738_000_mf_n_00000000_f_r.png,0738vikavolt,vikavolt_shiny.png
0739crabrawler,poke_capture_0739_000_mf_n_00000000_f_n.png,0739crabrawler,crabrawler.png
0739crabrawler,poke_capture_0739_000_mf_n_00000000_f_r.png,0739crabrawler,crabrawler_shiny.png
0740crabominable,poke_capture_0740_000_mf_n_00000000_f_n.png,0740crabominable,crabominable.png
0740crabominable,poke_capture_0740_000_mf_n_00000000_f_r.png,0740crabominable,crabominable_shiny.png
0741oricorio,poke_capture_0741_000_mf_n_00000000_f_n.png,0741oricorio,oricorio.png
0741oricorio,poke_capture_0741_000_mf_n_00000000_f_r.png,0741oricorio,oricorio_shiny.png
0741oricorio,poke_capture_0741_001_mf_n_00000000_f_n.png,0741oricorio,oricorio-pom-pom.png
0741oricorio,poke_capture_0741_001_mf_n_00000000_f_r.png,0741oricorio,oricorio-pom-pom_shiny.png
0741oricorio,poke_capture_0741_002_mf_n_00000000_f_n.png,0741oricorio,oricorio-pau.png
0741oricorio,poke_capture_0741_002_mf_n_00000000_f_r.png,0741oricorio,oricorio-pau_shiny.png
0741oricorio,poke_capture_0741_003_mf_n_00000000_f_n.png,0741oricorio,oricorio-sensu.png
0741oricorio,poke_capture_0741_003_mf_n_00000000_f_r.png,0741oricorio,oricorio-sensu_shiny.png
0742cutiefly,poke_capture_0742_000_mf_n_00000000_f_n.png,0742cutiefly,cutiefly.png
0742cutiefly,poke_capture_0742_000_mf_n_00000000_f_r.png,0742cutiefly,cutiefly_shiny.png
0743ribombee,poke_capture_0743_000_mf_n_00000000_f_n.png,0743ribombee,ribombee.png
0743ribombee,poke_capture_0743_000_mf_n_00000000_f_r.png,0743ribombee,ribombee_shiny.png
0744rockruff,poke_capture_0744_000_mf_n_00000000_f_n.png,0744rockruff,rockruff.png
0744rockruff,poke_capture_0744_000_mf_n_00000000_f_r.png,0744rockruff,rockruff_shiny.png
0745lycanroc,poke_capture_0745_000_mf_n_00000000_f_n.png,0745lycanroc,lycanroc.png
0745lycanroc,poke_capture_0745_000_mf_n_00000000_f_r.png,0745lycanroc,lycanroc_shiny.png
0745lycanroc,poke_capture_0745_001_mf_n_00000000_f_n.png,0745lycanroc,lycanroc-midnight.png
0745lycanroc,poke_capture_0745_001_mf_n_00000000_f_r.png,0745lycanroc,lycanroc-midnight_shiny.png
0745lycanroc,poke_capture_0745_002_mf_n_00000000_f_n.png,0745lycanroc,lycanroc-dusk.png
0745lycanroc,poke_capture_0745_002_mf_n_00000000_f_r.png,0745lycanroc,lycanroc-dusk_shiny.png
0746wishiwashi,poke_capture_0746_000_mf_n_00000000_f_n.png,0746wishiwashi,wishiwashi.png
0746wishiwashi,poke_capture_0746_000_mf_n_00000000_f_r.png,0746wishiwashi,wishiwashi_shiny.png
0746wishiwashi,poke_capture_0746_001_mf_n_00000000_f_n.png,0746wishiwashi,wishiwashi-school.png
0746wishiwashi,poke_capture_0746_001_mf_n_00000000_f_r.png,0746wishiwashi,wishiwashi-school_shiny.png
0747mareanie,poke_capture_0747_000_mf_n_00000000_f_n.png,0747mareanie,mareanie.png
0747mareanie,poke_capture_0747_000_mf_n_00000000_f_r.png,0747mareanie,mareanie_shiny.png
0748toxapex,poke_capture_0748_000_mf_n_00000000_f_n.png,0748toxapex,toxapex.png
0748toxapex,poke_capture_0748_000_mf_n_00000000_f_r.png,0748toxapex,toxapex_shiny.png
0749mudbray,poke_capture_0749_000_mf_n_00000000_f_n.png,0749mudbray,mudbray.png
0749mudbray,poke_capture_0749_000_mf_n_00000000_f_r.png,0749mudbray,mudbray_shiny.png
0750mudsdale,poke_capture_0750_000_mf_n_00000000_f_n.png,0750mudsdale,mudsdale.png
0750mudsdale,poke_capture_0750_000_mf_n_00000000_f_r.png,0750mudsdale,mudsdale_shiny.png
0751dewpider,poke_capture_0751_000_mf_n_00000000_f_n.png,0751dewpider,dewpider.png
0751dewpider,poke_capture_0751_000_mf_n_00000000_f_r.png,0751dewpider,dewpider_shiny.png
0752araquanid,poke_capture_0752_000_mf_n_00000000_f_n.png,0752araquanid,araquanid.png
0752araquanid,poke_capture_0752_000_mf_n_00000000_f_r.png,0752araquanid,araquanid_shiny.png
0753fomantis,poke_capture_0753_000_mf_n_00000000_f_n.png,0753fomantis,fomantis.png
0753fomantis,poke_capture_0753_000_mf_n_00000000_f_r.png,0753fomantis,fomantis_shiny.png
0754lurantis,poke_capture_0754_000_mf_n_00000000_f_n.png,0754lurantis,lurantis.png
0754lurantis,poke_capture_0754_000_mf_n_00000000_f_r.png,0754lurantis,lurantis_shiny.png
0755morelull,poke_capture_0755_000_mf_n_00000000_f_n.png,0755morelull,morelull.png
0755morelull,poke_capture_0755_000_mf_n_00000000_f_r.png,0755morelull,morelull_shiny.png
0756shiinotic,poke_capture_0756_000_mf_n_00000000_f_n.png,0756shiinotic,shiinotic.png
0756shiinotic,poke_capture_0756_000_mf_n_00000000_f_r.png,0756shiinotic,shiinotic_shiny.png
0757salandit,poke_capture_0757_000_mf_n_00000000_f_n.png,0757salandit,salandit.png
0757salandit,poke_capture_0757_000_mf_n_00000000_f_r.png,0757salandit,salandit_shiny.png
0758salazzle,poke_capture_0758_000_fo_n_00000000_f_n.png,0758salazzle,salazzle.png
0758salazzle,poke_capture_0758_000_fo_n_00000000_f_r.png,0758salazzle,salazzle_shiny.png
0759stufful,poke_capture_0759_000_mf_n_00000000_f_n.png,0759stufful,stufful.png
0759stufful,poke_capture_0759_000_mf_n_00000000_f_r.png,0759stufful,stufful_shiny.png
0760bewear,poke_capture_0760_000_mf_n_00000000_f_n.png,0760bewear,bewear.png
0760bewear,poke_capture_0760_000_mf_n_00000000_f_r.png,0760bewear,bewear_shiny.png
0761bounsweet,poke_capture_0761_000_fo_n_00000000_f_n.png,0761bounsweet,bounsweet.png
0761bounsweet,poke_capture_0761_000_fo_n_00000000_f_r.png,0761bounsweet,bounsweet_shiny.png
0762steenee,poke_capture_0762_000_fo_n_00000000_f_n.png,0762steenee,steenee.png
0762steenee,poke_capture_0762_000_fo_n_00000000_f_r.png,0762steenee,steenee_shiny.png
0763tsareena,poke_capture_0763_000_fo_n_00000000_f_n.png,0763tsareena,tsareena.png
0763tsareena,poke_capture_0763_000_fo_n_00000000_f_r.png,0763tsareena,tsareena_shiny.png
0764comfey,poke_capture_0764_000_mf_n_00000000_f_n.png,0764comfey,comfey.png
0764comfey,poke_capture_0764_000_mf_n_00000000_f_r.png,0764comfey,comfey_shiny.png
0765oranguru,poke_capture_0765_000_mf_n_00000000_f_n.png,0765oranguru,oranguru.png
0765oranguru,poke_capture_0765_000_mf_n_00000000_f_r.png,0765oranguru,oranguru_shiny.png
0766passimian,poke_capture_0766_000_mf_n_00000000_f_n.png,0766passimian,passimian.png
0766passimian,poke_capture_0766_000_mf_n_00000000_f_r.png,0766passimian,passimian_shiny.png
0767wimpod,poke_capture_0767_000_mf_n_00000000_f_n.png,0767wimpod,wimpod.png
0767wimpod,poke_capture_0767_000_mf_n_00000000_f_r.png,0767wimpod,wimpod_shiny.png
0768golisopod,poke_capture_0768_000_mf_n_00000000_f_n.png,0768golisopod,golisopod.png
0768golisopod,poke_capture_0768_000_mf_n_00000000_f_r.png,0768golisopod,golisopod_shiny.png
0769sandygast,poke_capture_0769_000_mf_n_00000000_f_n.png,0769sandygast,sandygast.png
0769sandygast,poke_capture_0769_000_mf_n_00000000_f_r.png,0769sandygast,sandygast_shiny.png
0770palossand,poke_capture_0770_000_mf_n_00000000_f_n.png,0770palossand,palossand.png
0770palossand,poke_capture_0770_000_mf_n_00000000_f_r.png,0770palossand,palossand_shiny.png
0771pyukumuku,poke_capture_0771_000_mf_n_00000000_f_n.png,0771pyukumuku,pyukumuku.png
0771pyukumuku,poke_capture_0771_000_mf_n_00000000_f_r.png,0771pyukumuku,pyukumuku_shiny.png
0772type null,poke_capture_0772_000_uk_n_00000000_f_n.png,0772type null,type null.png
0772type null,poke_capture_0772_000_uk_n_00000000_f_r.png,0772type null,type null_shiny.png
0773silvally,poke_capture_0773_000_uk_n_00000000_f_n.png,0773silvally,silvally.png
0773silvally,poke_capture_0773_000_uk_n_00000000_f_r.png,0773silvally,silvally_shiny.png
0773silvally,poke_capture_0773_001_uk_n_00000000_f_n.png,0773silvally,silvally-fighting.png
0773silvally,poke_capture_0773_001_uk_n_00000000_f_r.png,0773silvally,silvally-fighting_shiny.png
0773silvally,poke_capture_0773_002_uk_n_00000000_f_n.png,0773silvally,silvally-flying.png
0773silvally,poke_capture_0773_002_uk_n_00000000_f_r.png,0773silvally,silvally-flying_shiny.png
0773silvally,poke_capture_0773_003_uk_n_00000000_f_n.png,0773silvally,silvally-poison.png
0773silvally,poke_capture_0773_003_uk_n_00000000_f_r.png,0773silvally,silvally-poison_shiny.png
0773silvally,poke_capture_0773_004_uk_n_00000000_f_n.png,0773silvally,silvally-ground.png
0773silvally,poke_capture_0773_004_uk_n_00000000_f_r.png,0773silvally,silvally-ground_shiny.png
0773silvally,poke_capture_0773_005_uk_n_00000000_f_n.png,0773silvally,silvally-rock.png
0773silvally,poke_capture_0773_005_uk_n_00000000_f_r.png,0773silvally,silvally-rock_shiny.png
0773silvally,poke_capture_0773_006_uk_n_00000000_f_n.png,0773silvally,silvally-bug.png
0773silvally,poke_capture_0773_006_uk_n_00000000_f_r.png,0773silvally,silvally-bug_shiny.png
0773silvally,poke_capture_0773_007_uk_n_00000000_f_n.png,0773silvally,silvally-ghost.png
0773silvally,poke_capture_0773_007_uk_n_00000000_f_r.png,0773silvally,silvally-ghost_shiny.png
0773silvally,poke_capture_0773_008_uk_n_00000000_f_n.png,0773silvally,silvally-steel.png
0773silvally,poke_capture_0773_008_uk_n_00000000_f_r.png,0773silvally,silvally-steel_shiny.png
0773silvally,poke_capture_0773_009_uk_n_00000000_f_n.png,0773silvally,silvally-fire.png
0773silvally,poke_capture_0773_009_uk_n_00000000_f_r.png,0773silvally,silvally-fire_shiny.png
0773silvally,poke_capture_0773_010_uk_n_00000000_f_n.png,0773silvally,silvally-water.png
0773silvally,poke_capture_0773_010_uk_n_00000000_f_r.png,0773silvally,silvally-water_shiny.png
0773silvally,poke_capture_0773_011_uk_n_00000000_f_n.png,0773silvally,silvally-grass.png
0773silvally,poke_capture_0773_011_uk_n_00000000_f_r.png,0773silvally,silvally-grass_shiny.png
0773silvally,poke_capture_0773_012_uk_n_00000000_f_n.png,0773silvally,silvally-electric.png
0773silvally,poke_capture_0773_012_uk_n_00000000_f_r.png,0773silvally,silvally-electric_shiny.png
0773silvally,poke_capture_0773_013_uk_n_00000000_f_n.png,0773silvally,silvally-psychic.png
0773silvally,poke_capture_0773_013_uk_n_00000000_f_r.png,0773silvally,silvally-psychic_shiny.png
0773silvally,poke_capture_0773_014_uk_n_00000000_f_n.png,0773silvally,silvally-ice.png
0773silvally,poke_capture_0773_014_uk_n_00000000_f_r.png,0773silvally,silvally-ice_shiny.png
0773silvally,poke_capture_0773_015_uk_n_00000000_f_n.png,0773silvally,silvally-dragon.png
0773silvally,poke_capture_0773_015_uk_n_00000000_f_r.png,0773silvally,silvally-dragon_shiny.png
0773silvally,poke_capture_0773_016_uk_n_00000000_f_n.png,0773silvally,silvally-dark.png
0773silvally,poke_capture_0773_016_uk_n_00000000_f_r.png,0773silvally,silvally-dark_shiny.png
0773silvally,poke_capture_0773_017_uk_n_00000000_f_n.png,0773silvally,silvally-fairy.png
0773silvally,poke_capture_0773_017_uk_n_00000000_f_r.png,0773silvally,silvally-fairy_shiny.png
0774minior,poke_capture_0774_000_uk_n_00000000_f_n.png,0774minior,minior.png
0774minior,poke_capture_0774_007_uk_n_00000000_f_n.png,0774minior,minior-red.png
0774minior,poke_capture_0774_007_uk_n_00000000_f_r.png,0774minior,minior-blue-gen7_shiny.png
0774minior,poke_capture_0774_008_uk_n_00000000_f_n.png,0774minior,minior-orange.png
0774minior,poke_capture_0774_009_uk_n_00000000_f_n.png,0774minior,minior-yellow.png
0774minior,poke_capture_0774_010_uk_n_00000000_f_n.png,0774minior,minior-green.png
0774minior,poke_capture_0774_011_uk_n_00000000_f_n.png,0774minior,minior-blue.png
0774minior,poke_capture_0774_012_uk_n_00000000_f_n.png,0774minior,minior-indigo.png
0774minior,poke_capture_0774_013_uk_n_00000000_f_n.png,0774minior,minior-violet.png
0775komala,poke_capture_0775_000_mf_n_00000000_f_n.png,0775komala,komala.png
0775komala,poke_capture_0775_000_mf_n_00000000_f_r.png,0775komala,komala_shiny.png
0776turtonator,poke_capture_0776_000_mf_n_00000000_f_n.png,0776turtonator,turtonator.png
0776turtonator,poke_capture_0776_000_mf_n_00000000_f_r.png,0776turtonator,turtonator_shiny.png
0777togedemaru,poke_capture_0777_000_mf_n_00000000_f_n.png,0777togedemaru,togedemaru.png
0777togedemaru,poke_capture_0777_000_mf_n_00000000_f_r.png,0777togedemaru,togedemaru_shiny.png
0778mimikyu,poke_capture_0778_000_mf_n_00000000_f_n.png,0778mimikyu,mimikyu.png
0778mimikyu,poke_capture_0778_000_mf_n_00000000_f_r.png,0778mimikyu,mimikyu_shiny.png
0778mimikyu,poke_capture_0778_001_mf_n_00000000_f_n.png,0778mimikyu,mimikyu.png
0778mimikyu,poke_capture_0778_001_mf_n_00000000_f_r.png,0778mimikyu,mimikyu_shiny.png
0779bruxish,poke_capture_0779_000_mf_n_00000000_f_n.png,0779bruxish,bruxish.png
0779bruxish,poke_capture_0779_000_mf_n_00000000_f_r.png,0779bruxish,bruxish_shiny.png
0780drampa,poke_capture_0780_000_mf_n_00000000_f_n.png,0780drampa,drampa.png
0780drampa,poke_capture_0780_000_mf_n_00000000_f_r.png,0780drampa,drampa_shiny.png
0781dhelmise,poke_capture_0781_000_uk_n_00000000_f_n.png,0781dhelmise,dhelmise.png
0781dhelmise,poke_capture_0781_000_uk_n_00000000_f_r.png,0781dhelmise,dhelmise_shiny.png
0782jangmo-o,poke_capture_0782_000_mf_n_00000000_f_n.png,0782jangmo-o,jangmo-o.png
0782jangmo-o,poke_capture_0782_000_mf_n_00000000_f_r.png,0782jangmo-o,jangmo-o_shiny.png
0783hakamo-o,poke_capture_0783_000_mf_n_00000000_f_n.png,0783hakamo-o,hakamo-o.png
0783hakamo-o,poke_capture_0783_000_mf_n_00000000_f_r.png,0783hakamo-o,hakamo-o_shiny.png
0784kommo-o,poke_capture_0784_000_mf_n_00000000_f_n.png,0784kommo-o,kommo-o.png
0784kommo-o,poke_capture_0784_000_mf_n_00000000_f_r.png,0784kommo-o,kommo-o_shiny.png
0785tapu koko,poke_capture_0785_000_uk_n_00000000_f_n.png,0785tapu koko,tapu koko.png
0785tapu koko,poke_capture_0785_000_uk_n_00000000_f_r.png,0785tapu koko,tapu koko_shiny.png
0786tapu lele,poke_capture_0786_000_uk_n_00000000_f_n.png,0786tapu lele,tapu lele.png
0786tapu lele,poke_capture_0786_000_uk_n_00000000_f_r.png,0786tapu lele,tapu lele_shiny.png
0787tapu bulu,poke_capture_0787_000_uk_n_00000000_f_n.png,0787tapu bulu,tapu bulu.png
0787tapu bulu,poke_capture_0787_000_uk_n_00000000_f_r.png,0787tapu bulu,tapu bulu_shiny.png
0788tapu fini,poke_capture_0788_000_uk_n_00000000_f_n.png,0788tapu fini,tapu fini.png
0788tapu fini,poke_capture_0788_000_uk_n_00000000_f_r.png,0788tapu fini,tapu fini_shiny.png
0789cosmog,poke_capture_0789_000_uk_n_00000000_f_n.png,0789cosmog,cosmog.png
0789cosmog,poke_capture_0789_000_uk_n_00000000_f_r.png,0789cosmog,cosmog_shiny.png
0790cosmoem,poke_capture_0790_000_uk_n_00000000_f_n.png,0790cosmoem,cosmoem.png
0790cosmoem,poke_capture_0790_000_uk_n_00000000_f_r.png,0790cosmoem,cosmoem_shiny.png
0791solgaleo,poke_capture_0791_000_uk_n_00000000_f_n.png,0791solgaleo,solgaleo.png
0791solgaleo,poke_capture_0791_000_uk_n_00000000_f_r.png,0791solgaleo,solgaleo_shiny.png
0792lunala,poke_capture_0792_000_uk_n_00000000_f_n.png,0792lunala,lunala.png
0792lunala,poke_capture_0792_000_uk_n_00000000_f_r.png,0792lunala,lunala_shiny.png
0793nihilego,poke_capture_0793_000_uk_n_00000000_f_n.png,0793nihilego,nihilego.png
0793nihilego,poke_capture_0793_000_uk_n_00000000_f_r.png,0793nihilego,nihilego_shiny.png
0794buzzwole,poke_capture_0794_000_uk_n_00000000_f_n.png,0794buzzwole,buzzwole.png
0794buzzwole,poke_capture_0794_000_uk_n_00000000_f_r.png,0794buzzwole,buzzwole_shiny.png
0795pheromosa,poke_capture_0795_000_uk_n_00000000_f_n.png,0795pheromosa,pheromosa.png
0795pheromosa,poke_capture_0795_000_uk_n_00000000_f_r.png,0795pheromosa,pheromosa_shiny.png
0796xurkitree,poke_capture_0796_000_uk_n_00000000_f_n.png,0796xurkitree,xurkitree.png
0796xurkitree,poke_capture_0796_000_uk_n_00000000_f_r.png,0796xurkitree,xurkitree_shiny.png
0797celesteela,poke_capture_0797_000_uk_n_00000000_f_n.png,0797celesteela,celesteela.png
0797celesteela,poke_capture_0797_000_uk_n_00000000_f_r.png,0797celesteela,celesteela_shiny.png
0798kartana,poke_capture_0798_000_uk_n_00000000_f_n.png,0798kartana,kartana.png
0798kartana,poke_capture_0798_000_uk_n_00000000_f_r.png,0798kartana,kartana_shiny.png
0799guzzlord,poke_capture_0799_000_uk_n_00000000_f_n.png,0799guzzlord,guzzlord.png
0799guzzlord,poke_capture_0799_000_uk_n_00000000_f_r.png,0799guzzlord,guzzlord_shiny.png
0800necrozma,poke_capture_0800_000_uk_n_00000000_f_n.png,0800necrozma,necrozma.png
0800necrozma,poke_capture_0800_000_uk_n_00000000_f_r.png,0800necrozma,necrozma_shiny.png
0800necrozma,poke_capture_0800_001_uk_n_00000000_f_n.png,0800necrozma,necrozma-dusk.png
0800necrozma,poke_capture_0800_001_uk_n_00000000_f_r.png,0800necrozma,necrozma-dusk_shiny.png
0800necrozma,poke_capture_0800_002_uk_n_00000000_f_n.png,0800necrozma,necrozma-dawn_right.png
0800necrozma,poke_capture_0800_002_uk_n_00000000_f_r.png,0800necrozma,necrozma-dawn_shiny_right.png
0800necrozma,poke_capture_0800_003_uk_n_00000000_f_n.png,0800necrozma,necrozma-ultra_right.png
0800necrozma,poke_capture_0800_003_uk_n_00000000_f_r.png,0800necrozma,necrozma-ultra_shiny_right.png
0801magearna,poke_capture_0801_000_uk_n_00000000_f_n.png,0801magearna,magearna.png
0801magearna,poke_capture_0801_000_uk_n_00000000_f_r.png,0801magearna,magearna_shiny.png
0801magearna,poke_capture_0801_001_uk_n_00000000_f_n.png,0801magearna,magearna-original.png
0801magearna,poke_capture_0801_001_uk_n_00000000_f_r.png,0801magearna,magearna-original_shiny.png
0802marshadow,poke_capture_0802_000_uk_n_00000000_f_n.png,0802marshadow,marshadow.png
0802marshadow,poke_capture_0802_000_uk_n_00000000_f_r.png,0802marshadow,marshadow_shiny.png
0803poipole,poke_capture_0803_000_uk_n_00000000_f_n.png,0803poipole,poipole.png
0803poipole,poke_capture_0803_000_uk_n_00000000_f_r.png,0803poipole,poipole_shiny.png
0804naganadel,poke_capture_0804_000_uk_n_00000000_f_n.png,0804naganadel,naganadel.png
0804naganadel,poke_capture_0804_000_uk_n_00000000_f_r.png,0804naganadel,naganadel_shiny.png
0805stakataka,poke_capture_0805_000_uk_n_00000000_f_n.png,0805stakataka,stakataka.png
0805stakataka,poke_capture_0805_000_uk_n_00000000_f_r.png,0805stakataka,stakataka_shiny.png
0806blacephalon,poke_capture_0806_000_uk_n_00000000_f_n.png,0806blacephalon,blacephalon.png
0806blacephalon,poke_capture_0806_000_uk_n_00000000_f_r.png,0806blacephalon,blacephalon_shiny.png
0807zeraora,poke_capture_0807_000_uk_n_00000000_f_n.png,0807zeraora,zeraora.png
0807zeraora,poke_capture_0807_000_uk_n_00000000_f_r.png,0807zeraora,zeraora_shiny.png
0808meltan,poke_capture_0808_000_uk_n_00000000_f_n.png,0808meltan,meltan.png
0808meltan,poke_capture_0808_000_uk_n_00000000_f_r.png,0808meltan,meltan_shiny.png
0809melmetal,poke_capture_0809_000_uk_g_00000000_f_n.png,0809melmetal,melmetal-gmax.png
0809melmetal,poke_capture_0809_000_uk_g_00000000_f_r.png,0809melmetal,melmetal-gmax_shiny.png
0809melmetal,poke_capture_0809_000_uk_n_00000000_f_n.png,0809melmetal,melmetal.png
0809melmetal,poke_capture_0809_000_uk_n_00000000_f_r.png,0809melmetal,melmetal_shiny.png
0810grookey,poke_capture_0810_000_mf_n_00000000_f_n.png,0810grookey,grookey.png
0810grookey,poke_capture_0810_000_mf_n_00000000_f_r.png,0810grookey,grookey_shiny.png
0811thwackey,poke_capture_0811_000_mf_n_00000000_f_n.png,0811thwackey,thwackey.png
0811thwackey,poke_capture_0811_000_mf_n_00000000_f_r.png,0811thwackey,thwackey_shiny.png
0812rillaboom,poke_capture_0812_000_mf_g_00000000_f_n.png,0812rillaboom,rillaboom-gmax.png
0812rillaboom,poke_capture_0812_000_mf_g_00000000_f_r.png,0812rillaboom,rillaboom-gmax_shiny.png
0812rillaboom,poke_capture_0812_000_mf_n_00000000_f_n.png,0812rillaboom,rillaboom.png
0812rillaboom,poke_capture_0812_000_mf_n_00000000_f_r.png,0812rillaboom,rillaboom_shiny.png
0813scorbunny,poke_capture_0813_000_mf_n_00000000_f_n.png,0813scorbunny,scorbunny.png
0813scorbunny,poke_capture_0813_000_mf_n_00000000_f_r.png,0813scorbunny,scorbunny_shiny.png
0814raboot,poke_capture_0814_000_mf_n_00000000_f_n.png,0814raboot,raboot.png
0814raboot,poke_capture_0814_000_mf_n_00000000_f_r.png,0814raboot,raboot_shiny.png
0815cinderace,poke_capture_0815_000_mf_g_00000000_f_n.png,0815cinderace,cinderace-gmax.png
0815cinderace,poke_capture_0815_000_mf_g_00000000_f_r.png,0815cinderace,cinderace-gmax_shiny.png
0815cinderace,poke_capture_0815_000_mf_n_00000000_f_n.png,0815cinderace,cinderace.png
0815cinderace,poke_capture_0815_000_mf_n_00000000_f_r.png,0815cinderace,cinderace_shiny.png
0816sobble,poke_capture_0816_000_mf_n_00000000_f_n.png,0816sobble,sobble.png
0816sobble,poke_capture_0816_000_mf_n_00000000_f_r.png,0816sobble,sobble_shiny.png
0817drizzile,poke_capture_0817_000_mf_n_00000000_f_n.png,0817drizzile,drizzile.png
0817drizzile,poke_capture_0817_000_mf_n_00000000_f_r.png,0817drizzile,drizzile_shiny.png
0818inteleon,poke_capture_0818_000_mf_g_00000000_f_n.png,0818inteleon,inteleon-gmax.png
0818inteleon,poke_capture_0818_000_mf_g_00000000_f_r.png,0818inteleon,inteleon-gmax_shiny.png
0818inteleon,poke_capture_0818_000_mf_n_00000000_f_n.png,0818inteleon,inteleon.png
0818inteleon,poke_capture_0818_000_mf_n_00000000_f_r.png,0818inteleon,inteleon_shiny.png
0819skwovet,poke_capture_0819_000_mf_n_00000000_f_n.png,0819skwovet,skwovet.png
0819skwovet,poke_capture_0819_000_mf_n_00000000_f_r.png,0819skwovet,skwovet_shiny.png
0820greedent,poke_capture_0820_000_mf_n_00000000_f_n.png,0820greedent,greedent.png
0820greedent,poke_capture_0820_000_mf_n_00000000_f_r.png,0820greedent,greedent_shiny.png
0821rookidee,poke_capture_0821_000_mf_n_00000000_f_n.png,0821rookidee,rookidee.png
0821rookidee,poke_capture_0821_000_mf_n_00000000_f_r.png,0821rookidee,rookidee_shiny.png
0822corvisquire,poke_capture_0822_000_mf_n_00000000_f_n.png,0822corvisquire,corvisquire.png
0822corvisquire,poke_capture_0822_000_mf_n_00000000_f_r.png,0822corvisquire,corvisquire_shiny.png
0823corviknight,poke_capture_0823_000_mf_g_00000000_f_n.png,0823corviknight,corviknight-gmax.png
0823corviknight,poke_capture_0823_000_mf_g_00000000_f_r.png,0823corviknight,corviknight-gmax_shiny.png
0823corviknight,poke_capture_0823_000_mf_n_00000000_f_n.png,0823corviknight,corviknight.png
0823corviknight,poke_capture_0823_000_mf_n_00000000_f_r.png,0823corviknight,corviknight_shiny.png
0824blipbug,poke_capture_0824_000_mf_n_00000000_f_n.png,0824blipbug,blipbug.png
0824blipbug,poke_capture_0824_000_mf_n_00000000_f_r.png,0824blipbug,blipbug_shiny.png
0825dottler,poke_capture_0825_000_mf_n_00000000_f_n.png,0825dottler,dottler.png
0825dottler,poke_capture_0825_000_mf_n_00000000_f_r.png,0825dottler,dottler_shiny.png
0826orbeetle,poke_capture_0826_000_mf_g_00000000_f_n.png,0826orbeetle,orbeetle-gmax.png
0826orbeetle,poke_capture_0826_000_mf_g_00000000_f_r.png,0826orbeetle,orbeetle-gmax_shiny.png
0826orbeetle,poke_capture_0826_000_mf_n_00000000_f_n.png,0826orbeetle,orbeetle.png
0826orbeetle,poke_capture_0826_000_mf_n_00000000_f_r.png,0826orbeetle,orbeetle_shiny.png
0827nickit,poke_capture_0827_000_mf_n_00000000_f_n.png,0827nickit,nickit.png
0827nickit,poke_capture_0827_000_mf_n_00000000_f_r.png,0827nickit,nickit_shiny.png
0828thievul,poke_capture_0828_000_mf_n_00000000_f_n.png,0828thievul,thievul.png
0828thievul,poke_capture_0828_000_mf_n_00000000_f_r.png,0828thievul,thievul_shiny.png
0829gossifleur,poke_capture_0829_000_mf_n_00000000_f_n.png,0829gossifleur,gossifleur.png
0829gossifleur,poke_capture_0829_000_mf_n_00000000_f_r.png,0829gossifleur,gossifleur_shiny.png
0830eldegoss,poke_capture_0830_000_mf_n_00000000_f_n.png,0830eldegoss,eldegoss.png
0830eldegoss,poke_capture_0830_000_mf_n_00000000_f_r.png,0830eldegoss,eldegoss_shiny.png
0831wooloo,poke_capture_0831_000_mf_n_00000000_f_n.png,0831wooloo,wooloo.png
0831wooloo,poke_capture_0831_000_mf_n_00000000_f_r.png,0831wooloo,wooloo_shiny.png
0832dubwool,poke_capture_0832_000_mf_n_00000000_f_n.png,0832dubwool,dubwool.png
0832dubwool,poke_capture_0832_000_mf_n_00000000_f_r.png,0832dubwool,dubwool_shiny.png
0833chewtle,poke_capture_0833_000_mf_n_00000000_f_n.png,0833chewtle,chewtle.png
0833chewtle,poke_capture_0833_000_mf_n_00000000_f_r.png,0833chewtle,chewtle_shiny.png
0834drednaw,poke_capture_0834_000_mf_g_00000000_f_n.png,0834drednaw,drednaw-gmax.png
0834drednaw,poke_capture_0834_000_mf_g_00000000_f_r.png,0834drednaw,drednaw-gmax_shiny.png
0834drednaw,poke_capture_0834_000_mf_n_00000000_f_n.png,0834drednaw,drednaw.png
0834drednaw,poke_capture_0834_000_mf_n_00000000_f_r.png,0834drednaw,drednaw_shiny.png
0835yamper,poke_capture_0835_000_mf_n_00000000_f_n.png,0835yamper,yamper.png
0835yamper,poke_capture_0835_000_mf_n_00000000_f_r.png,0835yamper,yamper_shiny.png
0836boltund,poke_capture_0836_000_mf_n_00000000_f_n.png,0836boltund,boltund.png
0836boltund,poke_capture_0836_000_mf_n_00000000_f_r.png,0836boltund,boltund_shiny.png
0837rolycoly,poke_capture_0837_000_mf_n_00000000_f_n.png,0837rolycoly,rolycoly.png
0837rolycoly,poke_capture_0837_000_mf_n_00000000_f_r.png,0837rolycoly,rolycoly_shiny.png
0838carkol,poke_capture_0838_000_mf_n_00000000_f_n.png,0838carkol,carkol.png
0838carkol,poke_capture_0838_000_mf_n_00000000_f_r.png,0838carkol,carkol_shiny.png
0839coalossal,poke_capture_0839_000_mf_g_00000000_f_n.png,0839coalossal,coalossal-gmax.png
0839coalossal,poke_capture_0839_000_mf_g_00000000_f_r.png,0839coalossal,coalossal-gmax_shiny.png
0839coalossal,poke_capture_0839_000_mf_n_00000000_f_n.png,0839coalossal,coalossal.png
0839coalossal,poke_capture_0839_000_mf_n_00000000_f_r.png,0839coalossal,coalossal_shiny.png
0840applin,poke_capture_0840_000_mf_n_00000000_f_n.png,0840applin,applin.png
0840applin,poke_capture_0840_000_mf_n_00000000_f_r.png,0840applin,applin_shiny.png
0841flapple,poke_capture_0841_000_mf_g_00000000_f_n.png,0841flapple,flapple-gmax.png
0841flapple,poke_capture_0841_000_mf_g_00000000_f_r.png,0841flapple,flapple-gmax_shiny.png
0841flapple,poke_capture_0841_000_mf_n_00000000_f_n.png,0841flapple,flapple.png
0841flapple,poke_capture_0841_000_mf_n_00000000_f_r.png,0841flapple,flapple_shiny.png
0842appletun,poke_capture_0842_000_mf_n_00000000_f_n.png,0842appletun,appletun.png
0842appletun,poke_capture_0842_000_mf_n_00000000_f_r.png,0842appletun,appletun_shiny.png
0843silicobra,poke_capture_0843_000_mf_n_00000000_f_n.png,0843silicobra,silicobra.png
0843silicobra,poke_capture_0843_000_mf_n_00000000_f_r.png,0843silicobra,silicobra_shiny.png
0844sandaconda,poke_capture_0844_000_mf_g_00000000_f_n.png,0844sandaconda,sandaconda-gmax.png
0844sandaconda,poke_capture_0844_000_mf_g_00000000_f_r.png,0844sandaconda,sandaconda-gmax_shiny.png
0844sandaconda,poke_capture_0844_000_mf_n_00000000_f_n.png,0844sandaconda,sandaconda.png
0844sandaconda,poke_capture_0844_000_mf_n_00000000_f_r.png,0844sandaconda,sandaconda_shiny.png
0845cramorant,poke_capture_0845_000_mf_n_00000000_f_n.png,0845cramorant,cramorant.png
0845cramorant,poke_capture_0845_000_mf_n_00000000_f_r.png,0845cramorant,cramorant_shiny.png
0845cramorant,poke_capture_0845_001_mf_n_00000000_f_n.png,0845cramorant,cramorant-gulping.png
0845cramorant,poke_capture_0845_001_mf_n_00000000_f_r.png,0845cramorant,cramorant-gulping_shiny.png
0845cramorant,poke_capture_0845_002_mf_n_00000000_f_n.png,0845cramorant,cramorant-gorging.png
0845cramorant,poke_capture_0845_002_mf_n_00000000_f_r.png,0845cramorant,cramorant-gorging_shiny.png
0846arrokuda,poke_capture_0846_000_mf_n_00000000_f_n.png,0846arrokuda,arrokuda.png
0846arrokuda,poke_capture_0846_000_mf_n_00000000_f_r.png,0846arrokuda,arrokuda_shiny.png
0847barraskewda,poke_capture_0847_000_mf_n_00000000_f_n.png,0847barraskewda,barraskewda.png
0847barraskewda,poke_capture_0847_000_mf_n_00000000_f_r.png,0847barraskewda,barraskewda_shiny.png
0848toxel,poke_capture_0848_000_mf_n_00000000_f_n.png,0848toxel,toxel.png
0848toxel,poke_capture_0848_000_mf_n_00000000_f_r.png,0848toxel,toxel_shiny.png
0849toxtricity,poke_capture_0849_000_mf_g_00000000_f_n.png,0849toxtricity,toxtricity-gmax.png
0849toxtricity,poke_capture_0849_000_mf_g_00000000_f_r.png,0849toxtricity,toxtricity-gmax_shiny.png
0849toxtricity,poke_capture_0849_000_mf_n_00000000_f_n.png,0849toxtricity,toxtricity.png
0849toxtricity,poke_capture_0849_000_mf_n_00000000_f_r.png,0849toxtricity,toxtricity_shiny.png
0849toxtricity,poke_capture_0849_001_mf_n_00000000_f_n.png,0849toxtricity,toxtricity-low-key.png
0849toxtricity,poke_capture_0849_001_mf_n_00000000_f_r.png,0849toxtricity,toxtricity-low-key_shiny.png
0850sizzlipede,poke_capture_0850_000_mf_n_00000000_f_n.png,0850sizzlipede,sizzlipede.png
0850sizzlipede,poke_capture_0850_000_mf_n_00000000_f_r.png,0850sizzlipede,sizzlipede_shiny.png
0851centiskorch,poke_capture_0851_000_mf_g_00000000_f_n.png,0851centiskorch,centiskorch-gmax.png
0851centiskorch,poke_capture_0851_000_mf_g_00000000_f_r.png,0851centiskorch,centiskorch-gmax_shiny.png
0851centiskorch,poke_capture_0851_000_mf_n_00000000_f_n.png,0851centiskorch,centiskorch.png
0851centiskorch,poke_capture_0851_000_mf_n_00000000_f_r.png,0851centiskorch,centiskorch_shiny.png
0852clobbopus,poke_capture_0852_000_mf_n_00000000_f_n.png,0852clobbopus,clobbopus.png
0852clobbopus,poke_capture_0852_000_mf_n_00000000_f_r.png,0852clobbopus,clobbopus_shiny.png
0853grapploct,poke_capture_0853_000_mf_n_00000000_f_n.png,0853grapploct,grapploct.png
0853grapploct,poke_capture_0853_000_mf_n_00000000_f_r.png,0853grapploct,grapploct_shiny.png
0854sinistea,poke_capture_0854_000_uk_n_00000000_f_n.png,0854sinistea,sinistea.png
0854sinistea,poke_capture_0854_000_uk_n_00000000_f_r.png,0854sinistea,sinistea_shiny.png
0855polteageist,poke_capture_0855_000_uk_n_00000000_f_n.png,0855polteageist,polteageist.png
0855polteageist,poke_capture_0855_000_uk_n_00000000_f_r.png,0855polteageist,polteageist_shiny.png
0856hatenna,poke_capture_0856_000_fo_n_00000000_f_n.png,0856hatenna,hatenna.png
0856hatenna,poke_capture_0856_000_fo_n_00000000_f_r.png,0856hatenna,hatenna_shiny.png
0857hattrem,poke_capture_0857_000_fo_n_00000000_f_n.png,0857hattrem,hattrem.png
0857hattrem,poke_capture_0857_000_fo_n_00000000_f_r.png,0857hattrem,hattrem_shiny.png
0858hatterene,poke_capture_0858_000_fo_g_00000000_f_n.png,0858hatterene,hatterene-gmax.png
0858hatterene,poke_capture_0858_000_fo_g_00000000_f_r.png,0858hatterene,hatterene-gmax_shiny.png
0858hatterene,poke_capture_0858_000_fo_n_00000000_f_n.png,0858hatterene,hatterene.png
0858hatterene,poke_capture_0858_000_fo_n_00000000_f_r.png,0858hatterene,hatterene_shiny.png
0859impidimp,poke_capture_0859_000_mo_n_00000000_f_n.png,0859impidimp,impidimp.png
0859impidimp,poke_capture_0859_000_mo_n_00000000_f_r.png,0859impidimp,impidimp_shiny.png
0860morgrem,poke_capture_0860_000_mo_n_00000000_f_n.png,0860morgrem,morgrem.png
0860morgrem,poke_capture_0860_000_mo_n_00000000_f_r.png,0860morgrem,morgrem_shiny.png
0861grimmsnarl,poke_capture_0861_000_mo_g_00000000_f_n.png,0861grimmsnarl,grimmsnarl-gmax.png
0861grimmsnarl,poke_capture_0861_000_mo_g_00000000_f_r.png,0861grimmsnarl,grimmsnarl-gmax_shiny.png
0861grimmsnarl,poke_capture_0861_000_mo_n_00000000_f_n.png,0861grimmsnarl,grimmsnarl.png
0861grimmsnarl,poke_capture_0861_000_mo_n_00000000_f_r.png,0861grimmsnarl,grimmsnarl_shiny.png
0862obstagoon,poke_capture_0862_000_mf_n_00000000_f_n.png,0862obstagoon,obstagoon.png
0862obstagoon,poke_capture_0862_000_mf_n_00000000_f_r.png,0862obstagoon,obstagoon_shiny.png
0863perrserker,poke_capture_0863_000_mf_n_00000000_f_n.png,0863perrserker,perrserker.png
0863perrserker,poke_capture_0863_000_mf_n_00000000_f_r.png,0863perrserker,perrserker_shiny.png
0864cursola,poke_capture_0864_000_mf_n_00000000_f_n.png,0864cursola,cursola.png
0864cursola,poke_capture_0864_000_mf_n_00000000_f_r.png,0864cursola,cursola_shiny.png
0865sirfetch'd,poke_capture_0865_000_mf_n_00000000_f_n.png,0865sirfetch'd,sirfetch_d.png
0865sirfetch'd,poke_capture_0865_000_mf_n_00000000_f_r.png,0865sirfetch'd,sirfetch_d_shiny.png
0866mr. rime,poke_capture_0866_000_mf_n_00000000_f_n.png,0866mr. rime,mr. rime.png
0866mr. rime,poke_capture_0866_000_mf_n_00000000_f_r.png,0866mr. rime,mr. rime_shiny.png
0867runerigus,poke_capture_0867_000_mf_n_00000000_f_n.png,0867runerigus,runerigus.png
0867runerigus,poke_capture_0867_000_mf_n_00000000_f_r.png,0867runerigus,runerigus_shiny.png
0868milcery,poke_capture_0868_000_fo_n_00000000_f_n.png,0868milcery,milcery.png
0868milcery,poke_capture_0868_000_fo_n_00000000_f_r.png,0868milcery,milcery_shiny.png
0869alcremie,poke_capture_0869_000_fo_g_00000000_f_n.png,0869alcremie,alcremie-gmax.png
0869alcremie,poke_capture_0869_000_fo_g_00000000_f_r.png,0869alcremie,alcremie-gmax_shiny.png
0869alcremie,poke_capture_0869_000_fo_n_00000000_f_n.png,0869alcremie,alcremie-vanilla-cream-strawberry.png
0869alcremie,poke_capture_0869_000_fo_n_00000000_f_r.png,0869alcremie,alcremie-vanilla-cream-strawberry_shiny.png
0869alcremie,poke_capture_0869_000_fo_n_00000001_f_n.png,0869alcremie,alcremie-vanilla-cream-berry.png
0869alcremie,poke_capture_0869_000_fo_n_00000001_f_r.png,0869alcremie,alcremie-vanilla-cream-berry_shiny.png
0869alcremie,poke_capture_0869_000_fo_n_00000002_f_n.png,0869alcremie,alcremie-vanilla-cream-love.png
0869alcremie,poke_capture_0869_000_fo_n_00000002_f_r.png,0869alcremie,alcremie-vanilla-cream-love_shiny.png
0869alcremie,poke_capture_0869_000_fo_n_00000003_f_n.png,0869alcremie,alcremie-vanilla-cream-star.png
0869alcremie,poke_capture_0869_000_fo_n_00000003_f_r.png,0869alcremie,alcremie-vanilla-cream-star_shiny.png
0869alcremie,poke_capture_0869_000_fo_n_00000004_f_n.png,0869alcremie,alcremie-vanilla-cream-clover.png
0869alcremie,poke_capture_0869_000_fo_n_00000004_f_r.png,0869alcremie,alcremie-vanilla-cream-clover_shiny.png
0869alcremie,poke_capture_0869_000_fo_n_00000005_f_n.png,0869alcremie,alcremie-vanilla-cream-flower.png
0869alcremie,poke_capture_0869_000_fo_n_00000005_f_r.png,0869alcremie,alcremie-vanilla-cream-flower_shiny.png
0869alcremie,poke_capture_0869_000_fo_n_00000006_f_n.png,0869alcremie,alcremie-vanilla-cream-ribbon.png
0869alcremie,poke_capture_0869_000_fo_n_00000006_f_r.png,0869alcremie,alcremie-vanilla-cream-ribbon_shiny.png
0869alcremie,poke_capture_0869_001_fo_n_00000000_f_n.png,0869alcremie,alcremie-ruby-cream-strawberry.png
0869alcremie,poke_capture_0869_001_fo_n_00000001_f_n.png,0869alcremie,alcremie-ruby-cream-berry.png
0869alcremie,poke_capture_0869_001_fo_n_00000002_f_n.png,0869alcremie,alcremie-ruby-cream-love.png
0869alcremie,poke_capture_0869_001_fo_n_00000003_f_n.png,0869alcremie,alcremie-ruby-cream-star.png
0869alcremie,poke_capture_0869_001_fo_n_00000004_f_n.png,0869alcremie,alcremie-ruby-cream-clover.png
0869alcremie,poke_capture_0869_001_fo_n_00000005_f_n.png,0869alcremie,alcremie-ruby-cream-flower.png
0869alcremie,poke_capture_0869_001_fo_n_00000006_f_n.png,0869alcremie,alcremie-ruby-cream-ribbon.png
0869alcremie,poke_capture_0869_002_fo_n_00000000_f_n.png,0869alcremie,alcremie-matcha-cream-strawberry.png
0869alcremie,poke_capture_0869_002_fo_n_00000001_f_n.png,0869alcremie,alcremie-matcha-cream-berry.png
0869alcremie,poke_capture_0869_002_fo_n_00000002_f_n.png,0869alcremie,alcremie-matcha-cream-love.png
0869alcremie,poke_capture_0869_002_fo_n_00000003_f_n.png,0869alcremie,alcremie-matcha-cream-star.png
0869alcremie,poke_capture_0869_002_fo_n_00000004_f_n.png,0869alcremie,alcremie-matcha-cream-clover.png
0869alcremie,poke_capture_0869_002_fo_n_00000005_f_n.png,0869alcremie,alcremie-matcha-cream-flower.png
0869alcremie,poke_capture_0869_002_fo_n_00000006_f_n.png,0869alcremie,alcremie-matcha-cream-ribbon.png
0869alcremie,poke_capture_0869_003_fo_n_00000000_f_n.png,0869alcremie,alcremie-mint-cream-strawberry.png
0869alcremie,poke_capture_0869_003_fo_n_00000001_f_n.png,0869alcremie,alcremie-mint-cream-berry.png
0869alcremie,poke_capture_0869_003_fo_n_00000002_f_n.png,0869alcremie,alcremie-mint-cream-love.png
0869alcremie,poke_capture_0869_003_fo_n_00000003_f_n.png,0869alcremie,alcremie-mint-cream-star.png
0869alcremie,poke_capture_0869_003_fo_n_00000004_f_n.png,0869alcremie,alcremie-mint-cream-clover.png
0869alcremie,poke_capture_0869_003_fo_n_00000005_f_n.png,0869alcremie,alcremie-mint-cream-flower.png
0869alcremie,poke_capture_0869_003_fo_n_00000006_f_n.png,0869alcremie,alcremie-mint-cream-ribbon.png
0869alcremie,poke_capture_0869_004_fo_n_00000000_f_n.png,0869alcremie,alcremie-lemon-cream-strawberry.png
0869alcremie,poke_capture_0869_004_fo_n_00000001_f_n.png,0869alcremie,alcremie-lemon-cream-berry.png
0869alcremie,poke_capture_0869_004_fo_n_00000002_f_n.png,0869alcremie,alcremie-lemon-cream-love.png
0869alcremie,poke_capture_0869_004_fo_n_00000003_f_n.png,0869alcremie,alcremie-lemon-cream-star.png
0869alcremie,poke_capture_0869_004_fo_n_00000004_f_n.png,0869alcremie,alcremie-lemon-cream-clover.png
0869alcremie,poke_capture_0869_004_fo_n_00000005_f_n.png,0869alcremie,alcremie-lemon-cream-flower.png
0869alcremie,poke_capture_0869_004_fo_n_00000006_f_n.png,0869alcremie,alcremie-lemon-cream-ribbon.png
0869alcremie,poke_capture_0869_005_fo_n_00000000_f_n.png,0869alcremie,alcremie-salted-cream-strawberry.png
0869alcremie,poke_capture_0869_005_fo_n_00000001_f_n.png,0869alcremie,alcremie-salted-cream-berry.png
0869alcremie,poke_capture_0869_005_fo_n_00000002_f_n.png,0869alcremie,alcremie-salted-cream-love.png
0869alcremie,poke_capture_0869_005_fo_n_00000003_f_n.png,0869alcremie,alcremie-salted-cream-star.png
0869alcremie,poke_capture_0869_005_fo_n_00000004_f_n.png,0869alcremie,alcremie-salted-cream-clover.png
0869alcremie,poke_capture_0869_005_fo_n_00000005_f_n.png,0869alcremie,alcremie-salted-cream-flower.png
0869alcremie,poke_capture_0869_005_fo_n_00000006_f_n.png,0869alcremie,alcremie-salted-cream-ribbon.png
0869alcremie,poke_capture_0869_006_fo_n_00000000_f_n.png,0869alcremie,alcremie-ruby-swirl-strawberry.png
0869alcremie,poke_capture_0869_006_fo_n_00000001_f_n.png,0869alcremie,alcremie-ruby-swirl-berry.png
0869alcremie,poke_capture_0869_006_fo_n_00000002_f_n.png,0869alcremie,alcremie-ruby-swirl-love.png
0869alcremie,poke_capture_0869_006_fo_n_00000003_f_n.png,0869alcremie,alcremie-ruby-swirl-star.png
0869alcremie,poke_capture_0869_006_fo_n_00000004_f_n.png,0869alcremie,alcremie-ruby-swirl-clover.png
0869alcremie,poke_capture_0869_006_fo_n_00000005_f_n.png,0869alcremie,alcremie-ruby-swirl-flower.png
0869alcremie,poke_capture_0869_006_fo_n_00000006_f_n.png,0869alcremie,alcremie-ruby-swirl-ribbon.png
0869alcremie,poke_capture_0869_007_fo_n_00000000_f_n.png,0869alcremie,alcremie-caramel-swirl-strawberry.png
0869alcremie,poke_capture_0869_007_fo_n_00000001_f_n.png,0869alcremie,alcremie-caramel-swirl-berry.png
0869alcremie,poke_capture_0869_007_fo_n_00000002_f_n.png,0869alcremie,alcremie-caramel-swirl-love.png
0869alcremie,poke_capture_0869_007_fo_n_00000003_f_n.png,0869alcremie,alcremie-caramel-swirl-star.png
0869alcremie,poke_capture_0869_007_fo_n_00000004_f_n.png,0869alcremie,alcremie-caramel-swirl-clover.png
0869alcremie,poke_capture_0869_007_fo_n_00000005_f_n.png,0869alcremie,alcremie-caramel-swirl-flower.png
0869alcremie,poke_capture_0869_007_fo_n_00000006_f_n.png,0869alcremie,alcremie-caramel-swirl-ribbon.png
0869alcremie,poke_capture_0869_008_fo_n_00000000_f_n.png,0869alcremie,alcremie-rainbow-swirl-strawberry.png
0869alcremie,poke_capture_0869_008_fo_n_00000001_f_n.png,0869alcremie,alcremie-rainbow-swirl-berry.png
0869alcremie,poke_capture_0869_008_fo_n_00000002_f_n.png,0869alcremie,alcremie-rainbow-swirl-love.png
0869alcremie,poke_capture_0869_008_fo_n_00000003_f_n.png,0869alcremie,alcremie-rainbow-swirl-star.png
0869alcremie,poke_capture_0869_008_fo_n_00000004_f_n.png,0869alcremie,alcremie-rainbow-swirl-clover.png
0869alcremie,poke_capture_0869_008_fo_n_00000005_f_n.png,0869alcremie,alcremie-rainbow-swirl-flower.png
0869alcremie,poke_capture_0869_008_fo_n_00000006_f_n.png,0869alcremie,alcremie-rainbow-swirl-ribbon.png
0870falinks,poke_capture_0870_000_uk_n_00000000_f_n.png,0870falinks,falinks.png
0870falinks,poke_capture_0870_000_uk_n_00000000_f_r.png,0870falinks,falinks_shiny.png
0871pincurchin,poke_capture_0871_000_mf_n_00000000_f_n.png,0871pincurchin,pincurchin.png
0871pincurchin,poke_capture_0871_000_mf_n_00000000_f_r.png,0871pincurchin,pincurchin_shiny.png
0872snom,poke_capture_0872_000_mf_n_00000000_f_n.png,0872snom,snom.png
0872snom,poke_capture_0872_000_mf_n_00000000_f_r.png,0872snom,snom_shiny.png
0873frosmoth,poke_capture_0873_000_mf_n_00000000_f_n.png,0873frosmoth,frosmoth.png
0873frosmoth,poke_capture_0873_000_mf_n_00000000_f_r.png,0873frosmoth,frosmoth_shiny.png
0874stonjourner,poke_capture_0874_000_mf_n_00000000_f_n.png,0874stonjourner,stonjourner.png
0874stonjourner,poke_capture_0874_000_mf_n_00000000_f_r.png,0874stonjourner,stonjourner_shiny.png
0875eiscue,poke_capture_0875_000_mf_n_00000000_f_n.png,0875eiscue,eiscue.png
0875eiscue,poke_capture_0875_000_mf_n_00000000_f_r.png,0875eiscue,eiscue_shiny.png
0875eiscue,poke_capture_0875_001_mf_n_00000000_f_n.png,0875eiscue,eiscue-noice.png
0875eiscue,poke_capture_0875_001_mf_n_00000000_f_r.png,0875eiscue,eiscue-noice_shiny.png
0876indeedee,poke_capture_0876_000_mo_n_00000000_f_n.png,0876indeedee,indeedee.png
0876indeedee,poke_capture_0876_000_mo_n_00000000_f_r.png,0876indeedee,indeedee_shiny.png
0876indeedee,poke_capture_0876_001_fo_n_00000000_f_n.png,0876indeedee,indeedee_female.png
0876indeedee,poke_capture_0876_001_fo_n_00000000_f_r.png,0876indeedee,indeedee_shiny_female.png
0877morpeko,poke_capture_0877_000_mf_n_00000000_f_n.png,0877morpeko,morpeko.png
0877morpeko,poke_capture_0877_000_mf_n_00000000_f_r.png,0877morpeko,morpeko_shiny.png
0877morpeko,poke_capture_0877_001_mf_n_00000000_f_n.png,0877morpeko,morpeko-hangry.png
0877morpeko,poke_capture_0877_001_mf_n_00000000_f_r.png,0877morpeko,morpeko-hangry_shiny.png
0878cufant,poke_capture_0878_000_mf_n_00000000_f_n.png,0878cufant,cufant.png
0878cufant,poke_capture_0878_000_mf_n_00000000_f_r.png,0878cufant,cufant_shiny.png
0879copperajah,poke_capture_0879_000_mf_g_00000000_f_n.png,0879copperajah,copperajah-gmax.png
0879copperajah,poke_capture_0879_000_mf_g_00000000_f_r.png,0879copperajah,copperajah-gmax_shiny.png
0879copperajah,poke_capture_0879_000_mf_n_00000000_f_n.png,0879copperajah,copperajah.png
0879copperajah,poke_capture_0879_000_mf_n_00000000_f_r.png,0879copperajah,copperajah_shiny.png
0880dracozolt,poke_capture_0880_000_uk_n_00000000_f_n.png,0880dracozolt,dracozolt.png
0880dracozolt,poke_capture_0880_000_uk_n_00000000_f_r.png,0880dracozolt,dracozolt_shiny.png
0881arctozolt,poke_capture_0881_000_uk_n_00000000_f_n.png,0881arctozolt,arctozolt.png
0881arctozolt,poke_capture_0881_000_uk_n_00000000_f_r.png,0881arctozolt,arctozolt_shiny.png
0882dracovish,poke_capture_0882_000_uk_n_00000000_f_n.png,0882dracovish,dracovish.png
0882dracovish,poke_capture_0882_000_uk_n_00000000_f_r.png,0882dracovish,dracovish_shiny.png
0883arctovish,poke_capture_0883_000_uk_n_00000000_f_n.png,0883arctovish,arctovish.png
0883arctovish,poke_capture_0883_000_uk_n_00000000_f_r.png,0883arctovish,arctovish_shiny.png
0884duraludon,poke_capture_0884_000_mf_g_00000000_f_n.png,0884duraludon,duraludon-gmax.png
0884duraludon,poke_capture_0884_000_mf_g_00000000_f_r.png,0884duraludon,duraludon-gmax_shiny.png
0884duraludon,poke_capture_0884_000_mf_n_00000000_f_n.png,0884duraludon,duraludon.png
0884duraludon,poke_capture_0884_000_mf_n_00000000_f_r.png,0884duraludon,duraludon_shiny.png
0885dreepy,poke_capture_0885_000_mf_n_00000000_f_n.png,0885dreepy,dreepy.png
0885dreepy,poke_capture_0885_000_mf_n_00000000_f_r.png,0885dreepy,dreepy_shiny.png
0886drakloak,poke_capture_0886_000_mf_n_00000000_f_n.png,0886drakloak,drakloak.png
0886drakloak,poke_capture_0886_000_mf_n_00000000_f_r.png,0886drakloak,drakloak_shiny.png
0887dragapult,poke_capture_0887_000_mf_n_00000000_f_n.png,0887dragapult,dragapult.png
0887dragapult,poke_capture_0887_000_mf_n_00000000_f_r.png,0887dragapult,dragapult_shiny.png
0888zacian,poke_capture_0888_000_uk_n_00000000_f_n.png,0888zacian,zacian.png
0888zacian,poke_capture_0888_000_uk_n_00000000_f_r.png,0888zacian,zacian_shiny.png
0888zacian,poke_capture_0888_001_uk_n_00000000_f_n.png,0888zacian,zacian-crowned.png
0888zacian,poke_capture_0888_001_uk_n_00000000_f_r.png,0888zacian,zacian-crowned_shiny.png
0889zamazenta,poke_capture_0889_000_uk_n_00000000_f_n.png,0889zamazenta,zamazenta.png
0889zamazenta,poke_capture_0889_000_uk_n_00000000_f_r.png,0889zamazenta,zamazenta_shiny.png
0889zamazenta,poke_capture_0889_001_uk_n_00000000_f_n.png,0889zamazenta,zamazenta-crowned.png
0889zamazenta,poke_capture_0889_001_uk_n_00000000_f_r.png,0889zamazenta,zamazenta-crowned_shiny.png
0890eternatus,poke_capture_0890_000_uk_n_00000000_f_n.png,0890eternatus,eternatus.png
0890eternatus,poke_capture_0890_000_uk_n_00000000_f_r.png,0890eternatus,eternatus_shiny.png
0890eternatus,poke_capture_0890_001_uk_n_00000000_f_n.png,0890eternatus,eternatus-eternamax.png
0890eternatus,poke_capture_0890_001_uk_n_00000000_f_r.png,0890eternatus,eternatus-eternamax_shiny.png
0891kubfu,poke_capture_0891_000_mf_n_00000000_f_n.png,0891kubfu,kubfu.png
0891kubfu,poke_capture_0891_000_mf_n_00000000_f_r.png,0891kubfu,kubfu_shiny.png
0892urshifu,poke_capture_0892_000_mf_g_00000000_f_n,0892urshifu,urshifu-gmax.png
0892urshifu,poke_capture_0892_000_mf_g_00000000_f_r,0892urshifu,urshifu-gmax_shiny.png
0892urshifu,poke_capture_0892_000_mf_n_00000000_f_n.png,0892urshifu,urshifu.png
0892urshifu,poke_capture_0892_000_mf_n_00000000_f_r.png,0892urshifu,urshifu_shiny.png
0892urshifu,poke_capture_0892_001_mf_g_00000000_f_n.png,0892urshifu,urshifu-rapid-strike-gmax.png
0892urshifu,poke_capture_0892_001_mf_g_00000000_f_r.png,0892urshifu,urshifu-rapid-strike-gmax_shiny.png
0893zarude,poke_capture_0893_000_uk_n_00000000_f_n.png,0893zarude,zarude.png
0893zarude,poke_capture_0893_000_uk_n_00000000_f_r.png,0893zarude,zarude_shiny.png
0893zarude,poke_capture_0893_001_uk_n_00000000_f_n.png,0893zarude,zarude-dada.png
0893zarude,poke_capture_0893_001_uk_n_00000000_f_r.png,0893zarude,zarude-dada_shiny.png
0894regieleki,poke_capture_0894_000_uk_n_00000000_f_n.png,0894regieleki,regieleki.png
0894regieleki,poke_capture_0894_000_uk_n_00000000_f_r.png,0894regieleki,regieleki_shiny.png
0895regidrago,poke_capture_0895_000_uk_n_00000000_f_n.png,0895regidrago,regidrago.png
0895regidrago,poke_capture_0895_000_uk_n_00000000_f_r.png,0895regidrago,regidrago_shiny.png
0896glastrier,poke_capture_0896_000_uk_n_00000000_f_n.png,0896glastrier,glastrier.png
0896glastrier,poke_capture_0896_000_uk_n_00000000_f_r.png,0896glastrier,glastrier_shiny.png
0897spectrier,poke_capture_0897_000_uk_n_00000000_f_n.png,0897spectrier,spectrier.png
0897spectrier,poke_capture_0897_000_uk_n_00000000_f_r.png,0897spectrier,spectrier_shiny.png
0898calyrex,poke_capture_0898_000_uk_n_00000000_f_n.png,0898calyrex,calyrex.png
0898calyrex,poke_capture_0898_000_uk_n_00000000_f_r.png,0898calyrex,calyrex_shiny.png
0898calyrex,poke_capture_0898_001_uk_n_00000000_f_n.png,0898calyrex,calyrex-ice-rider.png
0898calyrex,poke_capture_0898_001_uk_n_00000000_f_r.png,0898calyrex,calyrex-ice-rider_shiny.png
0898calyrex,poke_capture_0898_002_uk_n_00000000_f_n.png,0898calyrex,calyrex-shadow-rider.png
0898calyrex,poke_capture_0898_002_uk_n_00000000_f_r.png,0898calyrex,calyrex-shadow-rider_shiny.png
0899wyrdeer,wyrdeer.png,0899wyrdeer,wyrdeer.png
0900kleavor,kleavor.png,0900kleavor,kleavor.png
0901ursaluna,ursaluna.png,0901ursaluna,ursaluna.png
0902basculegion,basculegion.png,0902basculegion,basculegion.png
0903sneasler,sneasler.png,0903sneasler,sneasler.png
0904overqwil,overqwil.png,0904overqwil,overqwil.png
0905enamorus,enamorus.png,0905enamorus,enamorus.png